OpportunityId,AsOfDate,OpportunityAge,OpportunityAgeBucket,SalesCycleDays,WeightedAmount,UniqueProductCount,UniqueProductFamilyCount,AverageDiscount,NetRevenue,GrossMarginAmount,GrossMarginRate,CloseDateSlipDays,CloseDateChangeCount,HybridProductShare,OpportunityHealthScore,OpportunityRiskScore,ForecastConfidence,HighRiskFlag,ProductAttachOpportunityFlag
006000000000001AAA,2026-06-30,197,181-365,197,,2,2,0.060071,654290.18,180674.12,0.276138,0,0,0.484798,,,,false,false
006000000000002AAA,2026-06-30,205,181-365,205,,2,2,0.059577,711516.7,244516.66,0.343656,0,0,0.49572,,,,false,false
006000000000003AAA,2026-06-30,1193,365+,,339696.18,2,2,0.040288,849240.45,340727.6,0.401215,0,0,0.590851,54,39,47,false,false
006000000000004AAA,2026-06-30,180,91-180,180,,2,2,0.063856,700469.6,201644.05,0.28787,0,0,1,,,,false,false
006000000000005AAA,2026-06-30,195,181-365,195,,2,2,0.060978,740173.32,229153.42,0.309594,0,0,0,,,,false,false
006000000000006AAA,2026-06-30,188,181-365,188,,2,2,0.102879,659519.01,185810.07,0.281736,0,0,0.506696,,,,false,false
006000000000007AAA,2026-06-30,200,181-365,200,,2,2,0.088776,693346.48,224786.98,0.324206,0,0,0.436065,,,,false,false
006000000000008AAA,2026-06-30,182,181-365,182,,2,2,0.069394,633081.16,163832.43,0.258786,0,0,0.449017,,,,false,false
006000000000009AAA,2026-06-30,201,181-365,201,,2,2,0.064647,727939.48,242222.5,0.332751,0,0,0.530128,,,,false,false
006000000000010AAA,2026-06-30,200,181-365,200,,2,2,0.054456,715451.34,227983.76,0.318657,0,0,0.612593,,,,false,false
006000000000011AAA,2026-06-30,201,181-365,201,,2,2,0.068787,771087.1,234354.14,0.303927,0,0,0.366907,,,,false,false
006000000000012AAA,2026-06-30,1017,365+,,408032.1,2,2,0.088919,680053.5,190811.45,0.280583,0,0,0.5336,53,39,68,false,false
006000000000013AAA,2026-06-30,188,181-365,188,,2,2,0.074493,724714.02,257194.7,0.354891,0,0,0.542006,,,,false,false
006000000000014AAA,2026-06-30,198,181-365,198,,2,2,0.071084,554548.18,161335.16,0.290931,0,0,1,,,,false,false
006000000000015AAA,2026-06-30,177,91-180,177,,2,2,0.052217,601698.46,214624.26,0.356697,0,0,1,,,,false,false
006000000000016AAA,2026-06-30,147,91-180,147,,3,3,0.07645,1057832.65,318565.95,0.30115,0,0,0.648453,,,,false,false
006000000000017AAA,2026-06-30,146,91-180,146,,3,3,0.054665,784799.67,219348.56,0.279496,0,0,0.301066,,,,false,false
006000000000018AAA,2026-06-30,142,91-180,142,,3,3,0.078919,1077446.04,381001.77,0.353616,0,0,0.724725,,,,false,false
006000000000019AAA,2026-06-30,167,91-180,167,,3,3,0.067635,1021106.29,297141.88,0.291,0,0,1,,,,false,false
006000000000020AAA,2026-06-30,150,91-180,150,,3,3,0.060535,949971.71,294693.89,0.310213,0,0,0.35194,,,,false,false
006000000000021AAA,2026-06-30,143,91-180,143,,3,3,0.062838,1055677.63,302468.17,0.286516,0,0,0.27445,,,,false,false
006000000000022AAA,2026-06-30,158,91-180,158,,3,3,0.05046,1001547.4,318758.66,0.318266,0,0,0.347193,,,,false,false
006000000000023AAA,2026-06-30,880,365+,,440861.62,3,3,0.086135,1102154.05,334607.58,0.303594,0,0,0.354431,50,41,47,false,false
006000000000024AAA,2026-06-30,177,91-180,177,,3,3,0.075758,1075135.36,328869.56,0.305887,0,0,0.644221,,,,false,false
006000000000025AAA,2026-06-30,146,91-180,146,,3,3,0.056425,874694.86,254627.3,0.291104,0,0,0.388123,,,,false,false
006000000000026AAA,2026-06-30,156,91-180,156,,3,3,0.086172,1092449.76,367957.24,0.336818,0,0,0,,,,false,false
006000000000027AAA,2026-06-30,164,91-180,164,,3,3,0.061748,1077838.81,337786.59,0.313392,0,0,0.650722,,,,false,false
006000000000028AAA,2026-06-30,151,91-180,151,,3,3,0.092155,1096437.36,343193.1,0.313007,0,0,0.665708,,,,false,false
006000000000029AAA,2026-06-30,154,91-180,154,,3,3,0.078333,1064306.8,348936.13,0.327853,0,0,0.249768,,,,false,false
006000000000030AAA,2026-06-30,171,91-180,171,,3,3,0.065459,1087127.07,361500.32,0.332528,0,0,1,,,,false,false
006000000000031AAA,2026-06-30,118,91-180,118,,4,4,0.071453,1465252.59,423485.8,0.289019,0,0,0.68006,,,,false,false
006000000000032AAA,2026-06-30,141,91-180,141,,4,4,0.05886,1379152.84,511648.63,0.370988,0,0,1,,,,false,false
006000000000033AAA,2026-06-30,108,91-180,108,,4,4,0.08111,1488383.48,443376.76,0.297891,0,0,0.225753,,,,false,false
006000000000034AAA,2026-06-30,134,91-180,134,,4,4,0.071903,1354678.57,426525.66,0.314854,0,0,1,,,,false,false
006000000000035AAA,2026-06-30,133,91-180,133,,4,4,0.062914,1655300.31,487287.11,0.29438,0,0,0.224585,,,,false,false
006000000000036AAA,2026-06-30,325,181-365,,1187612.78,4,4,0.077692,1484515.97,406052.51,0.273525,0,0,1,72,32,89,false,false
006000000000037AAA,2026-06-30,120,91-180,120,,4,4,0.066859,1539243.07,517306.53,0.336079,0,0,1,,,,false,false
006000000000038AAA,2026-06-30,375,365+,,821868.29,4,4,0.079356,1369780.49,417490.91,0.304787,0,0,1,65,38,68,false,false
006000000000039AAA,2026-06-30,115,91-180,115,,4,4,0.088187,1429034.82,444402.44,0.310981,0,0,1,,,,false,false
006000000000040AAA,2026-06-30,141,91-180,141,,4,4,0.060244,1349954.05,399956.02,0.296274,0,0,1,,,,false,false
006000000000041AAA,2026-06-30,141,91-180,141,,4,4,0.068609,1690499.33,507151.15,0.300001,0,0,1,,,,false,false
006000000000042AAA,2026-06-30,124,91-180,124,,4,4,0.061619,1432683.59,430773.89,0.300676,0,0,1,,,,false,false
006000000000043AAA,2026-06-30,137,91-180,137,,4,4,0.071811,1403244.86,455857.76,0.32486,0,0,0.345249,,,,false,false
006000000000044AAA,2026-06-30,119,91-180,119,,4,4,0.057676,1395702.28,456497.48,0.327074,0,0,0.719019,,,,false,false
006000000000045AAA,2026-06-30,127,91-180,127,,4,4,0.093308,1357772.38,441459.57,0.325135,0,0,1,,,,false,false
006000000000046AAA,2026-06-30,17,0-30,,992634.28,5,5,0.066935,1654390.47,544380.43,0.329052,0,0,1,81,8,68,false,false
006000000000047AAA,2026-06-30,96,91-180,,1466835.57,5,5,0.081584,1833544.46,623350.76,0.33997,0,0,1,85,13,89,false,false
006000000000048AAA,2026-06-30,52,31-60,,998693,5,5,0.08741,1664488.34,482960.71,0.290156,0,0,0.851095,77,13,68,false,false
006000000000049AAA,2026-06-30,86,61-90,86,,5,5,0.067227,2072707.53,697692.82,0.336609,0,0,1,,,,false,false
006000000000050AAA,2026-06-30,92,91-180,,1357908.32,5,5,0.067599,2263180.53,685297.62,0.302803,0,0,1,76,14,68,false,false
006000000000051AAA,2026-06-30,86,61-90,86,,5,5,0.07352,2104796.61,656528.62,0.31192,0,0,1,,,,false,false
006000000000052AAA,2026-06-30,30,0-30,,1128299.03,5,5,0.061354,1880498.39,669880.56,0.356225,0,0,1,82,9,68,false,false
006000000000053AAA,2026-06-30,103,91-180,103,,5,5,0.077995,1703353.41,551950.31,0.324037,0,0,1,,,,false,false
006000000000054AAA,2026-06-30,115,91-180,,1611641.54,5,5,0.062127,2014551.93,674371,0.33475,0,0,0.746429,84,13,89,false,false
006000000000055AAA,2026-06-30,86,61-90,86,,5,5,0.055101,1427488.26,424799,0.297585,0,0,1,,,,false,false
006000000000056AAA,2026-06-30,94,91-180,94,,5,5,0.064052,1990519.47,626100.62,0.314541,0,0,1,,,,false,false
006000000000057AAA,2026-06-30,149,91-180,,322897.18,5,5,0.084961,1614485.89,501080.63,0.310365,0,0,1,60,27,36,false,false
006000000000058AAA,2026-06-30,39,31-60,,1053054.86,5,5,0.077559,1755091.43,581204.79,0.331154,0,0,0.849069,80,11,68,false,false
006000000000059AAA,2026-06-30,91,91-180,91,,5,5,0.074775,2060496.05,664039.66,0.322272,0,0,0.608822,,,,false,false
006000000000060AAA,2026-06-30,149,91-180,,1135685.59,5,5,0.063199,1892809.31,622999.78,0.32914,0,0,1,75,19,68,false,false
006000000000061AAA,2026-06-30,203,181-365,203,,2,2,0.18568,831081.03,173924.14,0.209275,0,0,0,,,,false,false
006000000000062AAA,2026-06-30,221,181-365,221,,3,2,0.180029,1227790.91,248495.27,0.202392,0,0,1,,,,false,false
006000000000063AAA,2026-06-30,131,91-180,,426444.12,3,2,0.183143,1066110.31,185880.81,0.174354,0,0,1,54,38,47,false,false
006000000000064AAA,2026-06-30,208,181-365,,880656.92,3,2,0.18487,1467761.54,267383.7,0.182171,0,0,0.398962,58,41,68,false,false
006000000000065AAA,2026-06-30,80,61-90,,538944.64,2,2,0.204188,898241.06,202984.77,0.22598,0,0,1,66,30,68,false,false
006000000000066AAA,2026-06-30,20,0-30,,178444.64,3,2,0.192468,892223.18,123485.87,0.138402,0,0,1,49,35,36,false,false
006000000000067AAA,2026-06-30,108,91-180,,205648.42,2,1,0.210813,1028242.12,127381.68,0.123883,0,0,1,42,45,36,false,true
006000000000068AAA,2026-06-30,246,181-365,246,,2,2,0.167505,1031558.36,249249.9,0.241625,0,0,0.397873,,,,false,false
006000000000069AAA,2026-06-30,52,31-60,,166279.18,2,1,0.188132,831395.9,148717.65,0.178877,0,0,1,48,35,36,false,true
006000000000070AAA,2026-06-30,194,181-365,194,,3,2,0.179496,1096237.76,189489.44,0.172854,0,0,1,,,,false,false
006000000000071AAA,2026-06-30,221,181-365,221,,3,2,0.212125,1241226.86,220757.69,0.177854,0,0,1,,,,false,false
006000000000072AAA,2026-06-30,268,181-365,268,,2,2,0.209013,1533213.7,336442.1,0.219436,0,0,0.532238,,,,false,false
006000000000073AAA,2026-06-30,200,181-365,200,,2,2,0.180758,1006277.95,254960.92,0.25337,0,0,0.462716,,,,false,false
006000000000074AAA,2026-06-30,162,91-180,,934381.48,2,2,0.193694,1167976.85,272161.93,0.23302,0,0,1,70,32,89,false,false
006000000000075AAA,2026-06-30,202,181-365,202,,2,2,0.176374,1189474.41,252967.66,0.212672,0,0,0.563367,,,,false,false
006000000000076AAA,2026-06-30,222,181-365,222,,2,2,0.223506,899143.54,122349.28,0.136073,0,0,0.412554,,,,false,false
006000000000077AAA,2026-06-30,16,0-30,,837913.44,3,2,0.186194,1396522.4,211087.34,0.151152,0,0,1,64,28,68,false,false
006000000000078AAA,2026-06-30,239,181-365,239,,3,3,0.214524,1458894.37,281334.5,0.192841,0,0,0.713333,,,,false,false
006000000000079AAA,2026-06-30,205,181-365,205,,3,3,0.196314,1267374.15,162746.25,0.128412,0,0,0.290503,,,,false,false
006000000000080AAA,2026-06-30,106,91-180,,331161.43,2,2,0.195513,827903.57,127778.82,0.15434,0,0,1,53,39,47,false,false
006000000000081AAA,2026-06-30,195,181-365,195,,2,2,0.193293,796801.77,147045.06,0.184544,0,0,0.367663,,,,false,false
006000000000082AAA,2026-06-30,229,181-365,,713815.67,2,1,0.181225,892269.59,215721.62,0.241767,0,0,0,66,36,89,false,true
006000000000083AAA,2026-06-30,255,181-365,255,,3,2,0.209579,1314407.84,284473.4,0.216427,0,0,0.673031,,,,false,false
006000000000084AAA,2026-06-30,823,365+,,798102.48,2,1,0.170176,1330170.8,337156.4,0.253469,0,0,0,49,48,68,false,true
006000000000085AAA,2026-06-30,85,61-90,,556630.21,3,3,0.197343,927717.02,188163.05,0.202824,0,0,0.356513,67,31,68,false,false
006000000000086AAA,2026-06-30,255,181-365,255,,3,3,0.199626,1008743.58,199058.79,0.197333,0,0,0.652342,,,,false,false
006000000000087AAA,2026-06-30,251,181-365,,442466.49,3,3,0.19635,1106166.22,133886.31,0.121036,0,0,0.376332,48,53,47,false,false
006000000000088AAA,2026-06-30,221,181-365,221,,3,2,0.201909,1256233.97,229343.85,0.182565,0,0,0.333683,,,,false,false
006000000000089AAA,2026-06-30,32,31-60,,222441.23,2,2,0.163088,1112206.16,269757.58,0.242543,0,0,1,55,27,36,false,false
006000000000090AAA,2026-06-30,200,181-365,200,,3,2,0.184232,750425.79,134152.52,0.178769,0,0,0.356454,,,,false,false
006000000000091AAA,2026-06-30,86,61-90,,283700.59,3,3,0.196188,1418502.96,290911.04,0.205083,0,0,0.667362,53,37,36,false,false
006000000000092AAA,2026-06-30,231,181-365,231,,2,2,0.246283,1330039.62,183398.67,0.13789,0,0,0.395736,,,,false,false
006000000000093AAA,2026-06-30,202,181-365,,582584.59,3,3,0.193278,970974.31,224954.04,0.231679,0,0,0.648062,64,38,68,false,false
006000000000094AAA,2026-06-30,202,181-365,202,,2,2,0.177173,950816.65,254781.36,0.267961,0,0,1,,,,false,false
006000000000095AAA,2026-06-30,147,91-180,,659297.16,2,2,0.173541,1098828.6,235324.63,0.21416,0,0,0.638826,63,33,68,false,false
006000000000096AAA,2026-06-30,251,181-365,251,,3,2,0.189765,1342094.75,291214.36,0.216985,0,0,0.57873,,,,false,false
006000000000097AAA,2026-06-30,580,365+,,444388.88,2,2,0.188218,1110972.2,239177.19,0.215286,0,0,0.477477,42,55,47,false,false
006000000000098AAA,2026-06-30,16,0-30,,154228.48,2,1,0.185591,1542284.84,329818.94,0.213851,0,0,0.367919,48,31,31,false,true
006000000000099AAA,2026-06-30,133,91-180,,442289.22,2,2,0.189408,1105723.06,239293.38,0.216413,0,0,1,56,36,47,false,false
006000000000100AAA,2026-06-30,215,181-365,215,,2,1,0.199467,1127933.54,251672.79,0.223127,0,0,1,,,,false,false
006000000000101AAA,2026-06-30,217,181-365,217,,3,3,0.214332,1540341.56,218107.12,0.141597,0,0,0.382739,,,,false,false
006000000000102AAA,2026-06-30,123,91-180,,851370.53,3,3,0.20367,1418950.88,280033.45,0.197352,0,0,1,65,35,68,false,false
006000000000103AAA,2026-06-30,187,181-365,187,,2,2,0.197318,862575.96,205687.24,0.238457,0,0,0.5376,,,,false,false
006000000000104AAA,2026-06-30,198,181-365,198,,3,2,0.210657,1388056.42,195145.39,0.140589,0,0,0,,,,false,false
006000000000105AAA,2026-06-30,438,365+,,611177.49,2,2,0.184739,763971.86,160952.88,0.210679,0,0,0.541636,58,49,89,false,false
006000000000106AAA,2026-06-30,259,181-365,259,,3,2,0.182615,1339284.72,324015.55,0.241932,0,0,0.378665,,,,false,false
006000000000107AAA,2026-06-30,44,31-60,,89039.72,2,2,0.189336,890397.23,166403.22,0.186886,0,0,1,48,35,31,false,false
006000000000108AAA,2026-06-30,192,181-365,192,,3,2,0.207518,1271009.6,217935.12,0.171466,0,0,0.601798,,,,false,false
006000000000109AAA,2026-06-30,210,181-365,210,,2,2,0.184531,1487463.07,227058.9,0.152648,0,0,0.385233,,,,false,false
006000000000110AAA,2026-06-30,241,181-365,241,,2,2,0.208865,1545207.87,259618.32,0.168015,0,0,0.571242,,,,false,false
006000000000111AAA,2026-06-30,244,181-365,244,,2,2,0.188497,905166.64,217490.91,0.240277,0,0,0.358637,,,,false,false
006000000000112AAA,2026-06-30,254,181-365,254,,2,2,0.196202,833562.36,142371.6,0.170799,0,0,0,,,,false,false
006000000000113AAA,2026-06-30,260,181-365,260,,3,3,0.23258,899349.34,111963.95,0.124494,0,0,0.670812,,,,false,false
006000000000114AAA,2026-06-30,645,365+,,521260.26,3,2,0.22027,1303150.66,171612.76,0.131691,0,0,0.752119,36,64,47,true,false
006000000000115AAA,2026-06-30,303,181-365,,857921.88,3,3,0.189764,1072402.35,192243.14,0.179264,0,0,0.749986,64,47,89,false,false
006000000000116AAA,2026-06-30,335,181-365,,1946542.84,4,3,0.090613,2433178.55,731299.2,0.300553,242,0,1,55,58,49,false,false
006000000000117AAA,2026-06-30,295,181-365,,1549239.02,3,3,0.07997,2582065.04,917477.68,0.355327,0,0,0.74017,69,32,68,false,false
006000000000118AAA,2026-06-30,232,181-365,,4049362.49,3,3,0.057594,5061703.11,1545967.63,0.305424,0,0,1,75,22,89,false,false
006000000000119AAA,2026-06-30,274,181-365,,3044193,3,3,0.063559,3805241.25,1212387.74,0.31861,227,0,1,59,51,49,false,false
006000000000120AAA,2026-06-30,34,31-60,,1789981.84,4,2,0.093613,2983303.06,839615.81,0.281438,107,1,1,63,27,57,false,false
006000000000121AAA,2026-06-30,391,365+,,947890.95,3,2,0.095479,2369727.38,779842.34,0.329085,76,2,1,47,53,39,false,false
006000000000122AAA,2026-06-30,74,61-90,,1135422.77,4,3,0.106445,2838556.92,815369.05,0.287248,0,0,1,66,19,47,false,false
006000000000123AAA,2026-06-30,228,181-365,,1482133.22,4,2,0.072648,2470222.03,779299.08,0.315477,0,0,0.239097,66,26,68,false,false
006000000000124AAA,2026-06-30,45,31-60,,2726652.1,3,2,0.05227,4544420.16,1367759.89,0.300976,106,1,0.697193,64,24,57,false,false
006000000000125AAA,2026-06-30,334,181-365,,1136553.09,4,3,0.065888,2841382.72,995292.13,0.350284,0,0,0.483225,60,37,47,false,false
006000000000126AAA,2026-06-30,77,61-90,,2867149.51,4,2,0.084242,4778582.52,1491745.4,0.312173,118,0,1,62,31,56,false,false
006000000000127AAA,2026-06-30,133,91-180,,2481223.97,4,2,0.081338,4135373.28,1393615.77,0.336999,208,0,0.754554,56,44,38,false,false
006000000000128AAA,2026-06-30,290,181-365,,3125217.27,3,3,0.108527,3906521.59,954775.95,0.244406,0,0,1,69,34,89,false,false
006000000000129AAA,2026-06-30,166,91-180,,1898544.64,4,4,0.067619,4746361.6,1545427.74,0.325603,91,1,1,60,36,38,false,false
006000000000130AAA,2026-06-30,148,91-180,,1418561.04,4,4,0.08476,2364268.4,782757.63,0.331078,0,0,0.566493,75,21,68,false,false
006000000000131AAA,2026-06-30,217,181-365,,1998091.23,3,3,0.068652,4995228.07,1522850.38,0.304861,0,0,0.301369,61,28,47,false,false
006000000000132AAA,2026-06-30,90,61-90,,1713021.04,3,3,0.10085,4282552.6,1243418.36,0.290345,89,3,0.417908,58,33,38,false,false
006000000000133AAA,2026-06-30,385,365+,,881589.7,4,4,0.074996,2203974.25,672074.47,0.304938,94,3,1,49,53,38,false,false
006000000000134AAA,2026-06-30,414,365+,,2989833.09,4,4,0.089232,4983055.15,1392357.66,0.279418,110,3,0.450194,52,54,57,false,false
006000000000135AAA,2026-06-30,190,181-365,,1515535.43,3,3,0.073979,2525892.39,714638.43,0.282925,46,2,1,64,29,63,false,false
006000000000136AAA,2026-06-30,291,181-365,,2836656.14,4,2,0.072031,3545820.18,1207592.78,0.340568,147,1,0.453044,60,48,64,false,false
006000000000137AAA,2026-06-30,132,91-180,,2693016.55,4,3,0.083635,4488360.92,1426861.78,0.317903,0,0,1,73,19,68,false,false
006000000000138AAA,2026-06-30,391,365+,,1545057.22,3,3,0.057314,2575095.37,856816.16,0.332732,97,0,1,55,49,58,false,false
006000000000139AAA,2026-06-30,318,181-365,,1613674.03,4,4,0.095419,2689456.71,733353.52,0.272677,0,0,0.74545,65,36,68,false,false
006000000000140AAA,2026-06-30,108,91-180,,2631789.11,4,3,0.0858,4386315.18,1238646.68,0.282389,57,0,0.787921,67,25,62,false,false
006000000000141AAA,2026-06-30,340,181-365,,2730770.21,3,3,0.08923,4551283.68,1469507.67,0.322878,0,0,1,65,37,68,false,false
006000000000142AAA,2026-06-30,222,181-365,,1881840.85,3,3,0.098265,4704602.12,1007872.96,0.214231,0,0,0.302486,55,35,47,false,false
006000000000143AAA,2026-06-30,236,181-365,,2746526.84,3,2,0.091693,4577544.73,1650033.2,0.360462,0,0,0.73954,69,28,68,false,false
006000000000144AAA,2026-06-30,286,181-365,,1603467.98,4,3,0.100019,4008669.95,1355229.99,0.338075,95,2,1,53,50,38,false,false
006000000000145AAA,2026-06-30,309,181-365,,2699554.79,3,2,0.08022,4499257.98,1342742.19,0.298436,248,0,0.774974,47,58,38,false,false
006000000000146AAA,2026-06-30,121,91-180,,1404635.7,4,3,0.098395,3511589.26,1031978.21,0.293878,116,2,0.26629,55,39,35,false,false
006000000000147AAA,2026-06-30,139,91-180,,1972540.34,3,3,0.069707,3287567.24,923550.99,0.280922,0,0,0.330195,70,18,68,false,false
006000000000148AAA,2026-06-30,399,365+,,1817402.88,3,3,0.079774,3029004.8,968764.35,0.319829,52,1,1,58,45,63,false,false
006000000000149AAA,2026-06-30,130,91-180,,2910675.65,3,2,0.098795,4851126.09,1499312.51,0.309065,142,2,1,58,40,54,false,false
006000000000150AAA,2026-06-30,209,181-365,,1842150.93,4,3,0.078504,2302688.66,774899.04,0.336519,0,0,1,78,22,89,false,false
006000000000151AAA,2026-06-30,61,61-90,,1813905.83,4,4,0.076489,4534764.58,1433954.83,0.316214,114,2,0.338088,61,31,36,false,false
006000000000152AAA,2026-06-30,55,31-60,,3549547.52,3,2,0.062742,4436934.4,1326415.5,0.298949,0,0,1,79,8,89,false,false
006000000000153AAA,2026-06-30,152,91-180,,1655777.04,3,2,0.094954,2759628.4,773637.24,0.280341,85,3,1,60,34,60,false,false
006000000000154AAA,2026-06-30,313,181-365,,2217255.38,3,3,0.100108,2771569.22,826804.83,0.298317,163,0,1,58,55,63,false,false
006000000000155AAA,2026-06-30,334,181-365,,3509436.25,4,2,0.092162,4386795.31,1429376.05,0.325836,89,0,1,62,46,80,false,false
006000000000156AAA,2026-06-30,218,181-365,,2798990.64,3,3,0.055122,3498738.3,988891.1,0.282642,150,1,1,61,42,64,false,false
006000000000157AAA,2026-06-30,137,91-180,,1763689.51,4,4,0.091022,2204611.89,600692.52,0.272471,84,2,0.467185,72,29,81,false,false
006000000000158AAA,2026-06-30,355,181-365,,1657011.85,4,4,0.073242,2761686.42,828517.09,0.300004,54,3,0.765301,61,44,63,false,false
006000000000159AAA,2026-06-30,61,61-90,,2253864.86,3,3,0.061213,2817331.07,935023.9,0.331883,59,3,0.308358,79,16,83,false,false
006000000000160AAA,2026-06-30,121,91-180,,1345399.83,4,3,0.096447,2242333.05,642145.28,0.286374,103,0,1,63,34,58,false,false
006000000000161AAA,2026-06-30,247,181-365,,2133479.62,3,3,0.086527,2666849.52,925402.02,0.347002,0,0,1,77,26,89,false,false
006000000000162AAA,2026-06-30,381,365+,,1886266.34,4,4,0.100325,2357832.92,688941.3,0.292193,176,1,1,56,61,61,true,false
006000000000163AAA,2026-06-30,43,31-60,,2346526.64,3,3,0.079898,2933158.3,988078.54,0.336865,150,0,1,72,29,64,false,false
006000000000164AAA,2026-06-30,315,181-365,,2847891.25,3,3,0.094616,4746485.42,1483700.78,0.312589,217,0,0.627501,50,60,38,true,false
006000000000165AAA,2026-06-30,183,181-365,,1375152.19,4,4,0.113964,3437880.47,979993.33,0.285057,121,3,1,54,46,35,false,false
006000000000166AAA,2026-06-30,223,181-365,,1756063.32,4,3,0.08386,2926772.2,857057.42,0.292834,119,3,1,58,43,56,false,false
006000000000167AAA,2026-06-30,232,181-365,,3820498.18,3,3,0.088389,4775622.73,1505301.74,0.315205,0,0,0.646593,76,25,89,false,false
006000000000168AAA,2026-06-30,414,365+,,1554522.07,3,3,0.074739,3886305.17,1308379.53,0.336664,0,0,1,56,40,47,false,false
006000000000169AAA,2026-06-30,222,181-365,,1984843.91,4,2,0.094191,3308073.19,952193.66,0.287839,97,0,1,57,41,58,false,false
006000000000170AAA,2026-06-30,166,91-180,,3049932.94,4,3,0.067566,3812416.18,1139161.22,0.298803,0,0,0.50578,77,17,89,false,false
006000000000171AAA,2026-06-30,250,181-365,,1235928.54,3,3,0.076539,3089821.36,795673.36,0.257514,150,1,0.338011,45,53,32,false,false
006000000000172AAA,2026-06-30,87,61-90,,1637639.19,4,2,0.08734,4094097.98,1236460.73,0.302011,0,0,1,64,19,47,false,false
006000000000173AAA,2026-06-30,106,91-180,,2837168.27,3,3,0.096928,4728613.78,1591628.37,0.336595,204,0,0.654041,60,43,38,false,false
006000000000174AAA,2026-06-30,404,365+,,2418617.82,4,3,0.082099,3023272.28,1000080.98,0.330794,74,2,0.452068,64,45,82,false,false
006000000000175AAA,2026-06-30,69,61-90,,2709412.56,4,2,0.075446,3386765.7,1197731.2,0.35365,79,2,1,76,21,81,false,false
006000000000176AAA,2026-06-30,164,91-180,164,,2,2,0.029112,256890.75,89815.08,0.349624,0,0,1,,,,false,false
006000000000177AAA,2026-06-30,183,181-365,183,,2,2,0.077916,289672.94,78471.44,0.270897,0,0,1,,,,false,false
006000000000178AAA,2026-06-30,192,181-365,192,,2,2,0.080363,277280.14,84996.36,0.306536,0,0,1,,,,false,false
006000000000179AAA,2026-06-30,422,365+,,139693.06,2,2,0.086612,349232.64,86980.83,0.249063,0,0,1,47,44,47,false,false
006000000000180AAA,2026-06-30,168,91-180,168,,2,2,0.056853,322596.69,96429.2,0.298916,0,0,1,,,,false,false
006000000000181AAA,2026-06-30,173,91-180,173,,2,2,0.081604,291303.04,65974.97,0.226482,0,0,0.526087,,,,false,false
006000000000182AAA,2026-06-30,179,91-180,179,,2,2,0.036395,260087.05,92796.67,0.356791,0,0,0.454754,,,,false,false
006000000000183AAA,2026-06-30,409,365+,,170272.99,2,2,0.064726,212841.24,65648.09,0.308437,0,0,0.597901,66,33,89,false,false
006000000000184AAA,2026-06-30,163,91-180,163,,2,2,0.064863,179895.76,49921.91,0.277505,0,0,1,,,,false,false
006000000000185AAA,2026-06-30,193,181-365,193,,2,2,0.102581,271768.28,91120.75,0.335288,0,0,1,,,,false,false
006000000000186AAA,2026-06-30,174,91-180,174,,2,2,0.064875,515446.96,138934.05,0.269541,0,0,1,,,,false,false
006000000000187AAA,2026-06-30,176,91-180,176,,2,2,0.086411,457717.08,156810.39,0.342592,0,0,1,,,,false,false
006000000000188AAA,2026-06-30,148,91-180,148,,2,2,0.05155,517301.84,186553.82,0.360629,0,0,1,,,,false,false
006000000000189AAA,2026-06-30,171,91-180,171,,2,2,0.048127,417709.74,153886.26,0.368405,0,0,1,,,,false,false
006000000000190AAA,2026-06-30,160,91-180,160,,2,2,0.068659,467450.88,155717.76,0.333121,0,0,1,,,,false,false
006000000000191AAA,2026-06-30,292,181-365,,154398.27,2,2,0.091701,385995.68,114009,0.295363,0,0,1,55,36,47,false,false
006000000000192AAA,2026-06-30,170,91-180,170,,2,2,0.090323,465109.63,145303.66,0.312407,0,0,1,,,,false,false
006000000000193AAA,2026-06-30,173,91-180,173,,2,2,0.073983,471334.85,124001.99,0.263087,0,0,0,,,,false,false
006000000000194AAA,2026-06-30,175,91-180,175,,2,2,0.053614,516600.75,198503.85,0.38425,0,0,1,,,,false,false
006000000000195AAA,2026-06-30,167,91-180,167,,2,2,0.041629,344302.69,99829.63,0.289947,0,0,1,,,,false,false
006000000000196AAA,2026-06-30,230,181-365,,556738.68,3,3,0.068064,695923.35,262860.98,0.377715,0,0,0.548538,80,23,89,false,false
006000000000197AAA,2026-06-30,160,91-180,160,,3,3,0.068705,594257.53,182451.07,0.307024,0,0,0.42223,,,,false,false
006000000000198AAA,2026-06-30,142,91-180,142,,3,3,0.086087,618321.52,188594.9,0.305011,0,0,0.356232,,,,false,false
006000000000199AAA,2026-06-30,148,91-180,148,,3,3,0.076235,742663.9,235884.91,0.31762,0,0,0.354346,,,,false,false
006000000000200AAA,2026-06-30,148,91-180,148,,3,3,0.081898,616841.83,208441.95,0.337918,0,0,1,,,,false,false
006000000000201AAA,2026-06-30,127,91-180,127,,3,3,0.096461,633562.51,196226.41,0.309719,0,0,0.401071,,,,false,false
006000000000202AAA,2026-06-30,148,91-180,148,,3,3,0.046663,633358.82,229198.16,0.361877,0,0,1,,,,false,false
006000000000203AAA,2026-06-30,149,91-180,149,,3,3,0.071177,560260.76,200125.16,0.3572,0,0,0.741295,,,,false,false
006000000000204AAA,2026-06-30,154,91-180,154,,3,3,0.049801,574551.64,173893.01,0.302659,0,0,0.678409,,,,false,false
006000000000205AAA,2026-06-30,130,91-180,130,,3,3,0.071305,739371.98,253009.72,0.342195,0,0,0.383485,,,,false,false
006000000000206AAA,2026-06-30,125,91-180,125,,3,3,0.081076,639543.87,187478.4,0.293144,0,0,0.411277,,,,false,false
006000000000207AAA,2026-06-30,113,91-180,,663767.53,3,3,0.089249,829709.41,232730.81,0.280497,0,0,1,78,15,89,false,false
006000000000208AAA,2026-06-30,140,91-180,140,,3,3,0.094742,884858.11,276038.23,0.311958,0,0,1,,,,false,false
006000000000209AAA,2026-06-30,106,91-180,,686006.35,3,3,0.06193,857507.94,255683.65,0.298171,0,0,0.585582,79,12,89,false,false
006000000000210AAA,2026-06-30,127,91-180,127,,3,3,0.085061,677797.35,183046.57,0.270061,0,0,1,,,,false,false
006000000000211AAA,2026-06-30,115,91-180,115,,3,3,0.060911,951687.48,337618.85,0.354758,0,0,0.393329,,,,false,false
006000000000212AAA,2026-06-30,132,91-180,,452346.2,3,3,0.065856,753910.33,226064.62,0.299856,0,0,1,72,17,68,false,false
006000000000213AAA,2026-06-30,120,91-180,120,,3,3,0.083344,644724.31,203561.43,0.315734,0,0,0.294659,,,,false,false
006000000000214AAA,2026-06-30,124,91-180,124,,3,3,0.054722,855603.6,246064.42,0.287592,0,0,1,,,,false,false
006000000000215AAA,2026-06-30,103,91-180,,435143.02,3,3,0.060421,543928.77,167028.01,0.307077,0,0,0.681689,80,12,89,false,false
006000000000216AAA,2026-06-30,75,61-90,,957433.05,4,4,0.053476,1196791.31,385640.17,0.322228,0,0,0.726108,85,9,89,false,false
006000000000217AAA,2026-06-30,40,31-60,,822808.78,4,4,0.068716,1028510.98,330100.24,0.32095,0,0,0.718438,86,7,89,false,false
006000000000218AAA,2026-06-30,24,0-30,,677635.34,4,4,0.07978,847044.17,250498.49,0.295732,0,0,1,85,7,89,false,false
006000000000219AAA,2026-06-30,41,31-60,,585537.96,4,4,0.086227,975896.6,250675.04,0.256866,0,0,1,75,13,68,false,false
006000000000220AAA,2026-06-30,87,61-90,,476612.93,4,4,0.060738,794354.88,237638.69,0.299159,0,0,0.723203,76,13,68,false,false
006000000000221AAA,2026-06-30,66,61-90,,1035472.39,4,4,0.069871,1294340.49,392772.42,0.303454,0,0,1,84,9,89,false,false
006000000000222AAA,2026-06-30,30,0-30,,520445.45,4,4,0.061867,1301113.62,406402.88,0.31235,0,0,1,72,12,47,false,false
006000000000223AAA,2026-06-30,64,61-90,,640401.54,4,4,0.067023,1067335.9,367936.72,0.344724,0,0,1,80,12,68,false,false
006000000000224AAA,2026-06-30,81,61-90,,1031662.59,4,4,0.084902,1289578.24,366898.84,0.284511,0,0,1,82,12,89,false,false
006000000000225AAA,2026-06-30,76,61-90,,808573.87,4,4,0.050163,1010717.34,352322.71,0.348587,0,0,1,87,9,89,false,false
006000000000226AAA,2026-06-30,209,181-365,,4969141.6,4,3,0.112999,6211427,1941856.34,0.312626,283,3,0.349097,61,50,49,false,false
006000000000227AAA,2026-06-30,372,365+,,2918371.18,4,3,0.12029,3647963.97,934266.6,0.256106,111,5,1,57,56,78,false,false
006000000000228AAA,2026-06-30,342,181-365,,2629459.36,4,3,0.118041,4382432.26,1193139.01,0.272255,142,2,1,49,60,54,true,false
006000000000229AAA,2026-06-30,297,181-365,,3875478.71,5,4,0.112916,6459131.19,1921228.99,0.297444,162,2,0.62748,54,58,52,false,false
006000000000230AAA,2026-06-30,514,365+,,2786539.36,3,1,0.129531,4644232.26,1350164.78,0.290719,113,5,1,42,58,57,false,true
006000000000231AAA,2026-06-30,150,91-180,,5132028.82,4,2,0.125214,6415036.02,2260452.51,0.352368,490,2,1,64,47,49,false,false
006000000000232AAA,2026-06-30,190,181-365,,3631461.25,5,3,0.11101,4539326.56,1288299.88,0.283809,337,3,0.637558,60,48,49,false,false
006000000000233AAA,2026-06-30,350,181-365,,2463322.41,5,3,0.124675,3079153.01,1008776.15,0.327615,192,4,1,57,63,50,true,false
006000000000234AAA,2026-06-30,337,181-365,,3862973.47,3,3,0.093167,4828716.84,1446731.82,0.29961,171,5,0.293573,56,58,62,false,false
006000000000235AAA,2026-06-30,371,365+,,3403825.85,3,2,0.112366,5673043.08,1633075.44,0.287866,252,5,0.605321,44,66,38,true,false
006000000000236AAA,2026-06-30,319,181-365,,3802778.39,5,5,0.117033,4753472.99,1334851.91,0.280816,244,3,1,57,60,49,true,false
006000000000237AAA,2026-06-30,210,181-365,,4654188.78,5,4,0.120127,5817735.97,1467447.35,0.252237,219,5,0.823033,60,53,49,false,false
006000000000238AAA,2026-06-30,298,181-365,,1788928.16,5,4,0.117401,2981546.93,751042.28,0.251897,128,4,1,54,56,55,false,false
006000000000239AAA,2026-06-30,232,181-365,,3350482.13,4,3,0.123426,5584136.89,1435911.23,0.257141,139,4,0.225883,53,52,54,false,false
006000000000240AAA,2026-06-30,456,365+,,4450783.1,3,2,0.11214,5563478.87,1671676.1,0.300473,152,4,1,50,59,64,false,false
006000000000241AAA,2026-06-30,349,181-365,,2778607.24,5,4,0.117951,3473259.05,1066060.61,0.306934,234,5,0.796651,58,62,49,true,false
006000000000242AAA,2026-06-30,468,365+,,2857536.55,5,5,0.100449,4762560.92,1458080.6,0.306155,130,2,0.439754,50,58,55,false,false
006000000000243AAA,2026-06-30,233,181-365,,3669095.14,4,4,0.102933,6115158.56,1951866.71,0.319185,211,5,1,56,54,38,false,false
006000000000244AAA,2026-06-30,353,181-365,,2408238.9,5,3,0.11007,4013731.5,1350864.55,0.336561,116,3,1,55,56,56,false,false
006000000000245AAA,2026-06-30,389,365+,,2359732.9,3,2,0.12988,2949666.12,878676.84,0.29789,251,2,0.260406,51,65,49,true,false
006000000000246AAA,2026-06-30,504,365+,,3645156.26,5,3,0.116852,4556445.33,1263719.69,0.277348,302,4,0.421931,47,64,49,true,false
006000000000247AAA,2026-06-30,216,181-365,,3394866.34,3,2,0.126611,4243582.93,1432653.88,0.337605,241,5,0.740844,60,52,49,false,false
006000000000248AAA,2026-06-30,497,365+,,2040234.75,5,3,0.102164,3400391.25,1120556.09,0.329537,244,3,1,44,65,38,true,false
006000000000249AAA,2026-06-30,123,91-180,,3645243.04,3,3,0.120264,4556553.8,1101938.8,0.241836,318,3,1,60,46,49,false,false
006000000000250AAA,2026-06-30,391,365+,,1853899.07,5,5,0.117795,3089831.79,821685.15,0.265932,360,4,0.465537,46,67,38,true,false
006000000000251AAA,2026-06-30,511,365+,,2541122.26,4,4,0.109342,4235203.77,1252121.6,0.295646,173,2,0.22504,45,65,51,true,false
006000000000252AAA,2026-06-30,357,181-365,,4460119.21,4,4,0.105443,5575149.01,1752523.55,0.314346,346,3,0.628536,58,62,49,true,false
006000000000253AAA,2026-06-30,283,181-365,,2078427.77,5,4,0.118554,3464046.29,898087.6,0.25926,250,4,0.761905,50,61,38,true,false
006000000000254AAA,2026-06-30,174,91-180,,3388178.3,4,4,0.117377,4235222.87,1167350.27,0.275629,217,4,0.329428,63,48,49,false,false
006000000000255AAA,2026-06-30,379,365+,,2470124.47,4,4,0.090804,4116874.12,1421274.69,0.345232,325,3,1,52,64,38,true,false
006000000000256AAA,2026-06-30,229,181-365,,5265324.44,4,4,0.129583,6581655.55,1822249.65,0.276868,446,5,1,61,54,49,false,false
006000000000257AAA,2026-06-30,234,181-365,,4535384.95,3,3,0.112801,5669231.19,1684174.32,0.297073,190,5,1,59,52,50,false,false
006000000000258AAA,2026-06-30,210,181-365,,3892323.95,3,2,0.131607,4865404.94,1184649.62,0.243484,456,2,0.751379,54,54,49,false,false
006000000000259AAA,2026-06-30,276,181-365,,2593929.67,3,3,0.120594,4323216.11,1321620.95,0.305703,254,3,1,51,59,38,false,false
006000000000260AAA,2026-06-30,177,91-180,,2407254.1,5,3,0.128663,3009067.62,790098.42,0.262573,368,4,1,59,50,49,false,false
006000000000261AAA,2026-06-30,328,181-365,,3908361.62,4,4,0.122458,4885452.03,1261062.38,0.258126,200,4,0.217519,55,62,49,true,false
006000000000262AAA,2026-06-30,424,365+,,2012427.4,3,3,0.126074,3354045.66,914927.69,0.272783,210,5,1,43,68,38,true,false
006000000000263AAA,2026-06-30,519,365+,,4876582.66,3,3,0.14252,6095728.32,1854791.96,0.304277,257,3,0.652158,49,66,49,true,false
006000000000264AAA,2026-06-30,399,365+,,3843361.01,4,4,0.122276,6405601.68,1739589.13,0.271573,114,4,0.756389,52,58,57,false,false
006000000000265AAA,2026-06-30,299,181-365,,4499955.17,3,3,0.106531,5624943.96,1651027.39,0.293519,179,5,1,57,57,61,false,false
006000000000266AAA,2026-06-30,236,181-365,,432454.53,3,3,0.048924,540568.16,216086.54,0.39974,121,0,1,71,39,67,false,false
006000000000267AAA,2026-06-30,87,61-90,,628133.87,2,2,0.048728,1046889.78,283231.09,0.270545,94,1,1,61,27,59,false,false
006000000000268AAA,2026-06-30,150,91-180,150,,3,3,0.055193,543427.77,197883.79,0.36414,0,0,0.327569,,,,false,false
006000000000269AAA,2026-06-30,183,181-365,183,,4,3,0.078702,815266.12,269960.26,0.331131,0,0,0.487393,,,,false,false
006000000000270AAA,2026-06-30,114,91-180,,159130.77,2,2,0.114563,265217.95,77111.14,0.290746,0,0,1,69,21,68,false,false
006000000000271AAA,2026-06-30,181,181-365,181,,4,3,0.077022,1205075.94,389237.49,0.322998,0,0,1,,,,false,false
006000000000272AAA,2026-06-30,158,91-180,158,,1,1,0.059884,378260.48,99923.2,0.264165,0,0,1,,,,false,false
006000000000273AAA,2026-06-30,65,61-90,,1101851.13,3,3,0.081115,1377313.91,455068.95,0.330403,0,0,1,83,10,89,false,false
006000000000274AAA,2026-06-30,75,61-90,75,,3,1,0.074852,988370.69,317436.99,0.321172,0,0,1,,,,false,false
006000000000275AAA,2026-06-30,163,91-180,163,,3,3,0.052479,1013158.94,328049.72,0.323789,0,0,0.711919,,,,false,false
006000000000276AAA,2026-06-30,162,91-180,162,,1,1,0.079493,254879.18,84000.01,0.329568,0,0,1,,,,false,false
006000000000277AAA,2026-06-30,126,91-180,,121286.7,5,5,0.047887,303216.76,91423.51,0.301512,113,1,0.612972,58,35,36,false,false
006000000000278AAA,2026-06-30,214,181-365,214,,1,1,0.085214,589532.96,200993.12,0.340936,0,0,1,,,,false,false
006000000000279AAA,2026-06-30,171,91-180,171,,4,3,0.080428,701327.99,194257.47,0.276985,0,0,1,,,,false,false
006000000000280AAA,2026-06-30,43,31-60,,187062.42,5,4,0.077842,311770.7,89622.3,0.287462,0,0,0.437394,77,11,68,false,false
006000000000281AAA,2026-06-30,277,181-365,,1146163.73,3,2,0.102684,1910272.89,477170.05,0.249792,212,0,1,45,60,38,true,false
006000000000282AAA,2026-06-30,258,181-365,258,,3,2,0.060048,678020.18,220184.95,0.324747,76,1,0.299325,,,,false,false
006000000000283AAA,2026-06-30,88,61-90,88,,4,3,0.083989,1066477.56,330948.09,0.310319,0,0,0.442613,,,,false,false
006000000000284AAA,2026-06-30,189,181-365,189,,4,2,0.084114,270170.6,97117.34,0.359467,0,0,1,,,,false,false
006000000000285AAA,2026-06-30,184,181-365,184,,4,4,0.054924,2527068.43,901368.62,0.356685,0,0,0.508702,,,,false,false
006000000000286AAA,2026-06-30,899,365+,,96991.45,5,5,0.06729,484957.27,163638.94,0.33743,946,2,0.599877,33,68,16,true,false
006000000000287AAA,2026-06-30,192,181-365,192,,3,2,0.071248,706641.45,210435.61,0.297797,0,0,0.397951,,,,false,false
006000000000288AAA,2026-06-30,1237,365+,,62633.92,3,3,0.089582,313169.58,86492.35,0.276184,1165,0,0.708886,26,70,16,true,false
006000000000289AAA,2026-06-30,132,91-180,132,,3,2,0.07981,927975.87,301237.92,0.324618,0,0,0.407524,,,,false,false
006000000000290AAA,2026-06-30,26,0-30,,133214.69,4,3,0.065832,666073.46,228757.21,0.343441,0,0,0.550999,65,15,36,false,false
006000000000291AAA,2026-06-30,146,91-180,146,,4,4,0.086421,530107.07,151548.93,0.285884,0,0,1,,,,false,false
006000000000292AAA,2026-06-30,160,91-180,160,,2,1,0.09341,825752.88,293980.74,0.356015,0,0,1,,,,false,false
006000000000293AAA,2026-06-30,194,181-365,194,,2,2,0.052339,765949.92,182171.98,0.237838,0,0,1,,,,false,false
006000000000294AAA,2026-06-30,178,91-180,178,,3,2,0.096411,166751.21,51388.87,0.308177,0,0,1,,,,false,false
006000000000295AAA,2026-06-30,136,91-180,136,,2,2,0.067231,780482.79,261557.42,0.335123,0,0,1,,,,false,false
006000000000296AAA,2026-06-30,197,181-365,197,,5,4,0.052497,1327096.06,482293.08,0.36342,0,0,0.366754,,,,false,false
006000000000297AAA,2026-06-30,185,181-365,185,,4,4,0.052468,482606.41,171966.73,0.356329,0,0,0.265893,,,,false,false
006000000000298AAA,2026-06-30,830,365+,,1051421.66,3,3,0.05603,1314277.07,471539.21,0.358782,702,0,0.706962,53,58,49,false,false
006000000000299AAA,2026-06-30,82,61-90,,190376.85,2,2,0.082713,317294.75,99270,0.312864,0,0,1,72,15,68,false,false
006000000000300AAA,2026-06-30,147,91-180,147,,3,3,0.071234,163530.3,54670.16,0.334312,0,0,0.570944,,,,false,false
006000000000301AAA,2026-06-30,203,181-365,203,,1,1,0.042889,318956.07,138358.29,0.433785,0,0,1,,,,false,false
006000000000302AAA,2026-06-30,138,91-180,138,,2,2,0.07428,822277.5,326176.4,0.396674,0,0,0.566595,,,,false,false
006000000000303AAA,2026-06-30,160,91-180,160,,4,3,0.061338,520175.8,169130.2,0.32514,0,0,0.814675,,,,false,false
006000000000304AAA,2026-06-30,167,91-180,167,,3,2,0.056051,530654.73,159686.49,0.300924,0,0,1,,,,false,false
006000000000305AAA,2026-06-30,86,61-90,,367984.79,4,3,0.049943,613307.99,190511.41,0.310629,0,0,1,74,13,68,false,false
006000000000306AAA,2026-06-30,161,91-180,161,,4,4,0.053372,327255.77,118573.91,0.362328,0,0,1,,,,false,false
006000000000307AAA,2026-06-30,187,181-365,187,,4,3,0.071726,532523.89,147343.27,0.276689,0,0,0.262453,,,,false,false
006000000000308AAA,2026-06-30,44,31-60,,143460.32,2,2,0.051819,717301.6,266466.25,0.371484,119,1,0.525925,53,32,24,false,false
006000000000309AAA,2026-06-30,49,31-60,,175508.28,1,1,0.065787,292513.8,126840.81,0.433623,57,1,1,72,18,62,false,true
006000000000310AAA,2026-06-30,136,91-180,136,,3,3,0.077205,756920.55,226648.25,0.299435,0,0,0,,,,false,false
006000000000311AAA,2026-06-30,241,181-365,241,,3,2,0.057031,450829.33,155631.99,0.345213,0,0,1,,,,false,false
006000000000312AAA,2026-06-30,247,181-365,247,,1,1,0.066413,892363.2,260654.4,0.292095,0,0,1,,,,false,false
006000000000313AAA,2026-06-30,153,91-180,153,,2,2,0.039598,595624.71,230261.75,0.386589,0,0,1,,,,false,false
006000000000314AAA,2026-06-30,935,365+,,430372.34,5,3,0.072878,717287.23,235732.79,0.328645,841,0,1,44,62,38,true,false
006000000000315AAA,2026-06-30,93,91-180,93,,3,3,0.090985,2462719.39,705908.12,0.286638,0,0,0.350954,,,,false,false
006000000000316AAA,2026-06-30,149,91-180,,315721.68,2,2,0.102873,394652.1,114882.85,0.291099,0,0,0.518329,75,19,89,false,false
006000000000317AAA,2026-06-30,230,181-365,230,,3,3,0.058016,702431.49,220319.46,0.313653,0,0,0.342405,,,,false,false
006000000000318AAA,2026-06-30,415,365+,,802015.06,3,3,0.06484,1002518.82,337830.44,0.336982,211,0,0.729213,55,58,49,false,false
006000000000319AAA,2026-06-30,68,61-90,68,,4,3,0.045771,558324.22,187488.81,0.335806,0,0,0.463693,,,,false,false
006000000000320AAA,2026-06-30,64,61-90,,711676.85,4,4,0.063568,889596.06,314564.83,0.353604,0,0,1,87,9,89,false,false
006000000000321AAA,2026-06-30,191,181-365,191,,4,3,0.089124,154288.18,49430.98,0.320381,0,0,1,,,,false,false
006000000000322AAA,2026-06-30,163,91-180,163,,4,4,0.064934,724418.17,255153.88,0.352219,0,0,1,,,,false,false
006000000000323AAA,2026-06-30,100,91-180,,474871.78,5,5,0.05441,791452.97,246660.42,0.311655,93,2,0.816459,68,27,59,false,false
006000000000324AAA,2026-06-30,34,31-60,,576859.08,3,2,0.053241,1442147.71,472413.49,0.327576,0,0,0.669893,68,12,47,false,false
006000000000325AAA,2026-06-30,98,91-180,,1368119.14,3,3,0.077495,2280198.57,716985.63,0.31444,0,0,0.710521,74,16,68,false,false
006000000000326AAA,2026-06-30,149,91-180,149,,3,2,0.069181,748515.21,218452.98,0.291848,0,0,0,,,,false,false
006000000000327AAA,2026-06-30,353,181-365,,455765.44,2,2,0.080384,759609.06,224578.56,0.29565,256,0,1,45,62,38,true,false
006000000000328AAA,2026-06-30,237,181-365,237,,1,1,0.053893,2573034.8,949147.3,0.368882,0,0,1,,,,false,false
006000000000329AAA,2026-06-30,131,91-180,131,,3,2,0.081942,509919.99,143963.43,0.282326,61,2,1,,,,false,false
006000000000330AAA,2026-06-30,130,91-180,130,,3,3,0.073776,192089.8,61158.4,0.318384,0,0,1,,,,false,false
006000000000331AAA,2026-06-30,1101,365+,,178124.23,1,1,0.062438,296873.72,121013.82,0.407627,1065,0,1,44,61,38,true,true
006000000000332AAA,2026-06-30,172,91-180,172,,2,2,0.090292,492535.83,155535.81,0.315786,0,0,1,,,,false,false
006000000000333AAA,2026-06-30,178,91-180,,102754.46,2,1,0.100079,256886.14,62761.97,0.244318,154,0,1,41,51,32,false,true
006000000000334AAA,2026-06-30,149,91-180,149,,4,4,0.060336,844010.21,287662.3,0.340828,0,0,1,,,,false,false
006000000000335AAA,2026-06-30,162,91-180,162,,4,3,0.069813,697085.85,212889.82,0.3054,0,0,0.262306,,,,false,false
006000000000336AAA,2026-06-30,210,181-365,210,,2,2,0.090853,140417.94,37494.95,0.267024,0,0,0.36763,,,,false,false
006000000000337AAA,2026-06-30,121,91-180,121,,3,3,0.093623,99391.58,23572.17,0.237165,0,0,1,,,,false,false
006000000000338AAA,2026-06-30,718,365+,,101781.44,4,3,0.063991,254453.61,79831.79,0.313738,707,0,0.499759,36,64,27,true,false
006000000000339AAA,2026-06-30,159,91-180,,1372057.89,3,3,0.079545,1715072.36,519213.88,0.302736,30,0,1,75,22,86,false,false
006000000000340AAA,2026-06-30,183,181-365,183,,3,3,0.040442,225624.66,83077.22,0.36821,0,0,1,,,,false,false
006000000000341AAA,2026-06-30,109,91-180,109,,4,4,0.058251,786807.94,274088.63,0.348355,0,0,0.184709,,,,false,false
006000000000342AAA,2026-06-30,109,91-180,109,,5,5,0.052005,609987.24,188527.94,0.309069,0,0,1,,,,false,false
006000000000343AAA,2026-06-30,111,91-180,111,,4,2,0.078179,454817.28,137455.95,0.302222,0,0,0.5745,,,,false,false
006000000000344AAA,2026-06-30,66,61-90,66,,3,3,0.083103,1210252.12,355769.64,0.293963,0,0,0.306114,,,,false,false
006000000000345AAA,2026-06-30,232,181-365,232,,3,3,0.074272,1045057.86,331131.69,0.316855,0,0,0.739131,,,,false,false
006000000000346AAA,2026-06-30,67,61-90,,324300.7,2,2,0.077024,405375.88,144800.98,0.357202,0,0,1,82,10,89,false,false
006000000000347AAA,2026-06-30,53,31-60,,2280930.19,2,2,0.123173,3801550.32,931560.2,0.245047,0,0,0.510518,69,19,68,false,false
006000000000348AAA,2026-06-30,328,181-365,,107362.92,4,3,0.047395,536814.62,201617.32,0.375581,321,0,1,40,64,16,true,false
006000000000349AAA,2026-06-30,87,61-90,,768957.62,3,2,0.070995,961197.03,277083.83,0.28827,0,0,1,77,11,89,false,false
006000000000350AAA,2026-06-30,65,61-90,65,,3,3,0.057408,296061.07,107172.12,0.361993,0,0,0.724713,,,,false,false
006000000000351AAA,2026-06-30,142,91-180,142,,5,3,0.092457,896081.59,264346.12,0.295002,0,0,0.572131,,,,false,false
006000000000352AAA,2026-06-30,170,91-180,170,,3,3,0.03998,968549.04,370289.24,0.382313,0,0,1,,,,false,false
006000000000353AAA,2026-06-30,212,181-365,212,,2,2,0.086919,1108883.44,335022.04,0.302126,0,0,0.606841,,,,false,false
006000000000354AAA,2026-06-30,91,91-180,91,,4,2,0.079649,343164.16,109545.14,0.319221,0,0,0.469345,,,,false,false
006000000000355AAA,2026-06-30,123,91-180,123,,2,2,0.072937,406773.32,147732.47,0.363181,71,2,1,,,,false,false
006000000000356AAA,2026-06-30,168,91-180,,327859.26,3,3,0.060985,409824.08,117350.22,0.286343,49,1,1,72,24,84,false,false
006000000000357AAA,2026-06-30,170,91-180,170,,4,3,0.059684,464775.08,164601.76,0.354154,0,0,0.338898,,,,false,false
006000000000358AAA,2026-06-30,641,365+,,1457419.3,3,2,0.107617,1821774.12,623455.05,0.342224,559,0,0.764125,49,63,49,true,false
006000000000359AAA,2026-06-30,127,91-180,127,,2,2,0.060975,302308.42,106777.7,0.353208,0,0,1,,,,false,false
006000000000360AAA,2026-06-30,136,91-180,136,,4,4,0.051311,317891.16,92759.24,0.291796,0,0,0.538466,,,,false,false
006000000000361AAA,2026-06-30,140,91-180,140,,4,3,0.073083,501906.58,172132.7,0.342958,0,0,1,,,,false,false
006000000000362AAA,2026-06-30,1203,365+,,146704.02,2,2,0.081209,366760.04,89530.26,0.244111,1163,0,0.441879,29,68,27,true,false
006000000000363AAA,2026-06-30,744,365+,,298256.29,2,1,0.076381,745640.73,184194.8,0.247029,761,0,1,26,68,27,true,true
006000000000364AAA,2026-06-30,173,91-180,173,,3,3,0.064348,622109.51,177019.3,0.284547,0,0,1,,,,false,false
006000000000365AAA,2026-06-30,141,91-180,,129463.43,2,2,0.079939,323658.58,100941.92,0.311878,110,1,1,53,38,36,false,false
006000000000366AAA,2026-06-30,68,61-90,,363906.81,3,3,0.069192,1819534.04,578978.73,0.318202,0,0,1,61,18,36,false,false
006000000000367AAA,2026-06-30,1009,365+,,174867.57,3,2,0.104393,874337.84,214493.21,0.245321,1017,0,0.679597,22,73,16,true,false
006000000000368AAA,2026-06-30,128,91-180,,654117.38,3,3,0.08579,1635293.46,498749.46,0.304991,83,2,1,58,33,39,false,false
006000000000369AAA,2026-06-30,136,91-180,,368545.38,2,2,0.093425,460681.73,152010.46,0.329969,0,0,0.455907,78,17,89,false,false
006000000000370AAA,2026-06-30,85,61-90,85,,2,2,0.09137,1783638.91,459175.74,0.257438,0,0,1,,,,false,false
006000000000371AAA,2026-06-30,109,91-180,,46137.08,1,1,0.0886,76895.14,25065.64,0.325972,0,0,1,69,18,68,false,true
006000000000372AAA,2026-06-30,140,91-180,140,,2,2,0.051953,1210859.82,385284.78,0.318191,57,2,1,,,,false,false
006000000000373AAA,2026-06-30,225,181-365,225,,3,3,0.06215,1304796.27,385311.49,0.295304,0,0,0.316248,,,,false,false
006000000000374AAA,2026-06-30,167,91-180,167,,2,2,0.091484,927041.34,289619.33,0.312413,43,2,1,,,,false,false
006000000000375AAA,2026-06-30,132,91-180,132,,4,2,0.071753,189349.63,59644.93,0.314999,0,0,1,,,,false,false
006000000000376AAA,2026-06-30,157,91-180,157,,2,2,0.058226,293787.14,102400.17,0.348552,0,0,1,,,,false,false
006000000000377AAA,2026-06-30,161,91-180,161,,3,2,0.079123,151609.89,56064.24,0.369793,0,0,0.382759,,,,false,false
006000000000378AAA,2026-06-30,156,91-180,156,,3,3,0.078545,391244.64,126865.95,0.324262,0,0,1,,,,false,false
006000000000379AAA,2026-06-30,995,365+,,1323427.09,4,4,0.071976,2205711.82,708138.88,0.321048,1033,1,0.220919,46,62,38,true,false
006000000000380AAA,2026-06-30,48,31-60,48,,2,2,0.086018,365447.52,96582.5,0.264286,0,0,1,,,,false,false
006000000000381AAA,2026-06-30,144,91-180,144,,2,1,0.079672,1267093.17,404073.47,0.318898,0,0,1,,,,false,false
006000000000382AAA,2026-06-30,287,181-365,,347489.3,3,2,0.058419,579148.84,200734.84,0.346603,231,0,1,51,55,38,false,false
006000000000383AAA,2026-06-30,424,365+,,310931.62,2,2,0.057369,518219.36,200442.23,0.38679,356,0,1,48,61,38,true,false
006000000000384AAA,2026-06-30,117,91-180,,214951.77,3,3,0.041101,1074758.84,306569.25,0.285245,0,0,1,57,22,36,false,false
006000000000385AAA,2026-06-30,366,365+,,42892.97,5,5,0.061189,214464.87,85230.4,0.39741,385,0,1,42,67,16,true,false
006000000000386AAA,2026-06-30,134,91-180,134,,3,2,0.093186,246625.94,71922.95,0.291628,0,0,0,,,,false,false
006000000000387AAA,2026-06-30,265,181-365,265,,1,1,0.116178,2999362.08,636995.97,0.212377,0,0,1,,,,false,false
006000000000388AAA,2026-06-30,165,91-180,165,,1,1,0.104914,1194431.72,294773.12,0.246789,0,0,1,,,,false,false
006000000000389AAA,2026-06-30,215,181-365,215,,3,2,0.094099,2095737.1,627805.02,0.299563,111,2,0.333542,,,,false,false
006000000000390AAA,2026-06-30,332,181-365,,581154.68,3,2,0.071756,968591.14,321265.41,0.331683,352,0,0.401904,48,59,38,false,false
006000000000391AAA,2026-06-30,41,31-60,,64363.03,1,1,0.0468,160907.58,38136.42,0.237008,0,0,1,59,15,47,false,true
006000000000392AAA,2026-06-30,28,0-30,,135178.29,3,2,0.051511,1351782.94,392322.13,0.290226,0,0,0.609154,55,16,31,false,false
006000000000393AAA,2026-06-30,84,61-90,84,,4,4,0.062451,2742479.24,987238.09,0.35998,0,0,0.495224,,,,false,false
006000000000394AAA,2026-06-30,1078,365+,,40492.3,2,2,0.094025,202461.51,55616.85,0.274703,1138,0,1,24,71,16,true,false
006000000000395AAA,2026-06-30,141,91-180,,99385.3,3,2,0.072384,248463.24,69643.69,0.280298,0,0,1,60,22,47,false,false
006000000000396AAA,2026-06-30,143,91-180,143,,4,3,0.055335,283869.54,92956.06,0.32746,0,0,0.715251,,,,false,false
006000000000397AAA,2026-06-30,182,181-365,182,,2,2,0.069504,285594.84,94702.08,0.331596,0,0,0.446007,,,,false,false
006000000000398AAA,2026-06-30,463,365+,,63394.36,4,3,0.058102,105657.27,29939.04,0.28336,385,0,0.489692,42,61,38,true,false
006000000000399AAA,2026-06-30,179,91-180,179,,5,4,0.081046,1611452.18,471034.68,0.292304,0,0,0.54019,,,,false,false
006000000000400AAA,2026-06-30,119,91-180,119,,4,3,0.053158,300815.66,95879.72,0.318732,0,0,0.733437,,,,false,false
006000000000401AAA,2026-06-30,236,181-365,236,,1,1,0.105192,1195901.78,320289.59,0.267823,86,1,0,,,,false,false
006000000000402AAA,2026-06-30,131,91-180,131,,4,4,0.043019,608794.51,198974.09,0.326833,0,0,1,,,,false,false
006000000000403AAA,2026-06-30,332,181-365,,420353.71,4,2,0.087951,700589.51,221821.83,0.316622,338,0,0.39432,47,61,38,true,false
006000000000404AAA,2026-06-30,133,91-180,133,,2,2,0.065976,888790.36,272546.64,0.306649,0,0,0,,,,false,false
006000000000405AAA,2026-06-30,97,91-180,,131933.77,5,4,0.075303,329834.42,106006.49,0.321393,0,0,0.641378,70,18,47,false,false
006000000000406AAA,2026-06-30,141,91-180,141,,4,4,0.06218,339204.53,100384.8,0.295942,0,0,0.754711,,,,false,false
006000000000407AAA,2026-06-30,117,91-180,117,,5,3,0.070747,125077.39,37139.24,0.29693,0,0,0.627802,,,,false,false
006000000000408AAA,2026-06-30,861,365+,,233187.07,1,1,0.085962,291483.84,70064.91,0.240373,854,0,1,40,63,49,true,true
006000000000409AAA,2026-06-30,147,91-180,147,,5,5,0.0632,1361103.02,501989.78,0.368811,0,0,0.538251,,,,false,false
006000000000410AAA,2026-06-30,314,181-365,314,,2,2,0.094393,1010099.75,234038.36,0.231698,117,2,0.654186,,,,false,false
006000000000411AAA,2026-06-30,122,91-180,122,,2,2,0.102415,418931.77,115821.24,0.276468,0,0,0.511589,,,,false,false
006000000000412AAA,2026-06-30,207,181-365,207,,2,2,0.099166,1148899.9,369951.38,0.322005,0,0,1,,,,false,false
006000000000413AAA,2026-06-30,1093,365+,,427910.55,2,2,0.080975,1069776.37,238814.51,0.223238,1143,0,0,27,70,27,true,false
006000000000414AAA,2026-06-30,67,61-90,,287047.57,4,3,0.092824,478412.62,114851.22,0.240067,107,2,0.58877,61,32,57,false,false
006000000000415AAA,2026-06-30,227,181-365,227,,3,3,0.059263,420734.78,131002.87,0.311367,55,1,1,,,,false,false
006000000000416AAA,2026-06-30,174,91-180,174,,4,2,0.056631,453582.02,167639.29,0.36959,34,1,1,,,,false,false
006000000000417AAA,2026-06-30,76,61-90,,214405.34,3,2,0.076093,268006.68,89562.04,0.334178,0,0,1,81,11,89,false,false
006000000000418AAA,2026-06-30,324,181-365,324,,4,2,0.070389,1406217.44,449468.17,0.319629,120,1,1,,,,false,false
006000000000419AAA,2026-06-30,106,91-180,106,,4,4,0.057535,2589366.05,830279.9,0.32065,0,0,0.27006,,,,false,false
006000000000420AAA,2026-06-30,173,91-180,,1314982.96,3,2,0.095494,2191638.26,665303.96,0.303565,0,0,0.603575,68,24,68,false,false
006000000000421AAA,2026-06-30,141,91-180,141,,3,3,0.049404,540158.03,201063.72,0.372231,0,0,1,,,,false,false
006000000000422AAA,2026-06-30,252,181-365,252,,3,2,0.067442,376517.58,126145.14,0.335031,0,0,0.589015,,,,false,false
006000000000423AAA,2026-06-30,116,91-180,116,,4,3,0.068931,963484.51,282153.8,0.292847,0,0,0.566711,,,,false,false
006000000000424AAA,2026-06-30,122,91-180,122,,4,4,0.055624,1113832.22,417410.59,0.374752,0,0,0.576097,,,,false,false
006000000000425AAA,2026-06-30,60,31-60,,512062.26,2,1,0.069143,853437.1,283341.05,0.332,0,0,0.531577,72,12,68,false,true
006000000000426AAA,2026-06-30,51,31-60,51,,3,2,0.06941,1161562.67,335929.46,0.289205,0,0,0.706408,,,,false,false
006000000000427AAA,2026-06-30,164,91-180,164,,2,2,0.05748,1047581.86,356074.81,0.339902,0,0,1,,,,false,false
006000000000428AAA,2026-06-30,130,91-180,,636194.98,1,1,0.056304,795243.72,281852.4,0.354423,0,0,1,77,14,89,false,true
006000000000429AAA,2026-06-30,75,61-90,,463961.41,3,3,0.058217,773269.02,237840.52,0.307578,0,0,0,74,12,68,false,false
006000000000430AAA,2026-06-30,53,31-60,,131759.67,2,2,0.054118,658798.35,160989.66,0.244369,46,1,0,51,25,31,false,false
006000000000431AAA,2026-06-30,95,91-180,95,,5,3,0.069343,976272.16,265187.03,0.271632,0,0,0.430771,,,,false,false
006000000000432AAA,2026-06-30,155,91-180,155,,2,2,0.061527,654610.8,218065.02,0.333122,0,0,0.615263,,,,false,false
006000000000433AAA,2026-06-30,109,91-180,109,,4,2,0.05983,68677.91,19903.37,0.289807,0,0,0.523579,,,,false,false
006000000000434AAA,2026-06-30,84,61-90,,414272.27,4,3,0.059776,690453.78,214583.74,0.310787,0,0,0.489236,74,13,68,false,false
006000000000435AAA,2026-06-30,157,91-180,,342767.49,2,2,0.070811,428459.36,137634.2,0.32123,0,0,1,76,17,89,false,false
006000000000436AAA,2026-06-30,34,31-60,,169575.32,3,3,0.080986,282625.53,86134.14,0.304764,0,0,0.343114,76,11,68,false,false
006000000000437AAA,2026-06-30,104,91-180,104,,2,1,0.052865,378101.25,124054.27,0.328098,0,0,1,,,,false,false
006000000000438AAA,2026-06-30,33,31-60,,714384.96,2,2,0.09801,892981.2,313833.54,0.351445,0,0,0.502897,83,9,89,false,false
006000000000439AAA,2026-06-30,172,91-180,172,,2,1,0.062367,142075.2,47854.44,0.336825,0,0,0.421568,,,,false,false
006000000000440AAA,2026-06-30,238,181-365,238,,3,3,0.105293,2746551.02,819760.44,0.298469,0,0,0.701023,,,,false,false
006000000000441AAA,2026-06-30,165,91-180,165,,2,2,0.064272,367453.01,120880.62,0.328969,0,0,0.558422,,,,false,false
006000000000442AAA,2026-06-30,115,91-180,,1371846.3,3,2,0.105546,1714807.88,422095.36,0.246147,0,0,0.673155,73,19,89,false,false
006000000000443AAA,2026-06-30,164,91-180,164,,1,1,0.127388,636519.12,122396.82,0.192291,0,0,1,,,,false,false
006000000000444AAA,2026-06-30,210,181-365,,27809.93,4,1,0.100832,139049.63,35431.95,0.254815,246,0,0.74108,31,60,16,true,true
006000000000445AAA,2026-06-30,132,91-180,132,,2,1,0.069651,1914700.4,669600.47,0.349716,0,0,1,,,,false,false
006000000000446AAA,2026-06-30,175,91-180,175,,2,2,0.104069,341385.66,84320.23,0.246994,80,1,0.589533,,,,false,false
006000000000447AAA,2026-06-30,82,61-90,,382853.93,3,3,0.06542,638089.89,190330.32,0.298281,0,0,1,73,13,68,false,false
006000000000448AAA,2026-06-30,59,31-60,,152291.04,3,3,0.062956,761455.2,262908.99,0.345272,0,0,0.75577,63,17,36,false,false
006000000000449AAA,2026-06-30,31,31-60,,44381.76,4,3,0.071954,221908.79,59567.56,0.268433,0,0,0.732146,59,16,36,false,false
006000000000450AAA,2026-06-30,173,91-180,173,,4,4,0.062697,819379.73,252627.22,0.308315,0,0,1,,,,false,false
006000000000451AAA,2026-06-30,273,181-365,273,,1,1,0.107901,2828715.36,529179.72,0.187074,36,1,0,,,,false,false
006000000000452AAA,2026-06-30,132,91-180,132,,4,3,0.086669,518922.2,171723.83,0.330924,0,0,0.22592,,,,false,false
006000000000453AAA,2026-06-30,61,61-90,,222715.85,2,2,0.091961,1113579.24,299298.04,0.268771,63,1,1,51,30,30,false,false
006000000000454AAA,2026-06-30,137,91-180,,1032151.47,4,3,0.06508,1290189.34,380592.44,0.29499,0,0,1,78,15,89,false,false
006000000000455AAA,2026-06-30,109,91-180,,324083.52,2,2,0.070065,540139.2,218307.84,0.40417,0,0,1,77,16,68,false,false
006000000000456AAA,2026-06-30,170,91-180,170,,5,3,0.07456,1015558.59,318303.68,0.313427,0,0,0.781363,,,,false,false
006000000000457AAA,2026-06-30,181,181-365,181,,3,2,0.07689,303015.89,69946.59,0.230835,0,0,0.374232,,,,false,false
006000000000458AAA,2026-06-30,116,91-180,116,,3,2,0.08845,219089.36,53436.38,0.243902,0,0,1,,,,false,false
006000000000459AAA,2026-06-30,177,91-180,177,,4,4,0.049604,225623.23,76923.59,0.340938,0,0,0.548354,,,,false,false
006000000000460AAA,2026-06-30,153,91-180,153,,5,5,0.071034,683391.9,225107.47,0.329397,0,0,0.534038,,,,false,false
006000000000461AAA,2026-06-30,150,91-180,,386545.61,5,4,0.070028,483182.01,165545.14,0.342614,0,0,1,83,16,89,false,false
006000000000462AAA,2026-06-30,194,181-365,194,,3,3,0.053626,411143.88,138402.79,0.336629,0,0,1,,,,false,false
006000000000463AAA,2026-06-30,103,91-180,103,,2,2,0.053462,823705.93,284687.62,0.345618,0,0,0.502351,,,,false,false
006000000000464AAA,2026-06-30,158,91-180,158,,2,2,0.067006,113955.72,37136.18,0.325883,0,0,0,,,,false,false
006000000000465AAA,2026-06-30,156,91-180,156,,3,2,0.050027,231909.72,68526.32,0.295487,0,0,0.710972,,,,false,false
006000000000466AAA,2026-06-30,89,61-90,89,,3,3,0.063551,155369.47,47125.19,0.30331,0,0,1,,,,false,false
006000000000467AAA,2026-06-30,25,0-30,,74177.8,5,4,0.08718,370889,138087.31,0.372314,0,0,1,69,17,36,false,false
006000000000468AAA,2026-06-30,421,365+,,364688.81,3,3,0.074901,911722.02,232777.54,0.255316,219,0,0.320026,35,67,27,true,false
006000000000469AAA,2026-06-30,101,91-180,,262812.1,3,3,0.077443,328515.12,85097.53,0.259037,0,0,1,77,14,89,false,false
006000000000470AAA,2026-06-30,179,91-180,179,,4,4,0.060572,483572.02,166289.52,0.343877,42,1,1,,,,false,false
006000000000471AAA,2026-06-30,126,91-180,126,,2,2,0.072661,338473.69,110746.54,0.327194,0,0,1,,,,false,false
006000000000472AAA,2026-06-30,150,91-180,150,,4,3,0.069844,998243.16,355608.37,0.356234,101,1,0.728103,,,,false,false
006000000000473AAA,2026-06-30,298,181-365,298,,1,1,0.117876,2150767.08,641537.82,0.298283,0,0,0,,,,false,false
006000000000474AAA,2026-06-30,144,91-180,144,,3,3,0.065017,491231.31,140416.41,0.285846,0,0,1,,,,false,false
006000000000475AAA,2026-06-30,161,91-180,161,,4,4,0.041547,859149.67,262502.21,0.305537,0,0,0.530144,,,,false,false
006000000000476AAA,2026-06-30,969,365+,,40268.24,1,1,0.084899,100670.6,31395.6,0.311865,897,0,1,31,66,27,true,true
006000000000477AAA,2026-06-30,195,181-365,195,,2,2,0.088622,1462065.52,398938.82,0.27286,0,0,0.642415,,,,false,false
006000000000478AAA,2026-06-30,148,91-180,148,,3,2,0.088175,555456.05,156152.02,0.281124,0,0,1,,,,false,false
006000000000479AAA,2026-06-30,88,61-90,,897265.2,1,1,0.06998,1495442,561598.7,0.37554,0,0,1,73,14,68,false,true
006000000000480AAA,2026-06-30,150,91-180,,568431.58,4,4,0.050713,710539.47,295840,0.41636,110,0,0.835559,78,31,78,false,false
006000000000481AAA,2026-06-30,89,61-90,89,,2,2,0.054101,1035849.75,355257.98,0.342963,0,0,0.520332,,,,false,false
006000000000482AAA,2026-06-30,168,91-180,168,,2,1,0.090639,987023.82,321327.18,0.325552,86,1,0.420644,,,,false,false
006000000000483AAA,2026-06-30,187,181-365,187,,3,3,0.08286,503917.99,162353.69,0.322183,0,0,1,,,,false,false
006000000000484AAA,2026-06-30,125,91-180,125,,2,2,0.088163,568378.38,198794.4,0.349757,0,0,1,,,,false,false
006000000000485AAA,2026-06-30,246,181-365,246,,3,2,0.063669,110907.24,37776.25,0.340611,56,1,0,,,,false,false
006000000000486AAA,2026-06-30,813,365+,,673439.46,5,5,0.04872,1122399.1,397546.68,0.354194,749,0,0.586825,48,61,38,true,false
006000000000487AAA,2026-06-30,134,91-180,134,,3,3,0.069568,264109.34,79381,0.300561,0,0,0.724712,,,,false,false
006000000000488AAA,2026-06-30,112,91-180,,435940.36,4,4,0.048505,544925.45,176312.76,0.323554,0,0,1,83,12,89,false,false
006000000000489AAA,2026-06-30,300,181-365,300,,3,3,0.068698,816979.64,249332.23,0.305188,118,1,0.662405,,,,false,false
006000000000490AAA,2026-06-30,764,365+,,16973.6,5,4,0.067327,169736.03,55051.25,0.324334,845,2,1,28,69,11,true,false
006000000000491AAA,2026-06-30,234,181-365,234,,2,2,0.053944,563786.13,191728.7,0.340073,116,1,0.454526,,,,false,false
006000000000492AAA,2026-06-30,208,181-365,208,,5,5,0.050757,1091071.2,401396.35,0.367892,0,0,0.568187,,,,false,false
006000000000493AAA,2026-06-30,162,91-180,162,,3,2,0.021859,960352.14,351307.8,0.365811,0,0,0.256897,,,,false,false
006000000000494AAA,2026-06-30,145,91-180,145,,2,2,0.054953,493283.68,152416,0.308982,0,0,1,,,,false,false
006000000000495AAA,2026-06-30,434,365+,,508818.52,2,2,0.079565,1272046.31,360685.56,0.283548,215,0,1,34,66,27,true,false
006000000000496AAA,2026-06-30,76,61-90,76,,1,1,0.077803,283268.7,81280.8,0.286939,0,0,1,,,,false,false
006000000000497AAA,2026-06-30,831,365+,,1200767.07,3,2,0.108385,3001917.67,841832.17,0.280431,714,0,1,31,69,27,true,false
006000000000498AAA,2026-06-30,95,91-180,95,,4,3,0.079067,1501674.02,469224.28,0.312467,0,0,0.479254,,,,false,false
006000000000499AAA,2026-06-30,133,91-180,133,,2,2,0.0797,1981024.54,571858.21,0.288668,0,0,0,,,,false,false
006000000000500AAA,2026-06-30,156,91-180,,635650.31,3,2,0.074373,794562.89,241292.12,0.303679,0,0,1,75,17,89,false,false
006000000000501AAA,2026-06-30,144,91-180,144,,2,2,0.058624,576367.02,143132.12,0.248335,0,0,1,,,,false,false
006000000000502AAA,2026-06-30,56,31-60,,518481.88,4,2,0.07899,864136.47,298916.88,0.345914,0,0,0.765218,75,12,68,false,false
006000000000503AAA,2026-06-30,151,91-180,151,,3,2,0.100498,1207165.18,335550.29,0.277966,29,1,1,,,,false,false
006000000000504AAA,2026-06-30,401,365+,,333148.79,4,4,0.070144,832871.97,283938.94,0.340915,471,0,0.557561,44,65,27,true,false
006000000000505AAA,2026-06-30,1220,365+,,288774.27,4,4,0.053315,1443871.35,398615.8,0.276074,1168,0,0,29,67,16,true,false
006000000000506AAA,2026-06-30,108,91-180,,192850.1,4,4,0.056885,321416.83,107413.05,0.334186,0,0,1,77,15,68,false,false
006000000000507AAA,2026-06-30,141,91-180,141,,4,3,0.074406,1474234.18,463221.93,0.314212,0,0,0.544297,,,,false,false
006000000000508AAA,2026-06-30,21,0-30,,509192.57,1,1,0.066292,848654.28,270594.88,0.318852,0,0,0,72,8,68,false,true
006000000000509AAA,2026-06-30,95,91-180,,669990.21,2,1,0.070015,1116650.35,373979.64,0.334912,0,0,1,70,15,68,false,true
006000000000510AAA,2026-06-30,95,91-180,95,,2,2,0.053039,1682944.22,444022.56,0.263837,0,0,0.51185,,,,false,false
006000000000511AAA,2026-06-30,131,91-180,131,,5,5,0.047874,705413.27,257615.63,0.365198,0,0,0.489524,,,,false,false
006000000000512AAA,2026-06-30,159,91-180,,108857.43,4,3,0.073989,181429.05,57876.27,0.319002,152,0,0.720298,59,42,53,false,false
006000000000513AAA,2026-06-30,130,91-180,130,,3,3,0.078037,432082.63,155089.7,0.358935,0,0,0.374193,,,,false,false
006000000000514AAA,2026-06-30,128,91-180,128,,2,2,0.074961,1169296.18,345860.24,0.295785,0,0,1,,,,false,false
006000000000515AAA,2026-06-30,289,181-365,289,,1,1,0.077125,869671.62,257400.72,0.295975,89,2,0,,,,false,false
006000000000516AAA,2026-06-30,105,91-180,105,,3,2,0.064346,1914515.65,629651.41,0.328883,0,0,1,,,,false,false
006000000000517AAA,2026-06-30,117,91-180,117,,1,1,0.080623,2126281.68,900168.75,0.423353,0,0,1,,,,false,false
006000000000518AAA,2026-06-30,69,61-90,69,,4,4,0.060485,434573.51,130356.61,0.299964,0,0,0.747361,,,,false,false
006000000000519AAA,2026-06-30,61,61-90,,397225.66,4,3,0.060783,993064.15,335288.02,0.33763,0,0,1,70,14,47,false,false
006000000000520AAA,2026-06-30,785,365+,,91146.24,2,2,0.072638,151910.4,53065.25,0.349319,719,0,1,43,62,38,true,false
006000000000521AAA,2026-06-30,135,91-180,,218015.86,1,1,0.073877,272519.82,105110.52,0.385699,0,0,1,79,15,89,false,true
006000000000522AAA,2026-06-30,116,91-180,116,,4,4,0.058492,1087932.89,417262.49,0.383537,0,0,1,,,,false,false
006000000000523AAA,2026-06-30,654,365+,,838590.84,4,4,0.036501,2096477.09,745605.18,0.355647,648,0,0,41,64,27,true,false
006000000000524AAA,2026-06-30,252,181-365,252,,1,1,0.080999,505304.7,119193.78,0.235885,91,1,1,,,,false,false
006000000000525AAA,2026-06-30,527,365+,,446954.89,3,2,0.069712,1117387.23,327949.01,0.293496,483,0,0.634168,32,65,27,true,false
006000000000526AAA,2026-06-30,192,181-365,192,,3,3,0.100399,709043.15,211945.52,0.298918,0,0,0.406526,,,,false,false
006000000000527AAA,2026-06-30,210,181-365,210,,3,3,0.07032,519613.41,184850.77,0.355747,0,0,0.682723,,,,false,false
006000000000528AAA,2026-06-30,200,181-365,200,,5,3,0.080582,1541296.83,461301.58,0.299294,0,0,0.468127,,,,false,false
006000000000529AAA,2026-06-30,207,181-365,207,,3,3,0.0559,595436.83,187903.32,0.315572,0,0,0.290807,,,,false,false
006000000000530AAA,2026-06-30,91,91-180,,1727693.54,1,1,0.070792,2879489.24,923480.76,0.32071,0,0,1,70,15,68,false,true
006000000000531AAA,2026-06-30,102,91-180,102,,2,1,0.036465,194532.33,63498.29,0.326415,0,0,0.551032,,,,false,false
006000000000532AAA,2026-06-30,157,91-180,157,,2,2,0.043834,1676420.36,486606.41,0.290265,0,0,0,,,,false,false
006000000000533AAA,2026-06-30,179,91-180,,596007.33,4,3,0.062139,745009.16,251144.56,0.337103,0,0,1,79,18,89,false,false
006000000000534AAA,2026-06-30,115,91-180,115,,4,4,0.056701,238032.83,86364.54,0.362826,0,0,1,,,,false,false
006000000000535AAA,2026-06-30,86,61-90,,185887.49,4,3,0.072455,309812.49,116286.6,0.375345,0,0,1,78,14,68,false,false
006000000000536AAA,2026-06-30,57,31-60,57,,3,2,0.083352,2031496.52,714081.19,0.351505,0,0,0.67628,,,,false,false
006000000000537AAA,2026-06-30,146,91-180,,504522.98,5,3,0.076055,840871.63,254996.09,0.303252,97,1,0.757098,63,33,58,false,false
006000000000538AAA,2026-06-30,121,91-180,121,,4,3,0.066259,331364.11,99551.64,0.30043,0,0,1,,,,false,false
006000000000539AAA,2026-06-30,652,365+,,73434.8,2,2,0.068929,183587,65903.97,0.35898,563,0,0.589029,36,65,27,true,false
006000000000540AAA,2026-06-30,169,91-180,169,,3,2,0.054022,797348.11,244324.06,0.306421,0,0,1,,,,false,false
006000000000541AAA,2026-06-30,77,61-90,77,,1,1,0.107207,1091982.08,195078.4,0.178646,0,0,1,,,,false,false
006000000000542AAA,2026-06-30,130,91-180,130,,3,3,0.061923,656740.81,230102.51,0.35037,0,0,1,,,,false,false
006000000000543AAA,2026-06-30,31,31-60,,499771.05,4,3,0.089601,832951.75,268870.17,0.322792,0,0,1,77,11,68,false,false
006000000000544AAA,2026-06-30,116,91-180,116,,2,1,0.087116,756159.48,215693.57,0.285249,0,0,1,,,,false,false
006000000000545AAA,2026-06-30,284,181-365,284,,3,2,0.073309,286830.92,88695.27,0.309225,0,0,0.626559,,,,false,false
006000000000546AAA,2026-06-30,168,91-180,168,,1,1,0.112699,349305.9,77433.6,0.221678,0,0,1,,,,false,false
006000000000547AAA,2026-06-30,209,181-365,209,,1,1,0.000508,601774.5,175236,0.291199,0,0,1,,,,false,false
006000000000548AAA,2026-06-30,95,91-180,95,,3,2,0.065612,334538.05,125153.95,0.37411,0,0,1,,,,false,false
006000000000549AAA,2026-06-30,82,61-90,,486054.51,2,2,0.060199,607568.14,213808.48,0.351909,0,0,1,82,10,89,false,false
006000000000550AAA,2026-06-30,156,91-180,156,,2,2,0.078115,1654727.52,536080.42,0.323969,0,0,0.587991,,,,false,false
006000000000551AAA,2026-06-30,130,91-180,130,,4,4,0.078483,114568.45,34930.84,0.304891,0,0,0.641827,,,,false,false
006000000000552AAA,2026-06-30,785,365+,,94333.1,4,4,0.065727,157221.84,55823.28,0.355061,789,0,0.253528,48,62,38,true,false
006000000000553AAA,2026-06-30,237,181-365,237,,2,2,0.093988,561398.55,176964.34,0.315221,0,0,1,,,,false,false
006000000000554AAA,2026-06-30,116,91-180,116,,3,3,0.077376,1138896.38,315892.08,0.277367,0,0,0,,,,false,false
006000000000555AAA,2026-06-30,249,181-365,249,,4,3,0.0809,318003.51,98619.48,0.310121,70,2,1,,,,false,false
006000000000556AAA,2026-06-30,155,91-180,155,,2,2,0.070286,565450.17,197215.05,0.348775,0,0,1,,,,false,false
006000000000557AAA,2026-06-30,117,91-180,117,,3,2,0.050456,447089.7,128339.31,0.287055,0,0,0.388122,,,,false,false
006000000000558AAA,2026-06-30,119,91-180,,417901.8,3,3,0.069866,522377.25,167789.34,0.321203,0,0,0.322818,80,14,89,false,false
006000000000559AAA,2026-06-30,218,181-365,218,,5,3,0.044441,685017.61,225914.78,0.329794,88,2,1,,,,false,false
006000000000560AAA,2026-06-30,144,91-180,144,,3,2,0.082215,790161.26,261150.37,0.330503,0,0,0.556844,,,,false,false
006000000000561AAA,2026-06-30,82,61-90,,1433017.03,2,2,0.103718,2388361.71,796537.74,0.333508,0,0,1,73,17,68,false,false
006000000000562AAA,2026-06-30,638,365+,,249460.85,3,3,0.086244,311826.06,92953.56,0.298094,578,0,0.630375,49,60,49,true,false
006000000000563AAA,2026-06-30,130,91-180,130,,1,1,0.090704,356189.96,122284.96,0.343314,0,0,1,,,,false,false
006000000000564AAA,2026-06-30,76,61-90,,160295.8,3,2,0.067696,267159.66,96185.64,0.360031,69,1,1,70,23,61,false,false
006000000000565AAA,2026-06-30,129,91-180,,590545.6,2,2,0.045914,738182,210323.92,0.284921,0,0,1,75,14,89,false,false
006000000000566AAA,2026-06-30,869,365+,,106946.97,3,2,0.067381,534734.87,162435.6,0.303768,849,0,0.600017,26,68,16,true,false
006000000000567AAA,2026-06-30,1235,365+,,373135.55,4,4,0.083807,932838.88,284855.75,0.305364,1130,0,1,38,66,27,true,false
006000000000568AAA,2026-06-30,128,91-180,128,,2,1,0.115802,234111.16,77504.43,0.331058,0,0,0,,,,false,false
006000000000569AAA,2026-06-30,78,61-90,,624747.57,2,1,0.032131,780934.46,264917.09,0.339231,0,0,1,78,9,89,false,true
006000000000570AAA,2026-06-30,526,365+,,235040.11,4,3,0.073773,587600.28,210190.36,0.35771,489,0,0.738036,39,65,27,true,false
006000000000571AAA,2026-06-30,261,181-365,261,,2,2,0.067358,192396.6,61833.6,0.321386,0,0,0.565504,,,,false,false
006000000000572AAA,2026-06-30,82,61-90,82,,2,2,0.074432,277201.02,81142.16,0.29272,0,0,0,,,,false,false
006000000000573AAA,2026-06-30,629,365+,,336756.1,4,3,0.079337,561260.17,175334.67,0.312395,572,0,0.732077,43,63,38,true,false
006000000000574AAA,2026-06-30,135,91-180,135,,2,1,0.044256,416888.35,173366.58,0.415859,0,0,0.584256,,,,false,false
006000000000575AAA,2026-06-30,161,91-180,161,,3,2,0.096141,424024.7,146832.31,0.346282,0,0,1,,,,false,false
006000000000576AAA,2026-06-30,248,181-365,248,,2,2,0.080314,1636260.31,518331.7,0.316778,0,0,1,,,,false,false
006000000000577AAA,2026-06-30,83,61-90,83,,4,4,0.049612,2024881.3,760905.92,0.375778,0,0,1,,,,false,false
006000000000578AAA,2026-06-30,139,91-180,139,,3,2,0.072094,1436473.6,408872.73,0.284636,0,0,1,,,,false,false
006000000000579AAA,2026-06-30,214,181-365,214,,2,1,0.061538,1338927.23,421187.78,0.314571,0,0,0,,,,false,false
006000000000580AAA,2026-06-30,660,365+,,1089257.11,3,3,0.085445,1815428.51,579550.5,0.319236,542,0,0.224718,43,63,38,true,false
006000000000581AAA,2026-06-30,268,181-365,268,,1,1,0.033733,318252.15,105905.57,0.332773,0,0,0,,,,false,false
006000000000582AAA,2026-06-30,269,181-365,269,,3,3,0.077856,767611.47,275845.73,0.359356,113,2,1,,,,false,false
006000000000583AAA,2026-06-30,155,91-180,,504878.66,3,3,0.056649,841464.44,245998.44,0.292346,71,0,0.65365,64,29,61,false,false
006000000000584AAA,2026-06-30,127,91-180,127,,4,3,0.069202,196125.31,65444.19,0.333686,0,0,0.456491,,,,false,false
006000000000585AAA,2026-06-30,281,181-365,281,,4,3,0.080629,1753845.24,545916.35,0.311268,41,1,0.749449,,,,false,false
006000000000586AAA,2026-06-30,174,91-180,,1357714.59,3,3,0.061044,1697143.24,559556.59,0.329705,0,0,1,79,17,89,false,false
006000000000587AAA,2026-06-30,18,0-30,,731845.56,2,2,0.076076,1219742.6,367550.31,0.301334,0,0,0,74,9,68,false,false
006000000000588AAA,2026-06-30,219,181-365,219,,5,5,0.057142,818930.6,248075.31,0.302926,0,0,1,,,,false,false
006000000000589AAA,2026-06-30,135,91-180,135,,5,3,0.084755,1480375.9,388634.88,0.262524,0,0,0.415293,,,,false,false
006000000000590AAA,2026-06-30,125,91-180,125,,4,4,0.063913,1466058.9,477672.73,0.325821,0,0,0.757461,,,,false,false
006000000000591AAA,2026-06-30,69,61-90,69,,4,4,0.077845,1078104.29,340452.35,0.315788,0,0,0.41224,,,,false,false
006000000000592AAA,2026-06-30,813,365+,,1227773.06,4,4,0.055992,2046288.43,672378.53,0.328584,742,0,1,46,61,38,true,false
006000000000593AAA,2026-06-30,238,181-365,238,,1,1,0.070893,2272356.13,736852.73,0.324268,0,0,0,,,,false,false
006000000000594AAA,2026-06-30,133,91-180,133,,4,4,0.065839,233537.95,74644.5,0.319625,0,0,0.790424,,,,false,false
006000000000595AAA,2026-06-30,114,91-180,114,,4,4,0.06121,244085.31,88962.27,0.364472,0,0,0.439253,,,,false,false
006000000000596AAA,2026-06-30,153,91-180,153,,3,3,0.08362,2075778.44,672746.32,0.324094,0,0,1,,,,false,false
006000000000597AAA,2026-06-30,172,91-180,172,,2,1,0.063266,449188.87,167566.93,0.373043,0,0,0.663366,,,,false,false
006000000000598AAA,2026-06-30,245,181-365,245,,4,3,0.075844,1086000.01,369249.06,0.340008,0,0,1,,,,false,false
006000000000599AAA,2026-06-30,236,181-365,236,,3,2,0.083916,590634.06,198523.16,0.336119,0,0,1,,,,false,false
006000000000600AAA,2026-06-30,87,61-90,87,,3,2,0.082324,1110815.85,353275.02,0.318032,0,0,0.633609,,,,false,false
006000000000601AAA,2026-06-30,171,91-180,171,,3,1,0.086493,381985.07,125667.65,0.328986,0,0,1,,,,false,false
006000000000602AAA,2026-06-30,92,91-180,,183621.4,3,2,0.054091,459053.49,158483.43,0.34524,0,0,1,67,17,47,false,false
006000000000603AAA,2026-06-30,180,91-180,,356977.8,2,2,0.062569,594963,176382.63,0.29646,58,0,0.453192,62,29,62,false,false
006000000000604AAA,2026-06-30,1183,365+,,222273.77,4,4,0.050313,555684.42,197058.52,0.354623,1264,0,0.600314,41,64,27,true,false
006000000000605AAA,2026-06-30,170,91-180,170,,2,2,0.073973,562711.68,159285.3,0.283067,0,0,1,,,,false,false
006000000000606AAA,2026-06-30,136,91-180,136,,2,2,0.089864,871595.15,251957.39,0.289076,0,0,1,,,,false,false
006000000000607AAA,2026-06-30,156,91-180,,228900.02,4,4,0.052037,381500.04,136544.36,0.357914,65,2,1,72,28,62,false,false
006000000000608AAA,2026-06-30,322,181-365,322,,5,3,0.06391,174151.26,52547.12,0.301733,54,1,0.59176,,,,false,false
006000000000609AAA,2026-06-30,122,91-180,122,,2,2,0.097013,273273.84,79492.58,0.29089,0,0,1,,,,false,false
006000000000610AAA,2026-06-30,198,181-365,198,,3,2,0.044956,647134.94,216672.27,0.334818,0,0,0.318318,,,,false,false
006000000000611AAA,2026-06-30,160,91-180,160,,5,5,0.071721,2265825.33,719639.37,0.317606,0,0,0.474579,,,,false,false
006000000000612AAA,2026-06-30,129,91-180,,420323.55,1,1,0.081018,525404.44,133380.48,0.253862,0,0,0,71,17,89,false,true
006000000000613AAA,2026-06-30,214,181-365,214,,3,3,0.112828,2449359.06,723463.74,0.295369,0,0,0.690942,,,,false,false
006000000000614AAA,2026-06-30,144,91-180,144,,2,2,0.087308,1404983.84,420703.2,0.299436,0,0,0.475508,,,,false,false
006000000000615AAA,2026-06-30,153,91-180,153,,2,2,0.095614,1613663.46,407857.57,0.252753,0,0,0.407026,,,,false,false
006000000000616AAA,2026-06-30,88,61-90,,53617.28,1,1,0.020203,89362.13,28987.92,0.324387,0,0,1,70,13,68,false,true
006000000000617AAA,2026-06-30,89,61-90,89,,5,5,0.052548,612026.42,197473.09,0.322655,0,0,0.555103,,,,false,false
006000000000618AAA,2026-06-30,167,91-180,167,,1,1,0.054664,2296513.04,845314.55,0.368086,0,0,1,,,,false,false
006000000000619AAA,2026-06-30,86,61-90,,973002.08,4,3,0.076124,1216252.6,378015.31,0.310803,0,0,1,81,12,89,false,false
006000000000620AAA,2026-06-30,93,91-180,93,,3,2,0.09763,1672442.41,552260.2,0.330212,0,0,1,,,,false,false
006000000000621AAA,2026-06-30,151,91-180,151,,4,4,0.045183,742306.35,302742.36,0.40784,0,0,0.786187,,,,false,false
006000000000622AAA,2026-06-30,156,91-180,156,,3,3,0.070912,730907.98,220079.12,0.301104,26,2,0.675925,,,,false,false
006000000000623AAA,2026-06-30,136,91-180,136,,5,3,0.06876,2321571.2,761476.2,0.328,0,0,1,,,,false,false
006000000000624AAA,2026-06-30,104,91-180,,158527.74,3,3,0.065731,198159.67,55377.24,0.279458,0,0,0.674299,78,12,89,false,false
006000000000625AAA,2026-06-30,165,91-180,165,,2,2,0.045996,178500.92,58420.47,0.327284,0,0,0.498706,,,,false,false
006000000000626AAA,2026-06-30,225,181-365,225,,3,2,0.04993,434619.17,130900.18,0.301184,93,1,0.694079,,,,false,false
006000000000627AAA,2026-06-30,209,181-365,209,,3,3,0.083733,767886.82,243707.7,0.317375,0,0,0.696018,,,,false,false
006000000000628AAA,2026-06-30,183,181-365,183,,3,3,0.079377,412807.98,111439.29,0.269954,0,0,0.632646,,,,false,false
006000000000629AAA,2026-06-30,49,31-60,,122189.27,2,2,0.076002,203648.79,66822.02,0.328124,0,0,0,74,12,68,false,false
006000000000630AAA,2026-06-30,28,0-30,,591629.94,2,2,0.083078,2958149.7,977326.2,0.330384,51,1,1,57,24,31,false,false
006000000000631AAA,2026-06-30,65,61-90,,1070596.09,3,2,0.087774,1784326.81,534753.35,0.299695,0,0,1,72,14,68,false,false
006000000000632AAA,2026-06-30,151,91-180,151,,1,1,0.046,496924.59,149329.02,0.300506,0,0,1,,,,false,false
006000000000633AAA,2026-06-30,234,181-365,234,,5,3,0.067945,1029382.85,314858.25,0.305871,0,0,0.545375,,,,false,false
006000000000634AAA,2026-06-30,146,91-180,146,,1,1,0.07061,441295.32,142597.82,0.323135,0,0,1,,,,false,false
006000000000635AAA,2026-06-30,212,181-365,212,,2,2,0.03136,426067.62,146707.75,0.34433,0,0,1,,,,false,false
006000000000636AAA,2026-06-30,137,91-180,137,,2,2,0.078603,216749.06,62946.28,0.290411,0,0,1,,,,false,false
006000000000637AAA,2026-06-30,207,181-365,207,,3,3,0.094374,401516.66,99165.77,0.246978,0,0,0.321816,,,,false,false
006000000000638AAA,2026-06-30,160,91-180,160,,3,3,0.088969,66540.56,25562.99,0.384172,0,0,1,,,,false,false
006000000000639AAA,2026-06-30,350,181-365,350,,2,2,0.030643,192350.45,65320,0.339588,107,2,1,,,,false,false
006000000000640AAA,2026-06-30,169,91-180,169,,2,2,0.075381,183948.9,60376.26,0.328223,0,0,1,,,,false,false
006000000000641AAA,2026-06-30,176,91-180,176,,2,1,0.079754,1118823.36,327776.88,0.292966,0,0,0.528507,,,,false,false
006000000000642AAA,2026-06-30,1094,365+,,312318.68,1,1,0.118999,780796.69,198383.79,0.254079,1130,0,0,27,71,27,true,true
006000000000643AAA,2026-06-30,203,181-365,203,,1,1,0.126008,314044.26,93141.37,0.296587,0,0,0,,,,false,false
006000000000644AAA,2026-06-30,156,91-180,156,,1,1,0.119009,290037.85,94542.1,0.325965,0,0,1,,,,false,false
006000000000645AAA,2026-06-30,128,91-180,128,,4,3,0.070404,1594018.16,535016.47,0.33564,0,0,1,,,,false,false
006000000000646AAA,2026-06-30,190,181-365,190,,2,2,0.060813,494440.92,190537.02,0.385359,0,0,1,,,,false,false
006000000000647AAA,2026-06-30,212,181-365,212,,4,3,0.088808,627166.78,191723.73,0.305698,117,1,1,,,,false,false
006000000000648AAA,2026-06-30,162,91-180,,60343.32,3,3,0.056243,301716.62,78677.85,0.260767,295,0,1,39,52,16,false,false
006000000000649AAA,2026-06-30,90,61-90,90,,4,4,0.070631,603879.47,173402.94,0.287148,0,0,0.796956,,,,false,false
006000000000650AAA,2026-06-30,831,365+,,161713.88,4,4,0.067142,269523.13,97926.59,0.363333,707,0,1,49,62,38,true,false
006000000000651AAA,2026-06-30,109,91-180,,1583828.23,4,3,0.077103,1979785.29,603901.17,0.305034,0,0,0.551036,80,14,89,false,false
006000000000652AAA,2026-06-30,62,61-90,,559751.37,3,3,0.071496,932918.95,303660.4,0.325495,0,0,1,76,12,68,false,false
006000000000653AAA,2026-06-30,156,91-180,,1774853.87,5,3,0.083443,2218567.34,717335.58,0.323333,0,0,1,79,18,89,false,false
006000000000654AAA,2026-06-30,283,181-365,283,,3,3,0.071587,1370280.3,382041.94,0.278806,0,0,1,,,,false,false
006000000000655AAA,2026-06-30,993,365+,,80258.02,4,4,0.068202,200645.04,79304.32,0.395247,1005,0,0.848716,44,65,27,true,false
006000000000656AAA,2026-06-30,153,91-180,153,,4,4,0.068629,638234.19,204162.76,0.319887,0,0,0.279468,,,,false,false
006000000000657AAA,2026-06-30,16,0-30,,515537.1,4,3,0.061676,1288842.75,465712.54,0.361342,0,0,1,73,10,47,false,false
006000000000658AAA,2026-06-30,183,181-365,183,,4,4,0.047976,463036.66,151524.84,0.327242,0,0,0.253987,,,,false,false
006000000000659AAA,2026-06-30,131,91-180,131,,2,1,0.088246,1696715.18,519105.3,0.305947,0,0,1,,,,false,false
006000000000660AAA,2026-06-30,132,91-180,132,,1,1,0.080594,208151.51,62579.45,0.300644,0,0,0,,,,false,false
006000000000661AAA,2026-06-30,102,91-180,102,,3,2,0.058401,312792.86,111140.56,0.355317,0,0,0.302257,,,,false,false
006000000000662AAA,2026-06-30,212,181-365,212,,2,2,0.038473,1089424.21,327328.49,0.30046,0,0,1,,,,false,false
006000000000663AAA,2026-06-30,118,91-180,118,,1,1,0.090486,864280,216108.75,0.250045,0,0,1,,,,false,false
006000000000664AAA,2026-06-30,742,365+,,1105460.75,3,3,0.081384,1842434.59,538204.11,0.292116,693,0,0.343521,41,63,38,true,false
006000000000665AAA,2026-06-30,153,91-180,,1778401.78,3,2,0.054105,2964002.97,964498.22,0.325404,65,0,1,64,28,62,false,false
006000000000666AAA,2026-06-30,230,181-365,230,,3,3,0.104047,2227979.67,720411.14,0.323347,80,2,0.378391,,,,false,false
006000000000667AAA,2026-06-30,83,61-90,83,,5,5,0.062372,1286298.24,488538.23,0.379802,0,0,1,,,,false,false
006000000000668AAA,2026-06-30,233,181-365,233,,2,1,0.102552,3850622.96,1012073.44,0.262834,0,0,0.42371,,,,false,false
006000000000669AAA,2026-06-30,190,181-365,190,,2,2,0.067027,2098370,799035,0.380788,0,0,1,,,,false,false
006000000000670AAA,2026-06-30,156,91-180,156,,3,3,0.083478,259074.03,79888.51,0.308362,0,0,0.343505,,,,false,false
006000000000671AAA,2026-06-30,212,181-365,212,,5,4,0.052146,669217.75,224778.21,0.335882,0,0,1,,,,false,false
006000000000672AAA,2026-06-30,176,91-180,176,,2,2,0.07433,493415.03,151780.4,0.307612,0,0,1,,,,false,false
006000000000673AAA,2026-06-30,1107,365+,,135297.31,1,1,0.07352,338243.28,123351.9,0.364684,1107,0,1,34,65,27,true,true
006000000000674AAA,2026-06-30,59,31-60,,129213.88,4,3,0.062869,161517.35,51033.22,0.315961,0,0,1,83,8,89,false,false
006000000000675AAA,2026-06-30,111,91-180,111,,3,3,0.061746,127470.08,36060.69,0.282895,0,0,1,,,,false,false
006000000000676AAA,2026-06-30,135,91-180,135,,4,2,0.075387,1075762.48,265017.71,0.246353,0,0,0.719814,,,,false,false
006000000000677AAA,2026-06-30,184,181-365,184,,2,2,0.05861,394977.38,137744.03,0.348739,0,0,1,,,,false,false
006000000000678AAA,2026-06-30,173,91-180,173,,3,3,0.100078,126680.38,38268.18,0.302085,0,0,1,,,,false,false
006000000000679AAA,2026-06-30,235,181-365,,731755.68,2,1,0.068135,914694.6,263483.52,0.288056,94,1,1,61,36,80,false,true
006000000000680AAA,2026-06-30,170,91-180,170,,3,3,0.058875,387688.14,148822.02,0.38387,0,0,1,,,,false,false
006000000000681AAA,2026-06-30,147,91-180,147,,4,4,0.067392,553487.8,183697.27,0.33189,0,0,1,,,,false,false
006000000000682AAA,2026-06-30,158,91-180,158,,4,2,0.088274,252991.42,78381.12,0.309817,0,0,1,,,,false,false
006000000000683AAA,2026-06-30,1126,365+,,735054.68,1,1,0.119288,1225091.14,413554.89,0.337571,1022,0,1,39,67,38,true,true
006000000000684AAA,2026-06-30,31,31-60,,151064.5,5,4,0.077212,377661.26,124518.94,0.329711,0,0,1,73,13,47,false,false
006000000000685AAA,2026-06-30,285,181-365,285,,3,3,0.094351,468861.29,165036.84,0.351995,119,2,1,,,,false,false
006000000000686AAA,2026-06-30,184,181-365,184,,4,2,0.060238,1523664.43,477888.11,0.313644,0,0,1,,,,false,false
006000000000687AAA,2026-06-30,75,61-90,,397384.07,2,2,0.076301,662306.78,212106.44,0.320254,0,0,0.595284,73,14,68,false,false
006000000000688AAA,2026-06-30,85,61-90,,603558.59,1,1,0.069002,754448.24,295606.08,0.391818,0,0,1,82,11,89,false,true
006000000000689AAA,2026-06-30,170,91-180,170,,5,4,0.061742,189685.9,65255.75,0.34402,0,0,0.583282,,,,false,false
006000000000690AAA,2026-06-30,143,91-180,143,,5,5,0.066701,215353.32,71332.96,0.331237,0,0,1,,,,false,false
006000000000691AAA,2026-06-30,207,181-365,207,,2,2,0.066578,163022.79,62308.48,0.382207,0,0,0.447416,,,,false,false
006000000000692AAA,2026-06-30,877,365+,,1039193.53,3,2,0.069947,1298991.91,439239.77,0.338139,835,0,0.747478,49,59,49,false,false
006000000000693AAA,2026-06-30,145,91-180,145,,2,2,0.075247,675875.55,198378.74,0.293514,0,0,1,,,,false,false
006000000000694AAA,2026-06-30,150,91-180,150,,3,3,0.084551,842184.08,268214.73,0.318475,0,0,0.780306,,,,false,false
006000000000695AAA,2026-06-30,139,91-180,,469547.67,3,3,0.094728,586934.59,174304.62,0.296975,32,2,1,75,22,86,false,false
006000000000696AAA,2026-06-30,139,91-180,,195913.55,3,2,0.062916,326522.58,103716.89,0.317641,0,0,1,70,18,68,false,false
006000000000697AAA,2026-06-30,143,91-180,,62836.56,2,2,0.075703,628365.55,237933.64,0.378655,116,1,1,47,43,19,false,false
006000000000698AAA,2026-06-30,147,91-180,147,,2,2,0.081898,198267.74,59372.32,0.299455,0,0,1,,,,false,false
006000000000699AAA,2026-06-30,157,91-180,157,,2,2,0.047355,844100.25,254865.25,0.301937,0,0,0.403373,,,,false,false
006000000000700AAA,2026-06-30,125,91-180,125,,1,1,0.090808,693458.3,225831.95,0.32566,0,0,0,,,,false,false
006000000000701AAA,2026-06-30,92,91-180,,966301.27,4,4,0.069519,1610502.11,555504.82,0.344926,0,0,0.722908,79,14,68,false,false
006000000000702AAA,2026-06-30,100,91-180,,1300024.08,4,4,0.038918,1625030.1,602848.86,0.370977,0,0,0.778525,87,11,89,false,false
006000000000703AAA,2026-06-30,136,91-180,136,,5,3,0.053507,529193.61,177195.23,0.33484,0,0,1,,,,false,false
006000000000704AAA,2026-06-30,207,181-365,207,,3,3,0.075411,1047107.21,343354.39,0.327908,58,2,0.704076,,,,false,false
006000000000705AAA,2026-06-30,203,181-365,203,,3,2,0.077626,376880.73,123737.1,0.328319,0,0,0.62102,,,,false,false
006000000000706AAA,2026-06-30,65,61-90,65,,3,3,0.066263,913191.92,314758.87,0.34468,0,0,0.738214,,,,false,false
006000000000707AAA,2026-06-30,88,61-90,,278924.03,2,2,0.056766,697310.08,250009.4,0.358534,85,2,0,61,28,39,false,false
006000000000708AAA,2026-06-30,98,91-180,,253019.48,3,3,0.083074,632548.7,202921.28,0.320799,0,0,1,67,19,47,false,false
006000000000709AAA,2026-06-30,51,31-60,51,,3,3,0.045204,553912.75,202277.8,0.36518,0,0,1,,,,false,false
006000000000710AAA,2026-06-30,106,91-180,106,,4,3,0.074678,1090684.16,369495.1,0.338774,0,0,1,,,,false,false
006000000000711AAA,2026-06-30,676,365+,,101976.75,2,2,0.103419,254941.88,78903.04,0.309494,770,0,1,33,68,27,true,false
006000000000712AAA,2026-06-30,93,91-180,,178398.94,2,2,0.096434,222998.67,74754.6,0.335224,0,0,1,80,14,89,false,false
006000000000713AAA,2026-06-30,94,91-180,,302311.97,1,1,0.061511,377889.96,127369.62,0.337055,0,0,1,78,11,89,false,true
006000000000714AAA,2026-06-30,106,91-180,,138808.86,2,2,0.082966,347022.14,102240.22,0.294622,0,0,1,63,20,47,false,false
006000000000715AAA,2026-06-30,169,91-180,169,,4,4,0.058039,910683.12,317005.29,0.348096,0,0,1,,,,false,false
006000000000716AAA,2026-06-30,157,91-180,157,,2,2,0.075708,858446.3,288390.68,0.335945,0,0,1,,,,false,false
006000000000717AAA,2026-06-30,228,181-365,228,,2,2,0.089789,909394.08,240101.84,0.264024,0,0,1,,,,false,false
006000000000718AAA,2026-06-30,129,91-180,,438104.84,3,3,0.06969,1095262.11,395704.12,0.361287,0,0,1,69,21,47,false,false
006000000000719AAA,2026-06-30,179,91-180,179,,3,2,0.063208,171994.25,59235.29,0.344403,0,0,0.603026,,,,false,false
006000000000720AAA,2026-06-30,33,31-60,,1239302.52,1,1,0.01438,2065504.2,748842.36,0.362547,0,0,1,75,9,68,false,true
006000000000721AAA,2026-06-30,217,181-365,,334115.32,2,1,0.08373,556858.87,126331.41,0.226864,213,0,0.491277,43,55,38,false,true
006000000000722AAA,2026-06-30,154,91-180,154,,4,3,0.054262,464533.79,146204.67,0.314734,0,0,0.698446,,,,false,false
006000000000723AAA,2026-06-30,115,91-180,115,,4,2,0.06224,194496.92,62776.85,0.322765,0,0,1,,,,false,false
006000000000724AAA,2026-06-30,158,91-180,158,,1,1,0.118195,1317309.56,381546.4,0.289641,0,0,0,,,,false,false
006000000000725AAA,2026-06-30,164,91-180,,1405057.27,4,4,0.062985,2341762.12,799249.36,0.341303,0,0,0.210864,76,20,68,false,false
006000000000726AAA,2026-06-30,250,181-365,250,,4,2,0.040058,270264.04,97509.47,0.360793,0,0,0.77347,,,,false,false
006000000000727AAA,2026-06-30,198,181-365,,255404.08,3,3,0.060774,425673.47,147593.62,0.34673,214,0,1,57,47,38,false,false
006000000000728AAA,2026-06-30,201,181-365,201,,1,1,0.028886,456613.6,186418.24,0.408263,0,0,1,,,,false,false
006000000000729AAA,2026-06-30,153,91-180,153,,3,3,0.065528,2038083.82,706833.82,0.346813,0,0,1,,,,false,false
006000000000730AAA,2026-06-30,161,91-180,161,,1,1,0.09379,1611976.14,455903.26,0.282823,0,0,1,,,,false,false
006000000000731AAA,2026-06-30,55,31-60,,406459.26,2,2,0.113967,2032296.31,529025.83,0.260309,0,0,1,55,23,36,false,false
006000000000732AAA,2026-06-30,178,91-180,,126408.37,4,3,0.067949,158010.46,52280.55,0.330868,29,2,1,76,22,86,false,false
006000000000733AAA,2026-06-30,114,91-180,114,,2,2,0.068774,537346.06,171131.11,0.318475,0,0,1,,,,false,false
006000000000734AAA,2026-06-30,146,91-180,146,,1,1,0.039221,1203321.3,368668.4,0.306376,0,0,1,,,,false,false
006000000000735AAA,2026-06-30,133,91-180,133,,1,1,0.071188,629253.25,242728.75,0.385741,0,0,1,,,,false,false
006000000000736AAA,2026-06-30,104,91-180,104,,5,4,0.055455,1367032.11,427832.76,0.312965,0,0,0.401892,,,,false,false
006000000000737AAA,2026-06-30,453,365+,,996039.18,3,2,0.080475,1245048.98,348531.92,0.279934,238,0,1,47,60,49,true,false
006000000000738AAA,2026-06-30,187,181-365,187,,3,3,0.0506,236645.02,80982.53,0.342211,0,0,0.693766,,,,false,false
006000000000739AAA,2026-06-30,246,181-365,246,,3,3,0.060208,3125193.35,1151770.32,0.368544,63,1,1,,,,false,false
006000000000740AAA,2026-06-30,75,61-90,75,,3,2,0.083025,677612.79,221874.82,0.327436,0,0,0.757472,,,,false,false
006000000000741AAA,2026-06-30,198,181-365,198,,1,1,0.080796,299822.45,76039.12,0.253614,0,0,0,,,,false,false
006000000000742AAA,2026-06-30,57,31-60,,273943.06,5,5,0.062678,456571.76,146528.75,0.320933,92,2,0.60354,71,24,59,false,false
006000000000743AAA,2026-06-30,124,91-180,,371516.99,3,2,0.078841,619194.99,159239.2,0.257171,0,0,0.270171,67,19,68,false,false
006000000000744AAA,2026-06-30,62,61-90,,247902.9,1,1,0.078097,413171.5,136182.3,0.329602,0,0,0,71,13,68,false,true
006000000000745AAA,2026-06-30,45,31-60,45,,3,3,0.060098,300961.11,100413.78,0.333644,0,0,0.754604,,,,false,false
006000000000746AAA,2026-06-30,31,31-60,,257441.36,4,3,0.073648,643603.39,211096.09,0.327991,0,0,0.549216,70,13,47,false,false
006000000000747AAA,2026-06-30,105,91-180,,717819.23,3,2,0.058474,1196365.38,354215.18,0.296076,0,0,1,70,15,68,false,false
006000000000748AAA,2026-06-30,290,181-365,290,,4,4,0.06599,2032196.12,684707.72,0.33693,82,2,1,,,,false,false
006000000000749AAA,2026-06-30,132,91-180,132,,3,2,0.054543,891728.68,300396.13,0.336869,0,0,1,,,,false,false
006000000000750AAA,2026-06-30,116,91-180,,513317.08,3,3,0.067017,1283292.71,402030.18,0.31328,0,0,0.786033,66,19,47,false,false
006000000000751AAA,2026-06-30,191,181-365,191,,3,3,0.066541,459182.47,145191.06,0.316195,0,0,0.654757,,,,false,false
006000000000752AAA,2026-06-30,605,365+,,163248.83,4,4,0.049061,272081.38,94624.95,0.347782,492,1,0.746211,48,61,38,true,false
006000000000753AAA,2026-06-30,16,0-30,,35885.99,4,2,0.074717,179429.93,49684.28,0.276901,112,1,0.508868,49,30,25,false,false
006000000000754AAA,2026-06-30,126,91-180,126,,4,4,0.045969,455037.36,153488.35,0.337309,0,0,0.795768,,,,false,false
006000000000755AAA,2026-06-30,49,31-60,,244207.15,1,1,0.096812,610517.88,158535.36,0.259674,40,2,1,57,23,43,false,true
006000000000756AAA,2026-06-30,109,91-180,109,,4,4,0.050907,1827891.23,597053.71,0.326635,0,0,0,,,,false,false
006000000000757AAA,2026-06-30,62,61-90,62,,4,4,0.038512,1222447.03,428812.23,0.350782,0,0,0.440981,,,,false,false
006000000000758AAA,2026-06-30,78,61-90,78,,2,2,0.037834,1232079.63,350400.29,0.284397,0,0,0,,,,false,false
006000000000759AAA,2026-06-30,154,91-180,154,,5,5,0.049266,893730.52,308001.76,0.344625,0,0,0.627617,,,,false,false
006000000000760AAA,2026-06-30,336,181-365,,248938.65,2,1,0.051226,414897.75,145976.11,0.351836,264,0,0.463709,47,59,38,false,true
006000000000761AAA,2026-06-30,160,91-180,160,,2,2,0.087513,238238.21,60453.76,0.253753,0,0,1,,,,false,false
006000000000762AAA,2026-06-30,110,91-180,,364599.6,1,1,0.076998,455749.5,123786.5,0.271611,0,0,1,73,14,89,false,true
006000000000763AAA,2026-06-30,106,91-180,,560791.76,5,3,0.07397,700989.7,235026.03,0.335277,0,0,0.830852,82,13,89,false,false
006000000000764AAA,2026-06-30,97,91-180,,306998.38,2,2,0.09705,767495.96,220911.34,0.287834,0,0,1,63,20,47,false,false
006000000000765AAA,2026-06-30,221,181-365,,357061.89,2,2,0.083475,892654.72,302448.48,0.338819,171,0,0.549168,47,53,30,false,false
006000000000766AAA,2026-06-30,193,181-365,193,,1,1,0.062386,1248523.2,364046.4,0.291582,0,0,0,,,,false,false
006000000000767AAA,2026-06-30,184,181-365,184,,4,3,0.088143,758133.59,224005.58,0.29547,73,2,0.59227,,,,false,false
006000000000768AAA,2026-06-30,53,31-60,,134000.06,1,1,0.100884,335000.16,84648.96,0.252683,30,2,1,57,23,44,false,true
006000000000769AAA,2026-06-30,905,365+,,83976.19,2,2,0.058707,209940.48,57877.29,0.275684,952,0,0.644461,31,64,27,true,false
006000000000770AAA,2026-06-30,166,91-180,,246810.04,3,2,0.060802,411350.07,102873.24,0.250087,0,0,1,64,22,68,false,false
006000000000771AAA,2026-06-30,172,91-180,,298571.96,5,4,0.082262,497619.94,161664.34,0.324875,0,0,0.630748,74,22,68,false,false
006000000000772AAA,2026-06-30,226,181-365,,669046.8,3,3,0.048817,1115078,399447.78,0.358224,77,0,0.686658,65,35,60,false,false
006000000000773AAA,2026-06-30,1140,365+,,324380.61,5,5,0.050251,540634.35,194774.49,0.36027,1042,0,0.23655,48,61,38,true,false
006000000000774AAA,2026-06-30,133,91-180,,661953.14,4,3,0.073536,3309765.7,960910.57,0.290326,103,2,0.696107,48,39,26,false,false
006000000000775AAA,2026-06-30,52,31-60,52,,4,4,0.055741,622505.52,246947.17,0.396699,0,0,1,,,,false,false
006000000000776AAA,2026-06-30,90,61-90,90,,1,1,0.068501,333346.32,88784.1,0.266342,0,0,0,,,,false,false
006000000000777AAA,2026-06-30,167,91-180,,520374,4,4,0.065981,650467.5,237969.96,0.365845,32,1,1,81,22,86,false,false
006000000000778AAA,2026-06-30,183,181-365,183,,5,3,0.067628,125535.3,42787.89,0.340843,0,0,0.623376,,,,false,false
006000000000779AAA,2026-06-30,97,91-180,,560779.74,2,2,0.117715,1401949.36,390761.36,0.278727,0,0,0.362926,62,23,47,false,false
006000000000780AAA,2026-06-30,961,365+,,150662.86,2,2,0.096646,251104.77,65090.76,0.259218,986,1,1,37,66,38,true,false
006000000000781AAA,2026-06-30,187,181-365,187,,3,2,0.089169,604440.27,149023.76,0.246548,69,2,0,,,,false,false
006000000000782AAA,2026-06-30,878,365+,,246266.99,3,2,0.059834,615667.48,191294.19,0.31071,805,0,1,33,64,27,true,false
006000000000783AAA,2026-06-30,257,181-365,257,,3,3,0.081729,351991.24,89360.88,0.253872,82,2,1,,,,false,false
006000000000784AAA,2026-06-30,119,91-180,119,,4,3,0.069253,878087.45,300458.7,0.342174,0,0,1,,,,false,false
006000000000785AAA,2026-06-30,110,91-180,,152309.95,3,3,0.083299,380774.87,105503.75,0.277076,0,0,1,64,20,47,false,false
006000000000786AAA,2026-06-30,127,91-180,127,,5,4,0.084614,1389939.11,383724.81,0.276073,0,0,0.627269,,,,false,false
006000000000787AAA,2026-06-30,203,181-365,203,,3,2,0.060227,1016802.67,352753.14,0.346924,0,0,0.284183,,,,false,false
006000000000788AAA,2026-06-30,702,365+,,232282.3,3,3,0.075772,387137.17,134845.08,0.348313,658,0,0.726425,45,62,38,true,false
006000000000789AAA,2026-06-30,159,91-180,159,,4,3,0.048887,1456424.6,522807.06,0.358966,57,1,1,,,,false,false
006000000000790AAA,2026-06-30,168,91-180,,643013.9,2,1,0.107744,803767.38,232803.09,0.28964,0,0,0.484999,71,21,89,false,true
006000000000791AAA,2026-06-30,122,91-180,,90659.18,3,3,0.061029,151098.63,41212.67,0.272753,120,1,1,60,33,56,false,false
006000000000792AAA,2026-06-30,187,181-365,187,,5,5,0.045017,711534.94,242927.17,0.341413,0,0,0.405573,,,,false,false
006000000000793AAA,2026-06-30,74,61-90,74,,4,2,0.064197,439192.01,134270.59,0.305722,0,0,0.559716,,,,false,false
006000000000794AAA,2026-06-30,245,181-365,245,,2,2,0.071515,611624.59,170203.84,0.278282,0,0,0,,,,false,false
006000000000795AAA,2026-06-30,308,181-365,308,,2,2,0.036788,1106066.56,331918.95,0.300089,73,1,0.590727,,,,false,false
006000000000796AAA,2026-06-30,93,91-180,93,,3,2,0.057874,231064.64,70414.26,0.304738,0,0,1,,,,false,false
006000000000797AAA,2026-06-30,170,91-180,170,,2,2,0.08758,192823.7,61683.43,0.319895,0,0,0.536124,,,,false,false
006000000000798AAA,2026-06-30,197,181-365,197,,2,2,0.074611,1483905.96,523530,0.352805,0,0,1,,,,false,false
006000000000799AAA,2026-06-30,196,181-365,196,,3,3,0.096916,221922.9,76296.66,0.343798,93,2,1,,,,false,false
006000000000800AAA,2026-06-30,125,91-180,125,,1,1,0.090407,1294845.24,397101.51,0.306679,0,0,1,,,,false,false
006000000000801AAA,2026-06-30,16,0-30,,92253.57,3,2,0.070297,922535.66,285888.29,0.309894,65,2,1,51,25,24,false,false
006000000000802AAA,2026-06-30,220,181-365,220,,5,4,0.065039,418731.38,149193.61,0.356299,0,0,1,,,,false,false
006000000000803AAA,2026-06-30,202,181-365,202,,4,3,0.051225,1262729.68,429111.97,0.339829,0,0,0.528936,,,,false,false
006000000000804AAA,2026-06-30,290,181-365,290,,2,2,0.070366,335430.13,122500.68,0.365205,98,2,0.463548,,,,false,false
006000000000805AAA,2026-06-30,115,91-180,,287567.02,4,4,0.063343,359458.78,119912.02,0.33359,0,0,1,84,13,89,false,false
006000000000806AAA,2026-06-30,129,91-180,129,,4,4,0.069336,352979.5,116652.77,0.33048,0,0,0.801085,,,,false,false
006000000000807AAA,2026-06-30,137,91-180,137,,3,2,0.096494,1050763.58,255694.88,0.243342,0,0,1,,,,false,false
006000000000808AAA,2026-06-30,191,181-365,191,,2,2,0.100803,1087773.5,296527.6,0.272601,54,1,1,,,,false,false
006000000000809AAA,2026-06-30,139,91-180,139,,4,4,0.042313,707901.32,255272.16,0.360604,0,0,0.521697,,,,false,false
006000000000810AAA,2026-06-30,119,91-180,119,,2,2,0.094579,499400.97,131045.73,0.262406,0,0,1,,,,false,false
006000000000811AAA,2026-06-30,111,91-180,111,,3,3,0.068235,589685.76,210490.71,0.356954,0,0,0.657513,,,,false,false
006000000000812AAA,2026-06-30,155,91-180,,130546.13,3,3,0.055116,217576.88,79133.07,0.363702,114,0,1,65,35,57,false,false
006000000000813AAA,2026-06-30,216,181-365,216,,1,1,0.123605,1726828.02,449938.38,0.260558,0,0,1,,,,false,false
006000000000814AAA,2026-06-30,237,181-365,237,,1,1,0.066883,1080785.6,392304.8,0.362981,0,0,1,,,,false,false
006000000000815AAA,2026-06-30,573,365+,,106557.29,5,5,0.053939,532786.47,172303.74,0.323401,587,0,1,32,67,16,true,false
006000000000816AAA,2026-06-30,65,61-90,,498016.01,5,5,0.038518,830026.68,270572.65,0.325981,0,0,0.760115,78,11,68,false,false
006000000000817AAA,2026-06-30,260,181-365,260,,2,2,0.077073,162295.5,55235.92,0.340342,42,2,0,,,,false,false
006000000000818AAA,2026-06-30,127,91-180,127,,1,1,0.088688,392483.52,129255.39,0.329327,82,1,1,,,,false,false
006000000000819AAA,2026-06-30,229,181-365,229,,2,2,0.083849,214159.14,61427.88,0.286833,83,2,1,,,,false,false
006000000000820AAA,2026-06-30,171,91-180,171,,3,3,0.082615,757925.15,245934.49,0.324484,0,0,1,,,,false,false
006000000000821AAA,2026-06-30,126,91-180,126,,2,1,0.056611,536093.28,150725.96,0.281156,0,0,1,,,,false,false
006000000000822AAA,2026-06-30,135,91-180,135,,4,4,0.074397,1102074.44,315103.05,0.285918,0,0,0.574424,,,,false,false
006000000000823AAA,2026-06-30,109,91-180,109,,2,2,0.09078,510856.22,162698.57,0.318482,0,0,1,,,,false,false
006000000000824AAA,2026-06-30,706,365+,,576653.29,3,2,0.070691,1441633.23,453246.67,0.314398,650,0,1,33,65,27,true,false
006000000000825AAA,2026-06-30,181,181-365,181,,4,2,0.080696,638948.73,177487.77,0.277781,0,0,0.476893,,,,false,false
006000000000826AAA,2026-06-30,54,31-60,,26737.95,3,2,0.100038,133689.76,35472.99,0.265338,41,1,1,52,27,32,false,false
006000000000827AAA,2026-06-30,47,31-60,,761331.59,3,2,0.06302,1268885.98,373201.84,0.294118,0,0,1,72,10,68,false,false
006000000000828AAA,2026-06-30,96,91-180,96,,4,4,0.053617,579751.62,197290.2,0.340301,0,0,0.554934,,,,false,false
006000000000829AAA,2026-06-30,239,181-365,,432008.22,4,3,0.057102,1080020.54,300496.93,0.278233,180,0,0.734588,44,54,29,false,false
006000000000830AAA,2026-06-30,204,181-365,204,,3,2,0.071023,652888.93,224056.98,0.343178,0,0,0.554021,,,,false,false
006000000000831AAA,2026-06-30,224,181-365,224,,3,3,0.071035,1976250.77,668811.85,0.338425,109,2,0.327095,,,,false,false
006000000000832AAA,2026-06-30,132,91-180,132,,3,3,0.124546,741867.73,191044.41,0.257518,0,0,0.387764,,,,false,false
006000000000833AAA,2026-06-30,273,181-365,273,,3,2,0.065643,1064079.39,365829.63,0.343799,82,2,1,,,,false,false
006000000000834AAA,2026-06-30,56,31-60,56,,3,3,0.0555,264367.34,81448.86,0.30809,0,0,1,,,,false,false
006000000000835AAA,2026-06-30,95,91-180,95,,1,1,0.059381,418598.7,183262.5,0.4378,0,0,1,,,,false,false
006000000000836AAA,2026-06-30,69,61-90,69,,4,4,0.072404,297087.03,90112.25,0.303319,0,0,0.176867,,,,false,false
006000000000837AAA,2026-06-30,320,181-365,320,,3,2,0.035651,794719.75,288118.95,0.362542,97,2,0.703466,,,,false,false
006000000000838AAA,2026-06-30,189,181-365,189,,4,3,0.065741,1098202.24,338086.81,0.307855,0,0,0.57798,,,,false,false
006000000000839AAA,2026-06-30,191,181-365,191,,4,3,0.072289,2110745.93,617787.35,0.292687,0,0,0.542549,,,,false,false
006000000000840AAA,2026-06-30,138,91-180,138,,4,4,0.038451,171600.68,65574.4,0.382134,0,0,1,,,,false,false
006000000000841AAA,2026-06-30,187,181-365,187,,4,4,0.045909,715121.27,239786.13,0.335308,46,1,0.533087,,,,false,false
006000000000842AAA,2026-06-30,180,91-180,,428836.02,3,3,0.094285,536045.02,184421.62,0.344041,25,1,0.788088,77,25,87,false,false
006000000000843AAA,2026-06-30,67,61-90,,447379.62,2,2,0.087003,745632.7,223690.14,0.3,0,0,0.413423,72,14,68,false,false
006000000000844AAA,2026-06-30,193,181-365,193,,3,3,0.076798,1155678.69,362007.99,0.313243,0,0,1,,,,false,false
006000000000845AAA,2026-06-30,108,91-180,,396856.42,2,1,0.068403,661427.36,218641.04,0.330559,0,0,0.410261,70,16,68,false,true
006000000000846AAA,2026-06-30,94,91-180,94,,2,2,0.070702,302486.49,121463.35,0.40155,0,0,1,,,,false,false
006000000000847AAA,2026-06-30,196,181-365,196,,1,1,0.038497,1095679.52,323159.2,0.29494,0,0,1,,,,false,false
006000000000848AAA,2026-06-30,208,181-365,208,,4,4,0.10054,2716213.51,876993.2,0.322873,0,0,0.301119,,,,false,false
006000000000849AAA,2026-06-30,716,365+,,46920.51,4,3,0.0866,234602.56,69742.01,0.297277,767,0,0.52949,28,70,16,true,false
006000000000850AAA,2026-06-30,536,365+,,48129.84,3,2,0.079746,240649.21,73842.03,0.306845,444,0,1,26,69,16,true,false
006000000000851AAA,2026-06-30,154,91-180,154,,2,1,0.075473,794218.85,250389.31,0.315265,0,0,0,,,,false,false
006000000000852AAA,2026-06-30,146,91-180,146,,4,4,0.054947,474104.98,154811.13,0.326533,0,0,0.240463,,,,false,false
006000000000853AAA,2026-06-30,134,91-180,134,,2,2,0.06911,669468.91,242246.54,0.361849,0,0,0.595267,,,,false,false
006000000000854AAA,2026-06-30,61,61-90,,359588.18,4,3,0.081266,898970.45,287752.34,0.320091,0,0,1,69,16,47,false,false
006000000000855AAA,2026-06-30,52,31-60,,73360.81,2,2,0.075871,122268.01,50965.03,0.41683,0,0,1,79,12,68,false,false
006000000000856AAA,2026-06-30,139,91-180,,725269.62,3,3,0.064354,906587.03,306658.77,0.338256,0,0,0.697009,81,15,89,false,false
006000000000857AAA,2026-06-30,90,61-90,,571967.49,1,1,0.122093,953279.15,264808.65,0.277787,65,2,0,61,28,62,false,true
006000000000858AAA,2026-06-30,97,91-180,97,,2,2,0.083074,269500.65,90765,0.33679,0,0,0.514706,,,,false,false
006000000000859AAA,2026-06-30,249,181-365,249,,1,1,0.061587,2279701.5,760378.5,0.333543,0,0,1,,,,false,false
006000000000860AAA,2026-06-30,59,31-60,,1023735.46,2,1,0.08099,1706225.77,447174.01,0.262084,0,0,1,67,14,68,false,true
006000000000861AAA,2026-06-30,159,91-180,159,,3,2,0.090823,777401.82,244786.62,0.314878,0,0,0,,,,false,false
006000000000862AAA,2026-06-30,153,91-180,153,,3,3,0.078081,680769.81,212397.47,0.311996,0,0,1,,,,false,false
006000000000863AAA,2026-06-30,101,91-180,101,,2,2,0.09817,241040.1,76432.51,0.317095,0,0,1,,,,false,false
006000000000864AAA,2026-06-30,446,365+,,294880.47,3,2,0.064691,1474402.34,484587.31,0.328667,533,2,1,29,67,16,true,false
006000000000865AAA,2026-06-30,64,61-90,64,,3,3,0.055749,249988.53,79799.54,0.319213,0,0,0.243085,,,,false,false
006000000000866AAA,2026-06-30,305,181-365,305,,2,2,0.055707,270732.32,87182.1,0.322023,84,1,1,,,,false,false
006000000000867AAA,2026-06-30,154,91-180,154,,4,3,0.083461,387034.41,107855.67,0.278672,0,0,0.573195,,,,false,false
006000000000868AAA,2026-06-30,148,91-180,148,,5,5,0.050182,194977.41,69787.94,0.357928,0,0,0.837707,,,,false,false
006000000000869AAA,2026-06-30,132,91-180,132,,3,3,0.07524,359390.76,117908.29,0.328078,0,0,0.234904,,,,false,false
006000000000870AAA,2026-06-30,281,181-365,,315358.43,3,3,0.07528,394198.04,105586.63,0.267852,113,1,1,61,44,78,false,false
006000000000871AAA,2026-06-30,120,91-180,120,,5,3,0.051904,299573.08,98852.52,0.329978,0,0,1,,,,false,false
006000000000872AAA,2026-06-30,163,91-180,163,,3,3,0.053527,192975.96,69670.93,0.361034,0,0,0.365306,,,,false,false
006000000000873AAA,2026-06-30,116,91-180,,81299.16,3,3,0.078567,203247.89,66369.78,0.326546,46,1,0.645047,63,27,42,false,false
006000000000874AAA,2026-06-30,212,181-365,212,,2,2,0.058834,1107556.9,366836.86,0.331213,0,0,0.395576,,,,false,false
006000000000875AAA,2026-06-30,178,91-180,178,,3,2,0.044764,429022.58,145642.98,0.339476,0,0,0,,,,false,false
006000000000876AAA,2026-06-30,174,91-180,174,,4,4,0.090261,1015850.78,278538.67,0.274193,0,0,1,,,,false,false
006000000000877AAA,2026-06-30,198,181-365,198,,4,3,0.052264,188624.99,56242.77,0.298172,0,0,0.470541,,,,false,false
006000000000878AAA,2026-06-30,316,181-365,316,,3,3,0.06138,440512.58,132737.34,0.301325,44,1,1,,,,false,false
006000000000879AAA,2026-06-30,91,91-180,91,,3,2,0.057444,645717.71,209684.19,0.32473,0,0,0.72585,,,,false,false
006000000000880AAA,2026-06-30,169,91-180,169,,3,2,0.092372,319939.19,100758.48,0.31493,0,0,1,,,,false,false
006000000000881AAA,2026-06-30,135,91-180,135,,3,2,0.052859,73886.52,22693.35,0.307138,0,0,1,,,,false,false
006000000000882AAA,2026-06-30,87,61-90,87,,5,5,0.061137,609800.68,222585.74,0.365014,0,0,0.348543,,,,false,false
006000000000883AAA,2026-06-30,744,365+,,443974.75,3,2,0.080913,554968.44,182079.99,0.328091,683,0,1,48,60,49,true,false
006000000000884AAA,2026-06-30,200,181-365,200,,3,2,0.070174,554545.14,192152.72,0.346505,0,0,1,,,,false,false
006000000000885AAA,2026-06-30,136,91-180,136,,3,3,0.063092,444199.71,134601.08,0.303019,0,0,0.704393,,,,false,false
006000000000886AAA,2026-06-30,1097,365+,,200827.11,3,3,0.093671,502067.77,149570.72,0.297909,1204,0,0.229697,35,67,27,true,false
006000000000887AAA,2026-06-30,60,31-60,,661570.01,3,3,0.091568,826962.51,272231.88,0.329195,0,0,0.62199,83,11,89,false,false
006000000000888AAA,2026-06-30,133,91-180,133,,2,2,0.05699,254258.79,62843.07,0.247162,0,0,1,,,,false,false
006000000000889AAA,2026-06-30,175,91-180,175,,3,2,0.087931,1051438.74,274759.84,0.261318,0,0,1,,,,false,false
006000000000890AAA,2026-06-30,108,91-180,108,,4,4,0.043063,1437373.34,507456,0.353044,0,0,1,,,,false,false
006000000000891AAA,2026-06-30,152,91-180,152,,4,3,0.086095,220939.14,72098.49,0.326327,0,0,1,,,,false,false
006000000000892AAA,2026-06-30,371,365+,371,,3,3,0.0917,1046167.25,292526.58,0.279617,115,1,1,,,,false,false
006000000000893AAA,2026-06-30,147,91-180,,168610.72,3,3,0.070853,281017.86,93809.58,0.333821,70,0,1,67,29,61,false,false
006000000000894AAA,2026-06-30,172,91-180,,217557.09,4,3,0.080883,362595.15,105140.44,0.289966,44,0,0.763729,66,28,64,false,false
006000000000895AAA,2026-06-30,254,181-365,254,,1,1,0.053705,1311146.39,452140.09,0.344843,0,0,0,,,,false,false
006000000000896AAA,2026-06-30,114,91-180,114,,3,3,0.076742,1435979.07,459360.25,0.319893,0,0,1,,,,false,false
006000000000897AAA,2026-06-30,205,181-365,205,,4,4,0.056132,959744.31,329107.08,0.342911,0,0,0.706992,,,,false,false
006000000000898AAA,2026-06-30,164,91-180,164,,4,4,0.044134,554430.52,217342.63,0.392011,0,0,0.753409,,,,false,false
006000000000899AAA,2026-06-30,109,91-180,,459828.36,1,1,0.082216,766380.6,256352.85,0.334498,0,0,1,70,17,68,false,true
006000000000900AAA,2026-06-30,128,91-180,128,,3,3,0.09689,2682977.65,804974.22,0.30003,0,0,1,,,,false,false
006000000000901AAA,2026-06-30,75,61-90,75,,4,4,0.064236,1160034,356350.2,0.307189,0,0,1,,,,false,false
006000000000902AAA,2026-06-30,286,181-365,,517723.92,1,1,0.023724,862873.2,324308.16,0.375847,337,0,1,50,55,38,false,true
006000000000903AAA,2026-06-30,228,181-365,228,,2,2,0.069406,789488.26,230872.94,0.292434,0,0,1,,,,false,false
006000000000904AAA,2026-06-30,135,91-180,135,,3,2,0.082372,677098.62,215951.64,0.318937,0,0,0,,,,false,false
006000000000905AAA,2026-06-30,715,365+,,965998.66,2,2,0.106287,2414996.64,639993.67,0.265008,656,0,1,30,69,27,true,false
006000000000906AAA,2026-06-30,123,91-180,,128888.72,4,4,0.064265,214814.53,83849.09,0.390332,0,0,1,80,17,68,false,false
006000000000907AAA,2026-06-30,543,365+,,1145648.88,3,2,0.092691,1432061.1,357665.55,0.249756,341,2,1,43,63,49,true,false
006000000000908AAA,2026-06-30,175,91-180,175,,2,2,0.044031,322660.75,105800.57,0.3279,0,0,1,,,,false,false
006000000000909AAA,2026-06-30,432,365+,,201458.84,2,2,0.083872,335764.74,86255.05,0.256891,358,0,1,39,65,38,true,false
006000000000910AAA,2026-06-30,53,31-60,53,,3,2,0.078617,475750.2,154324.2,0.324381,0,0,0.32553,,,,false,false
006000000000911AAA,2026-06-30,273,181-365,,480788.78,3,2,0.065489,600985.97,211446.95,0.351833,167,0,1,60,49,62,false,false
006000000000912AAA,2026-06-30,188,181-365,188,,1,1,0.082295,661271.85,205898.76,0.311368,0,0,1,,,,false,false
006000000000913AAA,2026-06-30,65,61-90,,588192.9,2,2,0.085374,980321.5,322602.61,0.329078,0,0,1,74,14,68,false,false
006000000000914AAA,2026-06-30,50,31-60,50,,3,3,0.04914,1785302.69,606668.99,0.339813,0,0,1,,,,false,false
006000000000915AAA,2026-06-30,169,91-180,169,,3,2,0.081378,463529.46,144743.74,0.312264,0,0,1,,,,false,false
006000000000916AAA,2026-06-30,200,181-365,200,,4,2,0.0799,1917235.85,516020.73,0.269148,0,0,0.238271,,,,false,false
006000000000917AAA,2026-06-30,1088,365+,,1080505.4,5,2,0.092955,1800842.34,489206.79,0.271654,1094,0,0.186301,37,65,38,true,false
006000000000918AAA,2026-06-30,294,181-365,294,,2,2,0.091947,781909.72,284033.97,0.363257,100,1,1,,,,false,false
006000000000919AAA,2026-06-30,1047,365+,,174011.64,4,4,0.057215,435029.1,135981.47,0.31258,960,1,0.196122,38,64,27,true,false
006000000000920AAA,2026-06-30,161,91-180,161,,3,2,0.090331,1264318.73,390346.96,0.308741,0,0,1,,,,false,false
006000000000921AAA,2026-06-30,54,31-60,,137415.23,4,4,0.070777,343538.08,113161.37,0.3294,0,0,1,72,14,47,false,false
006000000000922AAA,2026-06-30,65,61-90,,22467.8,2,2,0.108781,224678.02,71397.55,0.317777,88,2,0,48,36,22,false,false
006000000000923AAA,2026-06-30,858,365+,,75822.59,1,1,0.118604,758225.94,268369.6,0.353944,912,0,0,23,74,11,true,true
006000000000924AAA,2026-06-30,118,91-180,118,,3,3,0.102529,303075.54,87838.76,0.289825,0,0,1,,,,false,false
006000000000925AAA,2026-06-30,256,181-365,,253785.89,4,2,0.086492,317232.36,95057.18,0.299645,51,1,0.742836,67,34,84,false,false
006000000000926AAA,2026-06-30,186,181-365,186,,2,2,0.076464,247548.28,68716.75,0.277589,0,0,1,,,,false,false
006000000000927AAA,2026-06-30,250,181-365,250,,2,2,0.093446,410755.23,142062.93,0.345858,0,0,1,,,,false,false
006000000000928AAA,2026-06-30,101,91-180,101,,2,2,0.034419,1408018.17,471653.22,0.334977,0,0,1,,,,false,false
006000000000929AAA,2026-06-30,117,91-180,117,,2,1,0.07581,769988.4,246313.2,0.319892,0,0,1,,,,false,false
006000000000930AAA,2026-06-30,110,91-180,110,,1,1,0.040707,833157.12,329744,0.395776,0,0,0,,,,false,false
006000000000931AAA,2026-06-30,17,0-30,,228815.83,4,3,0.059266,286019.79,87193.04,0.30485,0,0,1,83,4,89,false,false
006000000000932AAA,2026-06-30,237,181-365,237,,3,2,0.095655,788000.57,221186.23,0.280693,0,0,0.3427,,,,false,false
006000000000933AAA,2026-06-30,173,91-180,173,,2,2,0.067159,750770.21,213913.53,0.284925,0,0,0.431261,,,,false,false
006000000000934AAA,2026-06-30,142,91-180,142,,1,1,0.020304,310598.32,99197.47,0.319375,0,0,0,,,,false,false
006000000000935AAA,2026-06-30,134,91-180,134,,5,3,0.067411,673446.91,232554.24,0.345319,0,0,0.639116,,,,false,false
006000000000936AAA,2026-06-30,650,365+,,313580.32,2,2,0.055268,522633.86,154545.97,0.295706,646,0,1,39,61,38,true,false
006000000000937AAA,2026-06-30,101,91-180,101,,3,3,0.059056,357189.37,125000.06,0.349955,0,0,1,,,,false,false
006000000000938AAA,2026-06-30,155,91-180,,1071367.9,3,3,0.094963,1339209.87,452411.49,0.33782,88,1,0,73,31,80,false,false
006000000000939AAA,2026-06-30,123,91-180,123,,5,4,0.066325,1510044.31,450462.62,0.298311,0,0,0.345379,,,,false,false
006000000000940AAA,2026-06-30,103,91-180,103,,1,1,0.065202,272456.82,76820.58,0.281955,0,0,1,,,,false,false
006000000000941AAA,2026-06-30,900,365+,,120757.18,2,2,0.055334,301892.96,114547.65,0.379431,995,0,0.558584,38,64,27,true,false
006000000000942AAA,2026-06-30,193,181-365,193,,1,1,0.060892,1263267.5,440671.7,0.348835,62,1,1,,,,false,false
006000000000943AAA,2026-06-30,58,31-60,,148986.15,2,1,0.032645,744930.76,274982.7,0.369139,0,0,0.615775,60,17,36,false,true
006000000000944AAA,2026-06-30,190,181-365,190,,2,2,0.07143,811598.44,248511.24,0.3062,0,0,1,,,,false,false
006000000000945AAA,2026-06-30,132,91-180,132,,3,3,0.06714,740427.24,213931.66,0.28893,0,0,0.27536,,,,false,false
006000000000946AAA,2026-06-30,146,91-180,,776915.5,5,4,0.087483,1294859.16,444743.99,0.343469,0,0,1,76,21,68,false,false
006000000000947AAA,2026-06-30,150,91-180,150,,4,3,0.083143,231382.62,71059.33,0.307107,0,0,0.714461,,,,false,false
006000000000948AAA,2026-06-30,201,181-365,,846867.46,4,4,0.074058,1411445.76,496786.23,0.35197,67,1,0.71077,69,33,61,false,false
006000000000949AAA,2026-06-30,164,91-180,164,,3,2,0.080009,282953.97,82947.99,0.29315,0,0,0.382681,,,,false,false
006000000000950AAA,2026-06-30,123,91-180,123,,5,5,0.034653,411222.31,145518.22,0.353868,0,0,0.347606,,,,false,false
006000000000951AAA,2026-06-30,210,181-365,210,,3,2,0.066835,241831.28,71673.25,0.296377,62,1,1,,,,false,false
006000000000952AAA,2026-06-30,102,91-180,102,,5,5,0.057364,2116357.7,687381.33,0.324794,0,0,0.796599,,,,false,false
006000000000953AAA,2026-06-30,139,91-180,139,,3,3,0.082897,1632376.75,537163.44,0.329068,0,0,1,,,,false,false
006000000000954AAA,2026-06-30,183,181-365,183,,2,2,0.057187,245306.1,82641.06,0.33689,0,0,1,,,,false,false
006000000000955AAA,2026-06-30,28,0-30,,286424.44,4,2,0.063889,477374.06,129226.82,0.270703,0,0,0.471768,71,9,68,false,false
006000000000956AAA,2026-06-30,632,365+,,218854.54,4,3,0.051734,364757.57,118389.09,0.324569,532,0,1,43,61,38,true,false
006000000000957AAA,2026-06-30,433,365+,,144622.28,2,1,0.042761,241037.14,71947.03,0.298489,352,0,1,39,61,38,true,true
006000000000958AAA,2026-06-30,47,31-60,47,,2,1,0.081701,130328.62,41485.77,0.318317,0,0,0,,,,false,false
006000000000959AAA,2026-06-30,193,181-365,193,,3,2,0.050987,111094.68,39021.9,0.351249,0,0,0.255388,,,,false,false
006000000000960AAA,2026-06-30,97,91-180,97,,4,2,0.091804,1135576.91,318901.96,0.280828,0,0,0.743699,,,,false,false
006000000000961AAA,2026-06-30,534,365+,,468227.28,4,4,0.080674,1170568.2,426888.52,0.364685,521,0,1,42,66,27,true,false
006000000000962AAA,2026-06-30,642,365+,,246963.58,3,3,0.065721,617408.94,218841.87,0.354452,698,0,1,38,65,27,true,false
006000000000963AAA,2026-06-30,137,91-180,137,,4,4,0.060102,483788.61,181573.32,0.375315,0,0,1,,,,false,false
006000000000964AAA,2026-06-30,228,181-365,228,,2,1,0.04672,955980.92,362632.25,0.37933,0,0,1,,,,false,false
006000000000965AAA,2026-06-30,216,181-365,216,,4,2,0.045916,256807.2,83133.49,0.323719,0,0,0.209701,,,,false,false
006000000000966AAA,2026-06-30,140,91-180,140,,3,2,0.077684,1192145.69,313705.87,0.263144,0,0,0.625461,,,,false,false
006000000000967AAA,2026-06-30,166,91-180,166,,2,1,0.067961,333777.33,102298.33,0.306487,0,0,1,,,,false,false
006000000000968AAA,2026-06-30,96,91-180,96,,4,3,0.054444,391634.31,120622.93,0.307999,0,0,0.432339,,,,false,false
006000000000969AAA,2026-06-30,81,61-90,,325335.06,5,5,0.06396,542225.1,175781.45,0.324185,0,0,1,78,13,68,false,false
006000000000970AAA,2026-06-30,114,91-180,114,,2,2,0.078506,784567.65,204374.16,0.260493,0,0,1,,,,false,false
006000000000971AAA,2026-06-30,298,181-365,,815999.78,4,3,0.068361,1359999.64,420008.56,0.30883,191,0,1,51,56,39,false,false
006000000000972AAA,2026-06-30,184,181-365,184,,3,3,0.081107,804416.93,240006.52,0.298361,0,0,1,,,,false,false
006000000000973AAA,2026-06-30,738,365+,,387052.32,2,2,0.044528,645087.2,255937.08,0.396748,667,0,0.457181,46,61,38,true,false
006000000000974AAA,2026-06-30,175,91-180,175,,1,1,0.093805,236424.6,87080.04,0.368321,0,0,1,,,,false,false
006000000000975AAA,2026-06-30,55,31-60,55,,2,2,0.084027,879614.26,239292.78,0.272043,0,0,1,,,,false,false
006000000000976AAA,2026-06-30,126,91-180,126,,1,1,0.095609,1292544.66,437398.72,0.338401,0,0,1,,,,false,false
006000000000977AAA,2026-06-30,158,91-180,158,,3,3,0.053321,629583,235261,0.373677,0,0,0.645678,,,,false,false
006000000000978AAA,2026-06-30,89,61-90,89,,3,2,0.058902,297836.22,94758.87,0.318158,0,0,0.696022,,,,false,false
006000000000979AAA,2026-06-30,155,91-180,155,,3,2,0.059319,683729.92,234544.33,0.343037,0,0,0.664831,,,,false,false
006000000000980AAA,2026-06-30,169,91-180,169,,1,1,0.018799,1339327.44,533126.88,0.398056,0,0,1,,,,false,false
006000000000981AAA,2026-06-30,137,91-180,137,,4,4,0.051105,871828.45,289221.49,0.331741,0,0,1,,,,false,false
006000000000982AAA,2026-06-30,116,91-180,116,,4,3,0.074537,552616.51,163035.72,0.295025,0,0,1,,,,false,false
006000000000983AAA,2026-06-30,119,91-180,119,,4,2,0.062451,1199641.23,381748.16,0.318219,0,0,0.700139,,,,false,false
006000000000984AAA,2026-06-30,171,91-180,171,,4,3,0.062297,943738.77,323648.89,0.342943,0,0,1,,,,false,false
006000000000985AAA,2026-06-30,134,91-180,134,,4,4,0.052135,1567569.31,569456.97,0.363274,0,0,0.248559,,,,false,false
006000000000986AAA,2026-06-30,175,91-180,175,,3,3,0.06706,1218849.99,396290.78,0.325135,0,0,1,,,,false,false
006000000000987AAA,2026-06-30,107,91-180,,245918.06,2,1,0.065282,614795.15,192407.95,0.312963,0,0,1,61,18,47,false,true
006000000000988AAA,2026-06-30,113,91-180,113,,3,3,0.073059,585972.31,153984.08,0.262784,0,0,0.315324,,,,false,false
006000000000989AAA,2026-06-30,182,181-365,182,,5,4,0.056574,614645.11,207684.78,0.337894,0,0,0.778057,,,,false,false
006000000000990AAA,2026-06-30,250,181-365,250,,3,1,0.086221,566284.75,194158.42,0.342864,69,2,1,,,,false,false
006000000000991AAA,2026-06-30,157,91-180,157,,3,2,0.089637,863020.55,305615.34,0.354123,58,2,0.347214,,,,false,false
006000000000992AAA,2026-06-30,109,91-180,109,,4,4,0.066344,528425.36,191306.36,0.362031,0,0,1,,,,false,false
006000000000993AAA,2026-06-30,124,91-180,124,,3,3,0.054535,183315.52,52296.08,0.285279,0,0,0.705495,,,,false,false
006000000000994AAA,2026-06-30,183,181-365,183,,3,3,0.096411,2059572.72,560700.55,0.272241,0,0,1,,,,false,false
006000000000995AAA,2026-06-30,92,91-180,,155643.79,2,2,0.101029,259406.32,73062.9,0.281654,0,0,0.56876,69,17,68,false,false
006000000000996AAA,2026-06-30,112,91-180,,118538.24,3,2,0.092934,197563.74,59141.83,0.299356,0,0,0.376119,70,18,68,false,false
006000000000997AAA,2026-06-30,225,181-365,225,,4,4,0.0812,504187.58,136422,0.270578,0,0,1,,,,false,false
006000000000998AAA,2026-06-30,185,181-365,185,,4,2,0.070807,518128.83,137889.8,0.26613,0,0,1,,,,false,false
006000000000999AAA,2026-06-30,139,91-180,,201435.68,3,2,0.07004,251794.6,72437.75,0.287686,0,0,1,75,15,89,false,false
006000000001000AAA,2026-06-30,98,91-180,98,,3,3,0.090369,1033186.38,328869.01,0.318306,0,0,0.276086,,,,false,false
006000000001001AAA,2026-06-30,389,365+,,364150.3,2,1,0.073358,1820751.51,534091.03,0.293335,454,1,0,27,68,16,true,true
006000000001002AAA,2026-06-30,341,181-365,,22805.96,4,2,0.073869,228059.59,75230.83,0.329874,403,0,0.442671,30,68,11,true,false
006000000001003AAA,2026-06-30,54,31-60,,1199140.81,4,3,0.07527,2997852.02,979442.72,0.326715,0,0,1,69,15,47,false,false
006000000001004AAA,2026-06-30,37,31-60,,174749.58,3,3,0.065606,218436.98,72305.86,0.331015,0,0,1,84,7,89,false,false
006000000001005AAA,2026-06-30,151,91-180,151,,5,5,0.063174,576827.25,191157.71,0.331395,0,0,1,,,,false,false
006000000001006AAA,2026-06-30,131,91-180,131,,3,2,0.084476,237439.28,65083.08,0.274104,0,0,0.290577,,,,false,false
006000000001007AAA,2026-06-30,104,91-180,104,,4,4,0.057221,439111.3,153428.41,0.349407,0,0,0.719444,,,,false,false
006000000001008AAA,2026-06-30,54,31-60,,239187.43,3,3,0.082395,1195937.14,400583.35,0.334954,53,2,1,59,26,31,false,false
006000000001009AAA,2026-06-30,162,91-180,162,,1,1,0.063989,236516.76,77499.99,0.327672,0,0,1,,,,false,false
006000000001010AAA,2026-06-30,150,91-180,150,,4,4,0.101738,1700106.58,494603.7,0.290925,0,0,0.813199,,,,false,false
006000000001011AAA,2026-06-30,202,181-365,202,,4,2,0.069967,496167.14,154124.99,0.310631,0,0,0.453164,,,,false,false
006000000001012AAA,2026-06-30,162,91-180,,275692.99,3,3,0.035124,344616.24,107409.6,0.311679,0,0,0.643739,78,16,89,false,false
006000000001013AAA,2026-06-30,190,181-365,190,,1,1,0.091502,627456.76,203665.56,0.324589,0,0,0,,,,false,false
006000000001014AAA,2026-06-30,129,91-180,129,,4,2,0.071138,511489.83,154990.09,0.303017,0,0,1,,,,false,false
006000000001015AAA,2026-06-30,162,91-180,162,,4,3,0.069855,165353.87,56042.52,0.338925,0,0,0.565039,,,,false,false
006000000001016AAA,2026-06-30,191,181-365,191,,3,2,0.061571,266619.5,88894.39,0.333413,77,2,0.623029,,,,false,false
006000000001017AAA,2026-06-30,533,365+,,472885.87,4,4,0.061641,2364429.36,722901.51,0.30574,532,0,1,31,67,16,true,false
006000000001018AAA,2026-06-30,85,61-90,85,,2,2,0.053157,356716.47,125621.89,0.352162,0,0,1,,,,false,false
006000000001019AAA,2026-06-30,170,91-180,170,,2,2,0.088962,2045667.95,602322.13,0.294438,0,0,0.559534,,,,false,false
006000000001020AAA,2026-06-30,195,181-365,195,,2,2,0.07617,658882.2,172008.36,0.261061,53,1,1,,,,false,false
006000000001021AAA,2026-06-30,91,91-180,91,,2,1,0.096834,1416863.94,477458.16,0.336982,0,0,0.497324,,,,false,false
006000000001022AAA,2026-06-30,24,0-30,,156488.23,3,3,0.072379,260813.71,72505.03,0.277995,0,0,1,74,9,68,false,false
006000000001023AAA,2026-06-30,130,91-180,,71424.45,4,4,0.054368,178561.13,57249.13,0.320614,92,2,1,61,32,38,false,false
006000000001024AAA,2026-06-30,95,91-180,,120296.13,3,3,0.064773,300740.33,101541.16,0.337637,0,0,1,69,17,47,false,false
006000000001025AAA,2026-06-30,225,181-365,225,,3,2,0.033731,774051.78,261011.8,0.337202,0,0,1,,,,false,false
006000000001026AAA,2026-06-30,76,61-90,,124516.51,2,2,0.084375,207527.52,60402.39,0.291057,0,0,1,71,15,68,false,false
006000000001027AAA,2026-06-30,193,181-365,193,,4,3,0.072386,245832.04,73836.9,0.300355,80,1,0.705574,,,,false,false
006000000001028AAA,2026-06-30,580,365+,,376448.76,4,2,0.092503,941121.91,292619.58,0.310926,676,0,1,33,67,27,true,false
006000000001029AAA,2026-06-30,111,91-180,,1215054.71,2,2,0.012341,2025091.18,714395.5,0.352772,0,0,1,73,15,68,false,false
006000000001030AAA,2026-06-30,133,91-180,133,,3,2,0.07536,849425.46,255365.26,0.300633,0,0,1,,,,false,false
006000000001031AAA,2026-06-30,37,31-60,,660290.54,4,4,0.064,1650726.36,496786.96,0.300951,0,0,1,71,12,47,false,false
006000000001032AAA,2026-06-30,151,91-180,,466540.98,3,2,0.083235,1166352.45,392555.71,0.336567,42,1,1,60,29,43,false,false
006000000001033AAA,2026-06-30,17,0-30,,2232373.25,5,5,0.036046,3720622.08,1337319.52,0.359434,0,0,1,83,7,68,false,false
006000000001034AAA,2026-06-30,176,91-180,176,,3,3,0.057359,473968.23,164743.29,0.347583,35,1,0.67557,,,,false,false
006000000001035AAA,2026-06-30,122,91-180,122,,4,3,0.065658,261547.87,80145.56,0.306428,0,0,0.507862,,,,false,false
006000000001036AAA,2026-06-30,165,91-180,165,,3,1,0.074353,373964.56,113872.8,0.304502,32,2,1,,,,false,false
006000000001037AAA,2026-06-30,230,181-365,,320870.5,3,3,0.069516,401088.12,137736.46,0.343407,57,2,1,73,31,83,false,false
006000000001038AAA,2026-06-30,219,181-365,219,,4,3,0.082614,804332.2,251263.67,0.312388,93,2,1,,,,false,false
006000000001039AAA,2026-06-30,188,181-365,188,,4,3,0.102706,752241.5,229988.83,0.305738,0,0,0.737061,,,,false,false
006000000001040AAA,2026-06-30,173,91-180,173,,3,2,0.074803,443056.01,118247.98,0.266892,0,0,1,,,,false,false
006000000001041AAA,2026-06-30,66,61-90,66,,4,4,0.067021,1435127.48,516757.71,0.360078,0,0,0.634538,,,,false,false
006000000001042AAA,2026-06-30,160,91-180,160,,2,2,0.059648,497799.42,175063.56,0.351675,0,0,1,,,,false,false
006000000001043AAA,2026-06-30,139,91-180,139,,5,5,0.048011,1360411.4,468603.8,0.344457,0,0,1,,,,false,false
006000000001044AAA,2026-06-30,142,91-180,142,,4,4,0.047413,265223.7,98127.05,0.369978,0,0,0.674484,,,,false,false
006000000001045AAA,2026-06-30,235,181-365,235,,4,3,0.074156,478572.44,153763.94,0.321297,0,0,0.704665,,,,false,false
006000000001046AAA,2026-06-30,460,365+,,76779.36,3,2,0.064781,127965.6,40955.57,0.320051,367,2,1,42,61,38,true,false
006000000001047AAA,2026-06-30,127,91-180,127,,2,2,0.073891,2000858.7,663273.5,0.331494,0,0,1,,,,false,false
006000000001048AAA,2026-06-30,283,181-365,283,,4,3,0.078697,276141.5,91451.9,0.331178,99,1,0.803168,,,,false,false
006000000001049AAA,2026-06-30,714,365+,,598610.9,3,2,0.087798,1496527.24,449890.18,0.300623,642,2,0.292617,32,67,27,true,false
006000000001050AAA,2026-06-30,97,91-180,,676671.76,3,2,0.064086,1691679.4,519398.1,0.307031,0,0,0.633258,64,17,47,false,false
006000000001051AAA,2026-06-30,202,181-365,,69374.51,2,2,0.058401,346872.54,113623.46,0.327565,203,0,1,39,54,16,false,false
006000000001052AAA,2026-06-30,228,181-365,228,,4,3,0.068574,366540.86,134768.71,0.367677,55,1,0.808697,,,,false,false
006000000001053AAA,2026-06-30,175,91-180,175,,4,3,0.076856,296246.63,100629.14,0.33968,0,0,0.311973,,,,false,false
006000000001054AAA,2026-06-30,211,181-365,211,,3,3,0.055382,482967.04,134602.42,0.278699,109,1,1,,,,false,false
006000000001055AAA,2026-06-30,99,91-180,99,,2,2,0.079009,602397.66,192783.5,0.320027,0,0,0.595597,,,,false,false
006000000001056AAA,2026-06-30,262,181-365,262,,3,3,0.04838,712211.84,236843.2,0.332546,0,0,0.671876,,,,false,false
006000000001057AAA,2026-06-30,127,91-180,127,,3,2,0.105741,363551.2,93169.96,0.256277,0,0,1,,,,false,false
006000000001058AAA,2026-06-30,163,91-180,163,,2,1,0.041457,134643.3,47050.8,0.349448,66,2,0.547475,,,,false,false
006000000001059AAA,2026-06-30,120,91-180,120,,3,3,0.06723,1607035.08,512883.64,0.319149,0,0,0.570874,,,,false,false
006000000001060AAA,2026-06-30,60,31-60,60,,4,2,0.062248,761753.56,232939.16,0.305793,0,0,1,,,,false,false
006000000001061AAA,2026-06-30,1213,365+,,322792.04,5,3,0.080761,1613960.2,471515.85,0.292148,1147,0,0.581686,27,69,16,true,false
006000000001062AAA,2026-06-30,75,61-90,,315518.47,3,3,0.063512,394398.09,105204.78,0.266748,0,0,1,79,10,89,false,false
006000000001063AAA,2026-06-30,153,91-180,153,,5,3,0.075724,601861.9,166041.04,0.275879,0,0,0.382179,,,,false,false
006000000001064AAA,2026-06-30,1196,365+,,511468.7,4,4,0.051299,1278671.75,458624.52,0.358673,1256,1,0.781156,41,64,27,true,false
006000000001065AAA,2026-06-30,279,181-365,279,,3,3,0.091495,2624471.94,898601.9,0.342393,0,0,1,,,,false,false
006000000001066AAA,2026-06-30,35,31-60,,245706.14,4,4,0.053515,409510.23,133619.51,0.326291,0,0,0.449416,80,9,68,false,false
006000000001067AAA,2026-06-30,231,181-365,231,,2,1,0.049481,128639.01,40905.87,0.31799,112,1,1,,,,false,false
006000000001068AAA,2026-06-30,194,181-365,194,,3,3,0.09281,1007215.67,269092.7,0.267165,0,0,1,,,,false,false
006000000001069AAA,2026-06-30,21,0-30,,190034.92,4,4,0.051259,316724.87,109922.66,0.34706,0,0,1,82,8,68,false,false
006000000001070AAA,2026-06-30,25,0-30,,205034.46,2,2,0.06169,512586.15,149876.9,0.292394,0,0,0.412819,66,11,47,false,false
006000000001071AAA,2026-06-30,718,365+,,236974.61,3,2,0.073373,592436.52,219942.72,0.371251,797,0,0.657513,37,65,27,true,false
006000000001072AAA,2026-06-30,141,91-180,,271145.75,3,3,0.068062,338932.19,111394.97,0.328664,0,0,1,80,15,89,false,false
006000000001073AAA,2026-06-30,270,181-365,270,,2,2,0.071844,147235.83,53067.54,0.360425,83,1,0.639277,,,,false,false
006000000001074AAA,2026-06-30,171,91-180,171,,1,1,0.083012,538157.06,225198.92,0.418463,0,0,1,,,,false,false
006000000001075AAA,2026-06-30,180,91-180,180,,2,1,0.091904,1145137.1,401554.84,0.350661,0,0,0.492538,,,,false,false
006000000001076AAA,2026-06-30,389,365+,389,,1,1,0.033513,576490.4,208185.28,0.361125,118,1,1,,,,false,false
006000000001077AAA,2026-06-30,106,91-180,,38296,3,3,0.077654,382959.98,124800.36,0.325884,114,1,1,47,40,19,false,false
006000000001078AAA,2026-06-30,151,91-180,151,,3,2,0.089994,1085203.86,320621.3,0.295448,0,0,0,,,,false,false
006000000001079AAA,2026-06-30,377,365+,,234750.72,4,3,0.073143,586876.8,161489.4,0.275167,394,0,0.25451,38,66,27,true,false
006000000001080AAA,2026-06-30,52,31-60,52,,2,2,0.091813,543753.61,167942.62,0.308858,0,0,1,,,,false,false
006000000001081AAA,2026-06-30,226,181-365,226,,2,2,0.0616,391429.18,140334.96,0.358519,0,0,0.492087,,,,false,false
006000000001082AAA,2026-06-30,104,91-180,,290895.56,2,2,0.080755,363619.45,103119.87,0.283593,0,0,1,76,14,89,false,false
006000000001083AAA,2026-06-30,67,61-90,67,,3,3,0.05013,796287.89,258115.23,0.324148,0,0,1,,,,false,false
006000000001084AAA,2026-06-30,51,31-60,51,,2,2,0.055004,269483.68,90286.12,0.335034,0,0,1,,,,false,false
006000000001085AAA,2026-06-30,266,181-365,,169741.87,1,1,0.042583,282903.12,123758.64,0.437459,266,0,1,53,53,38,false,true
006000000001086AAA,2026-06-30,132,91-180,132,,2,2,0.07583,1079510.03,302897.83,0.280588,0,0,0.447853,,,,false,false
006000000001087AAA,2026-06-30,121,91-180,121,,4,2,0.076266,371494.14,136200.85,0.36663,0,0,1,,,,false,false
006000000001088AAA,2026-06-30,138,91-180,,803467.57,4,2,0.066553,1004334.46,333104.82,0.331667,62,0,1,73,24,83,false,false
006000000001089AAA,2026-06-30,832,365+,,66535.06,3,3,0.055431,166337.66,52105.18,0.313249,927,0,0.299287,36,64,27,true,false
006000000001090AAA,2026-06-30,187,181-365,187,,2,2,0.091923,441291.12,168455.51,0.381733,0,0,0.496114,,,,false,false
006000000001091AAA,2026-06-30,442,365+,,326868.92,3,2,0.074382,544781.53,153188.29,0.281192,377,0,0.61792,40,62,38,true,false
006000000001092AAA,2026-06-30,139,91-180,139,,3,2,0.062306,470696.13,151619.37,0.322117,0,0,0.304447,,,,false,false
006000000001093AAA,2026-06-30,116,91-180,116,,1,1,0.063882,553773.78,204556.59,0.369387,0,0,1,,,,false,false
006000000001094AAA,2026-06-30,1001,365+,,119901.44,2,2,0.057111,299753.59,103114.79,0.343999,949,0,0.480744,35,64,27,true,false
006000000001095AAA,2026-06-30,113,91-180,113,,4,4,0.054243,2092215.42,739808.46,0.353601,0,0,0.71524,,,,false,false
006000000001096AAA,2026-06-30,27,0-30,,310419.86,2,2,0.058703,776049.64,252897.58,0.325878,0,0,1,68,11,47,false,false
006000000001097AAA,2026-06-30,29,0-30,,437897.85,3,3,0.040787,1094744.63,375804.04,0.34328,59,2,1,67,20,41,false,false
006000000001098AAA,2026-06-30,127,91-180,127,,3,2,0.067987,1030848.27,326244.85,0.316482,0,0,1,,,,false,false
006000000001099AAA,2026-06-30,175,91-180,175,,5,5,0.064149,1740830.28,590260.75,0.339069,0,0,1,,,,false,false
006000000001100AAA,2026-06-30,1269,365+,,310799.99,3,2,0.08173,776999.97,183502.65,0.236168,1268,0,0.285355,28,69,27,true,false
006000000001101AAA,2026-06-30,179,91-180,,629246.91,4,3,0.064515,786558.64,263559.12,0.335079,57,1,1,74,26,83,false,false
006000000001102AAA,2026-06-30,197,181-365,197,,2,2,0.049616,206443.13,56341.73,0.272916,0,0,1,,,,false,false
006000000001103AAA,2026-06-30,402,365+,,520789.33,2,2,0.067634,650986.66,222545.74,0.341859,301,0,1,53,59,49,false,false
006000000001104AAA,2026-06-30,143,91-180,143,,4,3,0.086273,629427.01,202757.69,0.322131,0,0,0.577564,,,,false,false
006000000001105AAA,2026-06-30,42,31-60,,641836.39,3,3,0.079048,1069727.31,352910.48,0.329907,0,0,1,77,11,68,false,false
006000000001106AAA,2026-06-30,188,181-365,188,,3,2,0.09046,1436772.4,427796.91,0.297749,0,0,0.379517,,,,false,false
006000000001107AAA,2026-06-30,158,91-180,158,,4,4,0.049829,294045.69,115482.6,0.392737,0,0,1,,,,false,false
006000000001108AAA,2026-06-30,265,181-365,265,,3,3,0.076799,1015716.89,353867.6,0.348392,30,1,1,,,,false,false
006000000001109AAA,2026-06-30,133,91-180,133,,3,2,0.060318,410956.01,133319.21,0.324412,0,0,0.378964,,,,false,false
006000000001110AAA,2026-06-30,103,91-180,103,,4,3,0.066032,327250.65,109493.94,0.334587,0,0,1,,,,false,false
006000000001111AAA,2026-06-30,87,61-90,87,,4,4,0.06232,370901.88,129539.73,0.349256,0,0,0.469237,,,,false,false
006000000001112AAA,2026-06-30,79,61-90,79,,2,2,0.081872,467582.85,123136.5,0.263347,0,0,1,,,,false,false
006000000001113AAA,2026-06-30,71,61-90,71,,3,3,0.058229,2846782.58,974217.82,0.342217,0,0,0.397475,,,,false,false
006000000001114AAA,2026-06-30,84,61-90,,575400.92,3,2,0.063231,719251.15,233681.58,0.324896,0,0,1,80,10,89,false,false
006000000001115AAA,2026-06-30,139,91-180,139,,3,2,0.06807,511635.63,146359.95,0.286063,0,0,0.685247,,,,false,false
006000000001116AAA,2026-06-30,286,181-365,286,,3,3,0.072467,903796.78,330822.68,0.366037,86,2,1,,,,false,false
006000000001117AAA,2026-06-30,182,181-365,182,,2,1,0.079175,622521.15,212625.97,0.341556,0,0,0,,,,false,false
006000000001118AAA,2026-06-30,127,91-180,,138859.18,2,2,0.056878,173573.97,65321.59,0.376333,0,0,0.532019,81,13,89,false,false
006000000001119AAA,2026-06-30,194,181-365,194,,5,4,0.07791,339779.62,104528.65,0.307637,70,1,1,,,,false,false
006000000001120AAA,2026-06-30,181,181-365,181,,2,2,0.037813,609496.66,218075.96,0.357797,0,0,0.398239,,,,false,false
006000000001121AAA,2026-06-30,155,91-180,,463911.14,3,3,0.064453,773185.24,269521.26,0.348586,34,1,0.452348,71,24,65,false,false
006000000001122AAA,2026-06-30,406,365+,,171020.73,3,2,0.063618,855103.65,251076.24,0.293621,510,0,1,29,67,16,true,false
006000000001123AAA,2026-06-30,999,365+,,135884.81,4,4,0.035271,1358848.1,468702.17,0.344926,1048,0,0.739708,30,69,11,true,false
006000000001124AAA,2026-06-30,66,61-90,,205837.91,3,2,0.086087,514594.78,133208.54,0.258861,0,0,1,62,18,47,false,false
006000000001125AAA,2026-06-30,140,91-180,,829783.73,4,3,0.083051,1037229.66,318766.31,0.307325,0,0,0.790237,79,17,89,false,false
006000000001126AAA,2026-06-30,69,61-90,,397003.63,4,3,0.05007,992509.07,342473.02,0.345058,0,0,1,70,15,47,false,false
006000000001127AAA,2026-06-30,131,91-180,131,,2,2,0.054362,311430.34,120221.63,0.386031,0,0,1,,,,false,false
006000000001128AAA,2026-06-30,152,91-180,152,,2,2,0.099782,647642.88,203328,0.313951,0,0,1,,,,false,false
006000000001129AAA,2026-06-30,142,91-180,142,,3,3,0.036723,649493.85,234802.7,0.361516,0,0,0.396487,,,,false,false
006000000001130AAA,2026-06-30,66,61-90,,1706514.6,4,4,0.052847,2844191,1081509.52,0.380252,0,0,1,82,11,68,false,false
006000000001131AAA,2026-06-30,206,181-365,206,,5,5,0.047535,2698706.53,966941.88,0.358298,0,0,1,,,,false,false
006000000001132AAA,2026-06-30,186,181-365,186,,3,3,0.089605,1924105.67,578737.89,0.300783,0,0,1,,,,false,false
006000000001133AAA,2026-06-30,140,91-180,140,,5,2,0.068134,2320237.9,706828.4,0.304636,0,0,0.381921,,,,false,false
006000000001134AAA,2026-06-30,173,91-180,173,,5,4,0.073193,633791.81,202493.4,0.319495,0,0,1,,,,false,false
006000000001135AAA,2026-06-30,243,181-365,243,,3,3,0.090408,219676.49,62228.2,0.283272,117,1,0.583749,,,,false,false
006000000001136AAA,2026-06-30,1085,365+,,440299.04,5,4,0.074808,550373.8,158207.15,0.287454,1036,2,0.452301,50,59,49,false,false
006000000001137AAA,2026-06-30,182,181-365,182,,4,4,0.034059,606732.5,234182.72,0.385974,61,1,1,,,,false,false
006000000001138AAA,2026-06-30,1272,365+,,166129.18,3,3,0.060787,415322.96,158668.59,0.382037,1254,0,0.687473,40,64,27,true,false
006000000001139AAA,2026-06-30,682,365+,,436825.15,4,3,0.102779,546031.44,135159.03,0.24753,544,0,0,45,64,49,true,false
006000000001140AAA,2026-06-30,67,61-90,67,,1,1,0.085499,639973.92,191639.52,0.299449,0,0,0,,,,false,false
006000000001141AAA,2026-06-30,91,91-180,,183066.16,1,1,0.031592,305110.26,119847,0.392799,0,0,1,74,13,68,false,true
006000000001142AAA,2026-06-30,126,91-180,126,,5,5,0.068104,834090.87,281082.49,0.336993,0,0,0.785532,,,,false,false
006000000001143AAA,2026-06-30,98,91-180,98,,3,3,0.068016,690458.89,224320.77,0.324886,0,0,0,,,,false,false
006000000001144AAA,2026-06-30,21,0-30,,313577.26,3,2,0.086725,783943.16,279261.12,0.356226,0,0,1,70,13,47,false,false
006000000001145AAA,2026-06-30,89,61-90,89,,2,2,0.111401,183325.28,59138.66,0.322589,0,0,0.666361,,,,false,false
006000000001146AAA,2026-06-30,191,181-365,191,,4,3,0.089752,702092.6,215675.62,0.30719,98,1,0.707855,,,,false,false
006000000001147AAA,2026-06-30,94,91-180,94,,3,3,0.052533,1120290.87,371728.05,0.331814,0,0,1,,,,false,false
006000000001148AAA,2026-06-30,170,91-180,170,,4,3,0.071671,236009.01,68383.45,0.289749,0,0,0.495411,,,,false,false
006000000001149AAA,2026-06-30,167,91-180,167,,4,3,0.080692,775730.58,235450.01,0.30352,0,0,0.731424,,,,false,false
006000000001150AAA,2026-06-30,82,61-90,82,,3,3,0.08462,888627.67,258349.02,0.290728,0,0,0,,,,false,false
006000000001151AAA,2026-06-30,138,91-180,138,,1,1,0.096104,186873.63,63281.58,0.338633,0,0,1,,,,false,false
006000000001152AAA,2026-06-30,82,61-90,82,,4,4,0.055414,389187.96,149298.58,0.383616,0,0,1,,,,false,false
006000000001153AAA,2026-06-30,143,91-180,143,,4,3,0.071029,374630.82,108354.18,0.289229,0,0,1,,,,false,false
006000000001154AAA,2026-06-30,130,91-180,130,,3,3,0.053344,407764.86,133202.66,0.326665,0,0,1,,,,false,false
006000000001155AAA,2026-06-30,145,91-180,145,,4,3,0.054892,303447.87,113164.54,0.372929,0,0,0.571684,,,,false,false
006000000001156AAA,2026-06-30,188,181-365,188,,4,3,0.086914,319693.97,106132.99,0.331983,67,1,0.701847,,,,false,false
006000000001157AAA,2026-06-30,128,91-180,128,,3,3,0.068584,237738.95,78221.05,0.329021,0,0,1,,,,false,false
006000000001158AAA,2026-06-30,111,91-180,111,,2,2,0.058284,213822.08,67927.15,0.317681,0,0,0.457386,,,,false,false
006000000001159AAA,2026-06-30,136,91-180,136,,4,3,0.074494,2359569.06,734690.24,0.311366,0,0,1,,,,false,false
006000000001160AAA,2026-06-30,175,91-180,175,,4,2,0.072665,746185.78,270235.13,0.362155,0,0,1,,,,false,false
006000000001161AAA,2026-06-30,172,91-180,172,,3,3,0.058702,1225427.4,498812.2,0.407052,29,1,1,,,,false,false
006000000001162AAA,2026-06-30,116,91-180,116,,3,3,0.057965,294359.52,89213.82,0.303078,0,0,0.381479,,,,false,false
006000000001163AAA,2026-06-30,235,181-365,235,,2,2,0.103663,3020994.84,998075.1,0.33038,0,0,1,,,,false,false
006000000001164AAA,2026-06-30,73,61-90,,357018.85,3,2,0.081709,595031.41,197973.45,0.332711,0,0,1,74,14,68,false,false
006000000001165AAA,2026-06-30,219,181-365,219,,3,3,0.088057,3231438.52,1120071.39,0.346617,0,0,0.656449,,,,false,false
006000000001166AAA,2026-06-30,200,181-365,200,,3,2,0.070144,1045976.66,411158.12,0.393085,0,0,0.593646,,,,false,false
006000000001167AAA,2026-06-30,265,181-365,265,,5,4,0.073381,1976109.61,565987.62,0.286415,0,0,0.790732,,,,false,false
006000000001168AAA,2026-06-30,1072,365+,,489273.6,1,1,0.066811,815456,272174.08,0.333769,1098,0,0,39,62,38,true,true
006000000001169AAA,2026-06-30,176,91-180,,471895.55,2,2,0.109975,589869.44,171981.73,0.291559,0,0,1,74,22,89,false,false
006000000001170AAA,2026-06-30,257,181-365,257,,3,3,0.035203,311207.87,111878.11,0.359496,0,0,0.352742,,,,false,false
006000000001171AAA,2026-06-30,215,181-365,,397826.45,5,5,0.060389,994566.12,329249.53,0.331048,145,0,0.39975,54,47,33,false,false
006000000001172AAA,2026-06-30,50,31-60,,142455.61,5,3,0.072041,356139.03,107436.1,0.301669,0,0,1,68,14,47,false,false
006000000001173AAA,2026-06-30,153,91-180,153,,2,2,0.062393,388674.18,134739.56,0.346665,0,0,0.470296,,,,false,false
006000000001174AAA,2026-06-30,181,181-365,181,,3,3,0.087208,131662.18,43028.49,0.32681,0,0,0.396134,,,,false,false
006000000001175AAA,2026-06-30,143,91-180,143,,4,4,0.042844,455311.96,151987.59,0.33381,0,0,1,,,,false,false
006000000001176AAA,2026-06-30,126,91-180,126,,5,5,0.05222,651606.96,226191.23,0.347128,0,0,0.677442,,,,false,false
006000000001177AAA,2026-06-30,160,91-180,160,,3,2,0.063133,1188988.06,367852.6,0.309383,0,0,0.286769,,,,false,false
006000000001178AAA,2026-06-30,52,31-60,,261375.33,1,1,0.051586,653438.32,226827.58,0.347129,0,0,0,66,13,47,false,true
006000000001179AAA,2026-06-30,145,91-180,145,,5,3,0.06718,381170.87,119700.46,0.314034,0,0,1,,,,false,false
006000000001180AAA,2026-06-30,91,91-180,91,,5,5,0.068464,765393,251790.64,0.328969,0,0,1,,,,false,false
006000000001181AAA,2026-06-30,185,181-365,185,,2,1,0.073062,1466109.62,464954.86,0.317135,0,0,0.53786,,,,false,false
006000000001182AAA,2026-06-30,200,181-365,,70092.49,3,2,0.078378,350462.45,95135.87,0.271458,232,0,1,35,56,16,false,false
006000000001183AAA,2026-06-30,163,91-180,163,,3,3,0.071113,775105.31,226525.69,0.292252,0,0,0.347294,,,,false,false
006000000001184AAA,2026-06-30,122,91-180,,362298.82,2,1,0.09375,452873.53,157826.13,0.348499,0,0,0,77,16,89,false,true
006000000001185AAA,2026-06-30,195,181-365,195,,3,2,0.088837,2233292.71,783967.48,0.351037,0,0,1,,,,false,false
006000000001186AAA,2026-06-30,156,91-180,156,,4,3,0.049109,308876.13,98740.32,0.319676,0,0,1,,,,false,false
006000000001187AAA,2026-06-30,62,61-90,62,,3,2,0.081012,175933.48,50762.56,0.288533,0,0,0.644776,,,,false,false
006000000001188AAA,2026-06-30,126,91-180,126,,2,2,0.051894,324656.18,98064.47,0.302056,0,0,0.569637,,,,false,false
006000000001189AAA,2026-06-30,221,181-365,,62287.89,2,2,0.026655,155719.72,62469.65,0.401167,216,0,0.52644,50,52,27,false,false
006000000001190AAA,2026-06-30,832,365+,,130537.78,3,2,0.07926,217562.97,66409.54,0.305243,654,0,0.705509,40,63,38,true,false
006000000001191AAA,2026-06-30,198,181-365,,102590.11,4,3,0.082573,170983.52,52034.24,0.304323,85,1,1,62,36,60,false,false
006000000001192AAA,2026-06-30,61,61-90,61,,3,3,0.070015,1616585.96,561264.1,0.347191,0,0,1,,,,false,false
006000000001193AAA,2026-06-30,141,91-180,,473858.58,3,3,0.091305,1184646.44,315518.26,0.26634,138,0,0.655732,50,44,33,false,false
006000000001194AAA,2026-06-30,231,181-365,,390580.4,3,3,0.050005,650967.34,231198.29,0.355161,240,2,0.686773,56,50,38,false,false
006000000001195AAA,2026-06-30,130,91-180,130,,4,4,0.050694,568185.23,196550.49,0.345927,80,2,0.41154,,,,false,false
006000000001196AAA,2026-06-30,67,61-90,,573533.3,2,2,0.070396,955888.83,310783.04,0.325125,0,0,1,73,12,68,false,false
006000000001197AAA,2026-06-30,152,91-180,152,,4,3,0.08652,262035.92,67216.09,0.256515,0,0,0.648721,,,,false,false
006000000001198AAA,2026-06-30,120,91-180,,242108.84,4,2,0.069901,605272.1,157099.88,0.259552,0,0,0.302336,60,21,47,false,false
006000000001199AAA,2026-06-30,73,61-90,73,,4,3,0.075356,741784.52,251070.58,0.338468,0,0,1,,,,false,false
006000000001200AAA,2026-06-30,16,0-30,,173311.01,2,2,0.070202,866555.03,224275.96,0.258813,61,1,0.533671,52,24,30,false,false
006000000001201AAA,2026-06-30,136,91-180,136,,4,3,0.069759,542130.16,169810.85,0.313229,0,0,0.225441,,,,false,false
006000000001202AAA,2026-06-30,252,181-365,,391876.21,4,4,0.067902,653127.02,223780.59,0.34263,188,0,1,57,52,39,false,false
006000000001203AAA,2026-06-30,208,181-365,,110278.59,2,2,0.081618,551392.96,175016.02,0.317407,252,0,0.571435,38,56,16,false,false
006000000001204AAA,2026-06-30,140,91-180,140,,5,2,0.071802,1609903.28,539504.74,0.335116,0,0,0.5857,,,,false,false
006000000001205AAA,2026-06-30,168,91-180,168,,4,3,0.103138,889603.04,304878.41,0.342713,0,0,0.50527,,,,false,false
006000000001206AAA,2026-06-30,84,61-90,,81365.67,4,3,0.075501,135609.45,39234.31,0.289318,0,0,0.790248,73,14,68,false,false
006000000001207AAA,2026-06-30,1045,365+,,82883.57,2,2,0.086412,207208.92,60861.33,0.29372,1007,0,1,32,67,27,true,false
006000000001208AAA,2026-06-30,156,91-180,156,,3,2,0.071666,469726.09,148076.1,0.315239,0,0,0.381733,,,,false,false
006000000001209AAA,2026-06-30,793,365+,,468097.06,3,3,0.10118,1170242.64,402099.06,0.343603,755,0,1,38,68,27,true,false
006000000001210AAA,2026-06-30,141,91-180,141,,2,2,0.079802,828448.67,309928.85,0.374107,0,0,1,,,,false,false
006000000001211AAA,2026-06-30,37,31-60,,510620.39,3,3,0.062564,851033.98,329804.41,0.387534,0,0,1,81,9,68,false,false
006000000001212AAA,2026-06-30,97,91-180,97,,4,2,0.082429,1254543.94,435396.13,0.347055,0,0,1,,,,false,false
006000000001213AAA,2026-06-30,128,91-180,128,,3,3,0.059784,570570.86,189249.36,0.331684,0,0,0.687422,,,,false,false
006000000001214AAA,2026-06-30,107,91-180,,327419.15,3,3,0.071052,545698.58,183102.45,0.335538,0,0,1,75,16,68,false,false
006000000001215AAA,2026-06-30,99,91-180,,1235021.09,1,1,0.099729,2058368.49,804692.84,0.390937,0,0,1,74,18,68,false,true
006000000001216AAA,2026-06-30,160,91-180,,711980.6,4,2,0.059502,1186634.34,356153.42,0.300137,0,0,1,68,19,68,false,false
006000000001217AAA,2026-06-30,105,91-180,,1076036.94,2,2,0.062477,1345046.17,421568.25,0.313423,0,0,1,78,12,89,false,false
006000000001218AAA,2026-06-30,197,181-365,197,,3,2,0.094841,973294.7,316232.68,0.324909,0,0,1,,,,false,false
006000000001219AAA,2026-06-30,129,91-180,129,,4,4,0.049678,316001.7,122289.4,0.38699,0,0,0.762786,,,,false,false
006000000001220AAA,2026-06-30,89,61-90,89,,2,1,0.056044,266582.72,88903.21,0.333492,0,0,0.594053,,,,false,false
006000000001221AAA,2026-06-30,175,91-180,175,,2,2,0.083454,1069407.77,398883.2,0.372994,0,0,1,,,,false,false
006000000001222AAA,2026-06-30,92,91-180,92,,2,2,0.066905,1446025.9,525500.48,0.36341,0,0,0.53911,,,,false,false
006000000001223AAA,2026-06-30,179,91-180,179,,2,2,0.074804,176273.1,57935.08,0.328667,0,0,0.419132,,,,false,false
006000000001224AAA,2026-06-30,197,181-365,197,,1,1,0.034675,1133597.08,374794.42,0.330624,39,1,0,,,,false,false
006000000001225AAA,2026-06-30,195,181-365,195,,3,2,0.092096,2367020.94,772912.61,0.326534,0,0,1,,,,false,false
006000000001226AAA,2026-06-30,137,91-180,137,,3,3,0.061805,733564.64,245839.16,0.33513,65,1,1,,,,false,false
006000000001227AAA,2026-06-30,95,91-180,,203095.2,1,1,0.064595,1015476,374739.75,0.369029,0,0,1,59,20,36,false,true
006000000001228AAA,2026-06-30,56,31-60,56,,4,3,0.068489,348407.56,126638.03,0.363477,0,0,1,,,,false,false
006000000001229AAA,2026-06-30,167,91-180,167,,2,2,0.059715,649269.33,242457.26,0.373431,0,0,1,,,,false,false
006000000001230AAA,2026-06-30,122,91-180,,1514566.06,3,3,0.089062,1893207.58,680154.08,0.35926,0,0,1,83,16,89,false,false
006000000001231AAA,2026-06-30,130,91-180,,56529.17,2,1,0.071714,282645.86,107683,0.380982,68,2,1,52,33,29,false,true
006000000001232AAA,2026-06-30,142,91-180,142,,3,3,0.077397,2493954.06,918977.69,0.368482,0,0,1,,,,false,false
006000000001233AAA,2026-06-30,131,91-180,131,,3,2,0.086982,1710128.49,581176.14,0.339844,0,0,1,,,,false,false
006000000001234AAA,2026-06-30,61,61-90,,74488.86,5,3,0.055718,93111.08,29285.42,0.314521,0,0,1,82,8,89,false,false
006000000001235AAA,2026-06-30,125,91-180,125,,4,3,0.098978,2475140.74,783171.11,0.316415,0,0,1,,,,false,false
006000000001236AAA,2026-06-30,207,181-365,207,,4,4,0.054957,673645.78,222430.82,0.33019,0,0,1,,,,false,false
006000000001237AAA,2026-06-30,156,91-180,156,,4,4,0.063973,228125.64,74739.77,0.327625,0,0,0.742395,,,,false,false
006000000001238AAA,2026-06-30,151,91-180,151,,3,3,0.062321,255410.12,82894.97,0.324556,0,0,0.667872,,,,false,false
006000000001239AAA,2026-06-30,137,91-180,137,,1,1,0.057786,784614.24,228081.6,0.290693,0,0,1,,,,false,false
006000000001240AAA,2026-06-30,116,91-180,,1058404,4,3,0.107693,1323005,389804.61,0.294636,0,0,1,79,17,89,false,false
006000000001241AAA,2026-06-30,99,91-180,,100810.21,2,2,0.051602,252025.53,84601.07,0.335685,0,0,0,66,17,47,false,false
006000000001242AAA,2026-06-30,229,181-365,229,,3,3,0.091021,1135410,347462.48,0.306024,0,0,0.593178,,,,false,false
006000000001243AAA,2026-06-30,206,181-365,206,,2,2,0.064818,209756.71,57309.86,0.273221,51,2,0,,,,false,false
006000000001244AAA,2026-06-30,117,91-180,,806927.23,3,2,0.096026,1344878.71,431809.12,0.321077,0,0,0.636153,71,19,68,false,false
006000000001245AAA,2026-06-30,253,181-365,253,,3,2,0.067966,529285.55,165462.69,0.312615,0,0,1,,,,false,false
006000000001246AAA,2026-06-30,186,181-365,186,,5,4,0.095258,2348527.79,705562.15,0.300427,0,0,0.623374,,,,false,false
006000000001247AAA,2026-06-30,149,91-180,149,,3,3,0.082356,342191.84,105195.55,0.307417,0,0,0.78262,,,,false,false
006000000001248AAA,2026-06-30,163,91-180,,991307.07,4,2,0.073544,1239133.84,355026.88,0.286512,0,0,1,74,18,89,false,false
006000000001249AAA,2026-06-30,539,365+,,764054.68,3,2,0.088067,1910136.69,611946.72,0.320368,561,0,1,34,67,27,true,false
006000000001250AAA,2026-06-30,898,365+,,306421.61,4,3,0.059086,510702.69,160044.37,0.313381,899,0,0.460694,43,61,38,true,false
006000000001251AAA,2026-06-30,86,61-90,,996256.74,1,1,0.064099,1245320.93,426205.87,0.342246,38,1,1,75,16,85,false,true
006000000001252AAA,2026-06-30,205,181-365,205,,3,3,0.13032,1049069.71,236006.76,0.224968,0,0,0.714656,,,,false,false
006000000001253AAA,2026-06-30,365,181-365,,73055.19,3,3,0.07248,365275.94,113492.93,0.310705,305,0,1,34,68,16,true,false
006000000001254AAA,2026-06-30,37,31-60,,277796.37,3,2,0.06093,694490.93,196579.6,0.283056,0,0,1,65,12,47,false,false
006000000001255AAA,2026-06-30,156,91-180,156,,4,3,0.077344,939319.23,303098.58,0.322679,0,0,0.245824,,,,false,false
006000000001256AAA,2026-06-30,123,91-180,123,,4,2,0.059559,676046.5,203822.91,0.301492,0,0,0.523918,,,,false,false
006000000001257AAA,2026-06-30,191,181-365,191,,5,5,0.046374,187572.45,64605.03,0.344427,38,1,0.867067,,,,false,false
006000000001258AAA,2026-06-30,131,91-180,131,,1,1,0.062316,421324.74,161700.54,0.383791,0,0,0,,,,false,false
006000000001259AAA,2026-06-30,146,91-180,146,,2,2,0.064979,621703.62,175597.98,0.282446,0,0,1,,,,false,false
006000000001260AAA,2026-06-30,43,31-60,,127389.56,3,3,0.057807,212315.94,71693.48,0.337674,39,2,1,74,15,64,false,false
006000000001261AAA,2026-06-30,124,91-180,124,,3,3,0.056108,270723.06,92711.37,0.342458,0,0,0.644739,,,,false,false
006000000001262AAA,2026-06-30,74,61-90,,627689.38,2,2,0.091042,1569223.44,514414.8,0.327815,0,0,1,66,18,47,false,false
006000000001263AAA,2026-06-30,102,91-180,102,,1,1,0.046991,361491.48,115881.78,0.320566,0,0,1,,,,false,false
006000000001264AAA,2026-06-30,105,91-180,105,,4,4,0.056067,716972.91,257074.79,0.358556,0,0,1,,,,false,false
006000000001265AAA,2026-06-30,191,181-365,191,,2,2,0.071625,1195116.44,376747.8,0.315239,0,0,0,,,,false,false
006000000001266AAA,2026-06-30,182,181-365,182,,4,3,0.076276,756583.06,251057.66,0.331831,0,0,0.776326,,,,false,false
006000000001267AAA,2026-06-30,209,181-365,209,,3,3,0.076349,773263.3,225982.86,0.292246,50,1,0.671917,,,,false,false
006000000001268AAA,2026-06-30,99,91-180,,45082.13,1,1,0.062281,75136.88,19415.76,0.258405,57,2,1,60,24,62,false,true
006000000001269AAA,2026-06-30,85,61-90,85,,3,3,0.030894,1753060.38,630294.95,0.35954,0,0,0.678774,,,,false,false
006000000001270AAA,2026-06-30,111,91-180,111,,1,1,0.044694,508793.84,134926.8,0.26519,0,0,0,,,,false,false
006000000001271AAA,2026-06-30,112,91-180,112,,1,1,0.056094,409052.49,153628.23,0.375571,0,0,1,,,,false,false
006000000001272AAA,2026-06-30,99,91-180,,215986.23,5,4,0.077954,539965.58,170589.1,0.315926,0,0,1,69,19,47,false,false
006000000001273AAA,2026-06-30,162,91-180,162,,3,3,0.080166,661663.5,189156.45,0.28588,0,0,0.392803,,,,false,false
006000000001274AAA,2026-06-30,151,91-180,151,,1,1,0.089958,1493564.94,349695.36,0.234135,0,0,1,,,,false,false
006000000001275AAA,2026-06-30,137,91-180,137,,3,3,0.099083,492686.98,158167.2,0.32103,0,0,1,,,,false,false
006000000001276AAA,2026-06-30,63,61-90,,785946.46,4,4,0.039159,1309910.76,448837.39,0.342647,98,1,1,71,25,58,false,false
006000000001277AAA,2026-06-30,287,181-365,,335585.37,2,2,0.066023,838963.43,240208.08,0.286315,432,0,1,40,58,27,false,false
006000000001278AAA,2026-06-30,160,91-180,160,,4,4,0.052029,282161.82,96018.66,0.340296,0,0,0.298579,,,,false,false
006000000001279AAA,2026-06-30,185,181-365,185,,3,2,0.0559,285055.63,85658.92,0.300499,0,0,0.720624,,,,false,false
006000000001280AAA,2026-06-30,134,91-180,134,,1,1,0.096895,523334.72,125101.6,0.239047,0,0,0,,,,false,false
006000000001281AAA,2026-06-30,49,31-60,,382381.3,2,2,0.0786,1911906.48,678542.04,0.354903,0,0,1,62,18,36,false,false
006000000001282AAA,2026-06-30,103,91-180,103,,2,2,0.095957,980618.58,319930.23,0.326253,0,0,0,,,,false,false
006000000001283AAA,2026-06-30,66,61-90,,343118.36,3,3,0.09574,857795.9,251073.31,0.292696,0,0,0.32977,67,18,47,false,false
006000000001284AAA,2026-06-30,154,91-180,154,,3,3,0.061726,570945.91,214367.44,0.37546,0,0,1,,,,false,false
006000000001285AAA,2026-06-30,124,91-180,,174251.1,2,2,0.078396,435627.74,158658.41,0.364206,115,1,1,57,37,36,false,false
006000000001286AAA,2026-06-30,136,91-180,136,,3,2,0.08921,1873611.45,502486.53,0.268191,0,0,0.376699,,,,false,false
006000000001287AAA,2026-06-30,203,181-365,203,,2,2,0.081291,1167890.62,381225.48,0.326422,0,0,1,,,,false,false
006000000001288AAA,2026-06-30,97,91-180,97,,3,3,0.049179,185568.73,57788.37,0.311412,0,0,0.750542,,,,false,false
006000000001289AAA,2026-06-30,111,91-180,111,,3,2,0.054532,785324.31,242358.39,0.308609,0,0,0.563506,,,,false,false
006000000001290AAA,2026-06-30,188,181-365,188,,3,2,0.071269,1023768.16,374605.21,0.365908,0,0,0.712534,,,,false,false
006000000001291AAA,2026-06-30,197,181-365,197,,2,2,0.100963,431636.5,114144.3,0.264445,0,0,0.481558,,,,false,false
006000000001292AAA,2026-06-30,46,31-60,,947351.45,2,2,0.053335,1578919.08,603221.01,0.382047,0,0,1,78,10,68,false,false
006000000001293AAA,2026-06-30,1238,365+,,1352356.73,2,2,0.066482,2253927.89,696538.08,0.309033,1218,0,1,40,62,38,true,false
006000000001294AAA,2026-06-30,104,91-180,,353588.94,1,1,0.065605,589314.9,178113.9,0.302239,173,0,1,53,39,51,false,true
006000000001295AAA,2026-06-30,144,91-180,,221599.73,4,2,0.061558,369332.89,123233.14,0.333664,0,0,1,71,18,68,false,false
006000000001296AAA,2026-06-30,181,181-365,181,,4,3,0.042416,397758.13,123195.38,0.309724,0,0,0.433512,,,,false,false
006000000001297AAA,2026-06-30,175,91-180,175,,4,3,0.073919,329651.66,107521.02,0.326166,45,1,0,,,,false,false
006000000001298AAA,2026-06-30,130,91-180,130,,3,3,0.096592,1614366.42,493645.84,0.305783,0,0,0.401713,,,,false,false
006000000001299AAA,2026-06-30,780,365+,,235353.05,1,1,0.107499,392255.08,115504.9,0.294464,722,0,0,36,66,38,true,true
006000000001300AAA,2026-06-30,149,91-180,149,,4,4,0.072138,536685.16,167862.72,0.312777,0,0,0.232958,,,,false,false
006000000001301AAA,2026-06-30,140,91-180,140,,1,1,0.05389,425790,120852.15,0.28383,0,0,1,,,,false,false
006000000001302AAA,2026-06-30,1021,365+,,87731.01,4,3,0.073603,438655.06,142068.11,0.323872,1060,0,1,29,68,16,true,false
006000000001303AAA,2026-06-30,43,31-60,,358560.42,3,3,0.0677,597600.7,185720.75,0.310777,0,0,1,76,10,68,false,false
006000000001304AAA,2026-06-30,109,91-180,109,,2,2,0.069288,257066.59,75920.98,0.295336,0,0,1,,,,false,false
006000000001305AAA,2026-06-30,278,181-365,278,,2,2,0.081409,731009.01,266574.36,0.364666,96,2,0.534506,,,,false,false
006000000001306AAA,2026-06-30,218,181-365,218,,4,1,0.087356,192158.1,67449.54,0.351011,0,0,0.279189,,,,false,false
006000000001307AAA,2026-06-30,77,61-90,,239912.56,3,2,0.056027,399854.26,123324.67,0.308424,0,0,1,72,12,68,false,false
006000000001308AAA,2026-06-30,241,181-365,241,,1,1,0.076067,919024.95,362815.2,0.394783,113,2,1,,,,false,false
006000000001309AAA,2026-06-30,106,91-180,106,,3,3,0.05796,688154.51,268016.37,0.389471,0,0,1,,,,false,false
006000000001310AAA,2026-06-30,206,181-365,206,,3,3,0.084049,2528644.64,877252.62,0.346926,0,0,0.739838,,,,false,false
006000000001311AAA,2026-06-30,246,181-365,246,,3,2,0.080785,438757.28,136854,0.311913,47,2,1,,,,false,false
006000000001312AAA,2026-06-30,99,91-180,,201733.09,4,3,0.075406,336221.81,99024.93,0.294523,0,0,1,73,16,68,false,false
006000000001313AAA,2026-06-30,63,61-90,,138040.46,2,1,0.052566,690202.32,197758.84,0.286523,0,0,1,54,17,36,false,true
006000000001314AAA,2026-06-30,114,91-180,,148665.09,1,1,0.107293,743325.44,205007.14,0.275797,0,0,1,52,26,36,false,true
006000000001315AAA,2026-06-30,618,365+,,419919.33,1,1,0.087615,524899.16,151325.48,0.288294,507,2,1,43,61,49,true,true
006000000001316AAA,2026-06-30,319,181-365,319,,4,2,0.072113,471296.29,149550.58,0.317318,74,1,0.718367,,,,false,false
006000000001317AAA,2026-06-30,83,61-90,83,,1,1,0.091707,323327.51,120809.9,0.373646,0,0,1,,,,false,false
006000000001318AAA,2026-06-30,112,91-180,,801753.69,4,2,0.096668,2004384.22,580159.82,0.289445,0,0,0.753283,62,22,47,false,false
006000000001319AAA,2026-06-30,169,91-180,169,,2,2,0.093228,2369550,757879,0.319841,0,0,1,,,,false,false
006000000001320AAA,2026-06-30,177,91-180,177,,2,2,0.032755,237973.84,87276.74,0.366749,35,1,0.437681,,,,false,false
006000000001321AAA,2026-06-30,258,181-365,258,,4,3,0.069964,216422.84,69746.05,0.322268,44,1,0.50011,,,,false,false
006000000001322AAA,2026-06-30,253,181-365,253,,2,1,0.051491,91774,29129.7,0.317407,90,2,1,,,,false,false
006000000001323AAA,2026-06-30,115,91-180,115,,3,3,0.058721,330190.47,112429.29,0.340498,0,0,1,,,,false,false
006000000001324AAA,2026-06-30,176,91-180,176,,3,2,0.073791,1153761.51,407765.79,0.353423,0,0,0.329933,,,,false,false
006000000001325AAA,2026-06-30,82,61-90,,664174.8,1,1,0.05281,1106958,397704.25,0.359277,0,0,1,73,13,68,false,true
006000000001326AAA,2026-06-30,50,31-60,,663038.16,5,4,0.065499,1657595.41,489005.98,0.295009,0,0,1,70,14,47,false,false
006000000001327AAA,2026-06-30,268,181-365,268,,4,3,0.086909,154697.33,52484.01,0.339269,94,2,0.55475,,,,false,false
006000000001328AAA,2026-06-30,138,91-180,138,,4,4,0.047393,645551.87,244898.97,0.379364,0,0,0.556875,,,,false,false
006000000001329AAA,2026-06-30,110,91-180,110,,3,3,0.057603,1397154.05,485702.62,0.347637,0,0,0.677682,,,,false,false
006000000001330AAA,2026-06-30,62,61-90,,404949.17,3,3,0.074603,674915.29,205950.51,0.30515,0,0,1,75,12,68,false,false
006000000001331AAA,2026-06-30,162,91-180,162,,2,2,0.078695,512866.9,169809.6,0.331099,0,0,0.532567,,,,false,false
006000000001332AAA,2026-06-30,1044,365+,,83378.57,2,2,0.053477,138964.28,43957.04,0.316319,1012,0,0.606216,40,61,38,true,false
006000000001333AAA,2026-06-30,154,91-180,154,,3,1,0.09963,957854.48,259123.8,0.270525,0,0,1,,,,false,false
006000000001334AAA,2026-06-30,399,365+,,541704.26,2,1,0.083656,902840.44,315130.47,0.349043,359,0,1,44,63,38,true,true
006000000001335AAA,2026-06-30,128,91-180,128,,2,2,0.061681,685562.4,224543.88,0.327532,0,0,1,,,,false,false
006000000001336AAA,2026-06-30,123,91-180,,265709.98,3,1,0.06346,442849.97,135361.15,0.305659,0,0,0.275075,67,16,68,false,true
006000000001337AAA,2026-06-30,347,181-365,347,,4,3,0.080277,324822.18,95942.23,0.295368,120,2,0.850336,,,,false,false
006000000001338AAA,2026-06-30,592,365+,,126869.98,2,2,0.077941,317174.95,101671.05,0.320552,601,0,0,34,66,27,true,false
006000000001339AAA,2026-06-30,146,91-180,146,,1,1,0.067108,298297.3,96727.96,0.324267,0,0,0,,,,false,false
006000000001340AAA,2026-06-30,141,91-180,,83216,1,1,0.081866,104020,40276.25,0.387197,0,0,1,79,17,89,false,true
006000000001341AAA,2026-06-30,318,181-365,318,,3,3,0.080084,2841847.93,863980.68,0.304021,85,1,0.322343,,,,false,false
006000000001342AAA,2026-06-30,188,181-365,188,,4,4,0.067116,345498.16,112911.9,0.326809,0,0,0.443409,,,,false,false
006000000001343AAA,2026-06-30,262,181-365,262,,1,1,0.093093,177624.27,50194.8,0.28259,44,1,1,,,,false,false
006000000001344AAA,2026-06-30,71,61-90,,532839.53,2,2,0.061145,888065.89,232518.77,0.261826,0,0,1,69,13,68,false,false
006000000001345AAA,2026-06-30,188,181-365,188,,3,3,0.064122,290957.37,96183.77,0.330577,0,0,1,,,,false,false
006000000001346AAA,2026-06-30,81,61-90,81,,3,3,0.076543,276344.95,78926.79,0.28561,0,0,0.60309,,,,false,false
006000000001347AAA,2026-06-30,77,61-90,77,,2,2,0.08935,1006799.44,337247.3,0.33497,0,0,1,,,,false,false
006000000001348AAA,2026-06-30,329,181-365,,141027.96,2,2,0.082993,705139.79,211508.97,0.299953,437,0,1,32,66,16,true,false
006000000001349AAA,2026-06-30,143,91-180,143,,1,1,0.016497,1003013.34,418721.52,0.417464,0,0,1,,,,false,false
006000000001350AAA,2026-06-30,79,61-90,79,,1,1,0.047831,796380.23,218393.22,0.274232,0,0,1,,,,false,false
006000000001351AAA,2026-06-30,178,91-180,,590354.96,3,3,0.067326,983924.93,326997.59,0.33234,70,0,0.715628,66,31,61,false,false
006000000001352AAA,2026-06-30,202,181-365,202,,3,2,0.040984,552186.21,184493.1,0.334114,0,0,0,,,,false,false
006000000001353AAA,2026-06-30,134,91-180,134,,3,3,0.04467,383870.96,108531.37,0.282729,0,0,0.733498,,,,false,false
006000000001354AAA,2026-06-30,138,91-180,138,,4,4,0.051116,886475.03,314252.97,0.354497,0,0,1,,,,false,false
006000000001355AAA,2026-06-30,578,365+,,530750.74,3,3,0.079873,884584.57,268299.03,0.303305,489,0,1,42,63,38,true,false
006000000001356AAA,2026-06-30,100,91-180,100,,4,4,0.055189,597568.55,228471.66,0.382335,0,0,1,,,,false,false
006000000001357AAA,2026-06-30,99,91-180,,209720.56,5,5,0.054141,524301.39,194691.13,0.371334,109,2,1,64,32,36,false,false
006000000001358AAA,2026-06-30,239,181-365,239,,3,2,0.091273,422725.65,106986.63,0.253088,68,1,0.714733,,,,false,false
006000000001359AAA,2026-06-30,181,181-365,181,,2,2,0.078705,374823.72,103142.79,0.275177,0,0,0,,,,false,false
006000000001360AAA,2026-06-30,232,181-365,,2339341.99,4,4,0.077268,3898903.31,1081105.84,0.277285,149,0,1,56,48,53,false,false
006000000001361AAA,2026-06-30,156,91-180,156,,3,3,0.074702,661158.82,211081.44,0.31926,0,0,0.472236,,,,false,false
006000000001362AAA,2026-06-30,174,91-180,174,,3,3,0.084963,201226.02,64844.12,0.322245,0,0,0.609246,,,,false,false
006000000001363AAA,2026-06-30,120,91-180,,600281.98,3,2,0.065253,1000469.97,275527.24,0.275398,98,1,1,60,30,58,false,false
006000000001364AAA,2026-06-30,152,91-180,152,,2,1,0.059258,449962.41,171769.16,0.381741,0,0,1,,,,false,false
006000000001365AAA,2026-06-30,82,61-90,82,,3,3,0.060047,830381.9,253193.47,0.304912,0,0,1,,,,false,false
006000000001366AAA,2026-06-30,106,91-180,106,,4,2,0.074409,238264.16,64829.12,0.272089,0,0,0.756358,,,,false,false
006000000001367AAA,2026-06-30,94,91-180,,345703.2,4,3,0.072401,864258.01,249332.57,0.288493,75,2,0.727565,59,28,40,false,false
006000000001368AAA,2026-06-30,179,91-180,179,,1,1,0.06447,703376.55,237042,0.337006,0,0,1,,,,false,false
006000000001369AAA,2026-06-30,149,91-180,149,,3,2,0.095304,1938112.5,626426.71,0.323215,0,0,0.706237,,,,false,false
006000000001370AAA,2026-06-30,164,91-180,,460516.57,3,3,0.046263,767527.62,254720.43,0.331871,0,0,1,72,19,68,false,false
006000000001371AAA,2026-06-30,109,91-180,,242466.35,3,2,0.081458,303082.94,111165.71,0.366783,0,0,1,81,14,89,false,false
006000000001372AAA,2026-06-30,229,181-365,229,,2,2,0.093302,760642.71,197605.39,0.259787,45,1,1,,,,false,false
006000000001373AAA,2026-06-30,168,91-180,,351881.04,1,1,0.064618,586468.4,203777,0.347465,0,0,1,68,20,68,false,true
006000000001374AAA,2026-06-30,135,91-180,,972778.48,3,2,0.080231,1215973.1,372743.5,0.306539,0,0,0.293781,76,16,89,false,false
006000000001375AAA,2026-06-30,262,181-365,262,,4,3,0.082471,747634.76,232045.07,0.310372,33,1,0.425082,,,,false,false
006000000001376AAA,2026-06-30,44,31-60,,55157.93,1,1,0.083583,551579.28,151744.38,0.275109,0,0,0,51,20,31,false,true
006000000001377AAA,2026-06-30,167,91-180,167,,4,4,0.060521,719112.4,240294.33,0.334154,0,0,0.583249,,,,false,false
006000000001378AAA,2026-06-30,143,91-180,143,,4,3,0.057098,528410.99,165577.86,0.313351,0,0,0.510004,,,,false,false
006000000001379AAA,2026-06-30,210,181-365,210,,3,2,0.070998,267109.29,86142.17,0.322498,0,0,0.339481,,,,false,false
006000000001380AAA,2026-06-30,878,365+,,38101.12,2,2,0.062676,95252.8,24066.3,0.252657,808,0,1,29,66,27,true,false
006000000001381AAA,2026-06-30,196,181-365,196,,4,3,0.089287,556931.22,178358.54,0.320252,0,0,0.69355,,,,false,false
006000000001382AAA,2026-06-30,130,91-180,130,,4,4,0.056797,744278.97,297510.7,0.39973,0,0,0.700235,,,,false,false
006000000001383AAA,2026-06-30,1048,365+,,177678.1,3,3,0.056732,296130.17,112449.18,0.379729,923,0,1,47,61,38,true,false
006000000001384AAA,2026-06-30,34,31-60,,515357.78,4,4,0.052934,1288394.44,428353.7,0.332471,0,0,0.758681,73,12,47,false,false
006000000001385AAA,2026-06-30,332,181-365,332,,1,1,0.051707,936006.94,331073.19,0.353708,92,2,1,,,,false,false
006000000001386AAA,2026-06-30,133,91-180,133,,1,1,0.01391,347329.72,126122.1,0.363119,33,2,0,,,,false,false
006000000001387AAA,2026-06-30,105,91-180,105,,4,3,0.069447,401366.05,124056.5,0.309086,0,0,1,,,,false,false
006000000001388AAA,2026-06-30,202,181-365,202,,2,2,0.08765,2611773.76,888776.47,0.340296,0,0,1,,,,false,false
006000000001389AAA,2026-06-30,143,91-180,143,,3,3,0.065961,678770.26,222757.78,0.328178,0,0,1,,,,false,false
006000000001390AAA,2026-06-30,118,91-180,118,,4,2,0.053572,604639.16,201139.46,0.33266,0,0,0.46366,,,,false,false
006000000001391AAA,2026-06-30,155,91-180,,582746.53,4,4,0.083966,971244.21,345957.42,0.3562,30,2,1,74,25,65,false,false
006000000001392AAA,2026-06-30,170,91-180,170,,1,1,0.05218,1605815.7,616412.22,0.383862,0,0,1,,,,false,false
006000000001393AAA,2026-06-30,66,61-90,66,,2,2,0.092118,764099.29,230551.72,0.30173,0,0,1,,,,false,false
006000000001394AAA,2026-06-30,144,91-180,144,,5,3,0.063444,921138.96,295496.86,0.320795,0,0,1,,,,false,false
006000000001395AAA,2026-06-30,108,91-180,,332179.38,4,3,0.077414,553632.3,170500.37,0.307967,60,1,1,68,25,62,false,false
006000000001396AAA,2026-06-30,234,181-365,234,,3,2,0.069552,272298.32,84632.74,0.310809,79,2,1,,,,false,false
006000000001397AAA,2026-06-30,146,91-180,146,,3,2,0.060414,593647.58,180380.14,0.303851,0,0,1,,,,false,false
006000000001398AAA,2026-06-30,175,91-180,,181721.09,1,1,0.05892,908605.46,341094.46,0.375404,156,0,1,43,48,20,false,true
006000000001399AAA,2026-06-30,65,61-90,,156809.16,1,1,0.131797,196011.45,44570.25,0.227386,33,1,1,69,23,86,false,true
006000000001400AAA,2026-06-30,193,181-365,193,,2,2,0.082448,274859.74,91624.96,0.333352,0,0,1,,,,false,false
006000000001401AAA,2026-06-30,232,181-365,232,,1,1,0.052692,1077970,309254.3,0.286886,0,0,1,,,,false,false
006000000001402AAA,2026-06-30,631,365+,,1336162.09,1,1,0.087998,3340405.23,937084.17,0.28053,588,0,0,29,67,27,true,true
006000000001403AAA,2026-06-30,77,61-90,77,,3,2,0.084162,1444256.08,476619.36,0.33001,0,0,1,,,,false,false
006000000001404AAA,2026-06-30,313,181-365,,172314.23,4,3,0.05599,287190.39,97765.11,0.340419,334,0,1,52,57,38,false,false
006000000001405AAA,2026-06-30,155,91-180,155,,4,3,0.080686,517559.72,150948.32,0.291654,40,2,0.523839,,,,false,false
006000000001406AAA,2026-06-30,181,181-365,181,,5,5,0.059269,1464420.88,515745.57,0.352184,41,2,0.58473,,,,false,false
006000000001407AAA,2026-06-30,176,91-180,176,,5,5,0.049841,481244.54,162950.7,0.338603,0,0,1,,,,false,false
006000000001408AAA,2026-06-30,143,91-180,143,,2,2,0.069378,257461.84,80445.19,0.312455,0,0,1,,,,false,false
006000000001409AAA,2026-06-30,198,181-365,198,,3,2,0.064098,1241799.13,371575.75,0.299224,0,0,0.292736,,,,false,false
006000000001410AAA,2026-06-30,179,91-180,,605363.48,2,2,0.063101,3026817.4,861610.03,0.284659,265,0,1,37,52,16,false,false
006000000001411AAA,2026-06-30,941,365+,,179389.91,3,2,0.088734,896949.54,246413.41,0.274724,979,0,1,24,70,16,true,false
006000000001412AAA,2026-06-30,164,91-180,164,,2,2,0.03885,782911.62,270560.61,0.345583,0,0,0.450268,,,,false,false
006000000001413AAA,2026-06-30,121,91-180,121,,3,2,0.036459,196699.95,61879.05,0.314586,0,0,0.645151,,,,false,false
006000000001414AAA,2026-06-30,135,91-180,135,,1,1,0.115497,435134.31,114443.29,0.263007,0,0,1,,,,false,false
006000000001415AAA,2026-06-30,190,181-365,190,,4,4,0.069776,166089.75,54839.69,0.330181,0,0,0.518414,,,,false,false
006000000001416AAA,2026-06-30,179,91-180,179,,2,2,0.105125,509779.06,125722.4,0.246621,0,0,1,,,,false,false
006000000001417AAA,2026-06-30,146,91-180,146,,3,3,0.069811,374893.46,114437.84,0.305254,0,0,1,,,,false,false
006000000001418AAA,2026-06-30,235,181-365,235,,4,3,0.072909,892378.67,260505.29,0.291922,0,0,0.38404,,,,false,false
006000000001419AAA,2026-06-30,139,91-180,139,,1,1,0.041914,589455.44,193331.36,0.327983,0,0,1,,,,false,false
006000000001420AAA,2026-06-30,110,91-180,110,,2,1,0.055616,709983.47,254056.79,0.357835,0,0,1,,,,false,false
006000000001421AAA,2026-06-30,169,91-180,169,,3,2,0.068276,890036.88,293212.8,0.329439,0,0,1,,,,false,false
006000000001422AAA,2026-06-30,110,91-180,110,,4,3,0.075569,345809.09,107628.96,0.311238,0,0,0.597461,,,,false,false
006000000001423AAA,2026-06-30,166,91-180,166,,4,4,0.074218,1106242.8,351515.61,0.317756,0,0,1,,,,false,false
006000000001424AAA,2026-06-30,47,31-60,,297183.86,4,4,0.063475,371479.82,127567.58,0.343404,0,0,1,87,7,89,false,false
006000000001425AAA,2026-06-30,220,181-365,220,,1,1,0.101412,762809.04,172761.12,0.22648,100,2,1,,,,false,false
006000000001426AAA,2026-06-30,51,31-60,51,,4,4,0.062897,664811.13,231350.5,0.347994,0,0,0.73406,,,,false,false
006000000001427AAA,2026-06-30,26,0-30,,69124.07,2,2,0.0648,345620.37,139706.34,0.404219,0,0,1,66,15,36,false,false
006000000001428AAA,2026-06-30,250,181-365,250,,3,3,0.082174,165325.26,56146.25,0.339611,0,0,1,,,,false,false
006000000001429AAA,2026-06-30,165,91-180,165,,3,2,0.064461,1578280.68,493069.38,0.312409,0,0,1,,,,false,false
006000000001430AAA,2026-06-30,201,181-365,201,,2,2,0.072659,649593,188157.06,0.289654,0,0,0.455345,,,,false,false
006000000001431AAA,2026-06-30,215,181-365,215,,3,2,0.067103,398477.64,124017.5,0.311228,0,0,0.681739,,,,false,false
006000000001432AAA,2026-06-30,145,91-180,145,,1,1,0.123489,790994.6,188306.47,0.238063,0,0,1,,,,false,false
006000000001433AAA,2026-06-30,153,91-180,,630470.62,3,3,0.068621,1576176.55,509144.12,0.323025,106,0,1,56,37,36,false,false
006000000001434AAA,2026-06-30,125,91-180,,120669.56,3,3,0.056108,201115.94,66308.28,0.329702,0,0,1,74,16,68,false,false
006000000001435AAA,2026-06-30,183,181-365,183,,4,4,0.057927,897101.1,295861.94,0.329798,0,0,0.536023,,,,false,false
006000000001436AAA,2026-06-30,1003,365+,,950484.77,3,3,0.06208,1584141.28,511229.84,0.322717,1003,0,0.283916,43,61,38,true,false
006000000001437AAA,2026-06-30,77,61-90,77,,3,2,0.062156,1130864.49,361751.8,0.31989,0,0,0.344121,,,,false,false
006000000001438AAA,2026-06-30,56,31-60,,243863.51,2,2,0.06928,1219317.57,434579.88,0.356412,0,0,1,62,17,36,false,false
006000000001439AAA,2026-06-30,34,31-60,,43100.36,2,2,0.060041,107750.91,38933.28,0.361327,0,0,1,70,12,47,false,false
006000000001440AAA,2026-06-30,203,181-365,203,,2,2,0.072682,581964.58,166173.2,0.285538,31,2,1,,,,false,false
006000000001441AAA,2026-06-30,1109,365+,,100597.29,2,2,0.062936,251493.22,76185.74,0.302934,1043,2,1,33,64,27,true,false
006000000001442AAA,2026-06-30,163,91-180,163,,4,2,0.043138,267513.69,82125.1,0.306994,64,2,0.702979,,,,false,false
006000000001443AAA,2026-06-30,772,365+,,285212.94,3,3,0.065225,356516.18,114915.5,0.322329,604,0,0,50,58,49,false,false
006000000001444AAA,2026-06-30,262,181-365,,132585.19,3,3,0.054494,165731.49,52606.59,0.317421,119,2,1,65,41,77,false,false
006000000001445AAA,2026-06-30,188,181-365,188,,3,2,0.074072,1374760.45,412805.68,0.300275,0,0,1,,,,false,false
006000000001446AAA,2026-06-30,159,91-180,159,,4,3,0.077528,424891.92,124906,0.293971,0,0,0.190183,,,,false,false
006000000001447AAA,2026-06-30,75,61-90,,1046456.53,3,1,0.105611,1744094.22,409279.17,0.234666,185,0,0.645092,49,44,40,false,true
006000000001448AAA,2026-06-30,685,365+,,534016.81,4,4,0.073441,1335042.02,427327.84,0.320086,664,0,0.26889,39,65,27,true,false
006000000001449AAA,2026-06-30,156,91-180,156,,4,3,0.049968,1329161.36,473779.09,0.35645,0,0,1,,,,false,false
006000000001450AAA,2026-06-30,205,181-365,205,,5,5,0.046323,261557.53,99089.08,0.378842,107,2,1,,,,false,false
006000000001451AAA,2026-06-30,537,365+,,158681.74,3,2,0.089318,793408.7,276269.86,0.348206,541,0,0.623266,29,70,16,true,false
006000000001452AAA,2026-06-30,115,91-180,115,,4,3,0.062062,282411.05,94503.34,0.33463,0,0,0.837629,,,,false,false
006000000001453AAA,2026-06-30,146,91-180,146,,4,3,0.052227,246094.06,85396.18,0.347006,0,0,1,,,,false,false
006000000001454AAA,2026-06-30,208,181-365,208,,4,2,0.066842,742576.65,226553.32,0.305091,0,0,1,,,,false,false
006000000001455AAA,2026-06-30,244,181-365,244,,4,2,0.045016,519623.19,165389.19,0.318287,41,1,0.485697,,,,false,false
006000000001456AAA,2026-06-30,226,181-365,226,,3,2,0.07303,574001.14,165031.98,0.287512,0,0,0.64915,,,,false,false
006000000001457AAA,2026-06-30,680,365+,,719481.13,1,1,0.084412,1798702.83,735450.48,0.408878,619,0,1,37,66,27,true,true
006000000001458AAA,2026-06-30,405,365+,,211168.51,4,4,0.063485,1055842.57,329241.88,0.311829,450,2,0.459071,35,67,16,true,false
006000000001459AAA,2026-06-30,105,91-180,,420438.66,2,2,0.055964,1051096.65,367024.78,0.349183,0,0,1,66,18,47,false,false
006000000001460AAA,2026-06-30,142,91-180,142,,3,2,0.05524,895503.56,255730.79,0.285572,0,0,0.678027,,,,false,false
006000000001461AAA,2026-06-30,159,91-180,159,,1,1,0.042538,1776797.1,661024,0.372031,0,0,0,,,,false,false
006000000001462AAA,2026-06-30,175,91-180,175,,3,3,0.096893,256892.54,72790.82,0.283351,0,0,1,,,,false,false
006000000001463AAA,2026-06-30,155,91-180,155,,4,2,0.062249,568469.41,203760.29,0.358437,0,0,0.418885,,,,false,false
006000000001464AAA,2026-06-30,117,91-180,117,,4,4,0.091787,240492.1,65080.09,0.270612,0,0,0.508998,,,,false,false
006000000001465AAA,2026-06-30,285,181-365,285,,3,3,0.070783,481905.98,142247.55,0.295177,0,0,0.345256,,,,false,false
006000000001466AAA,2026-06-30,297,181-365,,29960.54,5,3,0.08482,149802.69,43203.69,0.288404,302,2,0.810723,35,64,16,true,false
006000000001467AAA,2026-06-30,112,91-180,112,,4,3,0.069156,521244.17,160928.44,0.308739,0,0,0.772317,,,,false,false
006000000001468AAA,2026-06-30,147,91-180,147,,2,1,0.078299,835516.86,263138.82,0.314941,0,0,0,,,,false,false
006000000001469AAA,2026-06-30,138,91-180,138,,3,3,0.070507,537407.57,165962.96,0.308821,0,0,1,,,,false,false
006000000001470AAA,2026-06-30,230,181-365,,495409.88,2,2,0.064999,1238524.71,487269.06,0.393427,58,2,1,60,36,41,false,false
006000000001471AAA,2026-06-30,775,365+,,730298.61,3,1,0.08798,1825746.53,521518.04,0.285646,806,0,0.693777,29,67,27,true,true
006000000001472AAA,2026-06-30,137,91-180,137,,4,3,0.090556,1593746.02,466140.41,0.292481,0,0,1,,,,false,false
006000000001473AAA,2026-06-30,229,181-365,229,,4,2,0.070369,778659.71,262702.44,0.337378,0,0,1,,,,false,false
006000000001474AAA,2026-06-30,160,91-180,160,,4,4,0.067821,1097361.96,365912.66,0.333448,0,0,0.796166,,,,false,false
006000000001475AAA,2026-06-30,153,91-180,153,,4,2,0.0751,419879.65,143281.12,0.341243,0,0,0.736064,,,,false,false
006000000001476AAA,2026-06-30,607,365+,,1839208.48,1,1,0.078895,2299010.6,698625.9,0.303881,516,2,0,44,60,49,true,true
006000000001477AAA,2026-06-30,226,181-365,226,,3,3,0.082919,540663.9,147939.12,0.273625,93,2,1,,,,false,false
006000000001478AAA,2026-06-30,60,31-60,,1429427.22,2,2,0.088731,1786784.03,580546.6,0.324911,0,0,0,81,11,89,false,false
006000000001479AAA,2026-06-30,174,91-180,174,,2,2,0.068199,748947.12,227371.45,0.303588,0,0,1,,,,false,false
006000000001480AAA,2026-06-30,137,91-180,137,,1,1,0.075606,895453.8,211235,0.235897,31,2,1,,,,false,false
006000000001481AAA,2026-06-30,49,31-60,,32176.15,3,2,0.069461,160880.73,53957.12,0.335386,0,0,1,61,17,36,false,false
006000000001482AAA,2026-06-30,151,91-180,151,,4,4,0.066733,2107611.63,718766.33,0.341034,0,0,0.289786,,,,false,false
006000000001483AAA,2026-06-30,136,91-180,136,,4,4,0.054201,318281.36,114835.06,0.360797,0,0,0.727307,,,,false,false
006000000001484AAA,2026-06-30,92,91-180,92,,4,4,0.060358,809503.63,280095.51,0.346009,0,0,1,,,,false,false
006000000001485AAA,2026-06-30,97,91-180,97,,1,1,0.086004,497144.85,156057.39,0.313907,0,0,1,,,,false,false
006000000001486AAA,2026-06-30,1159,365+,,287036.16,1,1,0.118992,478393.6,135918.4,0.284114,1047,0,0,36,67,38,true,true
006000000001487AAA,2026-06-30,119,91-180,119,,4,3,0.057469,607746.84,207098.32,0.340764,0,0,0.468285,,,,false,false
006000000001488AAA,2026-06-30,520,365+,,98615.1,4,4,0.06042,493075.48,162905.23,0.330386,525,0,0.234707,32,67,16,true,false
006000000001489AAA,2026-06-30,175,91-180,,499709.69,3,2,0.07195,1249274.23,397406.63,0.31811,61,2,1,56,33,41,false,false
006000000001490AAA,2026-06-30,224,181-365,224,,2,2,0.059584,366050.73,133868.19,0.365709,0,0,1,,,,false,false
006000000001491AAA,2026-06-30,162,91-180,162,,3,2,0.051261,722672.1,253444.96,0.350705,0,0,1,,,,false,false
006000000001492AAA,2026-06-30,166,91-180,166,,3,3,0.074435,391554.92,129043.12,0.329566,0,0,1,,,,false,false
006000000001493AAA,2026-06-30,194,181-365,194,,2,2,0.06785,778686.65,206568.5,0.265278,0,0,0.531144,,,,false,false
006000000001494AAA,2026-06-30,28,0-30,,626940.78,5,4,0.058915,1044901.3,338417.85,0.323875,0,0,1,80,8,68,false,false
006000000001495AAA,2026-06-30,98,91-180,,363899.38,4,3,0.08095,454874.22,139943.99,0.307654,0,0,1,80,13,89,false,false
006000000001496AAA,2026-06-30,141,91-180,141,,3,2,0.043091,869724.14,262019.2,0.301267,0,0,1,,,,false,false
006000000001497AAA,2026-06-30,135,91-180,135,,2,2,0.067306,926505.66,309218.17,0.333747,0,0,1,,,,false,false
006000000001498AAA,2026-06-30,178,91-180,178,,3,3,0.105517,296444.62,85416.8,0.288137,0,0,1,,,,false,false
006000000001499AAA,2026-06-30,112,91-180,112,,3,3,0.107771,1861046.53,496639.5,0.26686,0,0,0.342422,,,,false,false
006000000001500AAA,2026-06-30,203,181-365,203,,1,1,0.071055,63816.09,16789.83,0.263097,35,1,0,,,,false,false
