ContactId,AccountId,FirstName,LastName,FullName,JobTitle,Department,DecisionRole,Email,Phone,ActiveFlag,CreatedDate
003000000000001AAA,001000000000001AAA,Nadia,Lee,Nadia Lee,Plant Manager,Operations,Decision Maker,Nadia.Lee.1@northstarautomotiveg.example,+1-555-610-1249,true,2024-03-22
003000000000002AAA,001000000000002AAA,Amara,Bennett,Amara Bennett,VP of Operations,Leadership,Executive Sponsor,Amara.Bennett.2@metrovalemotors.example,+1-555-433-2360,true,2021-05-06
003000000000003AAA,001000000000003AAA,Camila,Hernandez,Camila Hernandez,VP of Operations,Leadership,Executive Sponsor,Camila.Hernandez.3@summitmotorworks.example,+1-555-882-6806,true,2022-06-19
003000000000004AAA,001000000000004AAA,Priya,Singh,Priya Singh,Director of Procurement,Procurement,Economic Buyer,Priya.Singh.4@continentalmobilitys.example,+1-555-140-1963,true,2018-11-15
003000000000005AAA,001000000000005AAA,Mateo,Green,Mateo Green,Director of Procurement,Procurement,Economic Buyer,Mateo.Green.5@auroravehicleworks.example,+1-555-911-8241,true,2025-06-01
003000000000006AAA,001000000000006AAA,Omar,Flores,Omar Flores,Senior Buyer,Procurement,Influencer,Omar.Flores.6@riograndemobility.example,+1-555-994-7845,true,2018-08-19
003000000000007AAA,001000000000007AAA,Camila,Johnson,Camila Johnson,Chief Engineer,Engineering,Technical Buyer,Camila.Johnson.7@sierraroadcraft.example,+1-555-609-3276,false,2019-08-28
003000000000008AAA,001000000000008AAA,Amara,Adams,Amara Adams,Director of Procurement,Procurement,Economic Buyer,Amara.Adams.8@bluerivervehiclesyst.example,+1-555-321-8504,true,2022-11-12
003000000000009AAA,001000000000009AAA,Priya,Adams,Priya Adams,Quality Manager,Quality,Technical Buyer,Priya.Adams.9@pioneerchassisgroup.example,+1-555-169-5032,true,2024-08-07
003000000000010AAA,001000000000010AAA,Priya,Robinson,Priya Robinson,VP of Operations,Leadership,Executive Sponsor,Priya.Robinson.10@evergreenfleetservic.example,+1-555-781-4392,true,2021-05-28
003000000000011AAA,001000000000011AAA,Bianca,Patel,Bianca Patel,Program Manager,Program Management,Decision Maker,Bianca.Patel.11@aldermobility.example,+1-555-453-4373,true,2023-02-13
003000000000012AAA,001000000000012AAA,Gabriel,Robinson,Gabriel Robinson,Finance Director,Finance,Economic Buyer,Gabriel.Robinson.12@blueridgeautomotive.example,+1-555-894-5065,true,2025-06-06
003000000000013AAA,001000000000013AAA,Leo,Johnson,Leo Johnson,Finance Director,Finance,Economic Buyer,Leo.Johnson.13@aldermotorsystems.example,+1-555-280-8912,true,2024-12-07
003000000000014AAA,001000000000014AAA,Priya,Lewis,Priya Lewis,Senior Buyer,Procurement,Influencer,Priya.Lewis.14@eastgatevehiclesyste.example,+1-555-360-2730,true,2020-01-21
003000000000015AAA,001000000000015AAA,Bianca,Singh,Bianca Singh,Finance Director,Finance,Economic Buyer,Bianca.Singh.15@cedardistribution.example,+1-555-114-7123,false,2022-05-24
003000000000016AAA,001000000000016AAA,Lina,Cruz,Lina Cruz,Quality Manager,Quality,Technical Buyer,Lina.Cruz.16@meridianmanufacturin.example,+1-555-546-5078,true,2026-01-24
003000000000017AAA,001000000000017AAA,Bianca,Alvarez,Bianca Alvarez,Plant Manager,Operations,Decision Maker,Bianca.Alvarez.17@meridianautomotive.example,+1-555-402-8335,true,2019-08-04
003000000000018AAA,001000000000018AAA,Gabriel,Bennett,Gabriel Bennett,Quality Manager,Quality,Technical Buyer,Gabriel.Bennett.18@cobaltcomponents.example,+1-555-414-1722,true,2020-10-18
003000000000019AAA,001000000000019AAA,Priya,Ramirez,Priya Ramirez,Finance Director,Finance,Economic Buyer,Priya.Ramirez.19@blueridgepowertrain.example,+1-555-736-6041,true,2022-04-11
003000000000020AAA,001000000000020AAA,Alyssa,Bennett,Alyssa Bennett,VP of Operations,Leadership,Executive Sponsor,Alyssa.Bennett.20@blueridgetransportgr.example,+1-555-498-8472,true,2022-03-05
003000000000021AAA,001000000000021AAA,Carson,Robinson,Carson Robinson,Finance Director,Finance,Economic Buyer,Carson.Robinson.21@oaklineperformancepa.example,+1-555-758-1764,false,2023-07-18
003000000000022AAA,001000000000022AAA,Fatima,Bennett,Fatima Bennett,Senior Buyer,Procurement,Influencer,Fatima.Bennett.22@westgateindustrialsu.example,+1-555-652-1574,false,2021-11-24
003000000000023AAA,001000000000023AAA,Zane,Cruz,Zane Cruz,VP of Operations,Leadership,Executive Sponsor,Zane.Cruz.23@suncrestfleetsolutio.example,+1-555-180-4264,true,2025-06-11
003000000000024AAA,001000000000024AAA,Rafael,Nguyen,Rafael Nguyen,Senior Buyer,Procurement,Influencer,Rafael.Nguyen.24@atlasperformancepart.example,+1-555-755-5045,true,2025-02-18
003000000000025AAA,001000000000025AAA,Rafael,Hernandez,Rafael Hernandez,Director of Procurement,Procurement,Economic Buyer,Rafael.Hernandez.25@blueridgeassembly.example,+1-555-541-6332,true,2020-03-15
003000000000026AAA,001000000000026AAA,Jonah,Kim,Jonah Kim,Plant Manager,Operations,Decision Maker,Jonah.Kim.26@westgatemotorsystems.example,+1-555-439-6000,true,2018-11-25
003000000000027AAA,001000000000027AAA,Devon,Walker,Devon Walker,Finance Director,Finance,Economic Buyer,Devon.Walker.27@beacondistribution.example,+1-555-690-1252,true,2018-02-28
003000000000028AAA,001000000000028AAA,Wyatt,Ramirez,Wyatt Ramirez,Finance Director,Finance,Economic Buyer,Wyatt.Ramirez.28@pinnaclefleetsolutio.example,+1-555-142-1151,true,2022-09-07
003000000000029AAA,001000000000029AAA,Omar,Adams,Omar Adams,Senior Buyer,Procurement,Influencer,Omar.Adams.29@oaklinedistribution.example,+1-555-204-3790,true,2018-08-03
003000000000030AAA,001000000000030AAA,Rina,Edwards,Rina Edwards,Senior Buyer,Procurement,Influencer,Rina.Edwards.30@northfieldtransportg.example,+1-555-317-9239,true,2024-12-15
003000000000031AAA,001000000000031AAA,Amara,Singh,Amara Singh,Chief Engineer,Engineering,Technical Buyer,Amara.Singh.31@cedartransportgroup.example,+1-555-237-5712,true,2026-03-18
003000000000032AAA,001000000000032AAA,Fatima,Miller,Fatima Miller,VP of Operations,Leadership,Executive Sponsor,Fatima.Miller.32@beaconperformancepar.example,+1-555-326-9503,true,2020-04-12
003000000000033AAA,001000000000033AAA,Lina,Hall,Lina Hall,VP of Operations,Leadership,Executive Sponsor,Lina.Hall.33@eastgatemanufacturin.example,+1-555-316-9059,true,2022-07-29
003000000000034AAA,001000000000034AAA,Elena,Patel,Elena Patel,Program Manager,Program Management,Decision Maker,Elena.Patel.34@meridiandistribution.example,+1-555-909-7001,true,2020-07-21
003000000000035AAA,001000000000035AAA,Noah,Singh,Noah Singh,Plant Manager,Operations,Decision Maker,Noah.Singh.35@northfieldassembly.example,+1-555-688-6775,true,2023-10-25
003000000000036AAA,001000000000036AAA,Aiden,Taylor,Aiden Taylor,Quality Manager,Quality,Technical Buyer,Aiden.Taylor.36@silverlinepowertrain.example,+1-555-227-8946,true,2026-05-12
003000000000037AAA,001000000000037AAA,Leo,Chen,Leo Chen,Chief Engineer,Engineering,Technical Buyer,Leo.Chen.37@frontierautomotive.example,+1-555-137-3546,true,2018-07-21
003000000000038AAA,001000000000038AAA,Camila,Flores,Camila Flores,Chief Engineer,Engineering,Technical Buyer,Camila.Flores.38@prairiecomponents.example,+1-555-703-6344,true,2024-12-27
003000000000039AAA,001000000000039AAA,Alyssa,Walker,Alyssa Walker,Director of Procurement,Procurement,Economic Buyer,Alyssa.Walker.39@timberlinemotorsyste.example,+1-555-939-1259,true,2021-06-26
003000000000040AAA,001000000000040AAA,Alyssa,Green,Alyssa Green,Finance Director,Finance,Economic Buyer,Alyssa.Green.40@frontierassembly.example,+1-555-576-2979,true,2019-05-28
003000000000041AAA,001000000000041AAA,Grace,Garcia,Grace Garcia,Program Manager,Program Management,Decision Maker,Grace.Garcia.41@suncrestmanufacturin.example,+1-555-105-9647,true,2020-05-03
003000000000042AAA,001000000000042AAA,Nadia,Robinson,Nadia Robinson,Plant Manager,Operations,Decision Maker,Nadia.Robinson.42@crescentindustrialsu.example,+1-555-409-8223,true,2021-10-11
003000000000043AAA,001000000000043AAA,Caleb,Chen,Caleb Chen,VP of Operations,Leadership,Executive Sponsor,Caleb.Chen.43@alderindustrialsuppl.example,+1-555-494-1692,true,2021-06-15
003000000000044AAA,001000000000044AAA,Elliot,Lewis,Elliot Lewis,Director of Procurement,Procurement,Economic Buyer,Elliot.Lewis.44@westgateperformancep.example,+1-555-457-1506,true,2023-05-07
003000000000045AAA,001000000000045AAA,Wyatt,Miller,Wyatt Miller,Director of Procurement,Procurement,Economic Buyer,Wyatt.Miller.45@meridiandistribution.example,+1-555-337-9851,true,2021-07-01
003000000000046AAA,001000000000046AAA,Lina,Bennett,Lina Bennett,Chief Engineer,Engineering,Technical Buyer,Lina.Bennett.46@crownfleetsolutions.example,+1-555-816-6430,true,2021-09-24
003000000000047AAA,001000000000047AAA,Gabriel,Smith,Gabriel Smith,Senior Buyer,Procurement,Influencer,Gabriel.Smith.47@harbortransportgroup.example,+1-555-151-9834,false,2022-06-11
003000000000048AAA,001000000000048AAA,Nadia,Bennett,Nadia Bennett,Quality Manager,Quality,Technical Buyer,Nadia.Bennett.48@unionautomotive.example,+1-555-382-1505,true,2025-10-09
003000000000049AAA,001000000000049AAA,Fatima,Kim,Fatima Kim,Finance Director,Finance,Economic Buyer,Fatima.Kim.49@lakeviewfleetsolutio.example,+1-555-707-5489,true,2025-08-03
003000000000050AAA,001000000000050AAA,Bianca,Adams,Bianca Adams,Plant Manager,Operations,Decision Maker,Bianca.Adams.50@granitefleetsolution.example,+1-555-702-2806,true,2018-01-23
003000000000051AAA,001000000000051AAA,Yara,Miller,Yara Miller,Plant Manager,Operations,Decision Maker,Yara.Miller.51@prairiemotorsystems.example,+1-555-563-4288,true,2020-02-03
003000000000052AAA,001000000000052AAA,Devon,Taylor,Devon Taylor,Senior Buyer,Procurement,Influencer,Devon.Taylor.52@crownfleetsolutions4.example,+1-555-917-4326,true,2022-01-09
003000000000053AAA,001000000000053AAA,Jade,Garcia,Jade Garcia,Director of Procurement,Procurement,Economic Buyer,Jade.Garcia.53@deltamobility.example,+1-555-720-4708,true,2020-02-24
003000000000054AAA,001000000000054AAA,Isaac,Turner,Isaac Turner,Quality Manager,Quality,Technical Buyer,Isaac.Turner.54@stonebridgepowertrai.example,+1-555-971-2377,true,2026-04-29
003000000000055AAA,001000000000055AAA,Rafael,Baker,Rafael Baker,Program Manager,Program Management,Decision Maker,Rafael.Baker.55@beaconvehiclesystems.example,+1-555-420-3980,true,2020-12-10
003000000000056AAA,001000000000056AAA,Caleb,Thomas,Caleb Thomas,Finance Director,Finance,Economic Buyer,Caleb.Thomas.56@valleyassembly.example,+1-555-915-1355,true,2024-10-07
003000000000057AAA,001000000000057AAA,Gabriel,Flores,Gabriel Flores,Quality Manager,Quality,Technical Buyer,Gabriel.Flores.57@silverlineassembly.example,+1-555-565-5039,true,2021-10-10
003000000000058AAA,001000000000058AAA,Alyssa,Thomas,Alyssa Thomas,Finance Director,Finance,Economic Buyer,Alyssa.Thomas.58@valleyperformancepar.example,+1-555-496-4025,true,2019-02-08
003000000000059AAA,001000000000059AAA,Imani,Miller,Imani Miller,Plant Manager,Operations,Decision Maker,Imani.Miller.59@ridgewayvehiclesyste.example,+1-555-517-5639,true,2018-07-05
003000000000060AAA,001000000000060AAA,Zane,Flores,Zane Flores,Chief Engineer,Engineering,Technical Buyer,Zane.Flores.60@westgateautomotive.example,+1-555-522-1428,true,2018-09-10
003000000000061AAA,001000000000061AAA,Isaac,Chen,Isaac Chen,Chief Engineer,Engineering,Technical Buyer,Isaac.Chen.61@meridiandistribution.example,+1-555-844-8699,true,2021-03-20
003000000000062AAA,001000000000062AAA,Wyatt,Nguyen,Wyatt Nguyen,Chief Engineer,Engineering,Technical Buyer,Wyatt.Nguyen.62@centralmobility.example,+1-555-217-2282,true,2018-09-13
003000000000063AAA,001000000000063AAA,Amara,Baker,Amara Baker,VP of Operations,Leadership,Executive Sponsor,Amara.Baker.63@windwardvehiclesyste.example,+1-555-757-2420,true,2021-10-09
003000000000064AAA,001000000000064AAA,Bianca,Hall,Bianca Hall,Quality Manager,Quality,Technical Buyer,Bianca.Hall.64@crescentmobility.example,+1-555-636-3224,true,2019-02-01
003000000000065AAA,001000000000065AAA,Elliot,Patel,Elliot Patel,Quality Manager,Quality,Technical Buyer,Elliot.Patel.65@canyonmotorsystems.example,+1-555-331-6719,true,2025-03-28
003000000000066AAA,001000000000066AAA,Mateo,Young,Mateo Young,Finance Director,Finance,Economic Buyer,Mateo.Young.66@atlaspowertrain.example,+1-555-951-5223,true,2021-12-09
003000000000067AAA,001000000000067AAA,Valeria,Baker,Valeria Baker,Senior Buyer,Procurement,Influencer,Valeria.Baker.67@pacifictransportgrou.example,+1-555-210-5835,true,2019-03-02
003000000000068AAA,001000000000068AAA,Grace,Nguyen,Grace Nguyen,Program Manager,Program Management,Decision Maker,Grace.Nguyen.68@suncrestperformancep.example,+1-555-391-8209,true,2024-07-12
003000000000069AAA,001000000000069AAA,Gabriel,Ward,Gabriel Ward,Chief Engineer,Engineering,Technical Buyer,Gabriel.Ward.69@crescentengineering.example,+1-555-443-4882,true,2021-04-20
003000000000070AAA,001000000000070AAA,Valeria,Garcia,Valeria Garcia,Quality Manager,Quality,Technical Buyer,Valeria.Garcia.70@pacificautomotive.example,+1-555-227-4980,true,2022-02-19
003000000000071AAA,001000000000071AAA,Devon,Thomas,Devon Thomas,VP of Operations,Leadership,Executive Sponsor,Devon.Thomas.71@unionmotorsystems.example,+1-555-848-4205,true,2021-02-13
003000000000072AAA,001000000000072AAA,Alyssa,Alvarez,Alyssa Alvarez,Finance Director,Finance,Economic Buyer,Alyssa.Alvarez.72@libertymanufacturing.example,+1-555-484-7496,true,2025-04-17
003000000000073AAA,001000000000073AAA,Olivia,Green,Olivia Green,VP of Operations,Leadership,Executive Sponsor,Olivia.Green.73@mapleengineering.example,+1-555-296-6282,true,2021-09-05
003000000000074AAA,001000000000074AAA,Andre,Cruz,Andre Cruz,Senior Buyer,Procurement,Influencer,Andre.Cruz.74@maplemanufacturing.example,+1-555-417-8013,true,2019-03-07
003000000000075AAA,001000000000075AAA,Hector,Miller,Hector Miller,Plant Manager,Operations,Decision Maker,Hector.Miller.75@suncrestmobility.example,+1-555-555-6247,true,2023-07-25
003000000000076AAA,001000000000076AAA,Bianca,Edwards,Bianca Edwards,Finance Director,Finance,Economic Buyer,Bianca.Edwards.76@valleyfleetsolutions.example,+1-555-284-2364,true,2021-09-26
003000000000077AAA,001000000000077AAA,Devon,Campbell,Devon Campbell,Program Manager,Program Management,Decision Maker,Devon.Campbell.77@libertycomponents.example,+1-555-890-8842,true,2018-11-01
003000000000078AAA,001000000000078AAA,Kara,Miller,Kara Miller,Chief Engineer,Engineering,Technical Buyer,Kara.Miller.78@westgatefleetsolutio.example,+1-555-306-8755,true,2025-10-09
003000000000079AAA,001000000000079AAA,Devon,Wilson,Devon Wilson,VP of Operations,Leadership,Executive Sponsor,Devon.Wilson.79@stonebridgepowertrai.example,+1-555-692-4430,true,2021-01-29
003000000000080AAA,001000000000080AAA,Hector,Turner,Hector Turner,Finance Director,Finance,Economic Buyer,Hector.Turner.80@eastgatemanufacturin.example,+1-555-267-4837,true,2026-04-16
003000000000081AAA,001000000000081AAA,Jonah,Cruz,Jonah Cruz,Finance Director,Finance,Economic Buyer,Jonah.Cruz.81@cobaltperformancepar.example,+1-555-721-5178,true,2021-01-29
003000000000082AAA,001000000000082AAA,Imani,Flores,Imani Flores,Finance Director,Finance,Economic Buyer,Imani.Flores.82@harbordistribution.example,+1-555-248-9232,true,2023-07-26
003000000000083AAA,001000000000083AAA,Elena,Flores,Elena Flores,Finance Director,Finance,Economic Buyer,Elena.Flores.83@timberlineassembly.example,+1-555-396-3533,true,2021-11-12
003000000000084AAA,001000000000084AAA,Olivia,Walker,Olivia Walker,Finance Director,Finance,Economic Buyer,Olivia.Walker.84@mapleperformancepart.example,+1-555-736-1792,true,2019-04-03
003000000000085AAA,001000000000085AAA,Daria,Reed,Daria Reed,Plant Manager,Operations,Decision Maker,Daria.Reed.85@westgatetransportgro.example,+1-555-396-5066,true,2025-09-06
003000000000086AAA,001000000000086AAA,Yara,Smith,Yara Smith,Chief Engineer,Engineering,Technical Buyer,Yara.Smith.86@pacifictransportgrou.example,+1-555-526-1088,true,2020-10-25
003000000000087AAA,001000000000087AAA,Imani,Campbell,Imani Campbell,Quality Manager,Quality,Technical Buyer,Imani.Campbell.87@pacificpowertrain.example,+1-555-629-3909,true,2020-03-08
003000000000088AAA,001000000000088AAA,Maya,Cruz,Maya Cruz,Plant Manager,Operations,Decision Maker,Maya.Cruz.88@unionfleetsolutions.example,+1-555-469-6702,true,2025-11-08
003000000000089AAA,001000000000089AAA,Yara,Kim,Yara Kim,Quality Manager,Quality,Technical Buyer,Yara.Kim.89@valleymobility.example,+1-555-654-3831,true,2025-12-26
003000000000090AAA,001000000000090AAA,Grace,Garcia,Grace Garcia,Director of Procurement,Procurement,Economic Buyer,Grace.Garcia.90@prairieassembly.example,+1-555-630-3060,true,2022-02-21
003000000000091AAA,001000000000091AAA,Alyssa,Bennett,Alyssa Bennett,Plant Manager,Operations,Decision Maker,Alyssa.Bennett.91@frontierdistribution.example,+1-555-992-2889,true,2024-05-21
003000000000092AAA,001000000000092AAA,Omar,Morgan,Omar Morgan,VP of Operations,Leadership,Executive Sponsor,Omar.Morgan.92@crescentpowertrain.example,+1-555-102-5071,true,2024-12-04
003000000000093AAA,001000000000093AAA,Gabriel,Rivera,Gabriel Rivera,Program Manager,Program Management,Decision Maker,Gabriel.Rivera.93@heritageengineering.example,+1-555-847-1228,true,2020-06-13
003000000000094AAA,001000000000094AAA,Theo,Martinez,Theo Martinez,Director of Procurement,Procurement,Economic Buyer,Theo.Martinez.94@silverlinecomponents.example,+1-555-588-4457,true,2023-12-20
003000000000095AAA,001000000000095AAA,Gabriel,Cruz,Gabriel Cruz,Quality Manager,Quality,Technical Buyer,Gabriel.Cruz.95@keystonetransportgro.example,+1-555-438-7521,true,2019-02-18
003000000000096AAA,001000000000096AAA,Mateo,Alvarez,Mateo Alvarez,Quality Manager,Quality,Technical Buyer,Mateo.Alvarez.96@timberlinevehiclesys.example,+1-555-545-4471,true,2018-10-07
003000000000097AAA,001000000000097AAA,Nadia,Patel,Nadia Patel,Senior Buyer,Procurement,Influencer,Nadia.Patel.97@prairietransportgrou.example,+1-555-576-5295,true,2023-12-21
003000000000098AAA,001000000000098AAA,Camila,Nguyen,Camila Nguyen,Director of Procurement,Procurement,Economic Buyer,Camila.Nguyen.98@cedarvehiclesystems.example,+1-555-244-8529,true,2019-09-07
003000000000099AAA,001000000000099AAA,Olivia,Adams,Olivia Adams,Senior Buyer,Procurement,Influencer,Olivia.Adams.99@silverlinepowertrain.example,+1-555-585-2111,false,2023-05-19
003000000000100AAA,001000000000100AAA,Isaac,Hall,Isaac Hall,Senior Buyer,Procurement,Influencer,Isaac.Hall.100@ridgewaydistribution.example,+1-555-230-6518,true,2019-02-03
003000000000101AAA,001000000000101AAA,Kara,Lee,Kara Lee,VP of Operations,Leadership,Executive Sponsor,Kara.Lee.101@timberlineassembly6.example,+1-555-162-3328,true,2023-11-30
003000000000102AAA,001000000000102AAA,Carson,Young,Carson Young,Program Manager,Program Management,Decision Maker,Carson.Young.102@unionfleetsolutions6.example,+1-555-507-3629,true,2025-12-20
003000000000103AAA,001000000000103AAA,Amara,Chen,Amara Chen,VP of Operations,Leadership,Executive Sponsor,Amara.Chen.103@maplemotorsystems.example,+1-555-578-1357,true,2026-03-19
003000000000104AAA,001000000000104AAA,Noah,Diaz,Noah Diaz,Plant Manager,Operations,Decision Maker,Noah.Diaz.104@graniteassembly.example,+1-555-234-2060,true,2024-10-14
003000000000105AAA,001000000000105AAA,Grace,Wilson,Grace Wilson,Plant Manager,Operations,Decision Maker,Grace.Wilson.105@harborfleetsolutions.example,+1-555-421-6649,true,2024-05-13
003000000000106AAA,001000000000106AAA,Kara,Kim,Kara Kim,VP of Operations,Leadership,Executive Sponsor,Kara.Kim.106@beaconengineering.example,+1-555-501-7393,true,2022-09-25
003000000000107AAA,001000000000107AAA,Grace,Robinson,Grace Robinson,Director of Procurement,Procurement,Economic Buyer,Grace.Robinson.107@windwardindustrialsu.example,+1-555-456-6227,true,2025-03-16
003000000000108AAA,001000000000108AAA,Wyatt,Cruz,Wyatt Cruz,Finance Director,Finance,Economic Buyer,Wyatt.Cruz.108@silverlineperformanc.example,+1-555-344-3852,true,2021-06-14
003000000000109AAA,001000000000109AAA,Zane,Green,Zane Green,VP of Operations,Leadership,Executive Sponsor,Zane.Green.109@valleypowertrain.example,+1-555-914-7089,true,2019-06-26
003000000000110AAA,001000000000110AAA,Devon,Patel,Devon Patel,Senior Buyer,Procurement,Influencer,Devon.Patel.110@pacificperformancepa.example,+1-555-962-3877,true,2021-04-24
003000000000111AAA,001000000000111AAA,Nadia,Lee,Nadia Lee,Plant Manager,Operations,Decision Maker,Nadia.Lee.111@keystonedistribution.example,+1-555-426-5924,true,2024-05-11
003000000000112AAA,001000000000112AAA,Elena,Adams,Elena Adams,Program Manager,Program Management,Decision Maker,Elena.Adams.112@stonebridgemotorsyst.example,+1-555-597-4673,true,2026-04-17
003000000000113AAA,001000000000113AAA,Yara,Ramirez,Yara Ramirez,Quality Manager,Quality,Technical Buyer,Yara.Ramirez.113@ridgewaymanufacturin.example,+1-555-252-3679,true,2020-08-12
003000000000114AAA,001000000000114AAA,Wyatt,Martinez,Wyatt Martinez,Finance Director,Finance,Economic Buyer,Wyatt.Martinez.114@eastgateautomotive.example,+1-555-414-1789,true,2021-04-01
003000000000115AAA,001000000000115AAA,Gabriel,Singh,Gabriel Singh,Quality Manager,Quality,Technical Buyer,Gabriel.Singh.115@cobaltengineering.example,+1-555-882-1193,true,2024-03-05
003000000000116AAA,001000000000116AAA,Lina,Flores,Lina Flores,Program Manager,Program Management,Decision Maker,Lina.Flores.116@suncresttransportgro.example,+1-555-840-1228,true,2019-02-28
003000000000117AAA,001000000000117AAA,Camila,Smith,Camila Smith,Quality Manager,Quality,Technical Buyer,Camila.Smith.117@keystonemobility.example,+1-555-363-5546,true,2025-11-20
003000000000118AAA,001000000000118AAA,Carson,Adams,Carson Adams,Quality Manager,Quality,Technical Buyer,Carson.Adams.118@alderassembly.example,+1-555-327-8356,true,2022-08-17
003000000000119AAA,001000000000119AAA,Yara,Walker,Yara Walker,Director of Procurement,Procurement,Economic Buyer,Yara.Walker.119@granitetransportgrou.example,+1-555-212-8834,false,2020-07-23
003000000000120AAA,001000000000120AAA,Kara,Edwards,Kara Edwards,Program Manager,Program Management,Decision Maker,Kara.Edwards.120@oaklineengineering.example,+1-555-381-8634,true,2024-04-27
003000000000121AAA,001000000000121AAA,Amara,Turner,Amara Turner,Plant Manager,Operations,Decision Maker,Amara.Turner.121@aldercomponents.example,+1-555-872-2696,true,2026-04-29
003000000000122AAA,001000000000122AAA,Zane,Taylor,Zane Taylor,Senior Buyer,Procurement,Influencer,Zane.Taylor.122@pinnacledistribution.example,+1-555-591-6436,true,2019-04-29
003000000000123AAA,001000000000123AAA,Omar,Williams,Omar Williams,Chief Engineer,Engineering,Technical Buyer,Omar.Williams.123@crescentfleetsolutio.example,+1-555-654-2047,true,2020-12-09
003000000000124AAA,001000000000124AAA,Grace,Clark,Grace Clark,Plant Manager,Operations,Decision Maker,Grace.Clark.124@cedardistribution46.example,+1-555-187-8898,true,2020-06-18
003000000000125AAA,001000000000125AAA,Andre,Flores,Andre Flores,VP of Operations,Leadership,Executive Sponsor,Andre.Flores.125@frontierassembly31.example,+1-555-331-6612,true,2022-10-12
003000000000126AAA,001000000000126AAA,Isaac,Diaz,Isaac Diaz,Senior Buyer,Procurement,Influencer,Isaac.Diaz.126@windwarddistribution.example,+1-555-950-4046,true,2018-08-14
003000000000127AAA,001000000000127AAA,Isaac,Ward,Isaac Ward,Quality Manager,Quality,Technical Buyer,Isaac.Ward.127@atlasmobility.example,+1-555-829-1303,true,2020-07-30
003000000000128AAA,001000000000128AAA,Amara,Flores,Amara Flores,Plant Manager,Operations,Decision Maker,Amara.Flores.128@blueridgemotorsystem.example,+1-555-728-8779,true,2025-04-20
003000000000129AAA,001000000000129AAA,Elena,Miller,Elena Miller,Quality Manager,Quality,Technical Buyer,Elena.Miller.129@cedarmotorsystems.example,+1-555-623-8695,true,2024-03-23
003000000000130AAA,001000000000130AAA,Yara,Alvarez,Yara Alvarez,Finance Director,Finance,Economic Buyer,Yara.Alvarez.130@crescentengineering6.example,+1-555-920-8477,true,2026-01-18
003000000000131AAA,001000000000131AAA,Andre,Miller,Andre Miller,VP of Operations,Leadership,Executive Sponsor,Andre.Miller.131@aldervehiclesystems.example,+1-555-199-6861,true,2022-02-06
003000000000132AAA,001000000000132AAA,Carson,Morgan,Carson Morgan,Program Manager,Program Management,Decision Maker,Carson.Morgan.132@blueridgeperformance.example,+1-555-344-2549,true,2024-04-25
003000000000133AAA,001000000000133AAA,Rina,Edwards,Rina Edwards,Plant Manager,Operations,Decision Maker,Rina.Edwards.133@oaklinemobility.example,+1-555-706-4323,true,2021-03-26
003000000000134AAA,001000000000134AAA,Rina,Williams,Rina Williams,Plant Manager,Operations,Decision Maker,Rina.Williams.134@ridgewayfleetsolutio.example,+1-555-437-7159,true,2021-05-01
003000000000135AAA,001000000000135AAA,Rafael,Baker,Rafael Baker,Quality Manager,Quality,Technical Buyer,Rafael.Baker.135@crescentautomotive.example,+1-555-275-9694,true,2021-12-24
003000000000136AAA,001000000000136AAA,Fatima,Baker,Fatima Baker,Chief Engineer,Engineering,Technical Buyer,Fatima.Baker.136@redwoodindustrialsup.example,+1-555-324-4829,true,2020-10-28
003000000000137AAA,001000000000137AAA,Omar,Morgan,Omar Morgan,Director of Procurement,Procurement,Economic Buyer,Omar.Morgan.137@harborengineering.example,+1-555-226-2627,true,2020-06-23
003000000000138AAA,001000000000138AAA,Gabriel,Campbell,Gabriel Campbell,Finance Director,Finance,Economic Buyer,Gabriel.Campbell.138@heritagemanufacturin.example,+1-555-218-3605,true,2018-04-17
003000000000139AAA,001000000000139AAA,Zane,Patel,Zane Patel,Plant Manager,Operations,Decision Maker,Zane.Patel.139@prairiemobility.example,+1-555-127-8032,true,2019-12-03
003000000000140AAA,001000000000140AAA,Nadia,Lewis,Nadia Lewis,Plant Manager,Operations,Decision Maker,Nadia.Lewis.140@unionfleetsolutions7.example,+1-555-125-5244,false,2021-01-08
003000000000141AAA,001000000000141AAA,Priya,Rivera,Priya Rivera,Senior Buyer,Procurement,Influencer,Priya.Rivera.141@crownfleetsolutions2.example,+1-555-545-3178,true,2022-06-10
003000000000142AAA,001000000000142AAA,Andre,Morgan,Andre Morgan,Plant Manager,Operations,Decision Maker,Andre.Morgan.142@libertymobility.example,+1-555-156-2502,true,2023-08-01
003000000000143AAA,001000000000143AAA,Aiden,Young,Aiden Young,Chief Engineer,Engineering,Technical Buyer,Aiden.Young.143@silverlineperformanc.example,+1-555-957-2098,true,2025-05-27
003000000000144AAA,001000000000144AAA,Daria,Clark,Daria Clark,Plant Manager,Operations,Decision Maker,Daria.Clark.144@centralmanufacturing.example,+1-555-251-9727,true,2019-04-26
003000000000145AAA,001000000000145AAA,Valeria,Flores,Valeria Flores,Chief Engineer,Engineering,Technical Buyer,Valeria.Flores.145@mapledistribution.example,+1-555-128-7644,true,2024-05-16
003000000000146AAA,001000000000146AAA,Caleb,Diaz,Caleb Diaz,Senior Buyer,Procurement,Influencer,Caleb.Diaz.146@redwoodmobility.example,+1-555-727-8714,true,2023-10-16
003000000000147AAA,001000000000147AAA,Valeria,Adams,Valeria Adams,VP of Operations,Leadership,Executive Sponsor,Valeria.Adams.147@pacificfleetsolution.example,+1-555-708-1436,true,2019-08-17
003000000000148AAA,001000000000148AAA,Isaac,Turner,Isaac Turner,Plant Manager,Operations,Decision Maker,Isaac.Turner.148@granitefleetsolution.example,+1-555-727-8132,true,2021-10-15
003000000000149AAA,001000000000149AAA,Elena,Diaz,Elena Diaz,Quality Manager,Quality,Technical Buyer,Elena.Diaz.149@crescentmotorsystems.example,+1-555-210-8113,true,2019-05-28
003000000000150AAA,001000000000150AAA,Devon,Robinson,Devon Robinson,Quality Manager,Quality,Technical Buyer,Devon.Robinson.150@unionmanufacturing.example,+1-555-459-9989,true,2020-04-23
003000000000151AAA,001000000000151AAA,Maya,Reed,Maya Reed,Director of Procurement,Procurement,Economic Buyer,Maya.Reed.151@cobaltindustrialsupp.example,+1-555-831-7178,true,2019-04-04
003000000000152AAA,001000000000152AAA,Fatima,Garcia,Fatima Garcia,Director of Procurement,Procurement,Economic Buyer,Fatima.Garcia.152@frontierindustrialsu.example,+1-555-163-2613,true,2023-09-03
003000000000153AAA,001000000000153AAA,Noah,Singh,Noah Singh,Chief Engineer,Engineering,Technical Buyer,Noah.Singh.153@centralmobility2.example,+1-555-392-3610,true,2020-09-11
003000000000154AAA,001000000000154AAA,Amara,Cruz,Amara Cruz,Director of Procurement,Procurement,Economic Buyer,Amara.Cruz.154@beacontransportgroup.example,+1-555-617-6632,true,2022-01-29
003000000000155AAA,001000000000155AAA,Camila,Diaz,Camila Diaz,Director of Procurement,Procurement,Economic Buyer,Camila.Diaz.155@pinnaclemobility.example,+1-555-391-4526,true,2021-09-28
003000000000156AAA,001000000000156AAA,Isaac,Cruz,Isaac Cruz,Program Manager,Program Management,Decision Maker,Isaac.Cruz.156@maplepowertrain.example,+1-555-748-2271,true,2026-04-12
003000000000157AAA,001000000000157AAA,Jonah,Rivera,Jonah Rivera,Director of Procurement,Procurement,Economic Buyer,Jonah.Rivera.157@suncrestmanufacturin.example,+1-555-129-2467,true,2020-07-10
003000000000158AAA,001000000000158AAA,Imani,Turner,Imani Turner,Program Manager,Program Management,Decision Maker,Imani.Turner.158@cobaltmobility.example,+1-555-271-4530,true,2020-03-05
003000000000159AAA,001000000000159AAA,Mateo,Cruz,Mateo Cruz,Director of Procurement,Procurement,Economic Buyer,Mateo.Cruz.159@redwoodperformancepa.example,+1-555-278-2956,true,2018-03-17
003000000000160AAA,001000000000160AAA,Zane,Miller,Zane Miller,VP of Operations,Leadership,Executive Sponsor,Zane.Miller.160@lakeviewvehiclesyste.example,+1-555-331-4195,true,2025-05-23
003000000000161AAA,001000000000161AAA,Olivia,Walker,Olivia Walker,Quality Manager,Quality,Technical Buyer,Olivia.Walker.161@centralfleetsolution.example,+1-555-799-9847,true,2021-02-09
003000000000162AAA,001000000000162AAA,Grace,Walker,Grace Walker,Senior Buyer,Procurement,Influencer,Grace.Walker.162@cobaltmanufacturing.example,+1-555-843-8463,true,2021-11-11
003000000000163AAA,001000000000163AAA,Theo,Hall,Theo Hall,Senior Buyer,Procurement,Influencer,Theo.Hall.163@blueridgeengineering.example,+1-555-688-6149,true,2023-03-15
003000000000164AAA,001000000000164AAA,Jade,Bennett,Jade Bennett,Quality Manager,Quality,Technical Buyer,Jade.Bennett.164@beaconautomotive.example,+1-555-641-2394,true,2022-06-28
003000000000165AAA,001000000000165AAA,Sofia,Singh,Sofia Singh,Quality Manager,Quality,Technical Buyer,Sofia.Singh.165@maplemotorsystems51.example,+1-555-656-3250,true,2019-06-11
003000000000166AAA,001000000000166AAA,Leo,Ramirez,Leo Ramirez,Senior Buyer,Procurement,Influencer,Leo.Ramirez.166@silverlinemobility.example,+1-555-377-5009,true,2019-03-29
003000000000167AAA,001000000000167AAA,Camila,Kim,Camila Kim,Program Manager,Program Management,Decision Maker,Camila.Kim.167@centralvehiclesystem.example,+1-555-168-6655,true,2023-11-09
003000000000168AAA,001000000000168AAA,Isaac,Bennett,Isaac Bennett,Director of Procurement,Procurement,Economic Buyer,Isaac.Bennett.168@westgatedistribution.example,+1-555-466-3494,true,2022-09-03
003000000000169AAA,001000000000169AAA,Camila,Kim,Camila Kim,Quality Manager,Quality,Technical Buyer,Camila.Kim.169@redwoodindustrialsup.example,+1-555-488-4149,true,2019-04-25
003000000000170AAA,001000000000170AAA,Fatima,Thomas,Fatima Thomas,Finance Director,Finance,Economic Buyer,Fatima.Thomas.170@cobaltcomponents50.example,+1-555-906-4407,true,2020-12-19
003000000000171AAA,001000000000171AAA,Isaac,Williams,Isaac Williams,VP of Operations,Leadership,Executive Sponsor,Isaac.Williams.171@northfieldmanufactur.example,+1-555-509-7214,true,2025-07-21
003000000000172AAA,001000000000172AAA,Zane,Lee,Zane Lee,Senior Buyer,Procurement,Influencer,Zane.Lee.172@atlasvehiclesystems.example,+1-555-212-6928,true,2025-04-27
003000000000173AAA,001000000000173AAA,Valeria,Ward,Valeria Ward,Chief Engineer,Engineering,Technical Buyer,Valeria.Ward.173@valleyindustrialsupp.example,+1-555-118-2253,true,2024-07-04
003000000000174AAA,001000000000174AAA,Kara,Garcia,Kara Garcia,Director of Procurement,Procurement,Economic Buyer,Kara.Garcia.174@pinnaclemobility52.example,+1-555-250-2461,true,2020-09-22
003000000000175AAA,001000000000175AAA,Omar,Turner,Omar Turner,Plant Manager,Operations,Decision Maker,Omar.Turner.175@crescentpowertrain79.example,+1-555-220-2661,true,2019-02-26
003000000000176AAA,001000000000176AAA,Noah,Morgan,Noah Morgan,Director of Procurement,Procurement,Economic Buyer,Noah.Morgan.176@windwardengineering.example,+1-555-807-4311,true,2024-02-24
003000000000177AAA,001000000000177AAA,Bianca,Alvarez,Bianca Alvarez,Program Manager,Program Management,Decision Maker,Bianca.Alvarez.177@keystonemotorsystems.example,+1-555-337-4754,true,2023-10-23
003000000000178AAA,001000000000178AAA,Noah,Baker,Noah Baker,Quality Manager,Quality,Technical Buyer,Noah.Baker.178@cedarfleetsolutions.example,+1-555-250-2120,true,2022-02-05
003000000000179AAA,001000000000179AAA,Omar,Nguyen,Omar Nguyen,Director of Procurement,Procurement,Economic Buyer,Omar.Nguyen.179@valleypowertrain29.example,+1-555-258-3796,true,2020-07-06
003000000000180AAA,001000000000180AAA,Sofia,Martinez,Sofia Martinez,Director of Procurement,Procurement,Economic Buyer,Sofia.Martinez.180@pacificmanufacturing.example,+1-555-966-8053,true,2022-01-31
003000000000181AAA,001000000000181AAA,Noah,Patel,Noah Patel,Chief Engineer,Engineering,Technical Buyer,Noah.Patel.181@westgatemobility.example,+1-555-990-7138,true,2025-04-11
003000000000182AAA,001000000000182AAA,Grace,Young,Grace Young,VP of Operations,Leadership,Executive Sponsor,Grace.Young.182@windwardvehiclesyste.example,+1-555-611-8514,true,2024-08-07
003000000000183AAA,001000000000183AAA,Wyatt,Morgan,Wyatt Morgan,Finance Director,Finance,Economic Buyer,Wyatt.Morgan.183@suncrestcomponents.example,+1-555-568-8749,true,2018-02-16
003000000000184AAA,001000000000184AAA,Olivia,Wilson,Olivia Wilson,Senior Buyer,Procurement,Influencer,Olivia.Wilson.184@atlasperformancepart.example,+1-555-332-3989,true,2025-12-26
003000000000185AAA,001000000000185AAA,Isaac,Green,Isaac Green,Finance Director,Finance,Economic Buyer,Isaac.Green.185@harbordistribution46.example,+1-555-247-1290,true,2021-06-19
003000000000186AAA,001000000000186AAA,Camila,Cruz,Camila Cruz,Chief Engineer,Engineering,Technical Buyer,Camila.Cruz.186@granitepowertrain.example,+1-555-124-7698,true,2024-04-04
003000000000187AAA,001000000000187AAA,Camila,Smith,Camila Smith,Chief Engineer,Engineering,Technical Buyer,Camila.Smith.187@prairievehiclesystem.example,+1-555-377-4535,true,2022-01-18
003000000000188AAA,001000000000188AAA,Jonah,Morgan,Jonah Morgan,Finance Director,Finance,Economic Buyer,Jonah.Morgan.188@beaconmanufacturing.example,+1-555-407-5140,false,2025-01-06
003000000000189AAA,001000000000189AAA,Andre,Alvarez,Andre Alvarez,Chief Engineer,Engineering,Technical Buyer,Andre.Alvarez.189@westgatetransportgro.example,+1-555-223-6283,true,2021-10-13
003000000000190AAA,001000000000190AAA,Hector,Ramirez,Hector Ramirez,Finance Director,Finance,Economic Buyer,Hector.Ramirez.190@eastgateassembly.example,+1-555-608-2562,true,2018-05-13
003000000000191AAA,001000000000191AAA,Kara,Young,Kara Young,Program Manager,Program Management,Decision Maker,Kara.Young.191@stonebridgepowertrai.example,+1-555-956-8964,true,2024-01-12
003000000000192AAA,001000000000192AAA,Noah,Taylor,Noah Taylor,Senior Buyer,Procurement,Influencer,Noah.Taylor.192@valleydistribution.example,+1-555-277-9516,true,2023-01-11
003000000000193AAA,001000000000193AAA,Amara,Hernandez,Amara Hernandez,Senior Buyer,Procurement,Influencer,Amara.Hernandez.193@ridgewaydistribution.example,+1-555-257-1300,true,2018-12-30
003000000000194AAA,001000000000194AAA,Imani,Walker,Imani Walker,Senior Buyer,Procurement,Influencer,Imani.Walker.194@atlasengineering.example,+1-555-135-8430,true,2022-11-08
003000000000195AAA,001000000000195AAA,Bianca,Williams,Bianca Williams,Quality Manager,Quality,Technical Buyer,Bianca.Williams.195@blueridgeautomotive8.example,+1-555-871-6237,true,2022-07-02
003000000000196AAA,001000000000196AAA,Carson,Flores,Carson Flores,Program Manager,Program Management,Decision Maker,Carson.Flores.196@alderdistribution.example,+1-555-527-3686,true,2019-09-01
003000000000197AAA,001000000000197AAA,Rina,Chen,Rina Chen,Senior Buyer,Procurement,Influencer,Rina.Chen.197@libertyengineering.example,+1-555-654-6252,true,2025-08-14
003000000000198AAA,001000000000198AAA,Isaac,Rivera,Isaac Rivera,Quality Manager,Quality,Technical Buyer,Isaac.Rivera.198@crescenttransportgro.example,+1-555-202-4014,true,2020-03-23
003000000000199AAA,001000000000199AAA,Rina,Turner,Rina Turner,Senior Buyer,Procurement,Influencer,Rina.Turner.199@crescentdistribution.example,+1-555-233-6224,true,2021-09-06
003000000000200AAA,001000000000200AAA,Hector,Lewis,Hector Lewis,Senior Buyer,Procurement,Influencer,Hector.Lewis.200@keystonevehiclesyste.example,+1-555-968-2473,true,2019-10-17
003000000000201AAA,001000000000201AAA,Noah,Garcia,Noah Garcia,Finance Director,Finance,Economic Buyer,Noah.Garcia.201@redwoodpowertrain.example,+1-555-294-8700,true,2021-08-06
003000000000202AAA,001000000000202AAA,Isaac,Ward,Isaac Ward,Finance Director,Finance,Economic Buyer,Isaac.Ward.202@westgatetransportgro.example,+1-555-973-7653,true,2022-05-16
003000000000203AAA,001000000000203AAA,Rafael,Hernandez,Rafael Hernandez,Senior Buyer,Procurement,Influencer,Rafael.Hernandez.203@keystonemotorsystems.example,+1-555-827-8502,true,2025-12-07
003000000000204AAA,001000000000204AAA,Yara,Smith,Yara Smith,Senior Buyer,Procurement,Influencer,Yara.Smith.204@windwardfleetsolutio.example,+1-555-405-4481,true,2019-09-30
003000000000205AAA,001000000000205AAA,Rafael,Baker,Rafael Baker,VP of Operations,Leadership,Executive Sponsor,Rafael.Baker.205@valleymotorsystems.example,+1-555-739-7972,true,2018-04-16
003000000000206AAA,001000000000206AAA,Jonah,Lewis,Jonah Lewis,Plant Manager,Operations,Decision Maker,Jonah.Lewis.206@timberlinecomponents.example,+1-555-263-6212,true,2023-04-03
003000000000207AAA,001000000000207AAA,Sofia,Martinez,Sofia Martinez,Chief Engineer,Engineering,Technical Buyer,Sofia.Martinez.207@maplepowertrain96.example,+1-555-628-3531,true,2021-02-21
003000000000208AAA,001000000000208AAA,Rafael,Hall,Rafael Hall,Senior Buyer,Procurement,Influencer,Rafael.Hall.208@eastgateautomotive50.example,+1-555-851-4357,false,2025-11-23
003000000000209AAA,001000000000209AAA,Nadia,Lewis,Nadia Lewis,Chief Engineer,Engineering,Technical Buyer,Nadia.Lewis.209@pinnaclemanufacturin.example,+1-555-256-5655,true,2019-07-26
003000000000210AAA,001000000000210AAA,Omar,Smith,Omar Smith,Plant Manager,Operations,Decision Maker,Omar.Smith.210@frontierindustrialsu.example,+1-555-864-1556,true,2022-03-11
003000000000211AAA,001000000000211AAA,Leo,Smith,Leo Smith,Director of Procurement,Procurement,Economic Buyer,Leo.Smith.211@eastgatetransportgro.example,+1-555-298-8270,true,2026-01-06
003000000000212AAA,001000000000212AAA,Kara,Hernandez,Kara Hernandez,Chief Engineer,Engineering,Technical Buyer,Kara.Hernandez.212@cobaltengineering79.example,+1-555-574-6834,false,2020-10-28
003000000000213AAA,001000000000213AAA,Nadia,Alvarez,Nadia Alvarez,Chief Engineer,Engineering,Technical Buyer,Nadia.Alvarez.213@blueridgeassembly42.example,+1-555-819-3713,true,2024-01-05
003000000000214AAA,001000000000214AAA,Daria,Walker,Daria Walker,Chief Engineer,Engineering,Technical Buyer,Daria.Walker.214@timberlinecomponents.example,+1-555-514-6911,true,2025-01-25
003000000000215AAA,001000000000215AAA,Zane,Patel,Zane Patel,Senior Buyer,Procurement,Influencer,Zane.Patel.215@libertydistribution.example,+1-555-545-8980,true,2020-10-05
003000000000216AAA,001000000000216AAA,Devon,Hernandez,Devon Hernandez,Plant Manager,Operations,Decision Maker,Devon.Hernandez.216@unionmobility.example,+1-555-454-7535,true,2025-06-26
003000000000217AAA,001000000000217AAA,Devon,Miller,Devon Miller,Senior Buyer,Procurement,Influencer,Devon.Miller.217@westgatemanufacturin.example,+1-555-927-7204,true,2019-02-27
003000000000218AAA,001000000000218AAA,Daria,Taylor,Daria Taylor,VP of Operations,Leadership,Executive Sponsor,Daria.Taylor.218@redwoodindustrialsup.example,+1-555-200-9368,true,2018-02-11
003000000000219AAA,001000000000219AAA,Wyatt,Wilson,Wyatt Wilson,Program Manager,Program Management,Decision Maker,Wyatt.Wilson.219@meridianfleetsolutio.example,+1-555-697-1869,true,2024-03-02
003000000000220AAA,001000000000220AAA,Valeria,Turner,Valeria Turner,Program Manager,Program Management,Decision Maker,Valeria.Turner.220@unionvehiclesystems.example,+1-555-926-4795,true,2026-04-01
003000000000221AAA,001000000000221AAA,Imani,Thomas,Imani Thomas,Program Manager,Program Management,Decision Maker,Imani.Thomas.221@windwardmobility.example,+1-555-556-7194,true,2023-04-13
003000000000222AAA,001000000000222AAA,Elliot,Johnson,Elliot Johnson,Finance Director,Finance,Economic Buyer,Elliot.Johnson.222@silverlineperformanc.example,+1-555-593-7877,true,2025-08-09
003000000000223AAA,001000000000223AAA,Grace,Cruz,Grace Cruz,Director of Procurement,Procurement,Economic Buyer,Grace.Cruz.223@keystonemobility8.example,+1-555-611-6135,true,2021-12-31
003000000000224AAA,001000000000224AAA,Zane,Reed,Zane Reed,Plant Manager,Operations,Decision Maker,Zane.Reed.224@aldercomponents36.example,+1-555-830-2637,true,2022-06-23
003000000000225AAA,001000000000225AAA,Yara,Williams,Yara Williams,Director of Procurement,Procurement,Economic Buyer,Yara.Williams.225@silverlineperformanc.example,+1-555-502-3690,true,2019-04-17
003000000000226AAA,001000000000226AAA,Hector,Williams,Hector Williams,Senior Buyer,Procurement,Influencer,Hector.Williams.226@stonebridgeautomotiv.example,+1-555-906-3289,true,2020-08-23
003000000000227AAA,001000000000227AAA,Rina,Martinez,Rina Martinez,Chief Engineer,Engineering,Technical Buyer,Rina.Martinez.227@oaklinemanufacturing.example,+1-555-747-2164,true,2020-12-06
003000000000228AAA,001000000000228AAA,Lina,Johnson,Lina Johnson,Chief Engineer,Engineering,Technical Buyer,Lina.Johnson.228@silverlinefleetsolut.example,+1-555-386-8943,true,2024-08-31
003000000000229AAA,001000000000229AAA,Bianca,Adams,Bianca Adams,Program Manager,Program Management,Decision Maker,Bianca.Adams.229@silverlinepowertrain.example,+1-555-674-8425,true,2025-03-31
003000000000230AAA,001000000000230AAA,Elena,Bennett,Elena Bennett,Senior Buyer,Procurement,Influencer,Elena.Bennett.230@cedarautomotive.example,+1-555-783-1928,true,2018-09-09
003000000000231AAA,001000000000231AAA,Grace,Kim,Grace Kim,Director of Procurement,Procurement,Economic Buyer,Grace.Kim.231@blueridgevehiclesyst.example,+1-555-291-6230,true,2023-08-15
003000000000232AAA,001000000000232AAA,Maya,Diaz,Maya Diaz,Director of Procurement,Procurement,Economic Buyer,Maya.Diaz.232@pacificfleetsolution.example,+1-555-447-7039,true,2018-06-17
003000000000233AAA,001000000000233AAA,Zane,Morgan,Zane Morgan,Senior Buyer,Procurement,Influencer,Zane.Morgan.233@crescentmobility39.example,+1-555-772-8466,true,2021-07-31
003000000000234AAA,001000000000234AAA,Wyatt,Cruz,Wyatt Cruz,Quality Manager,Quality,Technical Buyer,Wyatt.Cruz.234@cobaltpowertrain.example,+1-555-596-5014,true,2018-10-10
003000000000235AAA,001000000000235AAA,Jonah,Green,Jonah Green,Quality Manager,Quality,Technical Buyer,Jonah.Green.235@aldermanufacturing.example,+1-555-330-7528,true,2025-12-26
003000000000236AAA,001000000000236AAA,Grace,Turner,Grace Turner,Program Manager,Program Management,Decision Maker,Grace.Turner.236@pinnacleassembly.example,+1-555-437-2327,true,2021-02-18
003000000000237AAA,001000000000237AAA,Wyatt,Flores,Wyatt Flores,Plant Manager,Operations,Decision Maker,Wyatt.Flores.237@northfieldindustrial.example,+1-555-620-5555,true,2025-06-08
003000000000238AAA,001000000000238AAA,Alyssa,Morgan,Alyssa Morgan,Senior Buyer,Procurement,Influencer,Alyssa.Morgan.238@maplefleetsolutions.example,+1-555-886-9005,true,2018-08-23
003000000000239AAA,001000000000239AAA,Fatima,Adams,Fatima Adams,Program Manager,Program Management,Decision Maker,Fatima.Adams.239@unionperformancepart.example,+1-555-376-2127,true,2023-06-18
003000000000240AAA,001000000000240AAA,Omar,Lee,Omar Lee,Senior Buyer,Procurement,Influencer,Omar.Lee.240@timberlinecomponents.example,+1-555-742-1533,true,2021-09-16
003000000000241AAA,001000000000241AAA,Devon,Campbell,Devon Campbell,Finance Director,Finance,Economic Buyer,Devon.Campbell.241@granitemobility.example,+1-555-828-1629,true,2025-11-12
003000000000242AAA,001000000000242AAA,Jonah,Reed,Jonah Reed,Director of Procurement,Procurement,Economic Buyer,Jonah.Reed.242@pinnacleengineering.example,+1-555-187-4930,true,2020-11-10
003000000000243AAA,001000000000243AAA,Alyssa,Reed,Alyssa Reed,Chief Engineer,Engineering,Technical Buyer,Alyssa.Reed.243@pinnaclecomponents.example,+1-555-379-2643,true,2019-03-12
003000000000244AAA,001000000000244AAA,Wyatt,Patel,Wyatt Patel,Chief Engineer,Engineering,Technical Buyer,Wyatt.Patel.244@ridgewayengineering.example,+1-555-438-1919,true,2024-12-31
003000000000245AAA,001000000000245AAA,Rina,Walker,Rina Walker,Plant Manager,Operations,Decision Maker,Rina.Walker.245@cedardistribution89.example,+1-555-339-7088,true,2024-11-26
003000000000246AAA,001000000000246AAA,Sofia,Morgan,Sofia Morgan,Chief Engineer,Engineering,Technical Buyer,Sofia.Morgan.246@valleymobility58.example,+1-555-524-9009,true,2020-10-24
003000000000247AAA,001000000000247AAA,Jonah,Rivera,Jonah Rivera,Senior Buyer,Procurement,Influencer,Jonah.Rivera.247@blueridgetransportgr.example,+1-555-172-9806,true,2021-07-04
003000000000248AAA,001000000000248AAA,Theo,Edwards,Theo Edwards,Senior Buyer,Procurement,Influencer,Theo.Edwards.248@pinnacletransportgro.example,+1-555-962-7130,true,2023-12-18
003000000000249AAA,001000000000249AAA,Yara,Campbell,Yara Campbell,Chief Engineer,Engineering,Technical Buyer,Yara.Campbell.249@centraltransportgrou.example,+1-555-896-7806,true,2024-03-10
003000000000250AAA,001000000000250AAA,Olivia,Clark,Olivia Clark,Finance Director,Finance,Economic Buyer,Olivia.Clark.250@crescentassembly.example,+1-555-748-1790,true,2019-03-11
003000000000251AAA,001000000000251AAA,Priya,Lee,Priya Lee,Quality Manager,Quality,Technical Buyer,Priya.Lee.251@canyonindustrialsupp.example,+1-555-307-9391,false,2026-04-13
003000000000252AAA,001000000000252AAA,Rafael,Edwards,Rafael Edwards,Program Manager,Program Management,Decision Maker,Rafael.Edwards.252@cobaltdistribution.example,+1-555-874-9943,true,2018-04-04
003000000000253AAA,001000000000253AAA,Omar,Morgan,Omar Morgan,Quality Manager,Quality,Technical Buyer,Omar.Morgan.253@deltacomponents.example,+1-555-167-4555,true,2023-11-10
003000000000254AAA,001000000000254AAA,Alyssa,Thomas,Alyssa Thomas,Plant Manager,Operations,Decision Maker,Alyssa.Thomas.254@timberlinecomponents.example,+1-555-863-7055,true,2022-04-29
003000000000255AAA,001000000000255AAA,Leo,Thomas,Leo Thomas,Finance Director,Finance,Economic Buyer,Leo.Thomas.255@oaklineperformancepa.example,+1-555-837-3004,true,2026-05-10
003000000000256AAA,001000000000256AAA,Hector,Bennett,Hector Bennett,Finance Director,Finance,Economic Buyer,Hector.Bennett.256@beacondistribution91.example,+1-555-965-1777,true,2023-08-25
003000000000257AAA,001000000000257AAA,Olivia,Garcia,Olivia Garcia,Plant Manager,Operations,Decision Maker,Olivia.Garcia.257@centralpowertrain.example,+1-555-295-7641,true,2021-03-01
003000000000258AAA,001000000000258AAA,Daria,Rivera,Daria Rivera,Director of Procurement,Procurement,Economic Buyer,Daria.Rivera.258@centralfleetsolution.example,+1-555-616-5353,true,2022-08-16
003000000000259AAA,001000000000259AAA,Imani,Kim,Imani Kim,Quality Manager,Quality,Technical Buyer,Imani.Kim.259@stonebridgetransport.example,+1-555-786-9009,true,2024-04-22
003000000000260AAA,001000000000260AAA,Theo,Reed,Theo Reed,Finance Director,Finance,Economic Buyer,Theo.Reed.260@beaconmanufacturing5.example,+1-555-504-9792,true,2021-07-19
003000000000261AAA,001000000000261AAA,Daria,Taylor,Daria Taylor,Plant Manager,Operations,Decision Maker,Daria.Taylor.261@suncrestindustrialsu.example,+1-555-405-3532,true,2020-11-04
003000000000262AAA,001000000000262AAA,Caleb,Ward,Caleb Ward,Finance Director,Finance,Economic Buyer,Caleb.Ward.262@keystonetransportgro.example,+1-555-133-4747,true,2019-12-28
003000000000263AAA,001000000000263AAA,Maya,Robinson,Maya Robinson,Finance Director,Finance,Economic Buyer,Maya.Robinson.263@prairieengineering.example,+1-555-603-1809,true,2018-07-04
003000000000264AAA,001000000000264AAA,Daria,Alvarez,Daria Alvarez,Program Manager,Program Management,Decision Maker,Daria.Alvarez.264@lakeviewvehiclesyste.example,+1-555-492-4494,true,2019-10-23
003000000000265AAA,001000000000265AAA,Fatima,Ward,Fatima Ward,Chief Engineer,Engineering,Technical Buyer,Fatima.Ward.265@blueridgevehiclesyst.example,+1-555-764-7301,true,2023-06-16
003000000000266AAA,001000000000266AAA,Lina,Green,Lina Green,Program Manager,Program Management,Decision Maker,Lina.Green.266@harborfleetsolutions.example,+1-555-190-8929,true,2025-07-15
003000000000267AAA,001000000000267AAA,Noah,Walker,Noah Walker,VP of Operations,Leadership,Executive Sponsor,Noah.Walker.267@keystonemotorsystems.example,+1-555-854-4668,true,2022-01-01
003000000000268AAA,001000000000268AAA,Lina,Wilson,Lina Wilson,Plant Manager,Operations,Decision Maker,Lina.Wilson.268@eastgateperformancep.example,+1-555-789-7201,true,2021-09-05
003000000000269AAA,001000000000269AAA,Isaac,Diaz,Isaac Diaz,Chief Engineer,Engineering,Technical Buyer,Isaac.Diaz.269@crescentautomotive28.example,+1-555-992-8572,true,2019-01-12
003000000000270AAA,001000000000270AAA,Isaac,Lee,Isaac Lee,Plant Manager,Operations,Decision Maker,Isaac.Lee.270@westgatedistribution.example,+1-555-933-1407,true,2018-07-05
003000000000271AAA,001000000000271AAA,Amara,Hall,Amara Hall,Program Manager,Program Management,Decision Maker,Amara.Hall.271@alderfleetsolutions.example,+1-555-911-7531,true,2021-04-27
003000000000272AAA,001000000000272AAA,Aiden,Turner,Aiden Turner,Plant Manager,Operations,Decision Maker,Aiden.Turner.272@timberlineindustrial.example,+1-555-564-2242,true,2025-03-30
003000000000273AAA,001000000000273AAA,Devon,Nguyen,Devon Nguyen,Finance Director,Finance,Economic Buyer,Devon.Nguyen.273@prairiedistribution.example,+1-555-596-6085,true,2021-03-04
003000000000274AAA,001000000000274AAA,Jade,Campbell,Jade Campbell,Finance Director,Finance,Economic Buyer,Jade.Campbell.274@stonebridgecomponent.example,+1-555-611-8777,true,2022-06-03
003000000000275AAA,001000000000275AAA,Imani,Lewis,Imani Lewis,VP of Operations,Leadership,Executive Sponsor,Imani.Lewis.275@cobalttransportgroup.example,+1-555-424-4156,true,2024-03-18
003000000000276AAA,001000000000276AAA,Devon,Williams,Devon Williams,VP of Operations,Leadership,Executive Sponsor,Devon.Williams.276@windwardmobility68.example,+1-555-840-3493,true,2025-09-10
003000000000277AAA,001000000000277AAA,Yara,Nguyen,Yara Nguyen,Chief Engineer,Engineering,Technical Buyer,Yara.Nguyen.277@prairiemobility99.example,+1-555-454-3692,true,2026-03-26
003000000000278AAA,001000000000278AAA,Rina,Walker,Rina Walker,Program Manager,Program Management,Decision Maker,Rina.Walker.278@westgatemanufacturin.example,+1-555-870-6295,true,2019-02-27
003000000000279AAA,001000000000279AAA,Omar,Robinson,Omar Robinson,Director of Procurement,Procurement,Economic Buyer,Omar.Robinson.279@frontierautomotive59.example,+1-555-442-2705,true,2021-11-30
003000000000280AAA,001000000000280AAA,Jade,Thomas,Jade Thomas,Quality Manager,Quality,Technical Buyer,Jade.Thomas.280@frontiermobility.example,+1-555-151-5917,true,2019-04-15
003000000000281AAA,001000000000281AAA,Yara,Alvarez,Yara Alvarez,Quality Manager,Quality,Technical Buyer,Yara.Alvarez.281@aldermotorsystems24.example,+1-555-494-9059,true,2022-07-23
003000000000282AAA,001000000000282AAA,Carson,Robinson,Carson Robinson,Plant Manager,Operations,Decision Maker,Carson.Robinson.282@alderautomotive.example,+1-555-482-2105,true,2025-11-03
003000000000283AAA,001000000000283AAA,Jade,Chen,Jade Chen,Plant Manager,Operations,Decision Maker,Jade.Chen.283@libertycomponents71.example,+1-555-871-9443,true,2020-02-18
003000000000284AAA,001000000000284AAA,Devon,Reed,Devon Reed,VP of Operations,Leadership,Executive Sponsor,Devon.Reed.284@suncresttransportgro.example,+1-555-118-8625,true,2023-07-29
003000000000285AAA,001000000000285AAA,Kara,Flores,Kara Flores,VP of Operations,Leadership,Executive Sponsor,Kara.Flores.285@ridgewaycomponents.example,+1-555-418-4816,true,2023-07-19
003000000000286AAA,001000000000286AAA,Bianca,Lewis,Bianca Lewis,Senior Buyer,Procurement,Influencer,Bianca.Lewis.286@beaconcomponents.example,+1-555-285-4223,true,2024-06-04
003000000000287AAA,001000000000287AAA,Wyatt,Cruz,Wyatt Cruz,Senior Buyer,Procurement,Influencer,Wyatt.Cruz.287@frontierdistribution.example,+1-555-239-8922,true,2023-12-03
003000000000288AAA,001000000000288AAA,Zane,Diaz,Zane Diaz,Program Manager,Program Management,Decision Maker,Zane.Diaz.288@alderpowertrain.example,+1-555-395-6606,true,2026-04-15
003000000000289AAA,001000000000289AAA,Fatima,Williams,Fatima Williams,Program Manager,Program Management,Decision Maker,Fatima.Williams.289@valleyassembly65.example,+1-555-447-4094,true,2023-06-17
003000000000290AAA,001000000000290AAA,Olivia,Miller,Olivia Miller,Finance Director,Finance,Economic Buyer,Olivia.Miller.290@heritageautomotive.example,+1-555-561-9103,true,2025-11-24
003000000000291AAA,001000000000291AAA,Grace,Campbell,Grace Campbell,Senior Buyer,Procurement,Influencer,Grace.Campbell.291@ridgewaypowertrain.example,+1-555-587-3398,true,2021-08-07
003000000000292AAA,001000000000292AAA,Caleb,Campbell,Caleb Campbell,Plant Manager,Operations,Decision Maker,Caleb.Campbell.292@crownmanufacturing.example,+1-555-824-4954,true,2026-02-06
003000000000293AAA,001000000000293AAA,Rafael,Lewis,Rafael Lewis,Chief Engineer,Engineering,Technical Buyer,Rafael.Lewis.293@meridiantransportgro.example,+1-555-369-1715,true,2019-09-08
003000000000294AAA,001000000000294AAA,Rina,Ramirez,Rina Ramirez,Director of Procurement,Procurement,Economic Buyer,Rina.Ramirez.294@canyondistribution.example,+1-555-915-6315,true,2025-02-26
003000000000295AAA,001000000000295AAA,Priya,Walker,Priya Walker,Director of Procurement,Procurement,Economic Buyer,Priya.Walker.295@blueridgetransportgr.example,+1-555-487-5612,true,2025-10-04
003000000000296AAA,001000000000296AAA,Rafael,Diaz,Rafael Diaz,Plant Manager,Operations,Decision Maker,Rafael.Diaz.296@pinnacleautomotive.example,+1-555-437-8469,true,2021-01-26
003000000000297AAA,001000000000297AAA,Jonah,Martinez,Jonah Martinez,Chief Engineer,Engineering,Technical Buyer,Jonah.Martinez.297@harborfleetsolutions.example,+1-555-696-8059,true,2020-03-19
003000000000298AAA,001000000000298AAA,Mateo,Green,Mateo Green,Senior Buyer,Procurement,Influencer,Mateo.Green.298@centralfleetsolution.example,+1-555-272-6703,true,2024-02-03
003000000000299AAA,001000000000299AAA,Jade,Chen,Jade Chen,Quality Manager,Quality,Technical Buyer,Jade.Chen.299@prairiemobility54.example,+1-555-564-6471,true,2023-03-22
003000000000300AAA,001000000000300AAA,Jonah,Singh,Jonah Singh,Director of Procurement,Procurement,Economic Buyer,Jonah.Singh.300@keystonepowertrain.example,+1-555-103-7119,true,2020-05-28
003000000000301AAA,001000000000301AAA,Maya,Kim,Maya Kim,Program Manager,Program Management,Decision Maker,Maya.Kim.301@windwardindustrialsu.example,+1-555-919-6610,true,2022-08-03
003000000000302AAA,001000000000302AAA,Fatima,Young,Fatima Young,Director of Procurement,Procurement,Economic Buyer,Fatima.Young.302@aldercomponents62.example,+1-555-951-2746,true,2020-04-11
003000000000303AAA,001000000000303AAA,Kara,Chen,Kara Chen,Director of Procurement,Procurement,Economic Buyer,Kara.Chen.303@beaconcomponents46.example,+1-555-413-9520,true,2022-08-15
003000000000304AAA,001000000000304AAA,Hector,Lewis,Hector Lewis,Senior Buyer,Procurement,Influencer,Hector.Lewis.304@frontierdistribution.example,+1-555-649-4193,true,2025-10-09
003000000000305AAA,001000000000305AAA,Elliot,Nguyen,Elliot Nguyen,Quality Manager,Quality,Technical Buyer,Elliot.Nguyen.305@atlasautomotive.example,+1-555-778-8726,true,2024-11-03
003000000000306AAA,001000000000306AAA,Grace,Robinson,Grace Robinson,Quality Manager,Quality,Technical Buyer,Grace.Robinson.306@frontierengineering.example,+1-555-249-4430,true,2022-10-09
003000000000307AAA,001000000000307AAA,Caleb,Hernandez,Caleb Hernandez,Program Manager,Program Management,Decision Maker,Caleb.Hernandez.307@mapleindustrialsuppl.example,+1-555-749-6485,true,2024-10-06
003000000000308AAA,001000000000308AAA,Grace,Alvarez,Grace Alvarez,Program Manager,Program Management,Decision Maker,Grace.Alvarez.308@atlasdistribution.example,+1-555-134-3537,true,2020-09-05
003000000000309AAA,001000000000309AAA,Andre,Hernandez,Andre Hernandez,Finance Director,Finance,Economic Buyer,Andre.Hernandez.309@canyonautomotive.example,+1-555-180-4060,true,2019-06-10
003000000000310AAA,001000000000310AAA,Noah,Hall,Noah Hall,VP of Operations,Leadership,Executive Sponsor,Noah.Hall.310@oaklineautomotive.example,+1-555-113-5334,true,2026-04-17
003000000000311AAA,001000000000311AAA,Nadia,Rivera,Nadia Rivera,Quality Manager,Quality,Technical Buyer,Nadia.Rivera.311@westgateperformancep.example,+1-555-329-7568,false,2023-12-27
003000000000312AAA,001000000000312AAA,Grace,Singh,Grace Singh,Chief Engineer,Engineering,Technical Buyer,Grace.Singh.312@prairiefleetsolution.example,+1-555-936-2618,true,2023-05-25
003000000000313AAA,001000000000313AAA,Camila,Thomas,Camila Thomas,Finance Director,Finance,Economic Buyer,Camila.Thomas.313@graniteassembly89.example,+1-555-280-3602,true,2021-12-25
003000000000314AAA,001000000000314AAA,Sofia,Rivera,Sofia Rivera,Chief Engineer,Engineering,Technical Buyer,Sofia.Rivera.314@aldermobility89.example,+1-555-461-6673,true,2021-10-07
003000000000315AAA,001000000000315AAA,Bianca,Singh,Bianca Singh,Plant Manager,Operations,Decision Maker,Bianca.Singh.315@redwoodtransportgrou.example,+1-555-148-4372,true,2021-09-10
003000000000316AAA,001000000000316AAA,Daria,Thomas,Daria Thomas,Plant Manager,Operations,Decision Maker,Daria.Thomas.316@canyonengineering.example,+1-555-726-1241,true,2025-06-29
003000000000317AAA,001000000000317AAA,Sofia,Miller,Sofia Miller,VP of Operations,Leadership,Executive Sponsor,Sofia.Miller.317@crescentfleetsolutio.example,+1-555-104-1582,true,2023-12-07
003000000000318AAA,001000000000318AAA,Grace,Clark,Grace Clark,Senior Buyer,Procurement,Influencer,Grace.Clark.318@meridianautomotive69.example,+1-555-845-7071,true,2023-07-05
003000000000319AAA,001000000000319AAA,Kara,Reed,Kara Reed,Finance Director,Finance,Economic Buyer,Kara.Reed.319@heritagefleetsolutio.example,+1-555-907-2271,true,2021-01-31
003000000000320AAA,001000000000320AAA,Jonah,Martinez,Jonah Martinez,Director of Procurement,Procurement,Economic Buyer,Jonah.Martinez.320@meridianvehiclesyste.example,+1-555-910-6273,true,2023-12-04
003000000000321AAA,001000000000321AAA,Devon,Reed,Devon Reed,Chief Engineer,Engineering,Technical Buyer,Devon.Reed.321@libertyvehiclesystem.example,+1-555-659-8706,true,2025-09-02
003000000000322AAA,001000000000322AAA,Lina,Cruz,Lina Cruz,Senior Buyer,Procurement,Influencer,Lina.Cruz.322@cobaltfleetsolutions.example,+1-555-823-5217,true,2024-02-07
003000000000323AAA,001000000000323AAA,Olivia,Morgan,Olivia Morgan,Finance Director,Finance,Economic Buyer,Olivia.Morgan.323@deltavehiclesystems.example,+1-555-448-7789,true,2019-06-25
003000000000324AAA,001000000000324AAA,Sofia,Turner,Sofia Turner,Program Manager,Program Management,Decision Maker,Sofia.Turner.324@centralassembly.example,+1-555-155-6241,true,2018-09-18
003000000000325AAA,001000000000325AAA,Maya,Flores,Maya Flores,Plant Manager,Operations,Decision Maker,Maya.Flores.325@graniteassembly86.example,+1-555-678-6673,true,2025-08-30
003000000000326AAA,001000000000326AAA,Noah,Bennett,Noah Bennett,Senior Buyer,Procurement,Influencer,Noah.Bennett.326@deltaperformancepart.example,+1-555-604-6977,true,2022-07-16
003000000000327AAA,001000000000327AAA,Sofia,Campbell,Sofia Campbell,Director of Procurement,Procurement,Economic Buyer,Sofia.Campbell.327@meridiandistribution.example,+1-555-823-1154,true,2023-03-30
003000000000328AAA,001000000000328AAA,Grace,Reed,Grace Reed,Director of Procurement,Procurement,Economic Buyer,Grace.Reed.328@oaklineindustrialsup.example,+1-555-321-9381,true,2023-02-09
003000000000329AAA,001000000000329AAA,Grace,Ward,Grace Ward,Finance Director,Finance,Economic Buyer,Grace.Ward.329@suncresttransportgro.example,+1-555-720-7091,true,2023-04-12
003000000000330AAA,001000000000330AAA,Lina,Walker,Lina Walker,Finance Director,Finance,Economic Buyer,Lina.Walker.330@suncrestfleetsolutio.example,+1-555-159-9723,true,2021-03-03
003000000000331AAA,001000000000331AAA,Sofia,Patel,Sofia Patel,Finance Director,Finance,Economic Buyer,Sofia.Patel.331@timberlinetransportg.example,+1-555-100-5278,true,2025-08-22
003000000000332AAA,001000000000332AAA,Isaac,Flores,Isaac Flores,Plant Manager,Operations,Decision Maker,Isaac.Flores.332@eastgatedistribution.example,+1-555-766-6673,true,2023-08-10
003000000000333AAA,001000000000333AAA,Isaac,Patel,Isaac Patel,Chief Engineer,Engineering,Technical Buyer,Isaac.Patel.333@unionmotorsystems14.example,+1-555-167-7736,true,2019-05-09
003000000000334AAA,001000000000334AAA,Lina,Wilson,Lina Wilson,Program Manager,Program Management,Decision Maker,Lina.Wilson.334@prairiefleetsolution.example,+1-555-334-9343,true,2025-09-21
003000000000335AAA,001000000000335AAA,Kara,Patel,Kara Patel,Senior Buyer,Procurement,Influencer,Kara.Patel.335@beaconperformancepar.example,+1-555-792-8824,true,2024-07-30
003000000000336AAA,001000000000336AAA,Rafael,Garcia,Rafael Garcia,Finance Director,Finance,Economic Buyer,Rafael.Garcia.336@deltaperformancepart.example,+1-555-719-9772,true,2022-08-24
003000000000337AAA,001000000000337AAA,Carson,Edwards,Carson Edwards,VP of Operations,Leadership,Executive Sponsor,Carson.Edwards.337@windwardcomponents.example,+1-555-109-1648,true,2024-11-27
003000000000338AAA,001000000000338AAA,Priya,Campbell,Priya Campbell,Quality Manager,Quality,Technical Buyer,Priya.Campbell.338@eastgatecomponents.example,+1-555-159-7833,true,2023-10-05
003000000000339AAA,001000000000339AAA,Camila,Kim,Camila Kim,Senior Buyer,Procurement,Influencer,Camila.Kim.339@northfieldmotorsyste.example,+1-555-109-8910,true,2025-06-22
003000000000340AAA,001000000000340AAA,Devon,Hall,Devon Hall,Finance Director,Finance,Economic Buyer,Devon.Hall.340@oaklinetransportgrou.example,+1-555-278-3714,true,2026-06-24
003000000000341AAA,001000000000341AAA,Jade,Hernandez,Jade Hernandez,Quality Manager,Quality,Technical Buyer,Jade.Hernandez.341@cobaltmanufacturing4.example,+1-555-959-6089,true,2024-06-23
003000000000342AAA,001000000000342AAA,Caleb,Clark,Caleb Clark,Quality Manager,Quality,Technical Buyer,Caleb.Clark.342@suncrestmotorsystems.example,+1-555-383-7194,true,2023-06-04
003000000000343AAA,001000000000343AAA,Mateo,Ward,Mateo Ward,Director of Procurement,Procurement,Economic Buyer,Mateo.Ward.343@aldertransportgroup.example,+1-555-922-6265,true,2025-12-30
003000000000344AAA,001000000000344AAA,Mateo,Young,Mateo Young,Director of Procurement,Procurement,Economic Buyer,Mateo.Young.344@pacifictransportgrou.example,+1-555-215-9420,true,2018-07-21
003000000000345AAA,001000000000345AAA,Camila,Robinson,Camila Robinson,Finance Director,Finance,Economic Buyer,Camila.Robinson.345@harbormotorsystems.example,+1-555-823-4037,true,2019-04-03
003000000000346AAA,001000000000346AAA,Elena,Johnson,Elena Johnson,Finance Director,Finance,Economic Buyer,Elena.Johnson.346@alderautomotive75.example,+1-555-542-5648,true,2025-03-04
003000000000347AAA,001000000000347AAA,Maya,Edwards,Maya Edwards,Director of Procurement,Procurement,Economic Buyer,Maya.Edwards.347@alderautomotive84.example,+1-555-617-9160,true,2025-08-29
003000000000348AAA,001000000000348AAA,Andre,Singh,Andre Singh,Senior Buyer,Procurement,Influencer,Andre.Singh.348@meridianmotorsystems.example,+1-555-438-8795,true,2025-05-26
003000000000349AAA,001000000000349AAA,Gabriel,Martinez,Gabriel Martinez,Finance Director,Finance,Economic Buyer,Gabriel.Martinez.349@centralmotorsystems.example,+1-555-925-1344,true,2022-09-30
003000000000350AAA,001000000000350AAA,Carson,Lee,Carson Lee,Senior Buyer,Procurement,Influencer,Carson.Lee.350@eastgatepowertrain.example,+1-555-804-4731,true,2022-10-23
003000000000351AAA,001000000000351AAA,Carson,Cruz,Carson Cruz,Quality Manager,Quality,Technical Buyer,Carson.Cruz.351@eastgateengineering.example,+1-555-749-2430,true,2025-06-23
003000000000352AAA,001000000000352AAA,Amara,Alvarez,Amara Alvarez,Program Manager,Program Management,Decision Maker,Amara.Alvarez.352@eastgatemotorsystems.example,+1-555-632-9880,true,2026-05-25
003000000000353AAA,001000000000353AAA,Zane,Rivera,Zane Rivera,Senior Buyer,Procurement,Influencer,Zane.Rivera.353@pinnacleassembly50.example,+1-555-808-3704,true,2022-11-28
003000000000354AAA,001000000000354AAA,Theo,Hall,Theo Hall,Chief Engineer,Engineering,Technical Buyer,Theo.Hall.354@graniteengineering.example,+1-555-563-6171,false,2024-02-26
003000000000355AAA,001000000000355AAA,Caleb,Diaz,Caleb Diaz,Director of Procurement,Procurement,Economic Buyer,Caleb.Diaz.355@atlasdistribution78.example,+1-555-890-6273,true,2023-11-05
003000000000356AAA,001000000000356AAA,Carson,Garcia,Carson Garcia,Finance Director,Finance,Economic Buyer,Carson.Garcia.356@westgatecomponents.example,+1-555-506-2578,true,2022-08-18
003000000000357AAA,001000000000357AAA,Devon,Nguyen,Devon Nguyen,Chief Engineer,Engineering,Technical Buyer,Devon.Nguyen.357@cedardistribution87.example,+1-555-384-2886,true,2019-03-06
003000000000358AAA,001000000000358AAA,Leo,Diaz,Leo Diaz,VP of Operations,Leadership,Executive Sponsor,Leo.Diaz.358@cobaltdistribution14.example,+1-555-643-7321,true,2025-10-23
003000000000359AAA,001000000000359AAA,Rina,Smith,Rina Smith,Quality Manager,Quality,Technical Buyer,Rina.Smith.359@alderassembly77.example,+1-555-517-7995,true,2020-01-11
003000000000360AAA,001000000000360AAA,Alyssa,Hernandez,Alyssa Hernandez,Director of Procurement,Procurement,Economic Buyer,Alyssa.Hernandez.360@canyoncomponents.example,+1-555-416-1068,true,2025-04-01
003000000000361AAA,001000000000361AAA,Leo,Miller,Leo Miller,Director of Procurement,Procurement,Economic Buyer,Leo.Miller.361@redwoodpowertrain22.example,+1-555-339-1954,true,2022-05-15
003000000000362AAA,001000000000362AAA,Grace,Smith,Grace Smith,Director of Procurement,Procurement,Economic Buyer,Grace.Smith.362@harborfleetsolutions.example,+1-555-863-1031,true,2020-09-14
003000000000363AAA,001000000000363AAA,Bianca,Kim,Bianca Kim,Program Manager,Program Management,Decision Maker,Bianca.Kim.363@lakeviewpowertrain.example,+1-555-128-5898,true,2019-03-24
003000000000364AAA,001000000000364AAA,Jonah,Edwards,Jonah Edwards,Plant Manager,Operations,Decision Maker,Jonah.Edwards.364@crescentautomotive17.example,+1-555-615-2215,true,2018-12-20
003000000000365AAA,001000000000365AAA,Camila,Ward,Camila Ward,Program Manager,Program Management,Decision Maker,Camila.Ward.365@redwoodengineering.example,+1-555-380-1217,true,2020-04-17
003000000000366AAA,001000000000366AAA,Elliot,Young,Elliot Young,Finance Director,Finance,Economic Buyer,Elliot.Young.366@keystonemotorsystems.example,+1-555-217-8325,true,2023-04-09
003000000000367AAA,001000000000367AAA,Alyssa,Lewis,Alyssa Lewis,Director of Procurement,Procurement,Economic Buyer,Alyssa.Lewis.367@redwoodmotorsystems.example,+1-555-200-4546,true,2021-10-29
003000000000368AAA,001000000000368AAA,Leo,Johnson,Leo Johnson,Plant Manager,Operations,Decision Maker,Leo.Johnson.368@beaconautomotive90.example,+1-555-784-9226,true,2022-07-30
003000000000369AAA,001000000000369AAA,Elliot,Taylor,Elliot Taylor,Chief Engineer,Engineering,Technical Buyer,Elliot.Taylor.369@pinnacleautomotive41.example,+1-555-612-3258,true,2025-10-14
003000000000370AAA,001000000000370AAA,Jonah,Nguyen,Jonah Nguyen,Director of Procurement,Procurement,Economic Buyer,Jonah.Nguyen.370@valleyautomotive.example,+1-555-417-8091,true,2025-11-30
003000000000371AAA,001000000000371AAA,Lina,Flores,Lina Flores,Finance Director,Finance,Economic Buyer,Lina.Flores.371@meridianfleetsolutio.example,+1-555-831-7477,true,2024-05-14
003000000000372AAA,001000000000372AAA,Rina,Patel,Rina Patel,Director of Procurement,Procurement,Economic Buyer,Rina.Patel.372@mapleperformancepart.example,+1-555-833-4775,true,2020-03-24
003000000000373AAA,001000000000373AAA,Jade,Lee,Jade Lee,Director of Procurement,Procurement,Economic Buyer,Jade.Lee.373@atlasmotorsystems.example,+1-555-704-6261,true,2021-02-26
003000000000374AAA,001000000000374AAA,Lina,Bennett,Lina Bennett,Program Manager,Program Management,Decision Maker,Lina.Bennett.374@blueridgemanufacturi.example,+1-555-183-2699,true,2018-06-24
003000000000375AAA,001000000000375AAA,Imani,Reed,Imani Reed,Quality Manager,Quality,Technical Buyer,Imani.Reed.375@suncrestautomotive.example,+1-555-377-5711,false,2021-07-17
003000000000376AAA,001000000000376AAA,Fatima,Wilson,Fatima Wilson,Chief Engineer,Engineering,Technical Buyer,Fatima.Wilson.376@frontiercomponents.example,+1-555-580-9193,true,2019-05-29
003000000000377AAA,001000000000377AAA,Camila,Garcia,Camila Garcia,VP of Operations,Leadership,Executive Sponsor,Camila.Garcia.377@windwardpowertrain.example,+1-555-346-7014,true,2018-06-17
003000000000378AAA,001000000000378AAA,Leo,Morgan,Leo Morgan,Chief Engineer,Engineering,Technical Buyer,Leo.Morgan.378@crownvehiclesystems.example,+1-555-349-9370,true,2018-08-09
003000000000379AAA,001000000000379AAA,Aiden,Nguyen,Aiden Nguyen,Quality Manager,Quality,Technical Buyer,Aiden.Nguyen.379@windwardperformancep.example,+1-555-598-5710,true,2023-07-14
003000000000380AAA,001000000000380AAA,Jonah,Taylor,Jonah Taylor,Director of Procurement,Procurement,Economic Buyer,Jonah.Taylor.380@suncrestvehiclesyste.example,+1-555-156-6622,true,2021-10-10
003000000000381AAA,001000000000381AAA,Maya,Cruz,Maya Cruz,Chief Engineer,Engineering,Technical Buyer,Maya.Cruz.381@meridianvehiclesyste.example,+1-555-573-8664,true,2022-06-16
003000000000382AAA,001000000000382AAA,Carson,Johnson,Carson Johnson,Program Manager,Program Management,Decision Maker,Carson.Johnson.382@westgatemobility91.example,+1-555-735-2034,true,2025-10-23
003000000000383AAA,001000000000383AAA,Olivia,Chen,Olivia Chen,VP of Operations,Leadership,Executive Sponsor,Olivia.Chen.383@mapleperformancepart.example,+1-555-355-5415,true,2023-07-08
003000000000384AAA,001000000000384AAA,Rafael,Ramirez,Rafael Ramirez,Plant Manager,Operations,Decision Maker,Rafael.Ramirez.384@heritageperformancep.example,+1-555-577-3492,true,2018-03-30
003000000000385AAA,001000000000385AAA,Mateo,Young,Mateo Young,Finance Director,Finance,Economic Buyer,Mateo.Young.385@prairietransportgrou.example,+1-555-279-6215,true,2023-04-24
003000000000386AAA,001000000000386AAA,Elliot,Ramirez,Elliot Ramirez,VP of Operations,Leadership,Executive Sponsor,Elliot.Ramirez.386@windwardtransportgro.example,+1-555-593-6406,true,2022-08-06
003000000000387AAA,001000000000387AAA,Mateo,Walker,Mateo Walker,Senior Buyer,Procurement,Influencer,Mateo.Walker.387@unionmotorsystems59.example,+1-555-781-7408,true,2019-01-06
003000000000388AAA,001000000000388AAA,Elliot,Williams,Elliot Williams,Program Manager,Program Management,Decision Maker,Elliot.Williams.388@centraldistribution.example,+1-555-321-9811,true,2020-11-07
003000000000389AAA,001000000000389AAA,Lina,Ward,Lina Ward,Senior Buyer,Procurement,Influencer,Lina.Ward.389@atlasvehiclesystems2.example,+1-555-872-3693,true,2025-02-26
003000000000390AAA,001000000000390AAA,Hector,Patel,Hector Patel,Quality Manager,Quality,Technical Buyer,Hector.Patel.390@silverlinemotorsyste.example,+1-555-383-2483,true,2025-10-19
003000000000391AAA,001000000000391AAA,Devon,Robinson,Devon Robinson,Senior Buyer,Procurement,Influencer,Devon.Robinson.391@pacificperformancepa.example,+1-555-679-8045,true,2020-07-03
003000000000392AAA,001000000000392AAA,Grace,Smith,Grace Smith,Plant Manager,Operations,Decision Maker,Grace.Smith.392@heritagemobility.example,+1-555-738-2390,true,2023-02-24
003000000000393AAA,001000000000393AAA,Leo,Lee,Leo Lee,Director of Procurement,Procurement,Economic Buyer,Leo.Lee.393@valleyengineering.example,+1-555-865-1535,true,2025-09-13
003000000000394AAA,001000000000394AAA,Camila,Edwards,Camila Edwards,Senior Buyer,Procurement,Influencer,Camila.Edwards.394@deltadistribution.example,+1-555-208-4425,true,2023-04-28
003000000000395AAA,001000000000395AAA,Theo,Diaz,Theo Diaz,Plant Manager,Operations,Decision Maker,Theo.Diaz.395@northfieldengineerin.example,+1-555-541-5011,true,2018-02-18
003000000000396AAA,001000000000396AAA,Rafael,Green,Rafael Green,Finance Director,Finance,Economic Buyer,Rafael.Green.396@cedarmobility.example,+1-555-878-2450,true,2023-03-27
003000000000397AAA,001000000000397AAA,Theo,Hernandez,Theo Hernandez,VP of Operations,Leadership,Executive Sponsor,Theo.Hernandez.397@pinnacleassembly95.example,+1-555-826-8147,true,2023-08-28
003000000000398AAA,001000000000398AAA,Mateo,Chen,Mateo Chen,Program Manager,Program Management,Decision Maker,Mateo.Chen.398@lakeviewfleetsolutio.example,+1-555-245-4000,false,2026-06-05
003000000000399AAA,001000000000399AAA,Devon,Taylor,Devon Taylor,Chief Engineer,Engineering,Technical Buyer,Devon.Taylor.399@keystoneperformancep.example,+1-555-587-8860,true,2021-03-28
003000000000400AAA,001000000000400AAA,Noah,Cruz,Noah Cruz,Plant Manager,Operations,Decision Maker,Noah.Cruz.400@mapledistribution22.example,+1-555-716-6969,true,2021-05-26
003000000000401AAA,001000000000401AAA,Valeria,Cruz,Valeria Cruz,Chief Engineer,Engineering,Technical Buyer,Valeria.Cruz.401@frontierengineering4.example,+1-555-215-1059,true,2022-09-19
003000000000402AAA,001000000000402AAA,Yara,Young,Yara Young,Senior Buyer,Procurement,Influencer,Yara.Young.402@maplepowertrain8.example,+1-555-309-7511,true,2025-09-30
003000000000403AAA,001000000000403AAA,Grace,Ramirez,Grace Ramirez,Plant Manager,Operations,Decision Maker,Grace.Ramirez.403@libertyfleetsolution.example,+1-555-453-3955,true,2024-08-19
003000000000404AAA,001000000000404AAA,Jonah,Bennett,Jonah Bennett,Program Manager,Program Management,Decision Maker,Jonah.Bennett.404@cedardistribution85.example,+1-555-269-3122,true,2018-02-08
003000000000405AAA,001000000000405AAA,Isaac,Patel,Isaac Patel,Program Manager,Program Management,Decision Maker,Isaac.Patel.405@mapleengineering73.example,+1-555-350-9895,true,2022-08-22
003000000000406AAA,001000000000406AAA,Noah,Wilson,Noah Wilson,Quality Manager,Quality,Technical Buyer,Noah.Wilson.406@redwoodengineering57.example,+1-555-521-8303,true,2021-08-21
003000000000407AAA,001000000000407AAA,Hector,Ward,Hector Ward,Chief Engineer,Engineering,Technical Buyer,Hector.Ward.407@meridianmanufacturin.example,+1-555-895-2382,false,2026-02-15
003000000000408AAA,001000000000408AAA,Maya,Johnson,Maya Johnson,Finance Director,Finance,Economic Buyer,Maya.Johnson.408@lakeviewpowertrain8.example,+1-555-170-9373,false,2026-04-27
003000000000409AAA,001000000000409AAA,Imani,Rivera,Imani Rivera,Quality Manager,Quality,Technical Buyer,Imani.Rivera.409@deltaengineering.example,+1-555-690-3347,true,2021-12-19
003000000000410AAA,001000000000410AAA,Lina,Baker,Lina Baker,Finance Director,Finance,Economic Buyer,Lina.Baker.410@valleymotorsystems91.example,+1-555-328-9782,true,2026-04-20
003000000000411AAA,001000000000411AAA,Alyssa,Rivera,Alyssa Rivera,VP of Operations,Leadership,Executive Sponsor,Alyssa.Rivera.411@crescentcomponents.example,+1-555-433-5665,true,2018-07-19
003000000000412AAA,001000000000412AAA,Priya,Singh,Priya Singh,Chief Engineer,Engineering,Technical Buyer,Priya.Singh.412@blueridgemobility.example,+1-555-421-3489,true,2021-06-19
003000000000413AAA,001000000000413AAA,Leo,Taylor,Leo Taylor,Senior Buyer,Procurement,Influencer,Leo.Taylor.413@oaklinevehiclesystem.example,+1-555-286-5673,true,2019-11-25
003000000000414AAA,001000000000414AAA,Gabriel,Ramirez,Gabriel Ramirez,Program Manager,Program Management,Decision Maker,Gabriel.Ramirez.414@timberlineautomotive.example,+1-555-533-4282,true,2025-11-04
003000000000415AAA,001000000000415AAA,Priya,Johnson,Priya Johnson,Chief Engineer,Engineering,Technical Buyer,Priya.Johnson.415@blueridgeindustrials.example,+1-555-292-4702,true,2019-07-05
003000000000416AAA,001000000000416AAA,Nadia,Green,Nadia Green,Quality Manager,Quality,Technical Buyer,Nadia.Green.416@aldercomponents47.example,+1-555-867-3731,true,2021-07-13
003000000000417AAA,001000000000417AAA,Grace,Clark,Grace Clark,Director of Procurement,Procurement,Economic Buyer,Grace.Clark.417@stonebridgemobility.example,+1-555-739-3599,true,2021-05-01
003000000000418AAA,001000000000418AAA,Nadia,Rivera,Nadia Rivera,Finance Director,Finance,Economic Buyer,Nadia.Rivera.418@deltadistribution37.example,+1-555-557-6058,true,2026-01-21
003000000000419AAA,001000000000419AAA,Nadia,Ramirez,Nadia Ramirez,Chief Engineer,Engineering,Technical Buyer,Nadia.Ramirez.419@beaconfleetsolutions.example,+1-555-919-7919,true,2024-07-28
003000000000420AAA,001000000000420AAA,Carson,Baker,Carson Baker,Quality Manager,Quality,Technical Buyer,Carson.Baker.420@eastgatevehiclesyste.example,+1-555-950-3555,true,2018-02-16
003000000000421AAA,001000000000421AAA,Elliot,Patel,Elliot Patel,Quality Manager,Quality,Technical Buyer,Elliot.Patel.421@prairieengineering71.example,+1-555-698-9466,true,2025-07-01
003000000000422AAA,001000000000422AAA,Olivia,Bennett,Olivia Bennett,VP of Operations,Leadership,Executive Sponsor,Olivia.Bennett.422@northfieldperformanc.example,+1-555-239-6030,true,2018-12-15
003000000000423AAA,001000000000423AAA,Wyatt,Bennett,Wyatt Bennett,Program Manager,Program Management,Decision Maker,Wyatt.Bennett.423@redwoodengineering55.example,+1-555-401-4121,true,2018-03-04
003000000000424AAA,001000000000424AAA,Maya,Walker,Maya Walker,Quality Manager,Quality,Technical Buyer,Maya.Walker.424@suncrestmobility39.example,+1-555-789-7699,true,2025-09-25
003000000000425AAA,001000000000425AAA,Aiden,Garcia,Aiden Garcia,Chief Engineer,Engineering,Technical Buyer,Aiden.Garcia.425@centraltransportgrou.example,+1-555-948-2153,true,2021-07-08
003000000000426AAA,001000000000426AAA,Mateo,Adams,Mateo Adams,Chief Engineer,Engineering,Technical Buyer,Mateo.Adams.426@prairievehiclesystem.example,+1-555-621-8745,true,2021-06-06
003000000000427AAA,001000000000427AAA,Lina,Morgan,Lina Morgan,Plant Manager,Operations,Decision Maker,Lina.Morgan.427@cobaltmotorsystems.example,+1-555-650-4318,true,2020-05-16
003000000000428AAA,001000000000428AAA,Camila,Ward,Camila Ward,Quality Manager,Quality,Technical Buyer,Camila.Ward.428@heritagepowertrain.example,+1-555-942-5518,true,2023-02-16
003000000000429AAA,001000000000429AAA,Sofia,Garcia,Sofia Garcia,Director of Procurement,Procurement,Economic Buyer,Sofia.Garcia.429@pinnacleengineering5.example,+1-555-266-1534,true,2021-12-04
003000000000430AAA,001000000000430AAA,Alyssa,Flores,Alyssa Flores,Director of Procurement,Procurement,Economic Buyer,Alyssa.Flores.430@harborfleetsolutions.example,+1-555-502-6605,true,2020-12-12
003000000000431AAA,001000000000431AAA,Olivia,Nguyen,Olivia Nguyen,Program Manager,Program Management,Decision Maker,Olivia.Nguyen.431@valleyfleetsolutions.example,+1-555-620-5315,true,2026-04-29
003000000000432AAA,001000000000432AAA,Camila,Ward,Camila Ward,Director of Procurement,Procurement,Economic Buyer,Camila.Ward.432@timberlinemanufactur.example,+1-555-290-1589,true,2024-09-09
003000000000433AAA,001000000000433AAA,Nadia,Flores,Nadia Flores,Director of Procurement,Procurement,Economic Buyer,Nadia.Flores.433@uniontransportgroup.example,+1-555-542-1600,true,2025-03-16
003000000000434AAA,001000000000434AAA,Lina,Patel,Lina Patel,Director of Procurement,Procurement,Economic Buyer,Lina.Patel.434@suncrestmotorsystems.example,+1-555-440-1285,true,2021-05-13
003000000000435AAA,001000000000435AAA,Rafael,Young,Rafael Young,Program Manager,Program Management,Decision Maker,Rafael.Young.435@mapleengineering82.example,+1-555-965-6647,true,2018-01-25
003000000000436AAA,001000000000436AAA,Jonah,Thomas,Jonah Thomas,Program Manager,Program Management,Decision Maker,Jonah.Thomas.436@granitevehiclesystem.example,+1-555-992-2445,true,2022-02-22
003000000000437AAA,001000000000437AAA,Camila,Taylor,Camila Taylor,Finance Director,Finance,Economic Buyer,Camila.Taylor.437@suncrestfleetsolutio.example,+1-555-986-2861,true,2026-03-12
003000000000438AAA,001000000000438AAA,Omar,Walker,Omar Walker,Finance Director,Finance,Economic Buyer,Omar.Walker.438@crownvehiclesystems9.example,+1-555-344-8051,true,2020-04-22
003000000000439AAA,001000000000439AAA,Alyssa,Wilson,Alyssa Wilson,Program Manager,Program Management,Decision Maker,Alyssa.Wilson.439@mapleperformancepart.example,+1-555-236-1511,true,2024-12-29
003000000000440AAA,001000000000440AAA,Alyssa,Rivera,Alyssa Rivera,Program Manager,Program Management,Decision Maker,Alyssa.Rivera.440@frontierindustrialsu.example,+1-555-730-1751,true,2018-03-28
003000000000441AAA,001000000000441AAA,Maya,Campbell,Maya Campbell,Senior Buyer,Procurement,Influencer,Maya.Campbell.441@stonebridgedistribut.example,+1-555-742-6264,true,2022-07-09
003000000000442AAA,001000000000442AAA,Theo,Ramirez,Theo Ramirez,Chief Engineer,Engineering,Technical Buyer,Theo.Ramirez.442@northfieldengineerin.example,+1-555-570-7488,true,2021-06-17
003000000000443AAA,001000000000443AAA,Camila,Nguyen,Camila Nguyen,Senior Buyer,Procurement,Influencer,Camila.Nguyen.443@windwardautomotive.example,+1-555-685-3599,true,2023-06-09
003000000000444AAA,001000000000444AAA,Nadia,Edwards,Nadia Edwards,Director of Procurement,Procurement,Economic Buyer,Nadia.Edwards.444@unioncomponents.example,+1-555-854-4983,true,2020-11-10
003000000000445AAA,001000000000445AAA,Priya,Clark,Priya Clark,VP of Operations,Leadership,Executive Sponsor,Priya.Clark.445@cedarpowertrain.example,+1-555-201-9707,true,2020-06-16
003000000000446AAA,001000000000446AAA,Priya,Patel,Priya Patel,VP of Operations,Leadership,Executive Sponsor,Priya.Patel.446@crescentautomotive72.example,+1-555-956-5025,true,2020-12-04
003000000000447AAA,001000000000447AAA,Alyssa,Nguyen,Alyssa Nguyen,Plant Manager,Operations,Decision Maker,Alyssa.Nguyen.447@keystonemotorsystems.example,+1-555-284-4109,true,2020-02-16
003000000000448AAA,001000000000448AAA,Yara,Johnson,Yara Johnson,Program Manager,Program Management,Decision Maker,Yara.Johnson.448@ridgewayassembly.example,+1-555-963-8321,true,2020-08-21
003000000000449AAA,001000000000449AAA,Wyatt,Nguyen,Wyatt Nguyen,Director of Procurement,Procurement,Economic Buyer,Wyatt.Nguyen.449@granitevehiclesystem.example,+1-555-880-5604,true,2019-05-01
003000000000450AAA,001000000000450AAA,Rina,Lewis,Rina Lewis,Chief Engineer,Engineering,Technical Buyer,Rina.Lewis.450@westgatepowertrain.example,+1-555-628-8708,true,2022-02-14
003000000000451AAA,001000000000451AAA,Elena,Thomas,Elena Thomas,Finance Director,Finance,Economic Buyer,Elena.Thomas.451@cedarindustrialsuppl.example,+1-555-569-3520,true,2021-05-23
003000000000452AAA,001000000000452AAA,Camila,Johnson,Camila Johnson,Senior Buyer,Procurement,Influencer,Camila.Johnson.452@heritageassembly.example,+1-555-611-1515,true,2021-04-04
003000000000453AAA,001000000000453AAA,Omar,Edwards,Omar Edwards,Quality Manager,Quality,Technical Buyer,Omar.Edwards.453@silverlinecomponents.example,+1-555-753-9136,true,2025-12-28
003000000000454AAA,001000000000454AAA,Fatima,Bennett,Fatima Bennett,Senior Buyer,Procurement,Influencer,Fatima.Bennett.454@beaconautomotive96.example,+1-555-767-7897,true,2022-01-31
003000000000455AAA,001000000000455AAA,Lina,Diaz,Lina Diaz,Program Manager,Program Management,Decision Maker,Lina.Diaz.455@silverlinemanufactur.example,+1-555-496-3329,true,2018-08-05
003000000000456AAA,001000000000456AAA,Leo,Kim,Leo Kim,Senior Buyer,Procurement,Influencer,Leo.Kim.456@suncresttransportgro.example,+1-555-900-4611,false,2024-11-23
003000000000457AAA,001000000000457AAA,Imani,Smith,Imani Smith,Program Manager,Program Management,Decision Maker,Imani.Smith.457@valleymobility30.example,+1-555-370-3333,true,2025-12-11
003000000000458AAA,001000000000458AAA,Lina,Chen,Lina Chen,Director of Procurement,Procurement,Economic Buyer,Lina.Chen.458@oaklineperformancepa.example,+1-555-769-4111,true,2018-03-19
003000000000459AAA,001000000000459AAA,Hector,Diaz,Hector Diaz,Plant Manager,Operations,Decision Maker,Hector.Diaz.459@pinnacletransportgro.example,+1-555-876-8168,true,2018-06-09
003000000000460AAA,001000000000460AAA,Zane,Adams,Zane Adams,Director of Procurement,Procurement,Economic Buyer,Zane.Adams.460@atlaspowertrain71.example,+1-555-434-2128,true,2025-01-21
003000000000461AAA,001000000000461AAA,Olivia,Turner,Olivia Turner,Quality Manager,Quality,Technical Buyer,Olivia.Turner.461@oaklinemobility3.example,+1-555-210-8246,true,2018-08-22
003000000000462AAA,001000000000462AAA,Devon,Miller,Devon Miller,Chief Engineer,Engineering,Technical Buyer,Devon.Miller.462@cobaltpowertrain60.example,+1-555-640-6744,true,2024-07-20
003000000000463AAA,001000000000463AAA,Camila,Garcia,Camila Garcia,Senior Buyer,Procurement,Influencer,Camila.Garcia.463@crescentfleetsolutio.example,+1-555-413-3706,true,2018-06-14
003000000000464AAA,001000000000464AAA,Aiden,Flores,Aiden Flores,Program Manager,Program Management,Decision Maker,Aiden.Flores.464@pacificvehiclesystem.example,+1-555-531-1291,true,2022-10-14
003000000000465AAA,001000000000465AAA,Elena,Singh,Elena Singh,Senior Buyer,Procurement,Influencer,Elena.Singh.465@harborpowertrain.example,+1-555-504-2762,true,2025-04-13
003000000000466AAA,001000000000466AAA,Omar,Adams,Omar Adams,Program Manager,Program Management,Decision Maker,Omar.Adams.466@oaklineautomotive33.example,+1-555-898-8399,true,2020-05-26
003000000000467AAA,001000000000467AAA,Lina,Patel,Lina Patel,Plant Manager,Operations,Decision Maker,Lina.Patel.467@silverlineengineerin.example,+1-555-313-7474,true,2022-11-29
003000000000468AAA,001000000000468AAA,Aiden,Hall,Aiden Hall,Program Manager,Program Management,Decision Maker,Aiden.Hall.468@redwoodindustrialsup.example,+1-555-779-7446,false,2019-05-12
003000000000469AAA,001000000000469AAA,Devon,Campbell,Devon Campbell,Finance Director,Finance,Economic Buyer,Devon.Campbell.469@deltaautomotive.example,+1-555-683-7180,true,2024-03-26
003000000000470AAA,001000000000470AAA,Zane,Edwards,Zane Edwards,Senior Buyer,Procurement,Influencer,Zane.Edwards.470@windwardperformancep.example,+1-555-189-1260,true,2023-07-22
003000000000471AAA,001000000000471AAA,Omar,Young,Omar Young,Quality Manager,Quality,Technical Buyer,Omar.Young.471@pacificautomotive66.example,+1-555-622-1045,true,2018-03-03
003000000000472AAA,001000000000472AAA,Sofia,Smith,Sofia Smith,VP of Operations,Leadership,Executive Sponsor,Sofia.Smith.472@granitevehiclesystem.example,+1-555-112-1913,true,2025-12-19
003000000000473AAA,001000000000473AAA,Elliot,Lee,Elliot Lee,Program Manager,Program Management,Decision Maker,Elliot.Lee.473@northfieldmanufactur.example,+1-555-756-9279,true,2019-05-28
003000000000474AAA,001000000000474AAA,Olivia,Flores,Olivia Flores,Finance Director,Finance,Economic Buyer,Olivia.Flores.474@ridgewayvehiclesyste.example,+1-555-470-8511,true,2023-04-08
003000000000475AAA,001000000000475AAA,Yara,Bennett,Yara Bennett,Director of Procurement,Procurement,Economic Buyer,Yara.Bennett.475@beaconfleetsolutions.example,+1-555-515-8585,true,2024-10-31
003000000000476AAA,001000000000476AAA,Zane,Robinson,Zane Robinson,Plant Manager,Operations,Decision Maker,Zane.Robinson.476@lakeviewmobility.example,+1-555-222-6255,true,2021-05-30
003000000000477AAA,001000000000477AAA,Hector,Taylor,Hector Taylor,Program Manager,Program Management,Decision Maker,Hector.Taylor.477@crownperformancepart.example,+1-555-916-8766,true,2024-01-27
003000000000478AAA,001000000000478AAA,Wyatt,Johnson,Wyatt Johnson,VP of Operations,Leadership,Executive Sponsor,Wyatt.Johnson.478@keystoneautomotive.example,+1-555-299-2109,true,2024-12-09
003000000000479AAA,001000000000479AAA,Kara,Nguyen,Kara Nguyen,Plant Manager,Operations,Decision Maker,Kara.Nguyen.479@canyondistribution65.example,+1-555-731-8182,true,2022-09-01
003000000000480AAA,001000000000480AAA,Sofia,Wilson,Sofia Wilson,Finance Director,Finance,Economic Buyer,Sofia.Wilson.480@cobaltautomotive.example,+1-555-891-9189,true,2018-09-02
003000000000481AAA,001000000000481AAA,Zane,Reed,Zane Reed,Chief Engineer,Engineering,Technical Buyer,Zane.Reed.481@windwarddistribution.example,+1-555-387-7858,true,2018-08-21
003000000000482AAA,001000000000482AAA,Wyatt,Chen,Wyatt Chen,Director of Procurement,Procurement,Economic Buyer,Wyatt.Chen.482@deltaassembly.example,+1-555-137-3317,true,2021-12-08
003000000000483AAA,001000000000483AAA,Elena,Taylor,Elena Taylor,Chief Engineer,Engineering,Technical Buyer,Elena.Taylor.483@crescentfleetsolutio.example,+1-555-648-8151,true,2024-06-30
003000000000484AAA,001000000000484AAA,Isaac,Martinez,Isaac Martinez,Plant Manager,Operations,Decision Maker,Isaac.Martinez.484@prairiecomponents75.example,+1-555-283-9248,true,2021-05-02
003000000000485AAA,001000000000485AAA,Rafael,Campbell,Rafael Campbell,VP of Operations,Leadership,Executive Sponsor,Rafael.Campbell.485@atlaspowertrain94.example,+1-555-539-2667,true,2022-03-08
003000000000486AAA,001000000000486AAA,Bianca,Chen,Bianca Chen,Quality Manager,Quality,Technical Buyer,Bianca.Chen.486@centralfleetsolution.example,+1-555-497-4566,true,2024-12-10
003000000000487AAA,001000000000487AAA,Noah,Nguyen,Noah Nguyen,Plant Manager,Operations,Decision Maker,Noah.Nguyen.487@lakeviewmotorsystems.example,+1-555-446-1699,true,2022-03-22
003000000000488AAA,001000000000488AAA,Priya,Rivera,Priya Rivera,Chief Engineer,Engineering,Technical Buyer,Priya.Rivera.488@centralvehiclesystem.example,+1-555-114-3186,true,2025-08-10
003000000000489AAA,001000000000489AAA,Leo,Bennett,Leo Bennett,Finance Director,Finance,Economic Buyer,Leo.Bennett.489@silverlinetransportg.example,+1-555-603-4635,true,2024-02-05
003000000000490AAA,001000000000490AAA,Elena,Bennett,Elena Bennett,Finance Director,Finance,Economic Buyer,Elena.Bennett.490@stonebridgecomponent.example,+1-555-276-3142,true,2024-08-26
003000000000491AAA,001000000000491AAA,Amara,Campbell,Amara Campbell,Finance Director,Finance,Economic Buyer,Amara.Campbell.491@heritageautomotive56.example,+1-555-979-1166,true,2019-07-04
003000000000492AAA,001000000000492AAA,Elliot,Miller,Elliot Miller,Program Manager,Program Management,Decision Maker,Elliot.Miller.492@cedarautomotive76.example,+1-555-648-5413,true,2022-05-17
003000000000493AAA,001000000000493AAA,Rafael,Singh,Rafael Singh,Quality Manager,Quality,Technical Buyer,Rafael.Singh.493@valleyindustrialsupp.example,+1-555-759-6046,true,2018-02-11
003000000000494AAA,001000000000494AAA,Gabriel,Clark,Gabriel Clark,Quality Manager,Quality,Technical Buyer,Gabriel.Clark.494@cobaltfleetsolutions.example,+1-555-866-1152,true,2018-10-01
003000000000495AAA,001000000000495AAA,Kara,Thomas,Kara Thomas,Senior Buyer,Procurement,Influencer,Kara.Thomas.495@atlasautomotive67.example,+1-555-170-7881,true,2020-10-03
003000000000496AAA,001000000000496AAA,Wyatt,Baker,Wyatt Baker,Director of Procurement,Procurement,Economic Buyer,Wyatt.Baker.496@suncrestdistribution.example,+1-555-450-7172,true,2018-12-17
003000000000497AAA,001000000000497AAA,Zane,Clark,Zane Clark,Senior Buyer,Procurement,Influencer,Zane.Clark.497@canyondistribution92.example,+1-555-494-4231,true,2023-02-08
003000000000498AAA,001000000000498AAA,Bianca,Young,Bianca Young,Quality Manager,Quality,Technical Buyer,Bianca.Young.498@suncrestmobility59.example,+1-555-295-7866,true,2023-09-18
003000000000499AAA,001000000000499AAA,Daria,Turner,Daria Turner,Director of Procurement,Procurement,Economic Buyer,Daria.Turner.499@granitemotorsystems.example,+1-555-811-9776,true,2023-03-09
003000000000500AAA,001000000000500AAA,Camila,Hernandez,Camila Hernandez,Chief Engineer,Engineering,Technical Buyer,Camila.Hernandez.500@libertymobility10.example,+1-555-425-7052,true,2021-09-05
003000000000501AAA,001000000000078AAA,Zane,Johnson,Zane Johnson,VP of Operations,Leadership,Executive Sponsor,Zane.Johnson.501@westgatefleetsolutio.example,+1-555-245-4569,true,2021-02-01
003000000000502AAA,001000000000400AAA,Omar,Bennett,Omar Bennett,Program Manager,Program Management,Decision Maker,Omar.Bennett.502@mapledistribution22.example,+1-555-845-8514,true,2018-01-16
003000000000503AAA,001000000000198AAA,Bianca,Rivera,Bianca Rivera,Finance Director,Finance,Economic Buyer,Bianca.Rivera.503@crescenttransportgro.example,+1-555-780-7210,true,2025-02-13
003000000000504AAA,001000000000362AAA,Noah,Adams,Noah Adams,Program Manager,Program Management,Decision Maker,Noah.Adams.504@harborfleetsolutions.example,+1-555-824-4725,true,2024-10-17
003000000000505AAA,001000000000003AAA,Rafael,Lee,Rafael Lee,VP of Operations,Leadership,Executive Sponsor,Rafael.Lee.505@summitmotorworks.example,+1-555-271-9471,true,2020-12-01
003000000000506AAA,001000000000031AAA,Isaac,Kim,Isaac Kim,Plant Manager,Operations,Decision Maker,Isaac.Kim.506@cedartransportgroup.example,+1-555-539-1076,true,2022-03-11
003000000000507AAA,001000000000126AAA,Grace,Ward,Grace Ward,Plant Manager,Operations,Decision Maker,Grace.Ward.507@windwarddistribution.example,+1-555-976-5472,true,2019-10-20
003000000000508AAA,001000000000040AAA,Priya,Young,Priya Young,Finance Director,Finance,Economic Buyer,Priya.Young.508@frontierassembly.example,+1-555-989-3365,true,2024-05-06
003000000000509AAA,001000000000259AAA,Aiden,Alvarez,Aiden Alvarez,VP of Operations,Leadership,Executive Sponsor,Aiden.Alvarez.509@stonebridgetransport.example,+1-555-586-3967,true,2018-02-08
003000000000510AAA,001000000000298AAA,Carson,Diaz,Carson Diaz,VP of Operations,Leadership,Executive Sponsor,Carson.Diaz.510@centralfleetsolution.example,+1-555-812-4841,true,2022-02-27
003000000000511AAA,001000000000284AAA,Caleb,Flores,Caleb Flores,Program Manager,Program Management,Decision Maker,Caleb.Flores.511@suncresttransportgro.example,+1-555-676-7191,true,2023-09-03
003000000000512AAA,001000000000340AAA,Carson,Alvarez,Carson Alvarez,Director of Procurement,Procurement,Economic Buyer,Carson.Alvarez.512@oaklinetransportgrou.example,+1-555-429-9868,true,2024-08-27
003000000000513AAA,001000000000281AAA,Yara,Adams,Yara Adams,VP of Operations,Leadership,Executive Sponsor,Yara.Adams.513@aldermotorsystems24.example,+1-555-775-6197,true,2018-12-12
003000000000514AAA,001000000000079AAA,Fatima,Rivera,Fatima Rivera,Program Manager,Program Management,Decision Maker,Fatima.Rivera.514@stonebridgepowertrai.example,+1-555-633-6560,true,2025-12-18
003000000000515AAA,001000000000493AAA,Mateo,Wilson,Mateo Wilson,VP of Operations,Leadership,Executive Sponsor,Mateo.Wilson.515@valleyindustrialsupp.example,+1-555-572-3070,true,2019-02-13
003000000000516AAA,001000000000024AAA,Rina,Alvarez,Rina Alvarez,Plant Manager,Operations,Decision Maker,Rina.Alvarez.516@atlasperformancepart.example,+1-555-899-5327,true,2018-04-10
003000000000517AAA,001000000000043AAA,Grace,Martinez,Grace Martinez,Finance Director,Finance,Economic Buyer,Grace.Martinez.517@alderindustrialsuppl.example,+1-555-691-7429,true,2024-05-10
003000000000518AAA,001000000000234AAA,Carson,Campbell,Carson Campbell,Director of Procurement,Procurement,Economic Buyer,Carson.Campbell.518@cobaltpowertrain.example,+1-555-472-1277,true,2018-07-28
003000000000519AAA,001000000000462AAA,Olivia,Diaz,Olivia Diaz,Chief Engineer,Engineering,Technical Buyer,Olivia.Diaz.519@cobaltpowertrain60.example,+1-555-895-9693,true,2024-03-10
003000000000520AAA,001000000000104AAA,Nadia,Hall,Nadia Hall,Plant Manager,Operations,Decision Maker,Nadia.Hall.520@graniteassembly.example,+1-555-425-2776,true,2023-11-01
003000000000521AAA,001000000000301AAA,Daria,Flores,Daria Flores,Plant Manager,Operations,Decision Maker,Daria.Flores.521@windwardindustrialsu.example,+1-555-540-2925,true,2025-11-25
003000000000522AAA,001000000000423AAA,Grace,Walker,Grace Walker,Director of Procurement,Procurement,Economic Buyer,Grace.Walker.522@redwoodengineering55.example,+1-555-646-2511,true,2022-08-27
003000000000523AAA,001000000000033AAA,Theo,Edwards,Theo Edwards,Program Manager,Program Management,Decision Maker,Theo.Edwards.523@eastgatemanufacturin.example,+1-555-901-7733,true,2025-10-11
003000000000524AAA,001000000000444AAA,Gabriel,Reed,Gabriel Reed,Plant Manager,Operations,Decision Maker,Gabriel.Reed.524@unioncomponents.example,+1-555-927-4900,true,2020-08-20
003000000000525AAA,001000000000181AAA,Camila,Edwards,Camila Edwards,Program Manager,Program Management,Decision Maker,Camila.Edwards.525@westgatemobility.example,+1-555-535-6352,false,2023-10-12
003000000000526AAA,001000000000233AAA,Jade,Lewis,Jade Lewis,Director of Procurement,Procurement,Economic Buyer,Jade.Lewis.526@crescentmobility39.example,+1-555-160-8936,true,2021-08-08
003000000000527AAA,001000000000368AAA,Hector,Taylor,Hector Taylor,Quality Manager,Quality,Technical Buyer,Hector.Taylor.527@beaconautomotive90.example,+1-555-195-4012,true,2024-02-13
003000000000528AAA,001000000000114AAA,Yara,Ward,Yara Ward,VP of Operations,Leadership,Executive Sponsor,Yara.Ward.528@eastgateautomotive.example,+1-555-893-8822,true,2024-09-10
003000000000529AAA,001000000000025AAA,Leo,Garcia,Leo Garcia,Plant Manager,Operations,Decision Maker,Leo.Garcia.529@blueridgeassembly.example,+1-555-266-3402,true,2020-07-11
003000000000530AAA,001000000000004AAA,Sofia,Nguyen,Sofia Nguyen,Program Manager,Program Management,Decision Maker,Sofia.Nguyen.530@continentalmobilitys.example,+1-555-726-5668,true,2025-05-02
003000000000531AAA,001000000000173AAA,Elena,Alvarez,Elena Alvarez,Chief Engineer,Engineering,Technical Buyer,Elena.Alvarez.531@valleyindustrialsupp.example,+1-555-970-6329,true,2020-11-06
003000000000532AAA,001000000000031AAA,Omar,Campbell,Omar Campbell,Director of Procurement,Procurement,Economic Buyer,Omar.Campbell.532@cedartransportgroup.example,+1-555-203-1333,true,2021-12-31
003000000000533AAA,001000000000365AAA,Fatima,Singh,Fatima Singh,Senior Buyer,Procurement,Influencer,Fatima.Singh.533@redwoodengineering.example,+1-555-397-7856,true,2018-01-28
003000000000534AAA,001000000000299AAA,Kara,Baker,Kara Baker,Senior Buyer,Procurement,Influencer,Kara.Baker.534@prairiemobility54.example,+1-555-253-7145,true,2021-11-09
003000000000535AAA,001000000000037AAA,Grace,Taylor,Grace Taylor,Chief Engineer,Engineering,Technical Buyer,Grace.Taylor.535@frontierautomotive.example,+1-555-392-5927,true,2025-07-05
003000000000536AAA,001000000000140AAA,Olivia,Garcia,Olivia Garcia,Quality Manager,Quality,Technical Buyer,Olivia.Garcia.536@unionfleetsolutions7.example,+1-555-917-8507,true,2019-10-26
003000000000537AAA,001000000000120AAA,Valeria,Green,Valeria Green,Senior Buyer,Procurement,Influencer,Valeria.Green.537@oaklineengineering.example,+1-555-624-8351,true,2020-08-06
003000000000538AAA,001000000000063AAA,Maya,Garcia,Maya Garcia,Quality Manager,Quality,Technical Buyer,Maya.Garcia.538@windwardvehiclesyste.example,+1-555-904-7368,true,2022-02-02
003000000000539AAA,001000000000059AAA,Theo,Edwards,Theo Edwards,Senior Buyer,Procurement,Influencer,Theo.Edwards.539@ridgewayvehiclesyste.example,+1-555-932-1609,true,2025-07-04
003000000000540AAA,001000000000065AAA,Leo,Ramirez,Leo Ramirez,VP of Operations,Leadership,Executive Sponsor,Leo.Ramirez.540@canyonmotorsystems.example,+1-555-982-6444,true,2024-06-09
003000000000541AAA,001000000000016AAA,Carson,Turner,Carson Turner,Plant Manager,Operations,Decision Maker,Carson.Turner.541@meridianmanufacturin.example,+1-555-881-3838,true,2018-11-19
003000000000542AAA,001000000000183AAA,Fatima,Thomas,Fatima Thomas,Chief Engineer,Engineering,Technical Buyer,Fatima.Thomas.542@suncrestcomponents.example,+1-555-420-7673,true,2022-12-11
003000000000543AAA,001000000000457AAA,Amara,Kim,Amara Kim,Senior Buyer,Procurement,Influencer,Amara.Kim.543@valleymobility30.example,+1-555-828-8965,true,2019-07-21
003000000000544AAA,001000000000053AAA,Omar,Morgan,Omar Morgan,Senior Buyer,Procurement,Influencer,Omar.Morgan.544@deltamobility.example,+1-555-892-6211,true,2023-01-06
003000000000545AAA,001000000000060AAA,Gabriel,Chen,Gabriel Chen,Plant Manager,Operations,Decision Maker,Gabriel.Chen.545@westgateautomotive.example,+1-555-737-4741,true,2020-05-10
003000000000546AAA,001000000000049AAA,Gabriel,Chen,Gabriel Chen,Senior Buyer,Procurement,Influencer,Gabriel.Chen.546@lakeviewfleetsolutio.example,+1-555-801-8166,true,2020-01-09
003000000000547AAA,001000000000487AAA,Jonah,Bennett,Jonah Bennett,Director of Procurement,Procurement,Economic Buyer,Jonah.Bennett.547@lakeviewmotorsystems.example,+1-555-718-2147,true,2024-06-11
003000000000548AAA,001000000000034AAA,Zane,Hernandez,Zane Hernandez,Finance Director,Finance,Economic Buyer,Zane.Hernandez.548@meridiandistribution.example,+1-555-752-1841,true,2024-04-23
003000000000549AAA,001000000000245AAA,Imani,Campbell,Imani Campbell,Finance Director,Finance,Economic Buyer,Imani.Campbell.549@cedardistribution89.example,+1-555-171-1547,true,2023-02-23
003000000000550AAA,001000000000193AAA,Lina,Martinez,Lina Martinez,Plant Manager,Operations,Decision Maker,Lina.Martinez.550@ridgewaydistribution.example,+1-555-790-4740,true,2019-05-07
003000000000551AAA,001000000000045AAA,Noah,Cruz,Noah Cruz,Finance Director,Finance,Economic Buyer,Noah.Cruz.551@meridiandistribution.example,+1-555-761-5867,true,2025-06-09
003000000000552AAA,001000000000086AAA,Andre,Baker,Andre Baker,Chief Engineer,Engineering,Technical Buyer,Andre.Baker.552@pacifictransportgrou.example,+1-555-302-7799,true,2018-11-05
003000000000553AAA,001000000000008AAA,Grace,Patel,Grace Patel,Quality Manager,Quality,Technical Buyer,Grace.Patel.553@bluerivervehiclesyst.example,+1-555-615-7924,true,2020-12-05
003000000000554AAA,001000000000181AAA,Elliot,Alvarez,Elliot Alvarez,Senior Buyer,Procurement,Influencer,Elliot.Alvarez.554@westgatemobility.example,+1-555-477-5700,true,2021-12-09
003000000000555AAA,001000000000296AAA,Sofia,Taylor,Sofia Taylor,Director of Procurement,Procurement,Economic Buyer,Sofia.Taylor.555@pinnacleautomotive.example,+1-555-626-4752,true,2020-12-28
003000000000556AAA,001000000000147AAA,Grace,Taylor,Grace Taylor,Program Manager,Program Management,Decision Maker,Grace.Taylor.556@pacificfleetsolution.example,+1-555-230-3762,true,2023-07-20
003000000000557AAA,001000000000212AAA,Alyssa,Ramirez,Alyssa Ramirez,VP of Operations,Leadership,Executive Sponsor,Alyssa.Ramirez.557@cobaltengineering79.example,+1-555-994-6129,true,2024-03-02
003000000000558AAA,001000000000003AAA,Bianca,Lewis,Bianca Lewis,Plant Manager,Operations,Decision Maker,Bianca.Lewis.558@summitmotorworks.example,+1-555-527-5393,true,2021-06-04
003000000000559AAA,001000000000140AAA,Caleb,Lewis,Caleb Lewis,VP of Operations,Leadership,Executive Sponsor,Caleb.Lewis.559@unionfleetsolutions7.example,+1-555-800-5736,true,2020-05-29
003000000000560AAA,001000000000174AAA,Hector,Miller,Hector Miller,Quality Manager,Quality,Technical Buyer,Hector.Miller.560@pinnaclemobility52.example,+1-555-256-2963,true,2022-05-08
003000000000561AAA,001000000000050AAA,Elliot,Morgan,Elliot Morgan,Chief Engineer,Engineering,Technical Buyer,Elliot.Morgan.561@granitefleetsolution.example,+1-555-766-9929,true,2022-08-20
003000000000562AAA,001000000000029AAA,Fatima,Green,Fatima Green,Senior Buyer,Procurement,Influencer,Fatima.Green.562@oaklinedistribution.example,+1-555-466-3080,true,2021-01-18
003000000000563AAA,001000000000334AAA,Priya,Cruz,Priya Cruz,Director of Procurement,Procurement,Economic Buyer,Priya.Cruz.563@prairiefleetsolution.example,+1-555-701-4063,true,2023-05-19
003000000000564AAA,001000000000030AAA,Elliot,Cruz,Elliot Cruz,Chief Engineer,Engineering,Technical Buyer,Elliot.Cruz.564@northfieldtransportg.example,+1-555-635-4206,true,2023-01-14
003000000000565AAA,001000000000022AAA,Jonah,Ramirez,Jonah Ramirez,Director of Procurement,Procurement,Economic Buyer,Jonah.Ramirez.565@westgateindustrialsu.example,+1-555-530-6897,true,2024-01-14
003000000000566AAA,001000000000271AAA,Caleb,Reed,Caleb Reed,Finance Director,Finance,Economic Buyer,Caleb.Reed.566@alderfleetsolutions.example,+1-555-715-9424,true,2026-02-20
003000000000567AAA,001000000000289AAA,Isaac,Young,Isaac Young,VP of Operations,Leadership,Executive Sponsor,Isaac.Young.567@valleyassembly65.example,+1-555-341-5057,true,2026-05-18
003000000000568AAA,001000000000035AAA,Camila,Wilson,Camila Wilson,Senior Buyer,Procurement,Influencer,Camila.Wilson.568@northfieldassembly.example,+1-555-201-5432,true,2018-11-24
003000000000569AAA,001000000000099AAA,Valeria,Adams,Valeria Adams,Senior Buyer,Procurement,Influencer,Valeria.Adams.569@silverlinepowertrain.example,+1-555-807-5112,true,2024-09-19
003000000000570AAA,001000000000074AAA,Devon,Reed,Devon Reed,Program Manager,Program Management,Decision Maker,Devon.Reed.570@maplemanufacturing.example,+1-555-480-3404,true,2021-11-27
003000000000571AAA,001000000000069AAA,Lina,Walker,Lina Walker,Director of Procurement,Procurement,Economic Buyer,Lina.Walker.571@crescentengineering.example,+1-555-543-6655,true,2018-12-16
003000000000572AAA,001000000000017AAA,Omar,Wilson,Omar Wilson,Plant Manager,Operations,Decision Maker,Omar.Wilson.572@meridianautomotive.example,+1-555-232-3513,true,2023-10-14
003000000000573AAA,001000000000117AAA,Carson,Kim,Carson Kim,Finance Director,Finance,Economic Buyer,Carson.Kim.573@keystonemobility.example,+1-555-452-3419,true,2020-11-19
003000000000574AAA,001000000000201AAA,Wyatt,Lewis,Wyatt Lewis,Director of Procurement,Procurement,Economic Buyer,Wyatt.Lewis.574@redwoodpowertrain.example,+1-555-158-2574,true,2020-07-08
003000000000575AAA,001000000000248AAA,Sofia,Nguyen,Sofia Nguyen,Director of Procurement,Procurement,Economic Buyer,Sofia.Nguyen.575@pinnacletransportgro.example,+1-555-503-2170,true,2025-12-29
003000000000576AAA,001000000000033AAA,Devon,Singh,Devon Singh,Program Manager,Program Management,Decision Maker,Devon.Singh.576@eastgatemanufacturin.example,+1-555-439-8213,true,2022-01-17
003000000000577AAA,001000000000023AAA,Olivia,Martinez,Olivia Martinez,Director of Procurement,Procurement,Economic Buyer,Olivia.Martinez.577@suncrestfleetsolutio.example,+1-555-371-2416,true,2022-03-02
003000000000578AAA,001000000000330AAA,Devon,Williams,Devon Williams,Program Manager,Program Management,Decision Maker,Devon.Williams.578@suncrestfleetsolutio.example,+1-555-679-6373,true,2025-05-26
003000000000579AAA,001000000000334AAA,Daria,Baker,Daria Baker,Plant Manager,Operations,Decision Maker,Daria.Baker.579@prairiefleetsolution.example,+1-555-869-6407,true,2020-09-08
003000000000580AAA,001000000000041AAA,Camila,Hall,Camila Hall,Finance Director,Finance,Economic Buyer,Camila.Hall.580@suncrestmanufacturin.example,+1-555-485-7791,true,2025-08-08
003000000000581AAA,001000000000209AAA,Maya,Singh,Maya Singh,Finance Director,Finance,Economic Buyer,Maya.Singh.581@pinnaclemanufacturin.example,+1-555-469-8746,true,2025-12-02
003000000000582AAA,001000000000410AAA,Jade,Robinson,Jade Robinson,VP of Operations,Leadership,Executive Sponsor,Jade.Robinson.582@valleymotorsystems91.example,+1-555-607-8419,true,2024-08-08
003000000000583AAA,001000000000119AAA,Valeria,Alvarez,Valeria Alvarez,Quality Manager,Quality,Technical Buyer,Valeria.Alvarez.583@granitetransportgrou.example,+1-555-854-5631,true,2023-05-22
003000000000584AAA,001000000000023AAA,Imani,Garcia,Imani Garcia,Director of Procurement,Procurement,Economic Buyer,Imani.Garcia.584@suncrestfleetsolutio.example,+1-555-295-1973,true,2022-08-30
003000000000585AAA,001000000000113AAA,Olivia,Ramirez,Olivia Ramirez,Director of Procurement,Procurement,Economic Buyer,Olivia.Ramirez.585@ridgewaymanufacturin.example,+1-555-231-1221,true,2020-11-12
003000000000586AAA,001000000000006AAA,Aiden,Alvarez,Aiden Alvarez,Senior Buyer,Procurement,Influencer,Aiden.Alvarez.586@riograndemobility.example,+1-555-150-7771,true,2019-01-14
003000000000587AAA,001000000000281AAA,Caleb,Alvarez,Caleb Alvarez,Plant Manager,Operations,Decision Maker,Caleb.Alvarez.587@aldermotorsystems24.example,+1-555-120-4296,true,2024-06-03
003000000000588AAA,001000000000066AAA,Omar,Alvarez,Omar Alvarez,Plant Manager,Operations,Decision Maker,Omar.Alvarez.588@atlaspowertrain.example,+1-555-642-8605,true,2018-09-30
003000000000589AAA,001000000000225AAA,Carson,Singh,Carson Singh,Senior Buyer,Procurement,Influencer,Carson.Singh.589@silverlineperformanc.example,+1-555-181-7319,true,2023-07-07
003000000000590AAA,001000000000093AAA,Noah,Taylor,Noah Taylor,Chief Engineer,Engineering,Technical Buyer,Noah.Taylor.590@heritageengineering.example,+1-555-465-2928,true,2018-02-08
003000000000591AAA,001000000000071AAA,Fatima,Campbell,Fatima Campbell,VP of Operations,Leadership,Executive Sponsor,Fatima.Campbell.591@unionmotorsystems.example,+1-555-913-5139,true,2022-09-04
003000000000592AAA,001000000000105AAA,Amara,Wilson,Amara Wilson,Chief Engineer,Engineering,Technical Buyer,Amara.Wilson.592@harborfleetsolutions.example,+1-555-254-7062,true,2019-05-03
003000000000593AAA,001000000000215AAA,Nadia,Morgan,Nadia Morgan,Director of Procurement,Procurement,Economic Buyer,Nadia.Morgan.593@libertydistribution.example,+1-555-825-6360,true,2022-10-03
003000000000594AAA,001000000000050AAA,Mateo,Cruz,Mateo Cruz,Senior Buyer,Procurement,Influencer,Mateo.Cruz.594@granitefleetsolution.example,+1-555-578-6603,true,2019-07-06
003000000000595AAA,001000000000035AAA,Andre,Morgan,Andre Morgan,Finance Director,Finance,Economic Buyer,Andre.Morgan.595@northfieldassembly.example,+1-555-272-7819,true,2020-02-17
003000000000596AAA,001000000000173AAA,Imani,Edwards,Imani Edwards,Chief Engineer,Engineering,Technical Buyer,Imani.Edwards.596@valleyindustrialsupp.example,+1-555-684-8521,true,2019-03-17
003000000000597AAA,001000000000213AAA,Daria,Green,Daria Green,Plant Manager,Operations,Decision Maker,Daria.Green.597@blueridgeassembly42.example,+1-555-792-4294,true,2020-04-13
003000000000598AAA,001000000000020AAA,Kara,Diaz,Kara Diaz,Senior Buyer,Procurement,Influencer,Kara.Diaz.598@blueridgetransportgr.example,+1-555-461-7718,true,2022-04-02
003000000000599AAA,001000000000125AAA,Grace,Miller,Grace Miller,Chief Engineer,Engineering,Technical Buyer,Grace.Miller.599@frontierassembly31.example,+1-555-626-3881,true,2025-03-20
003000000000600AAA,001000000000177AAA,Amara,Wilson,Amara Wilson,VP of Operations,Leadership,Executive Sponsor,Amara.Wilson.600@keystonemotorsystems.example,+1-555-634-2196,true,2025-11-24
003000000000601AAA,001000000000081AAA,Nadia,Clark,Nadia Clark,VP of Operations,Leadership,Executive Sponsor,Nadia.Clark.601@cobaltperformancepar.example,+1-555-914-4281,true,2025-07-11
003000000000602AAA,001000000000090AAA,Carson,Bennett,Carson Bennett,Finance Director,Finance,Economic Buyer,Carson.Bennett.602@prairieassembly.example,+1-555-631-1514,true,2023-12-29
003000000000603AAA,001000000000226AAA,Sofia,Lee,Sofia Lee,Plant Manager,Operations,Decision Maker,Sofia.Lee.603@stonebridgeautomotiv.example,+1-555-589-9731,true,2023-12-07
003000000000604AAA,001000000000419AAA,Olivia,Robinson,Olivia Robinson,VP of Operations,Leadership,Executive Sponsor,Olivia.Robinson.604@beaconfleetsolutions.example,+1-555-701-6303,true,2021-03-30
003000000000605AAA,001000000000208AAA,Rafael,Martinez,Rafael Martinez,Director of Procurement,Procurement,Economic Buyer,Rafael.Martinez.605@eastgateautomotive50.example,+1-555-926-7702,true,2018-02-05
003000000000606AAA,001000000000023AAA,Maya,Smith,Maya Smith,Program Manager,Program Management,Decision Maker,Maya.Smith.606@suncrestfleetsolutio.example,+1-555-348-8542,true,2022-06-19
003000000000607AAA,001000000000033AAA,Jonah,Miller,Jonah Miller,Senior Buyer,Procurement,Influencer,Jonah.Miller.607@eastgatemanufacturin.example,+1-555-174-2037,true,2021-06-30
003000000000608AAA,001000000000207AAA,Priya,Martinez,Priya Martinez,Finance Director,Finance,Economic Buyer,Priya.Martinez.608@maplepowertrain96.example,+1-555-140-3605,true,2018-08-04
003000000000609AAA,001000000000001AAA,Bianca,Walker,Bianca Walker,Director of Procurement,Procurement,Economic Buyer,Bianca.Walker.609@northstarautomotiveg.example,+1-555-694-5072,true,2018-10-02
003000000000610AAA,001000000000485AAA,Elliot,Flores,Elliot Flores,Senior Buyer,Procurement,Influencer,Elliot.Flores.610@atlaspowertrain94.example,+1-555-702-3869,true,2024-12-16
003000000000611AAA,001000000000007AAA,Priya,Walker,Priya Walker,Finance Director,Finance,Economic Buyer,Priya.Walker.611@sierraroadcraft.example,+1-555-785-2677,true,2022-07-14
003000000000612AAA,001000000000319AAA,Carson,Singh,Carson Singh,VP of Operations,Leadership,Executive Sponsor,Carson.Singh.612@heritagefleetsolutio.example,+1-555-600-9447,true,2020-12-07
003000000000613AAA,001000000000411AAA,Omar,Turner,Omar Turner,Senior Buyer,Procurement,Influencer,Omar.Turner.613@crescentcomponents.example,+1-555-740-2565,true,2023-02-21
003000000000614AAA,001000000000187AAA,Nadia,Green,Nadia Green,Senior Buyer,Procurement,Influencer,Nadia.Green.614@prairievehiclesystem.example,+1-555-277-4696,true,2024-03-27
003000000000615AAA,001000000000025AAA,Amara,Smith,Amara Smith,Plant Manager,Operations,Decision Maker,Amara.Smith.615@blueridgeassembly.example,+1-555-798-1225,true,2020-10-22
003000000000616AAA,001000000000112AAA,Gabriel,Lewis,Gabriel Lewis,Director of Procurement,Procurement,Economic Buyer,Gabriel.Lewis.616@stonebridgemotorsyst.example,+1-555-170-5504,true,2024-09-16
003000000000617AAA,001000000000042AAA,Olivia,Taylor,Olivia Taylor,VP of Operations,Leadership,Executive Sponsor,Olivia.Taylor.617@crescentindustrialsu.example,+1-555-630-4586,true,2025-11-09
003000000000618AAA,001000000000406AAA,Sofia,Hernandez,Sofia Hernandez,Program Manager,Program Management,Decision Maker,Sofia.Hernandez.618@redwoodengineering57.example,+1-555-442-9788,true,2023-10-09
003000000000619AAA,001000000000006AAA,Daria,Cruz,Daria Cruz,Senior Buyer,Procurement,Influencer,Daria.Cruz.619@riograndemobility.example,+1-555-887-7157,true,2020-06-07
003000000000620AAA,001000000000005AAA,Noah,Baker,Noah Baker,Program Manager,Program Management,Decision Maker,Noah.Baker.620@auroravehicleworks.example,+1-555-483-3123,true,2023-09-20
003000000000621AAA,001000000000084AAA,Imani,Ward,Imani Ward,Director of Procurement,Procurement,Economic Buyer,Imani.Ward.621@mapleperformancepart.example,+1-555-951-6441,true,2021-12-06
003000000000622AAA,001000000000082AAA,Devon,Morgan,Devon Morgan,Senior Buyer,Procurement,Influencer,Devon.Morgan.622@harbordistribution.example,+1-555-457-3363,true,2021-03-25
003000000000623AAA,001000000000005AAA,Hector,Diaz,Hector Diaz,Quality Manager,Quality,Technical Buyer,Hector.Diaz.623@auroravehicleworks.example,+1-555-946-5264,true,2022-12-03
003000000000624AAA,001000000000199AAA,Camila,Miller,Camila Miller,Chief Engineer,Engineering,Technical Buyer,Camila.Miller.624@crescentdistribution.example,+1-555-363-7733,true,2024-06-09
003000000000625AAA,001000000000030AAA,Noah,Smith,Noah Smith,Director of Procurement,Procurement,Economic Buyer,Noah.Smith.625@northfieldtransportg.example,+1-555-618-8284,true,2019-02-24
003000000000626AAA,001000000000084AAA,Hector,Kim,Hector Kim,Quality Manager,Quality,Technical Buyer,Hector.Kim.626@mapleperformancepart.example,+1-555-357-8153,true,2022-09-27
003000000000627AAA,001000000000067AAA,Elliot,Smith,Elliot Smith,VP of Operations,Leadership,Executive Sponsor,Elliot.Smith.627@pacifictransportgrou.example,+1-555-170-1261,true,2019-05-26
003000000000628AAA,001000000000298AAA,Carson,Clark,Carson Clark,Chief Engineer,Engineering,Technical Buyer,Carson.Clark.628@centralfleetsolution.example,+1-555-476-6318,true,2018-06-09
003000000000629AAA,001000000000323AAA,Amara,Alvarez,Amara Alvarez,Plant Manager,Operations,Decision Maker,Amara.Alvarez.629@deltavehiclesystems.example,+1-555-718-9220,true,2018-02-25
003000000000630AAA,001000000000369AAA,Jonah,Reed,Jonah Reed,Quality Manager,Quality,Technical Buyer,Jonah.Reed.630@pinnacleautomotive41.example,+1-555-924-6777,true,2019-01-12
003000000000631AAA,001000000000023AAA,Mateo,Patel,Mateo Patel,Finance Director,Finance,Economic Buyer,Mateo.Patel.631@suncrestfleetsolutio.example,+1-555-337-1693,true,2022-12-02
003000000000632AAA,001000000000118AAA,Grace,Flores,Grace Flores,Chief Engineer,Engineering,Technical Buyer,Grace.Flores.632@alderassembly.example,+1-555-725-4887,true,2023-05-04
003000000000633AAA,001000000000025AAA,Hector,Williams,Hector Williams,Quality Manager,Quality,Technical Buyer,Hector.Williams.633@blueridgeassembly.example,+1-555-549-1160,true,2020-06-24
003000000000634AAA,001000000000316AAA,Theo,Ramirez,Theo Ramirez,Chief Engineer,Engineering,Technical Buyer,Theo.Ramirez.634@canyonengineering.example,+1-555-170-3119,false,2022-01-07
003000000000635AAA,001000000000045AAA,Alyssa,Turner,Alyssa Turner,Senior Buyer,Procurement,Influencer,Alyssa.Turner.635@meridiandistribution.example,+1-555-607-2178,true,2024-07-06
003000000000636AAA,001000000000422AAA,Amara,Alvarez,Amara Alvarez,Quality Manager,Quality,Technical Buyer,Amara.Alvarez.636@northfieldperformanc.example,+1-555-794-7430,true,2024-12-16
003000000000637AAA,001000000000115AAA,Zane,Garcia,Zane Garcia,Senior Buyer,Procurement,Influencer,Zane.Garcia.637@cobaltengineering.example,+1-555-489-2501,true,2025-09-27
003000000000638AAA,001000000000476AAA,Amara,Robinson,Amara Robinson,Senior Buyer,Procurement,Influencer,Amara.Robinson.638@lakeviewmobility.example,+1-555-270-6625,true,2022-12-23
003000000000639AAA,001000000000295AAA,Aiden,Garcia,Aiden Garcia,Plant Manager,Operations,Decision Maker,Aiden.Garcia.639@blueridgetransportgr.example,+1-555-831-8957,true,2026-02-08
003000000000640AAA,001000000000060AAA,Daria,Walker,Daria Walker,Finance Director,Finance,Economic Buyer,Daria.Walker.640@westgateautomotive.example,+1-555-781-3163,true,2021-03-27
003000000000641AAA,001000000000256AAA,Devon,Johnson,Devon Johnson,Chief Engineer,Engineering,Technical Buyer,Devon.Johnson.641@beacondistribution91.example,+1-555-741-7162,true,2024-02-02
003000000000642AAA,001000000000164AAA,Jade,Chen,Jade Chen,Program Manager,Program Management,Decision Maker,Jade.Chen.642@beaconautomotive.example,+1-555-520-4596,true,2025-04-30
003000000000643AAA,001000000000158AAA,Daria,Lee,Daria Lee,Plant Manager,Operations,Decision Maker,Daria.Lee.643@cobaltmobility.example,+1-555-892-1303,true,2025-08-13
003000000000644AAA,001000000000043AAA,Lina,Thomas,Lina Thomas,Quality Manager,Quality,Technical Buyer,Lina.Thomas.644@alderindustrialsuppl.example,+1-555-165-4416,true,2022-05-05
003000000000645AAA,001000000000076AAA,Olivia,Rivera,Olivia Rivera,VP of Operations,Leadership,Executive Sponsor,Olivia.Rivera.645@valleyfleetsolutions.example,+1-555-488-6327,true,2021-10-29
003000000000646AAA,001000000000257AAA,Valeria,Johnson,Valeria Johnson,Senior Buyer,Procurement,Influencer,Valeria.Johnson.646@centralpowertrain.example,+1-555-722-4955,true,2018-10-10
003000000000647AAA,001000000000409AAA,Omar,Wilson,Omar Wilson,Quality Manager,Quality,Technical Buyer,Omar.Wilson.647@deltaengineering.example,+1-555-280-9563,true,2023-12-23
003000000000648AAA,001000000000496AAA,Yara,Morgan,Yara Morgan,Quality Manager,Quality,Technical Buyer,Yara.Morgan.648@suncrestdistribution.example,+1-555-602-3548,true,2018-09-08
003000000000649AAA,001000000000402AAA,Priya,Lewis,Priya Lewis,Program Manager,Program Management,Decision Maker,Priya.Lewis.649@maplepowertrain8.example,+1-555-182-9465,true,2018-06-16
003000000000650AAA,001000000000038AAA,Jade,Johnson,Jade Johnson,Chief Engineer,Engineering,Technical Buyer,Jade.Johnson.650@prairiecomponents.example,+1-555-741-2413,true,2020-10-20
003000000000651AAA,001000000000135AAA,Maya,Reed,Maya Reed,Plant Manager,Operations,Decision Maker,Maya.Reed.651@crescentautomotive.example,+1-555-143-9092,true,2025-07-18
003000000000652AAA,001000000000065AAA,Rafael,Cruz,Rafael Cruz,Quality Manager,Quality,Technical Buyer,Rafael.Cruz.652@canyonmotorsystems.example,+1-555-979-8687,true,2020-05-02
003000000000653AAA,001000000000431AAA,Zane,Edwards,Zane Edwards,Plant Manager,Operations,Decision Maker,Zane.Edwards.653@valleyfleetsolutions.example,+1-555-764-7006,true,2025-03-30
003000000000654AAA,001000000000063AAA,Carson,Alvarez,Carson Alvarez,Program Manager,Program Management,Decision Maker,Carson.Alvarez.654@windwardvehiclesyste.example,+1-555-876-7607,true,2018-03-29
003000000000655AAA,001000000000104AAA,Fatima,Green,Fatima Green,Senior Buyer,Procurement,Influencer,Fatima.Green.655@graniteassembly.example,+1-555-423-9808,true,2021-08-25
003000000000656AAA,001000000000192AAA,Jonah,Ward,Jonah Ward,VP of Operations,Leadership,Executive Sponsor,Jonah.Ward.656@valleydistribution.example,+1-555-583-4937,true,2019-03-04
003000000000657AAA,001000000000441AAA,Priya,Hernandez,Priya Hernandez,Senior Buyer,Procurement,Influencer,Priya.Hernandez.657@stonebridgedistribut.example,+1-555-318-2367,true,2018-09-27
003000000000658AAA,001000000000002AAA,Grace,Smith,Grace Smith,Program Manager,Program Management,Decision Maker,Grace.Smith.658@metrovalemotors.example,+1-555-891-5687,true,2018-11-13
003000000000659AAA,001000000000451AAA,Wyatt,Turner,Wyatt Turner,Plant Manager,Operations,Decision Maker,Wyatt.Turner.659@cedarindustrialsuppl.example,+1-555-414-2741,true,2024-05-30
003000000000660AAA,001000000000297AAA,Aiden,Young,Aiden Young,Senior Buyer,Procurement,Influencer,Aiden.Young.660@harborfleetsolutions.example,+1-555-417-4717,true,2026-01-28
003000000000661AAA,001000000000224AAA,Lina,Wilson,Lina Wilson,Senior Buyer,Procurement,Influencer,Lina.Wilson.661@aldercomponents36.example,+1-555-471-4888,false,2022-05-31
003000000000662AAA,001000000000156AAA,Zane,Lee,Zane Lee,Finance Director,Finance,Economic Buyer,Zane.Lee.662@maplepowertrain.example,+1-555-237-6998,true,2021-11-02
003000000000663AAA,001000000000036AAA,Alyssa,Morgan,Alyssa Morgan,Finance Director,Finance,Economic Buyer,Alyssa.Morgan.663@silverlinepowertrain.example,+1-555-443-7364,true,2026-02-21
003000000000664AAA,001000000000126AAA,Leo,Clark,Leo Clark,Chief Engineer,Engineering,Technical Buyer,Leo.Clark.664@windwarddistribution.example,+1-555-284-3170,true,2021-11-05
003000000000665AAA,001000000000016AAA,Jade,Rivera,Jade Rivera,Senior Buyer,Procurement,Influencer,Jade.Rivera.665@meridianmanufacturin.example,+1-555-633-1608,true,2021-02-25
003000000000666AAA,001000000000184AAA,Imani,Adams,Imani Adams,VP of Operations,Leadership,Executive Sponsor,Imani.Adams.666@atlasperformancepart.example,+1-555-921-2556,true,2019-12-27
003000000000667AAA,001000000000159AAA,Priya,Martinez,Priya Martinez,Program Manager,Program Management,Decision Maker,Priya.Martinez.667@redwoodperformancepa.example,+1-555-227-8312,true,2022-06-14
003000000000668AAA,001000000000100AAA,Hector,Singh,Hector Singh,Plant Manager,Operations,Decision Maker,Hector.Singh.668@ridgewaydistribution.example,+1-555-756-3889,true,2021-03-16
003000000000669AAA,001000000000443AAA,Maya,Alvarez,Maya Alvarez,Quality Manager,Quality,Technical Buyer,Maya.Alvarez.669@windwardautomotive.example,+1-555-728-4535,true,2020-11-19
003000000000670AAA,001000000000045AAA,Caleb,Turner,Caleb Turner,VP of Operations,Leadership,Executive Sponsor,Caleb.Turner.670@meridiandistribution.example,+1-555-722-5278,true,2021-01-11
003000000000671AAA,001000000000112AAA,Hector,Nguyen,Hector Nguyen,Program Manager,Program Management,Decision Maker,Hector.Nguyen.671@stonebridgemotorsyst.example,+1-555-206-6631,true,2025-01-26
003000000000672AAA,001000000000238AAA,Hector,Alvarez,Hector Alvarez,Chief Engineer,Engineering,Technical Buyer,Hector.Alvarez.672@maplefleetsolutions.example,+1-555-875-3012,true,2021-12-29
003000000000673AAA,001000000000038AAA,Valeria,Baker,Valeria Baker,Director of Procurement,Procurement,Economic Buyer,Valeria.Baker.673@prairiecomponents.example,+1-555-792-7327,true,2020-08-21
003000000000674AAA,001000000000100AAA,Aiden,Hall,Aiden Hall,Plant Manager,Operations,Decision Maker,Aiden.Hall.674@ridgewaydistribution.example,+1-555-562-4305,true,2022-07-24
003000000000675AAA,001000000000333AAA,Olivia,Martinez,Olivia Martinez,Senior Buyer,Procurement,Influencer,Olivia.Martinez.675@unionmotorsystems14.example,+1-555-140-7211,true,2020-09-30
003000000000676AAA,001000000000368AAA,Valeria,Baker,Valeria Baker,Quality Manager,Quality,Technical Buyer,Valeria.Baker.676@beaconautomotive90.example,+1-555-690-4283,true,2019-10-10
003000000000677AAA,001000000000060AAA,Aiden,Reed,Aiden Reed,VP of Operations,Leadership,Executive Sponsor,Aiden.Reed.677@westgateautomotive.example,+1-555-754-1011,true,2022-08-23
003000000000678AAA,001000000000383AAA,Jade,Edwards,Jade Edwards,Chief Engineer,Engineering,Technical Buyer,Jade.Edwards.678@mapleperformancepart.example,+1-555-105-2326,true,2020-05-17
003000000000679AAA,001000000000056AAA,Jonah,Morgan,Jonah Morgan,Chief Engineer,Engineering,Technical Buyer,Jonah.Morgan.679@valleyassembly.example,+1-555-621-7253,true,2018-01-30
003000000000680AAA,001000000000151AAA,Nadia,Bennett,Nadia Bennett,Plant Manager,Operations,Decision Maker,Nadia.Bennett.680@cobaltindustrialsupp.example,+1-555-808-7033,true,2019-07-10
003000000000681AAA,001000000000090AAA,Rina,Adams,Rina Adams,Quality Manager,Quality,Technical Buyer,Rina.Adams.681@prairieassembly.example,+1-555-894-3900,true,2024-08-27
003000000000682AAA,001000000000131AAA,Hector,Ward,Hector Ward,Plant Manager,Operations,Decision Maker,Hector.Ward.682@aldervehiclesystems.example,+1-555-488-1456,true,2025-02-02
003000000000683AAA,001000000000144AAA,Alyssa,Adams,Alyssa Adams,Senior Buyer,Procurement,Influencer,Alyssa.Adams.683@centralmanufacturing.example,+1-555-937-5391,true,2026-01-01
003000000000684AAA,001000000000093AAA,Rina,Johnson,Rina Johnson,VP of Operations,Leadership,Executive Sponsor,Rina.Johnson.684@heritageengineering.example,+1-555-487-2634,true,2018-06-04
003000000000685AAA,001000000000393AAA,Wyatt,Garcia,Wyatt Garcia,Plant Manager,Operations,Decision Maker,Wyatt.Garcia.685@valleyengineering.example,+1-555-225-1037,false,2022-04-05
003000000000686AAA,001000000000237AAA,Daria,Reed,Daria Reed,Quality Manager,Quality,Technical Buyer,Daria.Reed.686@northfieldindustrial.example,+1-555-169-2521,true,2022-04-10
003000000000687AAA,001000000000156AAA,Devon,Campbell,Devon Campbell,Chief Engineer,Engineering,Technical Buyer,Devon.Campbell.687@maplepowertrain.example,+1-555-899-4795,true,2018-03-21
003000000000688AAA,001000000000445AAA,Theo,Reed,Theo Reed,VP of Operations,Leadership,Executive Sponsor,Theo.Reed.688@cedarpowertrain.example,+1-555-645-9916,true,2022-01-29
003000000000689AAA,001000000000352AAA,Zane,Nguyen,Zane Nguyen,Senior Buyer,Procurement,Influencer,Zane.Nguyen.689@eastgatemotorsystems.example,+1-555-824-4597,true,2021-09-19
003000000000690AAA,001000000000032AAA,Hector,Lee,Hector Lee,Chief Engineer,Engineering,Technical Buyer,Hector.Lee.690@beaconperformancepar.example,+1-555-489-7869,true,2019-12-26
003000000000691AAA,001000000000014AAA,Daria,Martinez,Daria Martinez,Senior Buyer,Procurement,Influencer,Daria.Martinez.691@eastgatevehiclesyste.example,+1-555-902-5730,true,2019-11-07
003000000000692AAA,001000000000481AAA,Lina,Martinez,Lina Martinez,Chief Engineer,Engineering,Technical Buyer,Lina.Martinez.692@windwarddistribution.example,+1-555-935-3181,true,2025-08-18
003000000000693AAA,001000000000153AAA,Elena,Reed,Elena Reed,Quality Manager,Quality,Technical Buyer,Elena.Reed.693@centralmobility2.example,+1-555-973-7351,true,2018-11-03
003000000000694AAA,001000000000049AAA,Omar,Garcia,Omar Garcia,Program Manager,Program Management,Decision Maker,Omar.Garcia.694@lakeviewfleetsolutio.example,+1-555-410-3235,true,2025-06-26
003000000000695AAA,001000000000387AAA,Kara,Wilson,Kara Wilson,VP of Operations,Leadership,Executive Sponsor,Kara.Wilson.695@unionmotorsystems59.example,+1-555-956-2107,true,2024-04-11
003000000000696AAA,001000000000057AAA,Camila,Morgan,Camila Morgan,Program Manager,Program Management,Decision Maker,Camila.Morgan.696@silverlineassembly.example,+1-555-770-7949,true,2018-12-05
003000000000697AAA,001000000000006AAA,Imani,Williams,Imani Williams,Plant Manager,Operations,Decision Maker,Imani.Williams.697@riograndemobility.example,+1-555-937-9010,true,2021-07-25
003000000000698AAA,001000000000362AAA,Nadia,Garcia,Nadia Garcia,VP of Operations,Leadership,Executive Sponsor,Nadia.Garcia.698@harborfleetsolutions.example,+1-555-743-4212,true,2023-02-09
003000000000699AAA,001000000000142AAA,Fatima,Martinez,Fatima Martinez,Finance Director,Finance,Economic Buyer,Fatima.Martinez.699@libertymobility.example,+1-555-280-3121,true,2020-04-30
003000000000700AAA,001000000000092AAA,Elena,Clark,Elena Clark,Senior Buyer,Procurement,Influencer,Elena.Clark.700@crescentpowertrain.example,+1-555-428-7683,true,2024-03-28
003000000000701AAA,001000000000102AAA,Alyssa,Taylor,Alyssa Taylor,Plant Manager,Operations,Decision Maker,Alyssa.Taylor.701@unionfleetsolutions6.example,+1-555-607-4446,true,2025-06-28
003000000000702AAA,001000000000128AAA,Rafael,Diaz,Rafael Diaz,Plant Manager,Operations,Decision Maker,Rafael.Diaz.702@blueridgemotorsystem.example,+1-555-427-4613,true,2025-07-07
003000000000703AAA,001000000000075AAA,Kara,Smith,Kara Smith,Finance Director,Finance,Economic Buyer,Kara.Smith.703@suncrestmobility.example,+1-555-656-1256,true,2024-08-03
003000000000704AAA,001000000000012AAA,Fatima,Flores,Fatima Flores,Finance Director,Finance,Economic Buyer,Fatima.Flores.704@blueridgeautomotive.example,+1-555-845-7433,true,2024-08-11
003000000000705AAA,001000000000149AAA,Maya,Reed,Maya Reed,Program Manager,Program Management,Decision Maker,Maya.Reed.705@crescentmotorsystems.example,+1-555-430-6069,true,2020-05-10
003000000000706AAA,001000000000038AAA,Camila,Rivera,Camila Rivera,Director of Procurement,Procurement,Economic Buyer,Camila.Rivera.706@prairiecomponents.example,+1-555-705-6446,true,2021-07-06
003000000000707AAA,001000000000204AAA,Maya,Alvarez,Maya Alvarez,Quality Manager,Quality,Technical Buyer,Maya.Alvarez.707@windwardfleetsolutio.example,+1-555-678-5768,true,2025-10-20
003000000000708AAA,001000000000186AAA,Alyssa,Baker,Alyssa Baker,VP of Operations,Leadership,Executive Sponsor,Alyssa.Baker.708@granitepowertrain.example,+1-555-589-1127,true,2024-09-24
003000000000709AAA,001000000000249AAA,Yara,Campbell,Yara Campbell,Director of Procurement,Procurement,Economic Buyer,Yara.Campbell.709@centraltransportgrou.example,+1-555-414-3739,true,2021-10-23
003000000000710AAA,001000000000330AAA,Bianca,Baker,Bianca Baker,Director of Procurement,Procurement,Economic Buyer,Bianca.Baker.710@suncrestfleetsolutio.example,+1-555-672-2035,true,2024-04-09
003000000000711AAA,001000000000292AAA,Zane,Wilson,Zane Wilson,Director of Procurement,Procurement,Economic Buyer,Zane.Wilson.711@crownmanufacturing.example,+1-555-494-6081,true,2022-11-15
003000000000712AAA,001000000000099AAA,Bianca,Taylor,Bianca Taylor,Quality Manager,Quality,Technical Buyer,Bianca.Taylor.712@silverlinepowertrain.example,+1-555-186-7200,true,2025-12-11
003000000000713AAA,001000000000364AAA,Amara,Diaz,Amara Diaz,Finance Director,Finance,Economic Buyer,Amara.Diaz.713@crescentautomotive17.example,+1-555-822-8234,true,2026-05-01
003000000000714AAA,001000000000099AAA,Hector,Lewis,Hector Lewis,VP of Operations,Leadership,Executive Sponsor,Hector.Lewis.714@silverlinepowertrain.example,+1-555-490-5605,true,2018-01-15
003000000000715AAA,001000000000023AAA,Alyssa,Lewis,Alyssa Lewis,Chief Engineer,Engineering,Technical Buyer,Alyssa.Lewis.715@suncrestfleetsolutio.example,+1-555-850-3124,true,2023-08-05
003000000000716AAA,001000000000282AAA,Lina,Chen,Lina Chen,Director of Procurement,Procurement,Economic Buyer,Lina.Chen.716@alderautomotive.example,+1-555-353-2584,true,2020-04-02
003000000000717AAA,001000000000002AAA,Theo,Clark,Theo Clark,Director of Procurement,Procurement,Economic Buyer,Theo.Clark.717@metrovalemotors.example,+1-555-659-1073,true,2019-08-14
003000000000718AAA,001000000000096AAA,Devon,Green,Devon Green,Senior Buyer,Procurement,Influencer,Devon.Green.718@timberlinevehiclesys.example,+1-555-385-4563,true,2023-04-11
003000000000719AAA,001000000000141AAA,Amara,Turner,Amara Turner,VP of Operations,Leadership,Executive Sponsor,Amara.Turner.719@crownfleetsolutions2.example,+1-555-766-6985,true,2018-02-18
003000000000720AAA,001000000000190AAA,Andre,Ramirez,Andre Ramirez,VP of Operations,Leadership,Executive Sponsor,Andre.Ramirez.720@eastgateassembly.example,+1-555-639-4639,true,2018-07-07
003000000000721AAA,001000000000446AAA,Omar,Adams,Omar Adams,Chief Engineer,Engineering,Technical Buyer,Omar.Adams.721@crescentautomotive72.example,+1-555-587-1057,true,2022-05-04
003000000000722AAA,001000000000455AAA,Kara,Chen,Kara Chen,VP of Operations,Leadership,Executive Sponsor,Kara.Chen.722@silverlinemanufactur.example,+1-555-742-2825,true,2023-04-09
003000000000723AAA,001000000000221AAA,Elliot,Johnson,Elliot Johnson,Plant Manager,Operations,Decision Maker,Elliot.Johnson.723@windwardmobility.example,+1-555-634-6625,true,2026-06-23
003000000000724AAA,001000000000007AAA,Mateo,Reed,Mateo Reed,Plant Manager,Operations,Decision Maker,Mateo.Reed.724@sierraroadcraft.example,+1-555-334-3479,true,2018-04-19
003000000000725AAA,001000000000426AAA,Noah,Singh,Noah Singh,Finance Director,Finance,Economic Buyer,Noah.Singh.725@prairievehiclesystem.example,+1-555-668-6108,true,2025-04-15
003000000000726AAA,001000000000205AAA,Devon,Nguyen,Devon Nguyen,Program Manager,Program Management,Decision Maker,Devon.Nguyen.726@valleymotorsystems.example,+1-555-950-4341,true,2020-10-24
003000000000727AAA,001000000000267AAA,Andre,Chen,Andre Chen,Plant Manager,Operations,Decision Maker,Andre.Chen.727@keystonemotorsystems.example,+1-555-651-4550,true,2019-07-04
003000000000728AAA,001000000000257AAA,Daria,Reed,Daria Reed,Program Manager,Program Management,Decision Maker,Daria.Reed.728@centralpowertrain.example,+1-555-686-8930,true,2022-07-01
003000000000729AAA,001000000000206AAA,Priya,Singh,Priya Singh,Senior Buyer,Procurement,Influencer,Priya.Singh.729@timberlinecomponents.example,+1-555-596-7200,true,2024-11-06
003000000000730AAA,001000000000003AAA,Elliot,Bennett,Elliot Bennett,VP of Operations,Leadership,Executive Sponsor,Elliot.Bennett.730@summitmotorworks.example,+1-555-842-6726,true,2025-08-12
003000000000731AAA,001000000000111AAA,Camila,Hernandez,Camila Hernandez,Director of Procurement,Procurement,Economic Buyer,Camila.Hernandez.731@keystonedistribution.example,+1-555-917-2743,true,2026-03-15
003000000000732AAA,001000000000371AAA,Olivia,Reed,Olivia Reed,VP of Operations,Leadership,Executive Sponsor,Olivia.Reed.732@meridianfleetsolutio.example,+1-555-328-6630,true,2020-10-31
003000000000733AAA,001000000000181AAA,Amara,Rivera,Amara Rivera,Plant Manager,Operations,Decision Maker,Amara.Rivera.733@westgatemobility.example,+1-555-190-4628,true,2023-06-05
003000000000734AAA,001000000000123AAA,Fatima,Bennett,Fatima Bennett,Quality Manager,Quality,Technical Buyer,Fatima.Bennett.734@crescentfleetsolutio.example,+1-555-207-9630,true,2022-01-06
003000000000735AAA,001000000000396AAA,Amara,Chen,Amara Chen,Chief Engineer,Engineering,Technical Buyer,Amara.Chen.735@cedarmobility.example,+1-555-583-5486,true,2022-09-23
003000000000736AAA,001000000000149AAA,Valeria,Rivera,Valeria Rivera,VP of Operations,Leadership,Executive Sponsor,Valeria.Rivera.736@crescentmotorsystems.example,+1-555-604-9135,true,2019-07-06
003000000000737AAA,001000000000078AAA,Elliot,Morgan,Elliot Morgan,Chief Engineer,Engineering,Technical Buyer,Elliot.Morgan.737@westgatefleetsolutio.example,+1-555-528-3171,true,2021-05-23
003000000000738AAA,001000000000244AAA,Elliot,Green,Elliot Green,Director of Procurement,Procurement,Economic Buyer,Elliot.Green.738@ridgewayengineering.example,+1-555-997-3156,true,2018-12-22
003000000000739AAA,001000000000065AAA,Imani,Smith,Imani Smith,Program Manager,Program Management,Decision Maker,Imani.Smith.739@canyonmotorsystems.example,+1-555-668-4825,true,2024-01-19
003000000000740AAA,001000000000480AAA,Zane,Cruz,Zane Cruz,Plant Manager,Operations,Decision Maker,Zane.Cruz.740@cobaltautomotive.example,+1-555-115-7688,true,2021-08-18
003000000000741AAA,001000000000438AAA,Yara,Hernandez,Yara Hernandez,Quality Manager,Quality,Technical Buyer,Yara.Hernandez.741@crownvehiclesystems9.example,+1-555-135-5719,false,2019-06-09
003000000000742AAA,001000000000177AAA,Mateo,Cruz,Mateo Cruz,Finance Director,Finance,Economic Buyer,Mateo.Cruz.742@keystonemotorsystems.example,+1-555-410-8961,true,2024-04-05
003000000000743AAA,001000000000437AAA,Rina,Morgan,Rina Morgan,Director of Procurement,Procurement,Economic Buyer,Rina.Morgan.743@suncrestfleetsolutio.example,+1-555-829-9710,true,2018-09-06
003000000000744AAA,001000000000076AAA,Zane,Miller,Zane Miller,Finance Director,Finance,Economic Buyer,Zane.Miller.744@valleyfleetsolutions.example,+1-555-867-6061,true,2026-02-01
003000000000745AAA,001000000000479AAA,Maya,Smith,Maya Smith,Chief Engineer,Engineering,Technical Buyer,Maya.Smith.745@canyondistribution65.example,+1-555-989-3502,true,2022-03-25
003000000000746AAA,001000000000203AAA,Devon,Robinson,Devon Robinson,Director of Procurement,Procurement,Economic Buyer,Devon.Robinson.746@keystonemotorsystems.example,+1-555-792-8787,true,2019-07-14
003000000000747AAA,001000000000097AAA,Rafael,Edwards,Rafael Edwards,Senior Buyer,Procurement,Influencer,Rafael.Edwards.747@prairietransportgrou.example,+1-555-602-6453,true,2019-07-24
003000000000748AAA,001000000000038AAA,Lina,Ward,Lina Ward,Program Manager,Program Management,Decision Maker,Lina.Ward.748@prairiecomponents.example,+1-555-220-8411,true,2021-02-11
003000000000749AAA,001000000000145AAA,Zane,Turner,Zane Turner,Finance Director,Finance,Economic Buyer,Zane.Turner.749@mapledistribution.example,+1-555-965-4122,true,2018-09-02
003000000000750AAA,001000000000090AAA,Mateo,Miller,Mateo Miller,Finance Director,Finance,Economic Buyer,Mateo.Miller.750@prairieassembly.example,+1-555-255-1054,true,2025-03-22
003000000000751AAA,001000000000002AAA,Imani,Diaz,Imani Diaz,Chief Engineer,Engineering,Technical Buyer,Imani.Diaz.751@metrovalemotors.example,+1-555-709-9410,true,2019-01-28
003000000000752AAA,001000000000330AAA,Grace,Hall,Grace Hall,Director of Procurement,Procurement,Economic Buyer,Grace.Hall.752@suncrestfleetsolutio.example,+1-555-755-5008,true,2024-07-24
003000000000753AAA,001000000000168AAA,Elena,Walker,Elena Walker,Director of Procurement,Procurement,Economic Buyer,Elena.Walker.753@westgatedistribution.example,+1-555-167-7474,true,2018-01-28
003000000000754AAA,001000000000005AAA,Imani,Lewis,Imani Lewis,Senior Buyer,Procurement,Influencer,Imani.Lewis.754@auroravehicleworks.example,+1-555-457-9928,true,2021-08-10
003000000000755AAA,001000000000102AAA,Gabriel,Edwards,Gabriel Edwards,Quality Manager,Quality,Technical Buyer,Gabriel.Edwards.755@unionfleetsolutions6.example,+1-555-198-4052,true,2022-12-02
003000000000756AAA,001000000000001AAA,Aiden,Taylor,Aiden Taylor,Director of Procurement,Procurement,Economic Buyer,Aiden.Taylor.756@northstarautomotiveg.example,+1-555-797-6013,true,2024-09-12
003000000000757AAA,001000000000189AAA,Sofia,Clark,Sofia Clark,Senior Buyer,Procurement,Influencer,Sofia.Clark.757@westgatetransportgro.example,+1-555-231-5737,true,2024-11-12
003000000000758AAA,001000000000177AAA,Maya,Reed,Maya Reed,Finance Director,Finance,Economic Buyer,Maya.Reed.758@keystonemotorsystems.example,+1-555-799-5592,true,2026-06-16
003000000000759AAA,001000000000182AAA,Valeria,Smith,Valeria Smith,Finance Director,Finance,Economic Buyer,Valeria.Smith.759@windwardvehiclesyste.example,+1-555-322-3285,true,2024-02-06
003000000000760AAA,001000000000055AAA,Yara,Robinson,Yara Robinson,Finance Director,Finance,Economic Buyer,Yara.Robinson.760@beaconvehiclesystems.example,+1-555-919-3887,true,2026-06-26
003000000000761AAA,001000000000311AAA,Rina,Hall,Rina Hall,Quality Manager,Quality,Technical Buyer,Rina.Hall.761@westgateperformancep.example,+1-555-376-7360,false,2023-10-06
003000000000762AAA,001000000000370AAA,Hector,Wilson,Hector Wilson,Plant Manager,Operations,Decision Maker,Hector.Wilson.762@valleyautomotive.example,+1-555-929-2207,true,2021-02-09
003000000000763AAA,001000000000135AAA,Rafael,Adams,Rafael Adams,Plant Manager,Operations,Decision Maker,Rafael.Adams.763@crescentautomotive.example,+1-555-263-9947,true,2023-05-30
003000000000764AAA,001000000000032AAA,Rafael,Robinson,Rafael Robinson,Senior Buyer,Procurement,Influencer,Rafael.Robinson.764@beaconperformancepar.example,+1-555-140-1787,true,2019-05-07
003000000000765AAA,001000000000109AAA,Theo,Edwards,Theo Edwards,Finance Director,Finance,Economic Buyer,Theo.Edwards.765@valleypowertrain.example,+1-555-657-9261,true,2022-03-02
003000000000766AAA,001000000000098AAA,Nadia,Garcia,Nadia Garcia,VP of Operations,Leadership,Executive Sponsor,Nadia.Garcia.766@cedarvehiclesystems.example,+1-555-918-2106,true,2022-03-12
003000000000767AAA,001000000000239AAA,Valeria,Taylor,Valeria Taylor,VP of Operations,Leadership,Executive Sponsor,Valeria.Taylor.767@unionperformancepart.example,+1-555-732-3996,true,2020-10-07
003000000000768AAA,001000000000478AAA,Elena,Reed,Elena Reed,Finance Director,Finance,Economic Buyer,Elena.Reed.768@keystoneautomotive.example,+1-555-259-9072,true,2018-02-27
003000000000769AAA,001000000000332AAA,Mateo,Campbell,Mateo Campbell,Senior Buyer,Procurement,Influencer,Mateo.Campbell.769@eastgatedistribution.example,+1-555-836-7385,true,2019-11-10
003000000000770AAA,001000000000033AAA,Nadia,Campbell,Nadia Campbell,VP of Operations,Leadership,Executive Sponsor,Nadia.Campbell.770@eastgatemanufacturin.example,+1-555-854-2338,true,2022-07-30
003000000000771AAA,001000000000119AAA,Rina,Campbell,Rina Campbell,Senior Buyer,Procurement,Influencer,Rina.Campbell.771@granitetransportgrou.example,+1-555-474-5165,true,2018-07-02
003000000000772AAA,001000000000034AAA,Grace,Clark,Grace Clark,Finance Director,Finance,Economic Buyer,Grace.Clark.772@meridiandistribution.example,+1-555-737-9146,true,2024-12-23
003000000000773AAA,001000000000026AAA,Imani,Hernandez,Imani Hernandez,Director of Procurement,Procurement,Economic Buyer,Imani.Hernandez.773@westgatemotorsystems.example,+1-555-448-6492,true,2018-10-28
003000000000774AAA,001000000000197AAA,Hector,Green,Hector Green,Finance Director,Finance,Economic Buyer,Hector.Green.774@libertyengineering.example,+1-555-890-1099,true,2023-11-14
003000000000775AAA,001000000000186AAA,Priya,Walker,Priya Walker,Quality Manager,Quality,Technical Buyer,Priya.Walker.775@granitepowertrain.example,+1-555-592-6363,true,2025-03-06
003000000000776AAA,001000000000005AAA,Nadia,Hall,Nadia Hall,Plant Manager,Operations,Decision Maker,Nadia.Hall.776@auroravehicleworks.example,+1-555-362-3465,true,2020-03-13
003000000000777AAA,001000000000078AAA,Maya,Robinson,Maya Robinson,Senior Buyer,Procurement,Influencer,Maya.Robinson.777@westgatefleetsolutio.example,+1-555-165-4328,true,2025-06-22
003000000000778AAA,001000000000165AAA,Alyssa,Robinson,Alyssa Robinson,Quality Manager,Quality,Technical Buyer,Alyssa.Robinson.778@maplemotorsystems51.example,+1-555-278-2704,true,2019-08-28
003000000000779AAA,001000000000460AAA,Leo,Garcia,Leo Garcia,Director of Procurement,Procurement,Economic Buyer,Leo.Garcia.779@atlaspowertrain71.example,+1-555-908-9432,true,2018-02-12
003000000000780AAA,001000000000023AAA,Grace,Reed,Grace Reed,VP of Operations,Leadership,Executive Sponsor,Grace.Reed.780@suncrestfleetsolutio.example,+1-555-955-8326,true,2023-06-14
003000000000781AAA,001000000000366AAA,Grace,Singh,Grace Singh,Director of Procurement,Procurement,Economic Buyer,Grace.Singh.781@keystonemotorsystems.example,+1-555-564-7829,true,2018-06-27
003000000000782AAA,001000000000261AAA,Hector,Robinson,Hector Robinson,VP of Operations,Leadership,Executive Sponsor,Hector.Robinson.782@suncrestindustrialsu.example,+1-555-818-2580,true,2024-11-24
003000000000783AAA,001000000000102AAA,Wyatt,Morgan,Wyatt Morgan,Director of Procurement,Procurement,Economic Buyer,Wyatt.Morgan.783@unionfleetsolutions6.example,+1-555-244-2181,true,2026-05-09
003000000000784AAA,001000000000360AAA,Jonah,Williams,Jonah Williams,Chief Engineer,Engineering,Technical Buyer,Jonah.Williams.784@canyoncomponents.example,+1-555-795-3543,true,2020-01-03
003000000000785AAA,001000000000197AAA,Caleb,Flores,Caleb Flores,Chief Engineer,Engineering,Technical Buyer,Caleb.Flores.785@libertyengineering.example,+1-555-395-8024,true,2024-03-22
003000000000786AAA,001000000000286AAA,Fatima,Martinez,Fatima Martinez,Senior Buyer,Procurement,Influencer,Fatima.Martinez.786@beaconcomponents.example,+1-555-311-2845,true,2025-03-21
003000000000787AAA,001000000000259AAA,Zane,Lewis,Zane Lewis,Director of Procurement,Procurement,Economic Buyer,Zane.Lewis.787@stonebridgetransport.example,+1-555-781-9857,true,2021-11-20
003000000000788AAA,001000000000231AAA,Yara,Patel,Yara Patel,Chief Engineer,Engineering,Technical Buyer,Yara.Patel.788@blueridgevehiclesyst.example,+1-555-866-8393,true,2021-09-30
003000000000789AAA,001000000000194AAA,Jonah,Hernandez,Jonah Hernandez,Chief Engineer,Engineering,Technical Buyer,Jonah.Hernandez.789@atlasengineering.example,+1-555-838-3963,true,2022-01-18
003000000000790AAA,001000000000466AAA,Kara,Thomas,Kara Thomas,Quality Manager,Quality,Technical Buyer,Kara.Thomas.790@oaklineautomotive33.example,+1-555-987-4365,true,2026-01-14
003000000000791AAA,001000000000299AAA,Rina,Thomas,Rina Thomas,Quality Manager,Quality,Technical Buyer,Rina.Thomas.791@prairiemobility54.example,+1-555-981-6470,true,2021-04-29
003000000000792AAA,001000000000009AAA,Noah,Walker,Noah Walker,Quality Manager,Quality,Technical Buyer,Noah.Walker.792@pioneerchassisgroup.example,+1-555-585-3884,true,2025-02-16
003000000000793AAA,001000000000079AAA,Camila,Cruz,Camila Cruz,Senior Buyer,Procurement,Influencer,Camila.Cruz.793@stonebridgepowertrai.example,+1-555-833-7791,true,2024-10-10
003000000000794AAA,001000000000342AAA,Imani,Singh,Imani Singh,Plant Manager,Operations,Decision Maker,Imani.Singh.794@suncrestmotorsystems.example,+1-555-228-7786,true,2018-08-08
003000000000795AAA,001000000000052AAA,Bianca,Cruz,Bianca Cruz,Program Manager,Program Management,Decision Maker,Bianca.Cruz.795@crownfleetsolutions4.example,+1-555-142-9247,true,2025-09-07
003000000000796AAA,001000000000012AAA,Omar,Chen,Omar Chen,Quality Manager,Quality,Technical Buyer,Omar.Chen.796@blueridgeautomotive.example,+1-555-264-9945,true,2025-08-27
003000000000797AAA,001000000000124AAA,Rafael,Turner,Rafael Turner,VP of Operations,Leadership,Executive Sponsor,Rafael.Turner.797@cedardistribution46.example,+1-555-595-9372,true,2019-04-04
003000000000798AAA,001000000000014AAA,Sofia,Ward,Sofia Ward,Finance Director,Finance,Economic Buyer,Sofia.Ward.798@eastgatevehiclesyste.example,+1-555-325-8340,true,2020-12-10
003000000000799AAA,001000000000173AAA,Zane,Turner,Zane Turner,Program Manager,Program Management,Decision Maker,Zane.Turner.799@valleyindustrialsupp.example,+1-555-373-1670,true,2024-12-02
003000000000800AAA,001000000000137AAA,Noah,Nguyen,Noah Nguyen,VP of Operations,Leadership,Executive Sponsor,Noah.Nguyen.800@harborengineering.example,+1-555-911-9767,true,2018-09-22
003000000000801AAA,001000000000040AAA,Elliot,Baker,Elliot Baker,Finance Director,Finance,Economic Buyer,Elliot.Baker.801@frontierassembly.example,+1-555-628-8784,true,2019-05-11
003000000000802AAA,001000000000368AAA,Devon,Edwards,Devon Edwards,Quality Manager,Quality,Technical Buyer,Devon.Edwards.802@beaconautomotive90.example,+1-555-773-6916,true,2019-08-15
003000000000803AAA,001000000000020AAA,Maya,Bennett,Maya Bennett,VP of Operations,Leadership,Executive Sponsor,Maya.Bennett.803@blueridgetransportgr.example,+1-555-394-3737,true,2023-04-19
003000000000804AAA,001000000000300AAA,Imani,Chen,Imani Chen,Plant Manager,Operations,Decision Maker,Imani.Chen.804@keystonepowertrain.example,+1-555-940-1616,true,2022-01-12
003000000000805AAA,001000000000460AAA,Carson,Thomas,Carson Thomas,Program Manager,Program Management,Decision Maker,Carson.Thomas.805@atlaspowertrain71.example,+1-555-987-6550,true,2025-04-10
003000000000806AAA,001000000000282AAA,Isaac,Lewis,Isaac Lewis,Plant Manager,Operations,Decision Maker,Isaac.Lewis.806@alderautomotive.example,+1-555-663-5989,true,2023-11-24
003000000000807AAA,001000000000417AAA,Elena,Lewis,Elena Lewis,Program Manager,Program Management,Decision Maker,Elena.Lewis.807@stonebridgemobility.example,+1-555-826-7588,true,2026-02-06
003000000000808AAA,001000000000328AAA,Bianca,Williams,Bianca Williams,Plant Manager,Operations,Decision Maker,Bianca.Williams.808@oaklineindustrialsup.example,+1-555-564-7508,true,2021-11-14
003000000000809AAA,001000000000079AAA,Jade,Hall,Jade Hall,Plant Manager,Operations,Decision Maker,Jade.Hall.809@stonebridgepowertrai.example,+1-555-821-2245,true,2018-04-09
003000000000810AAA,001000000000253AAA,Zane,Wilson,Zane Wilson,Program Manager,Program Management,Decision Maker,Zane.Wilson.810@deltacomponents.example,+1-555-998-4070,true,2020-05-24
003000000000811AAA,001000000000116AAA,Gabriel,Baker,Gabriel Baker,Finance Director,Finance,Economic Buyer,Gabriel.Baker.811@suncresttransportgro.example,+1-555-936-3668,true,2019-04-24
003000000000812AAA,001000000000178AAA,Aiden,Patel,Aiden Patel,Finance Director,Finance,Economic Buyer,Aiden.Patel.812@cedarfleetsolutions.example,+1-555-463-3197,true,2026-05-05
003000000000813AAA,001000000000020AAA,Noah,Ramirez,Noah Ramirez,Plant Manager,Operations,Decision Maker,Noah.Ramirez.813@blueridgetransportgr.example,+1-555-464-6951,true,2024-01-30
003000000000814AAA,001000000000299AAA,Omar,Nguyen,Omar Nguyen,Director of Procurement,Procurement,Economic Buyer,Omar.Nguyen.814@prairiemobility54.example,+1-555-217-9423,true,2022-08-10
003000000000815AAA,001000000000247AAA,Olivia,Lee,Olivia Lee,Program Manager,Program Management,Decision Maker,Olivia.Lee.815@blueridgetransportgr.example,+1-555-665-6200,true,2023-01-29
003000000000816AAA,001000000000124AAA,Caleb,Clark,Caleb Clark,Plant Manager,Operations,Decision Maker,Caleb.Clark.816@cedardistribution46.example,+1-555-615-7506,true,2025-11-03
003000000000817AAA,001000000000142AAA,Alyssa,Morgan,Alyssa Morgan,VP of Operations,Leadership,Executive Sponsor,Alyssa.Morgan.817@libertymobility.example,+1-555-137-6057,true,2024-08-29
003000000000818AAA,001000000000001AAA,Imani,Wilson,Imani Wilson,Program Manager,Program Management,Decision Maker,Imani.Wilson.818@northstarautomotiveg.example,+1-555-425-5278,true,2023-12-30
003000000000819AAA,001000000000103AAA,Rafael,Wilson,Rafael Wilson,Finance Director,Finance,Economic Buyer,Rafael.Wilson.819@maplemotorsystems.example,+1-555-596-1154,true,2025-11-23
003000000000820AAA,001000000000117AAA,Hector,Hernandez,Hector Hernandez,Senior Buyer,Procurement,Influencer,Hector.Hernandez.820@keystonemobility.example,+1-555-939-2502,true,2024-07-13
003000000000821AAA,001000000000200AAA,Elliot,Alvarez,Elliot Alvarez,Quality Manager,Quality,Technical Buyer,Elliot.Alvarez.821@keystonevehiclesyste.example,+1-555-909-6986,true,2022-03-19
003000000000822AAA,001000000000235AAA,Theo,Taylor,Theo Taylor,Plant Manager,Operations,Decision Maker,Theo.Taylor.822@aldermanufacturing.example,+1-555-378-1256,true,2023-03-13
003000000000823AAA,001000000000162AAA,Lina,Nguyen,Lina Nguyen,Chief Engineer,Engineering,Technical Buyer,Lina.Nguyen.823@cobaltmanufacturing.example,+1-555-446-8141,true,2019-12-29
003000000000824AAA,001000000000328AAA,Noah,Nguyen,Noah Nguyen,VP of Operations,Leadership,Executive Sponsor,Noah.Nguyen.824@oaklineindustrialsup.example,+1-555-138-5881,true,2022-12-22
003000000000825AAA,001000000000391AAA,Zane,Morgan,Zane Morgan,Director of Procurement,Procurement,Economic Buyer,Zane.Morgan.825@pacificperformancepa.example,+1-555-707-9922,true,2026-02-25
003000000000826AAA,001000000000095AAA,Bianca,Flores,Bianca Flores,VP of Operations,Leadership,Executive Sponsor,Bianca.Flores.826@keystonetransportgro.example,+1-555-204-4919,true,2022-12-08
003000000000827AAA,001000000000228AAA,Daria,Ramirez,Daria Ramirez,VP of Operations,Leadership,Executive Sponsor,Daria.Ramirez.827@silverlinefleetsolut.example,+1-555-284-1412,false,2021-01-12
003000000000828AAA,001000000000010AAA,Rina,Clark,Rina Clark,Program Manager,Program Management,Decision Maker,Rina.Clark.828@evergreenfleetservic.example,+1-555-882-1912,true,2020-11-03
003000000000829AAA,001000000000088AAA,Noah,Adams,Noah Adams,Finance Director,Finance,Economic Buyer,Noah.Adams.829@unionfleetsolutions.example,+1-555-892-3899,true,2020-04-08
003000000000830AAA,001000000000220AAA,Yara,Williams,Yara Williams,Chief Engineer,Engineering,Technical Buyer,Yara.Williams.830@unionvehiclesystems.example,+1-555-446-1140,true,2020-12-17
003000000000831AAA,001000000000463AAA,Omar,Baker,Omar Baker,Senior Buyer,Procurement,Influencer,Omar.Baker.831@crescentfleetsolutio.example,+1-555-149-2088,true,2021-03-03
003000000000832AAA,001000000000035AAA,Isaac,Lee,Isaac Lee,Finance Director,Finance,Economic Buyer,Isaac.Lee.832@northfieldassembly.example,+1-555-855-9479,true,2018-03-18
003000000000833AAA,001000000000173AAA,Noah,Chen,Noah Chen,Program Manager,Program Management,Decision Maker,Noah.Chen.833@valleyindustrialsupp.example,+1-555-877-4907,true,2018-09-30
003000000000834AAA,001000000000330AAA,Leo,Robinson,Leo Robinson,Finance Director,Finance,Economic Buyer,Leo.Robinson.834@suncrestfleetsolutio.example,+1-555-592-2735,true,2019-05-11
003000000000835AAA,001000000000025AAA,Rafael,Alvarez,Rafael Alvarez,Director of Procurement,Procurement,Economic Buyer,Rafael.Alvarez.835@blueridgeassembly.example,+1-555-770-1495,true,2020-05-04
003000000000836AAA,001000000000092AAA,Lina,Flores,Lina Flores,Plant Manager,Operations,Decision Maker,Lina.Flores.836@crescentpowertrain.example,+1-555-129-3308,true,2021-04-21
003000000000837AAA,001000000000022AAA,Leo,Diaz,Leo Diaz,Finance Director,Finance,Economic Buyer,Leo.Diaz.837@westgateindustrialsu.example,+1-555-713-5443,true,2020-08-31
003000000000838AAA,001000000000063AAA,Carson,Johnson,Carson Johnson,VP of Operations,Leadership,Executive Sponsor,Carson.Johnson.838@windwardvehiclesyste.example,+1-555-694-3510,true,2024-06-22
003000000000839AAA,001000000000262AAA,Daria,Taylor,Daria Taylor,Plant Manager,Operations,Decision Maker,Daria.Taylor.839@keystonetransportgro.example,+1-555-772-9783,true,2022-06-04
003000000000840AAA,001000000000060AAA,Andre,Johnson,Andre Johnson,Program Manager,Program Management,Decision Maker,Andre.Johnson.840@westgateautomotive.example,+1-555-726-1989,true,2020-03-20
003000000000841AAA,001000000000350AAA,Leo,Walker,Leo Walker,Senior Buyer,Procurement,Influencer,Leo.Walker.841@eastgatepowertrain.example,+1-555-625-3706,true,2022-04-15
003000000000842AAA,001000000000026AAA,Maya,Ramirez,Maya Ramirez,Quality Manager,Quality,Technical Buyer,Maya.Ramirez.842@westgatemotorsystems.example,+1-555-382-6617,true,2024-10-17
003000000000843AAA,001000000000364AAA,Noah,Walker,Noah Walker,VP of Operations,Leadership,Executive Sponsor,Noah.Walker.843@crescentautomotive17.example,+1-555-786-9801,true,2018-12-22
003000000000844AAA,001000000000116AAA,Daria,Ward,Daria Ward,Finance Director,Finance,Economic Buyer,Daria.Ward.844@suncresttransportgro.example,+1-555-367-6836,true,2023-07-06
003000000000845AAA,001000000000109AAA,Aiden,Hernandez,Aiden Hernandez,Senior Buyer,Procurement,Influencer,Aiden.Hernandez.845@valleypowertrain.example,+1-555-954-2210,true,2019-06-15
003000000000846AAA,001000000000304AAA,Carson,Patel,Carson Patel,Quality Manager,Quality,Technical Buyer,Carson.Patel.846@frontierdistribution.example,+1-555-835-1189,false,2023-11-11
003000000000847AAA,001000000000091AAA,Valeria,Walker,Valeria Walker,Plant Manager,Operations,Decision Maker,Valeria.Walker.847@frontierdistribution.example,+1-555-687-7410,true,2023-07-17
003000000000848AAA,001000000000032AAA,Fatima,Ward,Fatima Ward,Senior Buyer,Procurement,Influencer,Fatima.Ward.848@beaconperformancepar.example,+1-555-791-4880,true,2024-06-05
003000000000849AAA,001000000000305AAA,Wyatt,Kim,Wyatt Kim,Director of Procurement,Procurement,Economic Buyer,Wyatt.Kim.849@atlasautomotive.example,+1-555-577-9893,true,2023-05-23
003000000000850AAA,001000000000302AAA,Imani,Rivera,Imani Rivera,Finance Director,Finance,Economic Buyer,Imani.Rivera.850@aldercomponents62.example,+1-555-549-8675,true,2024-06-18
003000000000851AAA,001000000000200AAA,Noah,Patel,Noah Patel,Quality Manager,Quality,Technical Buyer,Noah.Patel.851@keystonevehiclesyste.example,+1-555-686-7650,true,2025-01-15
003000000000852AAA,001000000000085AAA,Kara,Morgan,Kara Morgan,Plant Manager,Operations,Decision Maker,Kara.Morgan.852@westgatetransportgro.example,+1-555-880-4471,true,2019-05-17
003000000000853AAA,001000000000446AAA,Rafael,Hernandez,Rafael Hernandez,Chief Engineer,Engineering,Technical Buyer,Rafael.Hernandez.853@crescentautomotive72.example,+1-555-628-3123,true,2020-09-17
003000000000854AAA,001000000000243AAA,Hector,Ramirez,Hector Ramirez,Quality Manager,Quality,Technical Buyer,Hector.Ramirez.854@pinnaclecomponents.example,+1-555-829-2112,true,2021-03-19
003000000000855AAA,001000000000153AAA,Rafael,Hall,Rafael Hall,Director of Procurement,Procurement,Economic Buyer,Rafael.Hall.855@centralmobility2.example,+1-555-262-8906,true,2022-02-22
003000000000856AAA,001000000000022AAA,Maya,Baker,Maya Baker,VP of Operations,Leadership,Executive Sponsor,Maya.Baker.856@westgateindustrialsu.example,+1-555-262-7549,true,2024-02-21
003000000000857AAA,001000000000103AAA,Jade,Diaz,Jade Diaz,Program Manager,Program Management,Decision Maker,Jade.Diaz.857@maplemotorsystems.example,+1-555-214-4488,true,2021-06-23
003000000000858AAA,001000000000152AAA,Daria,Walker,Daria Walker,Finance Director,Finance,Economic Buyer,Daria.Walker.858@frontierindustrialsu.example,+1-555-793-8066,true,2024-07-19
003000000000859AAA,001000000000062AAA,Rafael,Hall,Rafael Hall,Quality Manager,Quality,Technical Buyer,Rafael.Hall.859@centralmobility.example,+1-555-882-7020,true,2023-08-04
003000000000860AAA,001000000000091AAA,Yara,Martinez,Yara Martinez,Program Manager,Program Management,Decision Maker,Yara.Martinez.860@frontierdistribution.example,+1-555-804-7424,true,2025-03-09
003000000000861AAA,001000000000417AAA,Isaac,Reed,Isaac Reed,Finance Director,Finance,Economic Buyer,Isaac.Reed.861@stonebridgemobility.example,+1-555-448-8173,true,2022-11-02
003000000000862AAA,001000000000117AAA,Isaac,Campbell,Isaac Campbell,Quality Manager,Quality,Technical Buyer,Isaac.Campbell.862@keystonemobility.example,+1-555-616-1170,true,2024-08-15
003000000000863AAA,001000000000018AAA,Grace,Martinez,Grace Martinez,Plant Manager,Operations,Decision Maker,Grace.Martinez.863@cobaltcomponents.example,+1-555-813-1469,true,2020-04-20
003000000000864AAA,001000000000125AAA,Priya,Lee,Priya Lee,Chief Engineer,Engineering,Technical Buyer,Priya.Lee.864@frontierassembly31.example,+1-555-651-5015,true,2018-07-20
003000000000865AAA,001000000000208AAA,Rafael,Adams,Rafael Adams,Senior Buyer,Procurement,Influencer,Rafael.Adams.865@eastgateautomotive50.example,+1-555-363-2889,true,2022-09-27
003000000000866AAA,001000000000100AAA,Sofia,Flores,Sofia Flores,Program Manager,Program Management,Decision Maker,Sofia.Flores.866@ridgewaydistribution.example,+1-555-358-6475,true,2024-07-17
003000000000867AAA,001000000000489AAA,Zane,Garcia,Zane Garcia,Quality Manager,Quality,Technical Buyer,Zane.Garcia.867@silverlinetransportg.example,+1-555-529-3521,true,2024-03-11
003000000000868AAA,001000000000417AAA,Gabriel,Nguyen,Gabriel Nguyen,VP of Operations,Leadership,Executive Sponsor,Gabriel.Nguyen.868@stonebridgemobility.example,+1-555-747-5041,true,2026-05-28
003000000000869AAA,001000000000308AAA,Rina,Campbell,Rina Campbell,Program Manager,Program Management,Decision Maker,Rina.Campbell.869@atlasdistribution.example,+1-555-148-3972,false,2022-10-12
003000000000870AAA,001000000000313AAA,Caleb,Singh,Caleb Singh,Senior Buyer,Procurement,Influencer,Caleb.Singh.870@graniteassembly89.example,+1-555-240-7344,true,2022-11-29
003000000000871AAA,001000000000017AAA,Lina,Bennett,Lina Bennett,Finance Director,Finance,Economic Buyer,Lina.Bennett.871@meridianautomotive.example,+1-555-113-9627,true,2023-07-20
003000000000872AAA,001000000000173AAA,Elena,Chen,Elena Chen,Senior Buyer,Procurement,Influencer,Elena.Chen.872@valleyindustrialsupp.example,+1-555-339-4648,true,2021-03-09
003000000000873AAA,001000000000035AAA,Hector,Young,Hector Young,Quality Manager,Quality,Technical Buyer,Hector.Young.873@northfieldassembly.example,+1-555-931-7443,true,2018-10-29
003000000000874AAA,001000000000196AAA,Alyssa,Young,Alyssa Young,Senior Buyer,Procurement,Influencer,Alyssa.Young.874@alderdistribution.example,+1-555-712-5581,true,2021-08-06
003000000000875AAA,001000000000037AAA,Aiden,Patel,Aiden Patel,Director of Procurement,Procurement,Economic Buyer,Aiden.Patel.875@frontierautomotive.example,+1-555-269-7610,true,2022-11-05
003000000000876AAA,001000000000320AAA,Kara,Green,Kara Green,Chief Engineer,Engineering,Technical Buyer,Kara.Green.876@meridianvehiclesyste.example,+1-555-976-1758,true,2026-01-22
003000000000877AAA,001000000000462AAA,Rina,Garcia,Rina Garcia,Finance Director,Finance,Economic Buyer,Rina.Garcia.877@cobaltpowertrain60.example,+1-555-445-7022,true,2022-06-01
003000000000878AAA,001000000000353AAA,Olivia,Cruz,Olivia Cruz,Finance Director,Finance,Economic Buyer,Olivia.Cruz.878@pinnacleassembly50.example,+1-555-990-3820,true,2026-04-01
003000000000879AAA,001000000000340AAA,Bianca,Flores,Bianca Flores,Finance Director,Finance,Economic Buyer,Bianca.Flores.879@oaklinetransportgrou.example,+1-555-888-7295,true,2021-09-01
003000000000880AAA,001000000000100AAA,Mateo,Johnson,Mateo Johnson,Plant Manager,Operations,Decision Maker,Mateo.Johnson.880@ridgewaydistribution.example,+1-555-160-3151,true,2025-01-03
003000000000881AAA,001000000000106AAA,Wyatt,Flores,Wyatt Flores,VP of Operations,Leadership,Executive Sponsor,Wyatt.Flores.881@beaconengineering.example,+1-555-463-4177,true,2018-07-10
003000000000882AAA,001000000000124AAA,Leo,Diaz,Leo Diaz,VP of Operations,Leadership,Executive Sponsor,Leo.Diaz.882@cedardistribution46.example,+1-555-436-4283,true,2020-10-17
003000000000883AAA,001000000000007AAA,Alyssa,Reed,Alyssa Reed,Director of Procurement,Procurement,Economic Buyer,Alyssa.Reed.883@sierraroadcraft.example,+1-555-595-6147,true,2023-12-11
003000000000884AAA,001000000000073AAA,Yara,Reed,Yara Reed,Finance Director,Finance,Economic Buyer,Yara.Reed.884@mapleengineering.example,+1-555-335-2077,true,2021-07-04
003000000000885AAA,001000000000140AAA,Grace,Morgan,Grace Morgan,Senior Buyer,Procurement,Influencer,Grace.Morgan.885@unionfleetsolutions7.example,+1-555-909-1366,true,2019-11-21
003000000000886AAA,001000000000452AAA,Rina,Campbell,Rina Campbell,Quality Manager,Quality,Technical Buyer,Rina.Campbell.886@heritageassembly.example,+1-555-513-3592,true,2023-03-11
003000000000887AAA,001000000000271AAA,Wyatt,Miller,Wyatt Miller,Finance Director,Finance,Economic Buyer,Wyatt.Miller.887@alderfleetsolutions.example,+1-555-989-2911,true,2022-11-20
003000000000888AAA,001000000000002AAA,Yara,Turner,Yara Turner,Program Manager,Program Management,Decision Maker,Yara.Turner.888@metrovalemotors.example,+1-555-369-5666,true,2021-12-05
003000000000889AAA,001000000000320AAA,Gabriel,Hernandez,Gabriel Hernandez,Finance Director,Finance,Economic Buyer,Gabriel.Hernandez.889@meridianvehiclesyste.example,+1-555-788-2276,true,2021-11-08
003000000000890AAA,001000000000172AAA,Bianca,Turner,Bianca Turner,Senior Buyer,Procurement,Influencer,Bianca.Turner.890@atlasvehiclesystems.example,+1-555-499-4458,true,2024-09-13
003000000000891AAA,001000000000099AAA,Olivia,Campbell,Olivia Campbell,Plant Manager,Operations,Decision Maker,Olivia.Campbell.891@silverlinepowertrain.example,+1-555-401-5328,true,2025-02-23
003000000000892AAA,001000000000262AAA,Imani,Turner,Imani Turner,Plant Manager,Operations,Decision Maker,Imani.Turner.892@keystonetransportgro.example,+1-555-107-9280,true,2019-12-31
003000000000893AAA,001000000000123AAA,Maya,Nguyen,Maya Nguyen,Quality Manager,Quality,Technical Buyer,Maya.Nguyen.893@crescentfleetsolutio.example,+1-555-581-5136,true,2023-02-18
003000000000894AAA,001000000000003AAA,Camila,Adams,Camila Adams,Program Manager,Program Management,Decision Maker,Camila.Adams.894@summitmotorworks.example,+1-555-196-9240,true,2026-01-13
003000000000895AAA,001000000000164AAA,Jade,Walker,Jade Walker,Director of Procurement,Procurement,Economic Buyer,Jade.Walker.895@beaconautomotive.example,+1-555-712-4271,true,2025-11-12
003000000000896AAA,001000000000084AAA,Wyatt,Nguyen,Wyatt Nguyen,Quality Manager,Quality,Technical Buyer,Wyatt.Nguyen.896@mapleperformancepart.example,+1-555-464-5366,true,2020-10-06
003000000000897AAA,001000000000179AAA,Rafael,Reed,Rafael Reed,VP of Operations,Leadership,Executive Sponsor,Rafael.Reed.897@valleypowertrain29.example,+1-555-968-3531,true,2024-05-13
003000000000898AAA,001000000000389AAA,Amara,Kim,Amara Kim,Director of Procurement,Procurement,Economic Buyer,Amara.Kim.898@atlasvehiclesystems2.example,+1-555-911-2250,true,2023-11-06
003000000000899AAA,001000000000441AAA,Amara,Lee,Amara Lee,VP of Operations,Leadership,Executive Sponsor,Amara.Lee.899@stonebridgedistribut.example,+1-555-504-6020,true,2024-10-31
003000000000900AAA,001000000000011AAA,Amara,Adams,Amara Adams,Director of Procurement,Procurement,Economic Buyer,Amara.Adams.900@aldermobility.example,+1-555-513-1589,true,2024-02-22
