OpportunityLineItemId,OpportunityId,ProductId,Quantity,ListUnitPrice,DiscountRate,NetUnitPrice,ListRevenue,NetRevenue,UnitCost,ExtendedCost,GrossMarginAmount,GrossMarginRate,ProductSubstitutionFlag,CurrencyIsoCode
00k000000000001AAA,006000000000001AAA,01t000000000060AAA,1291,253.27,0.0299,245.7,326971.57,317198.7,164.46,212317.86,104880.84,0.330647,false,USD
00k000000000002AAA,006000000000001AAA,01t000000000022AAA,1084,340.53,0.0868,310.97,369134.52,337091.48,241.05,261298.2,75793.28,0.224845,false,USD
00k000000000003AAA,006000000000002AAA,01t000000000042AAA,1378,274.95,0.053,260.38,378881.1,358803.64,174.39,240309.42,118494.22,0.330248,false,USD
00k000000000004AAA,006000000000002AAA,01t000000000038AAA,1783,211.84,0.0662,197.82,377710.72,352713.06,127.14,226690.62,126022.44,0.357295,false,USD
00k000000000005AAA,006000000000003AAA,01t000000000006AAA,768,468.06,0.0334,452.43,359470.08,347466.24,301.3,231398.4,116067.84,0.334041,false,USD
00k000000000006AAA,006000000000003AAA,01t000000000015AAA,1649,318.63,0.045,304.29,525420.87,501774.21,168.05,277114.45,224659.76,0.447731,false,USD
00k000000000007AAA,006000000000004AAA,01t000000000004AAA,795,393.76,0.0727,365.13,313039.2,290278.35,267.02,212280.9,77997.45,0.268699,false,USD
00k000000000008AAA,006000000000004AAA,01t000000000053AAA,1813,240.05,0.0575,226.25,435210.65,410191.25,158.05,286544.65,123646.6,0.301436,false,USD
00k000000000009AAA,006000000000005AAA,01t000000000036AAA,3395,142.04,0.0816,130.45,482225.8,442877.75,95.18,323136.1,119741.65,0.270372,false,USD
00k000000000010AAA,006000000000005AAA,01t000000000002AAA,1651,185.35,0.0285,180.07,306012.85,297295.57,113.8,187883.8,109411.77,0.368024,false,USD
00k000000000011AAA,006000000000006AAA,01t000000000039AAA,2915,122.82,0.0913,111.61,358020.3,325343.15,75.62,220432.3,104910.85,0.322462,false,USD
00k000000000012AAA,006000000000006AAA,01t000000000056AAA,1934,195,0.1139,172.79,377130,334175.86,130.96,253276.64,80899.22,0.242086,false,USD
00k000000000013AAA,006000000000007AAA,01t000000000033AAA,1021,422.88,0.0944,382.96,431760.48,391002.16,280.14,286022.94,104979.22,0.268488,false,USD
00k000000000014AAA,006000000000007AAA,01t000000000043AAA,1416,232.44,0.0814,213.52,329135.04,302344.32,128.91,182536.56,119807.76,0.396263,false,USD
00k000000000015AAA,006000000000008AAA,01t000000000005AAA,986,377.56,0.063,353.77,372274.16,348817.22,272.07,268261.02,80556.2,0.230941,false,USD
00k000000000016AAA,006000000000008AAA,01t000000000048AAA,761,404.75,0.0771,373.54,308014.75,284263.94,264.11,200987.71,83276.23,0.292954,false,USD
00k000000000017AAA,006000000000009AAA,01t000000000007AAA,1915,193.76,0.0782,178.61,371050.4,342038.15,120.99,231695.85,110342.3,0.322602,false,USD
00k000000000018AAA,006000000000009AAA,01t000000000018AAA,2759,147.59,0.0523,139.87,407200.81,385901.33,92.07,254021.13,131880.2,0.341746,false,USD
00k000000000019AAA,006000000000010AAA,01t000000000036AAA,2106,143.02,0.0798,131.61,301200.12,277170.66,95.18,200449.08,76721.58,0.276803,false,USD
00k000000000020AAA,006000000000010AAA,01t000000000003AAA,2287,199.15,0.0377,191.64,455456.05,438280.68,125.5,287018.5,151262.18,0.345126,false,USD
00k000000000021AAA,006000000000011AAA,01t000000000009AAA,862,354.78,0.0749,328.21,305820.36,282917.02,203.75,175632.5,107284.52,0.379208,false,USD
00k000000000022AAA,006000000000011AAA,01t000000000033AAA,1289,405.14,0.0652,378.72,522225.46,488170.08,280.14,361100.46,127069.62,0.260298,false,USD
00k000000000023AAA,006000000000012AAA,01t000000000045AAA,3295,104.64,0.0801,96.26,344788.8,317176.7,59.87,197271.65,119905.05,0.378039,false,USD
00k000000000024AAA,006000000000012AAA,01t000000000021AAA,1220,329.21,0.0965,297.44,401636.2,362876.8,239.32,291970.4,70906.4,0.195401,false,USD
00k000000000025AAA,006000000000013AAA,01t000000000011AAA,1130,318.13,0.0767,293.73,359486.9,331914.9,204.74,231356.2,100558.7,0.302965,false,USD
00k000000000026AAA,006000000000013AAA,01t000000000043AAA,1832,231.2,0.0726,214.41,423558.4,392799.12,128.91,236163.12,156636,0.398769,false,USD
00k000000000027AAA,006000000000014AAA,01t000000000062AAA,1350,195.1,0.0788,179.73,263385,242635.5,121.05,163417.5,79218,0.32649,false,USD
00k000000000028AAA,006000000000014AAA,01t000000000019AAA,1004,332.27,0.065,310.67,333599.08,311912.68,228.88,229795.52,82117.16,0.26327,false,USD
00k000000000029AAA,006000000000015AAA,01t000000000048AAA,614,420.25,0.0852,384.44,258033.5,236046.16,264.11,162163.54,73882.62,0.313001,false,USD
00k000000000030AAA,006000000000015AAA,01t000000000038AAA,1769,213.01,0.0296,206.7,376814.69,365652.3,127.14,224910.66,140741.64,0.384906,false,USD
00k000000000031AAA,006000000000016AAA,01t000000000048AAA,1010,395.05,0.0602,371.27,399000.5,374982.7,264.11,266751.1,108231.6,0.288631,false,USD
00k000000000032AAA,006000000000016AAA,01t000000000010AAA,916,451.79,0.1014,405.98,413839.64,371877.68,280.72,257139.52,114738.16,0.308537,false,USD
00k000000000033AAA,006000000000016AAA,01t000000000019AAA,941,353.41,0.0649,330.47,332558.81,310972.27,228.88,215376.08,95596.19,0.307411,false,USD
00k000000000034AAA,006000000000017AAA,01t000000000058AAA,1082,238.53,0.0845,218.37,258089.46,236276.34,167.27,180986.14,55290.2,0.234007,false,USD
00k000000000035AAA,006000000000017AAA,01t000000000008AAA,1161,265.46,0.0216,259.73,308199.06,301546.53,179.17,208016.37,93530.16,0.310168,false,USD
00k000000000036AAA,006000000000017AAA,01t000000000022AAA,732,360.51,0.0641,337.4,263893.32,246976.8,241.05,176448.6,70528.2,0.285566,false,USD
00k000000000037AAA,006000000000018AAA,01t000000000052AAA,4334,111.65,0.0856,102.09,483891.1,442458.06,62.85,272391.9,170066.16,0.384367,false,USD
00k000000000038AAA,006000000000018AAA,01t000000000007AAA,1677,192.85,0.0829,176.86,323409.45,296594.22,120.99,202900.23,93693.99,0.3159,false,USD
00k000000000039AAA,006000000000018AAA,01t000000000018AAA,2402,150.9,0.0664,140.88,362461.8,338393.76,92.07,221152.14,117241.62,0.346465,false,USD
00k000000000040AAA,006000000000019AAA,01t000000000038AAA,1385,218.92,0.0686,203.9,303204.2,282401.5,127.14,176088.9,106312.6,0.376459,false,USD
00k000000000041AAA,006000000000019AAA,01t000000000004AAA,985,386.29,0.0738,357.78,380495.65,352413.3,267.02,263014.7,89398.6,0.253675,false,USD
00k000000000042AAA,006000000000019AAA,01t000000000058AAA,1703,241.62,0.0612,226.83,411478.86,386291.49,167.27,284860.81,101430.68,0.262575,false,USD
00k000000000043AAA,006000000000020AAA,01t000000000022AAA,782,373.61,0.0462,356.35,292163.02,278665.7,241.05,188501.1,90164.6,0.323558,false,USD
00k000000000044AAA,006000000000020AAA,01t000000000047AAA,1115,319.23,0.0607,299.85,355941.45,334332.75,213.19,237706.85,96625.9,0.289011,false,USD
00k000000000045AAA,006000000000020AAA,01t000000000059AAA,1681,215.99,0.0719,200.46,363079.19,336973.26,136.27,229069.87,107903.39,0.320214,false,USD
00k000000000046AAA,006000000000021AAA,01t000000000053AAA,1292,235.75,0.0488,224.25,304589,289731,158.05,204200.6,85530.4,0.295206,false,USD
00k000000000047AAA,006000000000021AAA,01t000000000033AAA,1105,404.02,0.0637,378.28,446442.1,417999.4,280.14,309554.7,108444.7,0.259437,false,USD
00k000000000048AAA,006000000000021AAA,01t000000000010AAA,853,440.13,0.0732,407.91,375430.89,347947.23,280.72,239454.16,108493.07,0.311809,false,USD
00k000000000049AAA,006000000000022AAA,01t000000000053AAA,1520,240.89,0.0503,228.77,366152.8,347730.4,158.05,240236,107494.4,0.309131,false,USD
00k000000000050AAA,006000000000022AAA,01t000000000050AAA,4274,82.28,0.0466,78.45,351664.72,335295.3,51.06,218230.44,117064.86,0.34914,false,USD
00k000000000051AAA,006000000000022AAA,01t000000000017AAA,1774,189.94,0.0547,179.55,336953.56,318521.7,126.45,224322.3,94199.4,0.295739,false,USD
00k000000000052AAA,006000000000023AAA,01t000000000059AAA,1930,216.95,0.0743,200.83,418713.5,387601.9,136.27,263001.1,124600.8,0.321466,false,USD
00k000000000053AAA,006000000000023AAA,01t000000000042AAA,1271,273.77,0.0691,254.85,347961.67,323914.35,174.39,221649.69,102264.66,0.315715,false,USD
00k000000000054AAA,006000000000023AAA,01t000000000019AAA,1236,355.47,0.1109,316.05,439360.92,390637.8,228.88,282895.68,107742.12,0.275811,false,USD
00k000000000055AAA,006000000000024AAA,01t000000000001AAA,1252,317.03,0.0363,305.52,396921.56,382511.04,209.3,262043.6,120467.44,0.314938,false,USD
00k000000000056AAA,006000000000024AAA,01t000000000018AAA,2396,151.66,0.0842,138.89,363377.36,332780.44,92.07,220599.72,112180.72,0.337101,false,USD
00k000000000057AAA,006000000000024AAA,01t000000000056AAA,2013,200.18,0.107,178.76,402962.34,359843.88,130.96,263622.48,96221.4,0.267398,false,USD
00k000000000058AAA,006000000000025AAA,01t000000000050AAA,4570,78.46,0.0441,75,358562.2,342750,51.06,233344.2,109405.8,0.3192,false,USD
00k000000000059AAA,006000000000025AAA,01t000000000036AAA,1541,134.46,0.0712,124.89,207202.86,192455.49,95.18,146672.38,45783.11,0.237889,false,USD
00k000000000060AAA,006000000000025AAA,01t000000000004AAA,899,401.82,0.0602,377.63,361236.18,339489.37,267.02,240050.98,99438.39,0.292906,false,USD
00k000000000061AAA,006000000000026AAA,01t000000000005AAA,756,379.11,0.0703,352.46,286607.16,266459.76,272.07,205684.92,60774.84,0.228083,false,USD
00k000000000062AAA,006000000000026AAA,01t000000000016AAA,1340,364.1,0.0663,339.96,487894,455546.4,212.59,284870.6,170675.8,0.374662,false,USD
00k000000000063AAA,006000000000026AAA,01t000000000041AAA,1530,275.14,0.12,242.12,420964.2,370443.6,152.9,233937,136506.6,0.368495,false,USD
00k000000000064AAA,006000000000027AAA,01t000000000054AAA,2835,131.09,0.0758,121.15,371640.15,343460.25,80.43,228019.05,115441.2,0.336112,false,USD
00k000000000065AAA,006000000000027AAA,01t000000000050AAA,5150,76.01,0.0383,73.1,391451.5,376465,51.06,262959,113506,0.301505,false,USD
00k000000000066AAA,006000000000027AAA,01t000000000037AAA,1019,378.49,0.072,351.24,385681.31,357913.56,244.43,249074.17,108839.39,0.304094,false,USD
00k000000000067AAA,006000000000028AAA,01t000000000060AAA,1870,258.38,0.1039,231.53,483170.6,432961.1,164.46,307540.2,125420.9,0.289682,false,USD
00k000000000068AAA,006000000000028AAA,01t000000000007AAA,2048,197.95,0.0959,178.97,405401.6,366530.56,120.99,247787.52,118743.04,0.323965,false,USD
00k000000000069AAA,006000000000028AAA,01t000000000031AAA,834,382.69,0.0696,356.05,319163.46,296945.7,237.31,197916.54,99029.16,0.333492,false,USD
00k000000000070AAA,006000000000029AAA,01t000000000003AAA,1443,200.15,0.0796,184.22,288816.45,265829.46,125.5,181096.5,84732.96,0.318749,false,USD
00k000000000071AAA,006000000000029AAA,01t000000000027AAA,1120,417.13,0.0973,376.54,467185.6,421724.8,251.82,282038.4,139686.4,0.331226,false,USD
00k000000000072AAA,006000000000029AAA,01t000000000059AAA,1851,215.43,0.0552,203.54,398760.93,376752.54,136.27,252235.77,124516.77,0.3305,false,USD
00k000000000073AAA,006000000000030AAA,01t000000000004AAA,1002,400.25,0.0747,370.35,401050.5,371090.7,267.02,267554.04,103536.66,0.279006,false,USD
00k000000000074AAA,006000000000030AAA,01t000000000037AAA,1103,388.85,0.0731,360.43,428901.55,397554.29,244.43,269606.29,127948,0.321838,false,USD
00k000000000075AAA,006000000000030AAA,01t000000000043AAA,1462,227.99,0.0445,217.84,333321.38,318482.08,128.91,188466.42,130015.66,0.408235,false,USD
00k000000000076AAA,006000000000031AAA,01t000000000057AAA,1847,133.54,0.0407,128.1,246648.38,236600.7,72.85,134553.95,102046.75,0.431304,false,USD
00k000000000077AAA,006000000000031AAA,01t000000000029AAA,1674,224.84,0.0514,213.28,376382.16,357030.72,153.08,256255.92,100774.8,0.282258,false,USD
00k000000000078AAA,006000000000031AAA,01t000000000021AAA,1353,314.79,0.0542,297.73,425910.87,402828.69,239.32,323799.96,79028.73,0.196184,false,USD
00k000000000079AAA,006000000000031AAA,01t000000000007AAA,2704,195.66,0.1139,173.37,529064.64,468792.48,120.99,327156.96,141635.52,0.302128,false,USD
00k000000000080AAA,006000000000032AAA,01t000000000015AAA,829,296.86,0.0756,274.42,246096.94,227494.18,168.05,139313.45,88180.73,0.387618,false,USD
00k000000000081AAA,006000000000032AAA,01t000000000043AAA,1913,226.99,0.039,218.14,434231.87,417301.82,128.91,246604.83,170696.99,0.409049,false,USD
00k000000000082AAA,006000000000032AAA,01t000000000028AAA,1639,200.91,0.053,190.26,329291.49,311836.14,110.67,181388.13,130448.01,0.418322,false,USD
00k000000000083AAA,006000000000032AAA,01t000000000061AAA,2170,210.04,0.073,194.71,455786.8,422520.7,138.34,300197.8,122322.9,0.289507,false,USD
00k000000000084AAA,006000000000033AAA,01t000000000019AAA,1065,345.72,0.0874,315.5,368191.8,336007.5,228.88,243757.2,92250.3,0.274548,false,USD
00k000000000085AAA,006000000000033AAA,01t000000000006AAA,875,475,0.0677,442.84,415625,387485,301.3,263637.5,123847.5,0.319619,false,USD
00k000000000086AAA,006000000000033AAA,01t000000000041AAA,1517,273.39,0.0852,250.1,414732.63,379401.7,152.9,231949.3,147452.4,0.388645,false,USD
00k000000000087AAA,006000000000033AAA,01t000000000051AAA,5984,70.39,0.0848,64.42,421213.76,385489.28,51.08,305662.72,79826.56,0.207079,false,USD
00k000000000088AAA,006000000000034AAA,01t000000000035AAA,1035,394.29,0.0774,363.77,408090.15,376501.95,237.75,246071.25,130430.7,0.346428,false,USD
00k000000000089AAA,006000000000034AAA,01t000000000014AAA,2101,119.64,0.0681,111.49,251363.64,234240.49,81.05,170286.05,63954.44,0.273029,false,USD
00k000000000090AAA,006000000000034AAA,01t000000000004AAA,1081,398.73,0.0684,371.46,431027.13,401548.26,267.02,288648.62,112899.64,0.281161,false,USD
00k000000000091AAA,006000000000034AAA,01t000000000069AAA,1023,360.85,0.0725,334.69,369149.55,342387.87,218.13,223146.99,119240.88,0.348263,false,USD
00k000000000092AAA,006000000000035AAA,01t000000000036AAA,2748,142.69,0.046,136.13,392112.12,374085.24,95.18,261554.64,112530.6,0.300815,false,USD
00k000000000093AAA,006000000000035AAA,01t000000000006AAA,1247,468.4,0.0647,438.09,584094.8,546298.23,301.3,375721.1,170577.13,0.312242,false,USD
00k000000000094AAA,006000000000035AAA,01t000000000050AAA,4859,80.63,0.0731,74.74,391781.17,363161.66,51.06,248100.54,115061.12,0.316832,false,USD
00k000000000095AAA,006000000000035AAA,01t000000000021AAA,1181,337.38,0.067,314.78,398445.78,371755.18,239.32,282636.92,89118.26,0.239723,false,USD
00k000000000096AAA,006000000000036AAA,01t000000000032AAA,1428,329.77,0.065,308.33,470911.56,440295.24,199.36,284686.08,155609.16,0.35342,false,USD
00k000000000097AAA,006000000000036AAA,01t000000000065AAA,943,319.51,0.0915,290.27,301297.93,273724.61,228.94,215890.42,57834.19,0.211286,false,USD
00k000000000098AAA,006000000000036AAA,01t000000000025AAA,4018,73.78,0.0969,66.63,296448.04,267719.34,51.29,206083.22,61636.12,0.230227,false,USD
00k000000000099AAA,006000000000036AAA,01t000000000049AAA,1518,356.33,0.0705,331.21,540908.94,502776.78,244.93,371803.74,130973.04,0.260499,false,USD
00k000000000100AAA,006000000000037AAA,01t000000000024AAA,1332,328.05,0.079,302.13,436962.6,402437.16,221.7,295304.4,107132.76,0.26621,false,USD
00k000000000101AAA,006000000000037AAA,01t000000000055AAA,1522,236.27,0.0702,219.68,359602.94,334352.96,130.02,197890.44,136462.52,0.408139,false,USD
00k000000000102AAA,006000000000037AAA,01t000000000032AAA,1267,325.23,0.0693,302.69,412066.41,383508.23,199.36,252589.12,130919.11,0.341372,false,USD
00k000000000103AAA,006000000000037AAA,01t000000000069AAA,1266,348.26,0.0498,330.92,440897.16,418944.72,218.13,276152.58,142792.14,0.340838,false,USD
00k000000000104AAA,006000000000038AAA,01t000000000061AAA,2113,205.61,0.0893,187.25,434453.93,395659.25,138.34,292312.42,103346.83,0.261202,false,USD
00k000000000105AAA,006000000000038AAA,01t000000000003AAA,1784,197.83,0.0811,181.79,352928.72,324313.36,125.5,223892,100421.36,0.309643,false,USD
00k000000000106AAA,006000000000038AAA,01t000000000015AAA,1120,304.27,0.0865,277.95,340782.4,311304,168.05,188216,123088,0.395395,false,USD
00k000000000107AAA,006000000000038AAA,01t000000000049AAA,1012,355.42,0.0589,334.49,359685.04,338503.88,244.93,247869.16,90634.72,0.267751,false,USD
00k000000000108AAA,006000000000039AAA,01t000000000056AAA,2349,205.45,0.0894,187.08,482602.05,439450.92,130.96,307625.04,131825.88,0.299979,false,USD
00k000000000109AAA,006000000000039AAA,01t000000000034AAA,1333,222.09,0.062,208.32,296045.97,277690.56,148.57,198043.81,79646.75,0.286818,false,USD
00k000000000110AAA,006000000000039AAA,01t000000000026AAA,1364,306.61,0.0874,279.81,418216.04,381660.84,198.27,270440.28,111220.56,0.291412,false,USD
00k000000000111AAA,006000000000039AAA,01t000000000075AAA,585,633.13,0.1084,564.5,370381.05,330232.5,356.45,208523.25,121709.25,0.368556,false,USD
00k000000000112AAA,006000000000040AAA,01t000000000024AAA,1176,325.38,0.0522,308.4,382646.88,362678.4,221.7,260719.2,101959.2,0.281128,false,USD
00k000000000113AAA,006000000000040AAA,01t000000000004AAA,712,389.33,0.0551,367.88,277202.96,261930.56,267.02,190118.24,71812.32,0.274165,false,USD
00k000000000114AAA,006000000000040AAA,01t000000000030AAA,1787,164.79,0.0442,157.51,294479.73,281470.37,108.56,193996.72,87473.65,0.310774,false,USD
00k000000000115AAA,006000000000040AAA,01t000000000069AAA,1399,344.65,0.0794,317.28,482165.35,443874.72,218.13,305163.87,138710.85,0.3125,false,USD
00k000000000116AAA,006000000000041AAA,01t000000000025AAA,4919,71.14,0.0749,65.81,349937.66,323719.39,51.29,252295.51,71423.88,0.220635,false,USD
00k000000000117AAA,006000000000041AAA,01t000000000064AAA,1870,240.69,0.0719,223.38,450090.3,417720.6,161.48,301967.6,115753,0.277106,false,USD
00k000000000118AAA,006000000000041AAA,01t000000000034AAA,1996,224.43,0.0547,212.15,447962.28,423451.4,148.57,296545.72,126905.68,0.299694,false,USD
00k000000000119AAA,006000000000041AAA,01t000000000052AAA,5291,107.17,0.0731,99.34,567036.47,525607.94,62.85,332539.35,193068.59,0.367324,false,USD
00k000000000120AAA,006000000000042AAA,01t000000000053AAA,1578,232.81,0.0651,217.65,367374.18,343451.7,158.05,249402.9,94048.8,0.273834,false,USD
00k000000000121AAA,006000000000042AAA,01t000000000020AAA,979,375.28,0.0778,346.08,367399.12,338812.32,218.34,213754.86,125057.46,0.369105,false,USD
00k000000000122AAA,006000000000042AAA,01t000000000029AAA,1769,226.17,0.0422,216.63,400094.73,383218.47,153.08,270798.52,112419.95,0.293357,false,USD
00k000000000123AAA,006000000000042AAA,01t000000000049AAA,1094,358.22,0.063,335.65,391892.68,367201.1,244.93,267953.42,99247.68,0.270282,false,USD
00k000000000124AAA,006000000000043AAA,01t000000000046AAA,4627,79.82,0.0899,72.64,369327.14,336105.28,53.15,245925.05,90180.23,0.268309,false,USD
00k000000000125AAA,006000000000043AAA,01t000000000013AAA,1636,327.32,0.0953,296.13,535495.52,484468.68,195.82,320361.52,164107.16,0.338736,false,USD
00k000000000126AAA,006000000000043AAA,01t000000000027AAA,752,410.94,0.0323,397.67,309026.88,299047.84,251.82,189368.64,109679.2,0.366761,false,USD
00k000000000127AAA,006000000000043AAA,01t000000000059AAA,1407,211.77,0.0481,201.58,297960.39,283623.06,136.27,191731.89,91891.17,0.32399,false,USD
00k000000000128AAA,006000000000044AAA,01t000000000043AAA,1678,218.5,0.0571,206.02,366643,345701.56,128.91,216310.98,129390.58,0.374284,false,USD
00k000000000129AAA,006000000000044AAA,01t000000000053AAA,1190,237.38,0.0586,223.47,282482.2,265929.3,158.05,188079.5,77849.8,0.292746,false,USD
00k000000000130AAA,006000000000044AAA,01t000000000012AAA,1083,387.32,0.0651,362.11,419467.56,392165.13,249.67,270392.61,121772.52,0.310513,false,USD
00k000000000131AAA,006000000000044AAA,01t000000000023AAA,1189,346.96,0.05,329.61,412535.44,391906.29,222.39,264421.71,127484.58,0.325294,false,USD
00k000000000132AAA,006000000000045AAA,01t000000000003AAA,1095,210.87,0.0792,194.17,230902.65,212616.15,125.5,137422.5,75193.65,0.353659,false,USD
00k000000000133AAA,006000000000045AAA,01t000000000057AAA,2972,128.96,0.1174,113.82,383269.12,338273.04,72.85,216510.2,121762.84,0.359954,false,USD
00k000000000134AAA,006000000000045AAA,01t000000000069AAA,1266,357.07,0.0847,326.83,452050.62,413766.78,218.13,276152.58,137614.2,0.332589,false,USD
00k000000000135AAA,006000000000045AAA,01t000000000037AAA,1171,368.3,0.0885,335.71,431279.3,393116.41,244.43,286227.53,106888.88,0.271901,false,USD
00k000000000136AAA,006000000000046AAA,01t000000000029AAA,1971,228.71,0.0583,215.38,450787.41,424513.98,153.08,301720.68,122793.3,0.289256,false,USD
00k000000000137AAA,006000000000046AAA,01t000000000063AAA,765,457.27,0.0636,428.19,349811.55,327565.35,264.31,202197.15,125368.2,0.382727,false,USD
00k000000000138AAA,006000000000046AAA,01t000000000062AAA,1365,198.82,0.0565,187.59,271389.3,256060.35,121.05,165233.25,90827.1,0.35471,false,USD
00k000000000139AAA,006000000000046AAA,01t000000000019AAA,1009,353.83,0.0606,332.39,357014.47,335381.51,228.88,230939.92,104441.59,0.311411,false,USD
00k000000000140AAA,006000000000046AAA,01t000000000013AAA,1072,320.96,0.0965,289.99,344069.12,310869.28,195.82,209919.04,100950.24,0.324735,false,USD
00k000000000141AAA,006000000000047AAA,01t000000000073AAA,1591,215.17,0.0834,197.22,342335.47,313777.02,136.74,217553.34,96223.68,0.306663,false,USD
00k000000000142AAA,006000000000047AAA,01t000000000055AAA,1813,241.76,0.0781,222.88,438310.88,404081.44,130.02,235726.26,168355.18,0.416637,false,USD
00k000000000143AAA,006000000000047AAA,01t000000000044AAA,1341,419.31,0.0686,390.55,562294.71,523727.55,243.46,326479.86,197247.69,0.376623,false,USD
00k000000000144AAA,006000000000047AAA,01t000000000038AAA,1810,209.74,0.0954,189.73,379629.4,343411.3,127.14,230123.4,113287.9,0.32989,false,USD
00k000000000145AAA,006000000000047AAA,01t000000000021AAA,837,327.18,0.0924,296.95,273849.66,248547.15,239.32,200310.84,48236.31,0.194073,false,USD
00k000000000146AAA,006000000000048AAA,01t000000000018AAA,2077,151.3,0.1038,135.6,314250.1,281641.2,92.07,191229.39,90411.81,0.321018,false,USD
00k000000000147AAA,006000000000048AAA,01t000000000047AAA,1388,321.69,0.0874,293.57,446505.72,407475.16,213.19,295907.72,111567.44,0.273802,false,USD
00k000000000148AAA,006000000000048AAA,01t000000000056AAA,1651,203.23,0.0601,191.02,335532.73,315374.02,130.96,216214.96,99159.06,0.314417,false,USD
00k000000000149AAA,006000000000048AAA,01t000000000006AAA,608,452.74,0.0996,407.65,275265.92,247851.2,301.3,183190.4,64660.8,0.260886,false,USD
00k000000000150AAA,006000000000048AAA,01t000000000029AAA,1927,234.75,0.0889,213.88,452363.25,412146.76,153.08,294985.16,117161.6,0.284272,false,USD
00k000000000151AAA,006000000000049AAA,01t000000000020AAA,936,386.2,0.0474,367.89,361483.2,344345.04,218.34,204366.24,139978.8,0.406507,false,USD
00k000000000152AAA,006000000000049AAA,01t000000000052AAA,4985,99.26,0.0569,93.61,494811.1,466645.85,62.85,313307.25,153338.6,0.328597,false,USD
00k000000000153AAA,006000000000049AAA,01t000000000066AAA,1244,425.06,0.0752,393.1,528774.64,489016.4,251.52,312890.88,176125.52,0.360163,false,USD
00k000000000154AAA,006000000000049AAA,01t000000000037AAA,1194,378.52,0.0877,345.32,451952.88,412312.08,244.43,291849.42,120462.66,0.292164,false,USD
00k000000000155AAA,006000000000049AAA,01t000000000004AAA,946,407.05,0.0641,380.96,385069.3,360388.16,267.02,252600.92,107787.24,0.299087,false,USD
00k000000000156AAA,006000000000050AAA,01t000000000030AAA,2028,153.99,0.0619,144.46,312291.72,292964.88,108.56,220159.68,72805.2,0.248512,false,USD
00k000000000157AAA,006000000000050AAA,01t000000000071AAA,1320,468.03,0.0359,451.23,617799.6,595623.6,299.11,394825.2,200798.4,0.337123,false,USD
00k000000000158AAA,006000000000050AAA,01t000000000061AAA,2537,203.36,0.0412,194.98,515924.32,494664.26,138.34,350968.58,143695.68,0.290491,false,USD
00k000000000159AAA,006000000000050AAA,01t000000000043AAA,2791,225.02,0.1138,199.41,628030.82,556553.31,128.91,359787.81,196765.5,0.353543,false,USD
00k000000000160AAA,006000000000050AAA,01t000000000025AAA,4916,71.85,0.0845,65.78,353214.6,323374.48,51.29,252141.64,71232.84,0.22028,false,USD
00k000000000161AAA,006000000000051AAA,01t000000000072AAA,839,596.73,0.0648,558.06,500656.47,468212.34,412.18,345819.02,122393.32,0.261406,false,USD
00k000000000162AAA,006000000000051AAA,01t000000000009AAA,1289,346.29,0.0785,319.11,446367.81,411332.79,203.75,262633.75,148699.04,0.361505,false,USD
00k000000000163AAA,006000000000051AAA,01t000000000057AAA,3556,122.2,0.0815,112.24,434543.2,399125.44,72.85,259054.6,140070.84,0.350944,false,USD
00k000000000164AAA,006000000000051AAA,01t000000000037AAA,1154,372.09,0.0869,339.76,429391.86,392083.04,244.43,282072.22,110010.82,0.28058,false,USD
00k000000000165AAA,006000000000051AAA,01t000000000019AAA,1305,353.15,0.0582,332.6,460860.75,434043,228.88,298688.4,135354.6,0.311846,false,USD
00k000000000166AAA,006000000000052AAA,01t000000000067AAA,2105,206.74,0.054,195.58,435187.7,411695.9,130.51,274723.55,136972.35,0.332703,false,USD
00k000000000167AAA,006000000000052AAA,01t000000000057AAA,3542,128.61,0.0562,121.38,455536.62,429927.96,72.85,258034.7,171893.26,0.399819,false,USD
00k000000000168AAA,006000000000052AAA,01t000000000019AAA,761,343.95,0.0735,318.67,261745.95,242507.87,228.88,174177.68,68330.19,0.281765,false,USD
00k000000000169AAA,006000000000052AAA,01t000000000031AAA,1067,386.86,0.0852,353.9,412779.62,377611.3,237.31,253209.77,124401.53,0.329443,false,USD
00k000000000170AAA,006000000000052AAA,01t000000000043AAA,1943,225.51,0.0443,215.52,438165.93,418755.36,128.91,250472.13,168283.23,0.401865,false,USD
00k000000000171AAA,006000000000053AAA,01t000000000044AAA,709,410.87,0.0764,379.48,291306.83,269051.32,243.46,172613.14,96438.18,0.358438,false,USD
00k000000000172AAA,006000000000053AAA,01t000000000064AAA,1770,240.79,0.097,217.43,426198.3,384851.1,161.48,285819.6,99031.5,0.257324,false,USD
00k000000000173AAA,006000000000053AAA,01t000000000020AAA,952,395.86,0.039,380.42,376858.72,362159.84,218.34,207859.68,154300.16,0.426055,false,USD
00k000000000174AAA,006000000000053AAA,01t000000000003AAA,1791,196.13,0.0982,176.87,351268.83,316774.17,125.5,224770.5,92003.67,0.290439,false,USD
00k000000000175AAA,006000000000053AAA,01t000000000060AAA,1583,253.83,0.0779,234.06,401812.89,370516.98,164.46,260340.18,110176.8,0.29736,false,USD
00k000000000176AAA,006000000000054AAA,01t000000000003AAA,2429,213.5,0.0493,202.97,518591.5,493014.13,125.5,304839.5,188174.63,0.381682,false,USD
00k000000000177AAA,006000000000054AAA,01t000000000058AAA,1235,244.79,0.0767,226.01,302315.65,279122.35,167.27,206578.45,72543.9,0.2599,false,USD
00k000000000178AAA,006000000000054AAA,01t000000000026AAA,1131,310.11,0.0595,291.66,350734.41,329867.46,198.27,224243.37,105624.09,0.320202,false,USD
00k000000000179AAA,006000000000054AAA,01t000000000046AAA,6391,86.96,0.0808,79.93,555761.36,510832.63,53.15,339681.65,171150.98,0.335043,false,USD
00k000000000180AAA,006000000000054AAA,01t000000000031AAA,1116,376.88,0.0449,359.96,420598.08,401715.36,237.31,264837.96,136877.4,0.340732,false,USD
00k000000000181AAA,006000000000055AAA,01t000000000052AAA,2734,102.81,0.0437,98.32,281082.54,268806.88,62.85,171831.9,96974.98,0.360761,false,USD
00k000000000182AAA,006000000000055AAA,01t000000000004AAA,799,409.91,0.0343,395.85,327518.09,316284.15,267.02,213348.98,102935.17,0.325452,false,USD
00k000000000183AAA,006000000000055AAA,01t000000000030AAA,2023,158.37,0.0622,148.52,320382.51,300455.96,108.56,219616.88,80839.08,0.269055,false,USD
00k000000000184AAA,006000000000055AAA,01t000000000024AAA,933,321.03,0.0755,296.79,299520.99,276905.07,221.7,206846.1,70058.97,0.253007,false,USD
00k000000000185AAA,006000000000055AAA,01t000000000049AAA,780,361.83,0.0609,339.79,282227.4,265036.2,244.93,191045.4,73990.8,0.279172,false,USD
00k000000000186AAA,006000000000056AAA,01t000000000069AAA,1232,345.6,0.0603,324.76,425779.2,400104.32,218.13,268736.16,131368.16,0.328335,false,USD
00k000000000187AAA,006000000000056AAA,01t000000000009AAA,1123,351.19,0.0506,333.42,394386.37,374430.66,203.75,228811.25,145619.41,0.388909,false,USD
00k000000000188AAA,006000000000056AAA,01t000000000049AAA,1067,366.76,0.0956,331.7,391332.92,353923.9,244.93,261340.31,92583.59,0.261592,false,USD
00k000000000189AAA,006000000000056AAA,01t000000000034AAA,2316,234.8,0.0616,220.34,543796.8,510307.44,148.57,344088.12,166219.32,0.325724,false,USD
00k000000000190AAA,006000000000056AAA,01t000000000058AAA,1563,237.65,0.053,225.05,371446.95,351753.15,167.27,261443.01,90310.14,0.256743,false,USD
00k000000000191AAA,006000000000057AAA,01t000000000034AAA,1354,243.72,0.0848,223.05,329996.88,302009.7,148.57,201163.78,100845.92,0.333916,false,USD
00k000000000192AAA,006000000000057AAA,01t000000000014AAA,2978,123.93,0.0631,116.11,369063.54,345775.58,81.05,241366.9,104408.68,0.301955,false,USD
00k000000000193AAA,006000000000057AAA,01t000000000074AAA,855,349.31,0.0803,321.26,298660.05,274677.3,224.7,192118.5,82558.8,0.300567,false,USD
00k000000000194AAA,006000000000057AAA,01t000000000044AAA,1144,403.62,0.0924,366.33,461741.28,419081.52,243.46,278518.24,140563.28,0.335408,false,USD
00k000000000195AAA,006000000000057AAA,01t000000000056AAA,1529,199.43,0.1049,178.51,304928.47,272941.79,130.96,200237.84,72703.95,0.266372,false,USD
00k000000000196AAA,006000000000058AAA,01t000000000062AAA,1759,201.33,0.1156,178.06,354139.47,313207.54,121.05,212926.95,100280.59,0.320173,false,USD
00k000000000197AAA,006000000000058AAA,01t000000000018AAA,1819,152.39,0.0517,144.51,277197.41,262863.69,92.07,167475.33,95388.36,0.362881,false,USD
00k000000000198AAA,006000000000058AAA,01t000000000013AAA,1563,334.52,0.0678,311.84,522854.76,487405.92,195.82,306066.66,181339.26,0.37205,false,USD
00k000000000199AAA,006000000000058AAA,01t000000000046AAA,3491,80.12,0.0529,75.88,279698.92,264897.08,53.15,185546.65,79350.43,0.299552,false,USD
00k000000000200AAA,006000000000058AAA,01t000000000037AAA,1235,379.57,0.0897,345.52,468768.95,426717.2,244.43,301871.05,124846.15,0.292574,false,USD
00k000000000201AAA,006000000000059AAA,01t000000000050AAA,4852,81.28,0.1151,71.92,394370.56,348955.84,51.06,247743.12,101212.72,0.290044,false,USD
00k000000000202AAA,006000000000059AAA,01t000000000056AAA,2262,196.58,0.0859,179.69,444663.96,406458.78,130.96,296231.52,110227.26,0.271189,false,USD
00k000000000203AAA,006000000000059AAA,01t000000000009AAA,1359,338.48,0.0349,326.67,459994.32,443944.53,203.75,276896.25,167048.28,0.376282,false,USD
00k000000000204AAA,006000000000059AAA,01t000000000033AAA,1240,401.61,0.0822,368.6,497996.4,457064,280.14,347373.6,109690.4,0.239989,false,USD
00k000000000205AAA,006000000000059AAA,01t000000000015AAA,1358,316.64,0.0603,297.55,429997.12,404072.9,168.05,228211.9,175861,0.435221,false,USD
00k000000000206AAA,006000000000060AAA,01t000000000028AAA,2310,196.85,0.1006,177.05,454723.5,408985.5,110.67,255647.7,153337.8,0.374922,false,USD
00k000000000207AAA,006000000000060AAA,01t000000000064AAA,1748,237.13,0.0293,230.18,414503.24,402354.64,161.48,282267.04,120087.6,0.298462,false,USD
00k000000000208AAA,006000000000060AAA,01t000000000003AAA,1993,208.19,0.061,195.49,414922.67,389611.57,125.5,250121.5,139490.07,0.358023,false,USD
00k000000000209AAA,006000000000060AAA,01t000000000026AAA,1523,296.94,0.069,276.45,452239.62,421033.35,198.27,301965.21,119068.14,0.2828,false,USD
00k000000000210AAA,006000000000060AAA,01t000000000056AAA,1373,206.93,0.0468,197.25,284114.89,270824.25,130.96,179808.08,91016.17,0.336071,false,USD
00k000000000211AAA,006000000000061AAA,01t000000000008AAA,2184,273.78,0.2015,218.61,597935.52,477444.24,185.44,405000.96,72443.28,0.151731,false,USD
00k000000000212AAA,006000000000061AAA,01t000000000045AAA,4069,103.87,0.1633,86.91,422647.03,353636.79,61.97,252155.93,101480.86,0.286964,true,USD
00k000000000213AAA,006000000000062AAA,01t000000000043AAA,2427,226.38,0.2081,179.27,549424.26,435088.29,133.42,323810.34,111277.95,0.255759,true,USD
00k000000000214AAA,006000000000062AAA,01t000000000014AAA,3683,124.36,0.1812,101.83,458017.88,375039.89,83.89,308966.87,66073.02,0.176176,false,USD
00k000000000215AAA,006000000000062AAA,01t000000000025AAA,6527,75.06,0.1475,63.99,489916.62,417662.73,53.09,346518.43,71144.3,0.170339,true,USD
00k000000000216AAA,006000000000063AAA,01t000000000026AAA,2061,296.12,0.1979,237.52,610303.32,489528.72,205.21,422937.81,66590.91,0.136031,true,USD
00k000000000217AAA,006000000000063AAA,01t000000000029AAA,1515,227.54,0.171,188.63,344723.1,285774.45,158.44,240036.6,45737.85,0.160049,false,USD
00k000000000218AAA,006000000000063AAA,01t000000000038AAA,1651,212.06,0.1694,176.14,350111.06,290807.14,131.59,217255.09,73552.05,0.252924,true,USD
00k000000000219AAA,006000000000064AAA,01t000000000059AAA,2726,214.43,0.1632,179.44,584536.18,489153.44,141.04,384475.04,104678.4,0.213999,false,USD
00k000000000220AAA,006000000000064AAA,01t000000000039AAA,3868,124.78,0.1857,101.61,482649.04,393027.48,78.27,302748.36,90279.12,0.229702,true,USD
00k000000000221AAA,006000000000064AAA,01t000000000056AAA,3786,193.73,0.2016,154.67,733461.78,585580.62,135.54,513154.44,72426.18,0.123683,false,USD
00k000000000222AAA,006000000000065AAA,01t000000000038AAA,2350,220.09,0.2389,167.51,517211.5,393648.5,131.59,309236.5,84412,0.214435,true,USD
00k000000000223AAA,006000000000065AAA,01t000000000018AAA,4051,150.95,0.1748,124.56,611498.45,504592.56,95.29,386019.79,118572.77,0.234987,false,USD
00k000000000224AAA,006000000000066AAA,01t000000000061AAA,2144,200.91,0.1779,165.17,430751.04,354124.48,143.18,306977.92,47146.56,0.133136,true,USD
00k000000000225AAA,006000000000066AAA,01t000000000062AAA,2256,186.85,0.1806,153.1,421533.6,345393.6,125.29,282654.24,62739.36,0.181646,false,USD
00k000000000226AAA,006000000000066AAA,01t000000000014AAA,2135,118.31,0.2371,90.26,252591.85,192705.1,83.89,179105.15,13599.95,0.070574,true,USD
00k000000000227AAA,006000000000067AAA,01t000000000026AAA,2252,301.31,0.2241,233.79,678550.12,526495.08,205.21,462132.92,64362.16,0.122246,true,USD
00k000000000228AAA,006000000000067AAA,01t000000000024AAA,1912,326.55,0.1964,262.42,624363.6,501747.04,229.46,438727.52,63019.52,0.1256,true,USD
00k000000000229AAA,006000000000068AAA,01t000000000062AAA,2570,196.79,0.1885,159.7,505750.3,410429,125.29,321995.3,88433.7,0.215466,true,USD
00k000000000230AAA,006000000000068AAA,01t000000000045AAA,7428,98.73,0.153,83.62,733366.44,621129.36,61.97,460313.16,160816.2,0.258909,true,USD
00k000000000231AAA,006000000000069AAA,01t000000000026AAA,1265,293.54,0.207,232.78,371328.1,294466.7,205.21,259590.65,34876.05,0.118438,true,USD
00k000000000232AAA,006000000000069AAA,01t000000000018AAA,4440,147.01,0.1774,120.93,652724.4,536929.2,95.29,423087.6,113841.6,0.212023,true,USD
00k000000000233AAA,006000000000070AAA,01t000000000052AAA,4957,100.35,0.1603,84.26,497434.95,417676.82,65.05,322452.85,95223.97,0.227985,false,USD
00k000000000234AAA,006000000000070AAA,01t000000000014AAA,4314,125.86,0.1942,101.42,542960.04,437525.88,83.89,361901.46,75624.42,0.172846,false,USD
00k000000000235AAA,006000000000070AAA,01t000000000025AAA,4189,70.58,0.1847,57.54,295659.62,241035.06,53.09,222394.01,18641.05,0.077338,true,USD
00k000000000236AAA,006000000000071AAA,01t000000000060AAA,2505,248,0.2245,192.32,621240,481761.6,170.22,426401.1,55360.5,0.114913,true,USD
00k000000000237AAA,006000000000071AAA,01t000000000038AAA,2809,222.04,0.1952,178.7,623710.36,501968.3,131.59,369636.31,132331.99,0.263626,true,USD
00k000000000238AAA,006000000000071AAA,01t000000000053AAA,1372,240.86,0.2208,187.68,330459.92,257496.96,163.58,224431.76,33065.2,0.12841,true,USD
00k000000000239AAA,006000000000072AAA,01t000000000028AAA,5198,199.83,0.2144,156.99,1038716.34,816034.02,114.54,595378.92,220655.1,0.270399,false,USD
00k000000000240AAA,006000000000072AAA,01t000000000042AAA,3332,270,0.2028,215.24,899640,717179.68,180.49,601392.68,115787,0.161448,true,USD
00k000000000241AAA,006000000000073AAA,01t000000000054AAA,4429,128.3,0.1806,105.13,568240.7,465620.77,83.25,368714.25,96906.52,0.208123,false,USD
00k000000000242AAA,006000000000073AAA,01t000000000045AAA,6174,106.91,0.1809,87.57,660062.34,540657.18,61.97,382602.78,158054.4,0.292338,true,USD
00k000000000243AAA,006000000000074AAA,01t000000000038AAA,3817,210.51,0.1913,170.24,803516.67,649806.08,131.59,502279.03,147527.05,0.227032,false,USD
00k000000000244AAA,006000000000074AAA,01t000000000062AAA,3141,205.36,0.1967,164.97,645035.76,518170.77,125.29,393535.89,124634.88,0.240529,false,USD
00k000000000245AAA,006000000000075AAA,01t000000000018AAA,5477,148.46,0.1759,122.35,813115.42,670110.95,95.29,521903.33,148207.62,0.221169,true,USD
00k000000000246AAA,006000000000075AAA,01t000000000007AAA,3311,190.6,0.177,156.86,631076.6,519363.46,125.22,414603.42,104760.04,0.201709,true,USD
00k000000000247AAA,006000000000076AAA,01t000000000007AAA,3437,200.5,0.2335,153.68,689118.5,528198.16,125.22,430381.14,97817.02,0.18519,true,USD
00k000000000248AAA,006000000000076AAA,01t000000000058AAA,2001,234.3,0.2088,185.38,468834.3,370945.38,173.12,346413.12,24532.26,0.066134,false,USD
00k000000000249AAA,006000000000077AAA,01t000000000062AAA,3021,196.14,0.1735,162.11,592538.94,489734.31,125.29,378501.09,111233.22,0.22713,true,USD
00k000000000250AAA,006000000000077AAA,01t000000000024AAA,1906,317.31,0.1999,253.88,604792.86,483895.28,229.46,437350.76,46544.52,0.096187,false,USD
00k000000000251AAA,006000000000077AAA,01t000000000026AAA,1801,288.01,0.1847,234.81,518706.01,422892.81,205.21,369583.21,53309.6,0.126059,true,USD
00k000000000252AAA,006000000000078AAA,01t000000000025AAA,9661,72.96,0.2281,56.32,704866.56,544107.52,53.09,512902.49,31205.03,0.057351,true,USD
00k000000000253AAA,006000000000078AAA,01t000000000055AAA,2664,240.46,0.2248,186.4,640585.44,496569.6,134.57,358494.48,138075.12,0.278058,true,USD
00k000000000254AAA,006000000000078AAA,01t000000000007AAA,2445,209.36,0.183,171.05,511885.2,418217.25,125.22,306162.9,112054.35,0.267933,false,USD
00k000000000255AAA,006000000000079AAA,01t000000000039AAA,5455,117.2,0.224,90.95,639326,496132.25,78.27,426962.85,69169.4,0.139417,true,USD
00k000000000256AAA,006000000000079AAA,01t000000000051AAA,6827,71.5,0.1743,59.04,488130.5,403066.08,52.87,360943.49,42122.59,0.104505,true,USD
00k000000000257AAA,006000000000079AAA,01t000000000029AAA,1999,224.86,0.1809,184.18,449495.14,368175.82,158.44,316721.56,51454.26,0.139755,true,USD
00k000000000258AAA,006000000000080AAA,01t000000000061AAA,2816,207.37,0.1843,169.15,583953.92,476326.4,143.18,403194.88,73131.52,0.153532,true,USD
00k000000000259AAA,006000000000080AAA,01t000000000034AAA,1931,230.53,0.2102,182.07,445153.43,351577.17,153.77,296929.87,54647.3,0.155435,true,USD
00k000000000260AAA,006000000000081AAA,01t000000000040AAA,2709,230.58,0.1934,185.99,624641.22,503846.91,147.6,399848.4,103998.51,0.206409,true,USD
00k000000000261AAA,006000000000081AAA,01t000000000014AAA,2979,121.88,0.1931,98.34,363080.52,292954.86,83.89,249908.31,43046.55,0.146939,false,USD
00k000000000262AAA,006000000000082AAA,01t000000000041AAA,1500,280.77,0.1962,225.68,421155,338520,158.25,237375,101145,0.298786,true,USD
00k000000000263AAA,006000000000082AAA,01t000000000039AAA,5611,119.16,0.1718,98.69,668606.76,553749.59,78.27,439172.97,114576.62,0.206911,false,USD
00k000000000264AAA,006000000000083AAA,01t000000000052AAA,4440,105.67,0.2278,81.6,469174.8,362304,65.05,288822,73482,0.202819,false,USD
00k000000000265AAA,006000000000083AAA,01t000000000028AAA,3158,209.31,0.2098,165.4,661000.98,522333.2,114.54,361717.32,160615.88,0.307497,false,USD
00k000000000266AAA,006000000000083AAA,01t000000000051AAA,7176,74.24,0.1933,59.89,532746.24,429770.64,52.87,379395.12,50375.52,0.117215,true,USD
00k000000000267AAA,006000000000084AAA,01t000000000041AAA,3647,271.1,0.1761,223.36,988701.7,814593.92,158.25,577137.75,237456.17,0.291503,false,USD
00k000000000268AAA,006000000000084AAA,01t000000000050AAA,7869,78.06,0.1607,65.52,614254.14,515576.88,52.85,415876.65,99700.23,0.193376,false,USD
00k000000000269AAA,006000000000085AAA,01t000000000036AAA,2575,137.34,0.2061,109.03,353650.5,280752.25,98.51,253663.25,27089,0.096487,true,USD
00k000000000270AAA,006000000000085AAA,01t000000000057AAA,3085,132.97,0.1937,107.21,410212.45,330742.85,75.4,232609,98133.85,0.296707,true,USD
00k000000000271AAA,006000000000085AAA,01t000000000039AAA,3236,121.12,0.1932,97.72,391944.32,316221.92,78.27,253281.72,62940.2,0.199038,true,USD
00k000000000272AAA,006000000000086AAA,01t000000000054AAA,2828,136.93,0.1837,111.78,387238.04,316113.84,83.25,235431,80682.84,0.255233,true,USD
00k000000000273AAA,006000000000086AAA,01t000000000043AAA,1951,219.9,0.203,175.26,429024.9,341932.26,133.42,260302.42,81629.84,0.238731,true,USD
00k000000000274AAA,006000000000086AAA,01t000000000036AAA,3187,139.34,0.2103,110.04,444076.58,350697.48,98.51,313951.37,36746.11,0.10478,true,USD
00k000000000275AAA,006000000000087AAA,01t000000000025AAA,7020,73.08,0.1885,59.3,513021.6,416286,53.09,372691.8,43594.2,0.104722,false,USD
00k000000000276AAA,006000000000087AAA,01t000000000051AAA,5228,70.62,0.2036,56.24,369201.36,294022.72,52.87,276404.36,17618.36,0.059922,false,USD
00k000000000277AAA,006000000000087AAA,01t000000000046AAA,5875,84.12,0.199,67.38,494205,395857.5,55.01,323183.75,72673.75,0.183586,false,USD
00k000000000278AAA,006000000000088AAA,01t000000000008AAA,2234,274.36,0.2225,213.31,612920.24,476534.54,185.44,414272.96,62261.58,0.130655,false,USD
00k000000000279AAA,006000000000088AAA,01t000000000062AAA,2556,198.72,0.1747,164,507928.32,419184,125.29,320241.24,98942.76,0.236037,true,USD
00k000000000280AAA,006000000000088AAA,01t000000000059AAA,2073,218.62,0.2045,173.91,453199.26,360515.43,141.04,292375.92,68139.51,0.189006,true,USD
00k000000000281AAA,006000000000089AAA,01t000000000062AAA,2869,206.42,0.1459,176.3,592218.98,505804.7,125.29,359457.01,146347.69,0.289336,true,USD
00k000000000282AAA,006000000000089AAA,01t000000000034AAA,3141,234.55,0.1769,193.06,736721.55,606401.46,153.77,482991.57,123409.89,0.203512,false,USD
00k000000000283AAA,006000000000090AAA,01t000000000029AAA,1447,228.28,0.1902,184.86,330321.16,267492.42,158.44,229262.68,38229.74,0.142919,false,USD
00k000000000284AAA,006000000000090AAA,01t000000000042AAA,1131,271.07,0.1733,224.09,306580.17,253445.79,180.49,204134.19,49311.6,0.194565,false,USD
00k000000000285AAA,006000000000090AAA,01t000000000040AAA,1239,228.41,0.1891,185.22,282999.99,229487.58,147.6,182876.4,46611.18,0.20311,false,USD
00k000000000286AAA,006000000000091AAA,01t000000000018AAA,4262,154.35,0.2022,123.14,657839.7,524822.68,95.29,406125.98,118696.7,0.226165,true,USD
00k000000000287AAA,006000000000091AAA,01t000000000059AAA,2878,205.4,0.2018,163.95,591141.2,471848.1,141.04,405913.12,65934.98,0.139738,true,USD
00k000000000288AAA,006000000000091AAA,01t000000000038AAA,2398,215.07,0.1821,175.91,515737.86,421832.18,131.59,315552.82,106279.36,0.251947,false,USD
00k000000000289AAA,006000000000092AAA,01t000000000018AAA,4491,151.09,0.2243,117.2,678545.19,526345.2,95.29,427947.39,98397.81,0.186945,true,USD
00k000000000290AAA,006000000000092AAA,01t000000000002AAA,6102,177.99,0.26,131.71,1086094.98,803694.42,117.78,718693.56,85000.86,0.105763,true,USD
00k000000000291AAA,006000000000093AAA,01t000000000018AAA,2234,146.11,0.2215,113.75,326409.74,254117.5,95.29,212877.86,41239.64,0.162286,true,USD
00k000000000292AAA,006000000000093AAA,01t000000000045AAA,3853,109.71,0.1916,88.69,422712.63,341722.57,61.97,238770.41,102952.16,0.301274,true,USD
00k000000000293AAA,006000000000093AAA,01t000000000054AAA,3536,128.53,0.1746,106.09,454482.08,375134.24,83.25,294372,80762.24,0.215289,true,USD
00k000000000294AAA,006000000000094AAA,01t000000000052AAA,5489,108.18,0.1672,90.09,593800.02,494504.01,65.05,357059.45,137444.56,0.277944,true,USD
00k000000000295AAA,006000000000094AAA,01t000000000038AAA,2576,218.07,0.1877,177.14,561748.32,456312.64,131.59,338975.84,117336.8,0.257141,true,USD
00k000000000296AAA,006000000000095AAA,01t000000000018AAA,5557,152.1,0.1695,126.32,845219.7,701960.24,95.29,529526.53,172433.71,0.245646,true,USD
00k000000000297AAA,006000000000095AAA,01t000000000008AAA,1801,268.93,0.1806,220.36,484342.93,396868.36,185.44,333977.44,62890.92,0.158468,true,USD
00k000000000298AAA,006000000000096AAA,01t000000000052AAA,4547,106.33,0.1896,86.17,483482.51,391814.99,65.05,295782.35,96032.64,0.245097,true,USD
00k000000000299AAA,006000000000096AAA,01t000000000059AAA,3354,212.33,0.2061,168.57,712154.82,565383.78,141.04,473048.16,92335.62,0.163315,true,USD
00k000000000300AAA,006000000000096AAA,01t000000000043AAA,2114,217.97,0.1647,182.07,460788.58,384895.98,133.42,282049.88,102846.1,0.267205,true,USD
00k000000000301AAA,006000000000097AAA,01t000000000055AAA,2707,235.96,0.1695,195.96,638743.72,530463.72,134.57,364280.99,166182.73,0.313278,false,USD
00k000000000302AAA,006000000000097AAA,01t000000000002AAA,4309,169.37,0.2046,134.72,729815.33,580508.48,117.78,507514.02,72994.46,0.125742,true,USD
00k000000000303AAA,006000000000098AAA,01t000000000059AAA,5507,218.01,0.188,177.02,1200581.07,974849.14,141.04,776707.28,198141.86,0.203254,true,USD
00k000000000304AAA,006000000000098AAA,01t000000000062AAA,3478,199.3,0.1814,163.15,693165.4,567435.7,125.29,435758.62,131677.08,0.232056,true,USD
00k000000000305AAA,006000000000099AAA,01t000000000056AAA,3575,198.71,0.1769,163.56,710388.25,584727,135.54,484555.5,100171.5,0.171313,true,USD
00k000000000306AAA,006000000000099AAA,01t000000000038AAA,2902,225.26,0.203,179.53,653704.52,520996.06,131.59,381874.18,139121.88,0.267031,false,USD
00k000000000307AAA,006000000000100AAA,01t000000000054AAA,5517,131.65,0.2091,104.12,726313.05,574430.04,83.25,459290.25,115139.79,0.200442,true,USD
00k000000000308AAA,006000000000100AAA,01t000000000052AAA,6410,106.5,0.1892,86.35,682665,553503.5,65.05,416970.5,136533,0.246671,true,USD
00k000000000309AAA,006000000000101AAA,01t000000000040AAA,2617,229.95,0.2408,174.58,601779.15,456875.86,147.6,386269.2,70606.66,0.154542,false,USD
00k000000000310AAA,006000000000101AAA,01t000000000008AAA,2299,258.34,0.1684,214.84,593923.66,493917.16,185.44,426326.56,67590.6,0.136846,true,USD
00k000000000311AAA,006000000000101AAA,01t000000000060AAA,2994,255.46,0.2292,196.91,764847.24,589548.54,170.22,509638.68,79909.86,0.135544,true,USD
00k000000000312AAA,006000000000102AAA,01t000000000061AAA,2573,206.91,0.1931,166.96,532379.43,429588.08,143.18,368402.14,61185.94,0.142429,false,USD
00k000000000313AAA,006000000000102AAA,01t000000000028AAA,2995,198.83,0.1985,159.36,595495.85,477283.2,114.54,343047.3,134235.9,0.28125,true,USD
00k000000000314AAA,006000000000102AAA,01t000000000003AAA,3291,198.72,0.217,155.6,653987.52,512079.6,129.89,427467.99,84611.61,0.165231,true,USD
00k000000000315AAA,006000000000103AAA,01t000000000038AAA,2747,208.69,0.1911,168.81,573271.43,463721.07,131.59,361477.73,102243.34,0.220485,true,USD
00k000000000316AAA,006000000000103AAA,01t000000000045AAA,4767,105.17,0.2044,83.67,501345.39,398854.89,61.97,295410.99,103443.9,0.259352,true,USD
00k000000000317AAA,006000000000104AAA,01t000000000050AAA,7141,78.76,0.2097,62.24,562425.16,444455.84,52.85,377401.85,67053.99,0.150868,true,USD
00k000000000318AAA,006000000000104AAA,01t000000000008AAA,2404,259.85,0.2429,196.73,624679.4,472938.92,185.44,445797.76,27141.16,0.057388,false,USD
00k000000000319AAA,006000000000104AAA,01t000000000002AAA,3139,182.03,0.1763,149.94,571392.17,470661.66,117.78,369711.42,100950.24,0.214486,false,USD
00k000000000320AAA,006000000000105AAA,01t000000000040AAA,1915,219.1,0.1654,182.86,419576.5,350176.9,147.6,282654,67522.9,0.192825,true,USD
00k000000000321AAA,006000000000105AAA,01t000000000018AAA,3362,153.93,0.2004,123.08,517512.66,413794.96,95.29,320364.98,93429.98,0.225788,false,USD
00k000000000322AAA,006000000000106AAA,01t000000000062AAA,3243,195.42,0.1998,156.38,633747.06,507140.34,125.29,406315.47,100824.87,0.198811,true,USD
00k000000000323AAA,006000000000106AAA,01t000000000041AAA,2046,267.58,0.162,224.23,547468.68,458774.58,158.25,323779.5,134995.08,0.294251,true,USD
00k000000000324AAA,006000000000106AAA,01t000000000042AAA,1580,289.42,0.1835,236.31,457283.6,373369.8,180.49,285174.2,88195.6,0.236215,true,USD
00k000000000325AAA,006000000000107AAA,01t000000000025AAA,6109,73.94,0.1724,61.19,451699.46,373809.71,53.09,324326.81,49482.9,0.132375,true,USD
00k000000000326AAA,006000000000107AAA,01t000000000052AAA,6144,105.25,0.2011,84.08,646656,516587.52,65.05,399667.2,116920.32,0.226332,true,USD
00k000000000327AAA,006000000000108AAA,01t000000000053AAA,2024,246.61,0.1706,204.54,499138.64,413988.96,163.58,331085.92,82903.04,0.200254,true,USD
00k000000000328AAA,006000000000108AAA,01t000000000003AAA,2120,203.27,0.1857,165.52,430932.4,350902.4,129.89,275366.8,75535.6,0.215261,true,USD
00k000000000329AAA,006000000000108AAA,01t000000000002AAA,3792,177.68,0.2488,133.47,673762.56,506118.24,117.78,446621.76,59496.48,0.117555,true,USD
00k000000000330AAA,006000000000109AAA,01t000000000036AAA,7635,145.79,0.1785,119.77,1113106.65,914443.95,98.51,752123.85,162320.1,0.177507,true,USD
00k000000000331AAA,006000000000109AAA,01t000000000058AAA,2936,242.15,0.194,195.17,710952.4,573019.12,173.12,508280.32,64738.8,0.112978,true,USD
00k000000000332AAA,006000000000110AAA,01t000000000053AAA,4528,246.91,0.2105,194.94,1118008.48,882688.32,163.58,740690.24,141998.08,0.16087,true,USD
00k000000000333AAA,006000000000110AAA,01t000000000042AAA,3019,276.63,0.2067,219.45,835145.97,662519.55,180.49,544899.31,117620.24,0.177535,true,USD
00k000000000334AAA,006000000000111AAA,01t000000000045AAA,6713,106.36,0.1869,86.48,713994.68,580540.24,61.97,416004.61,164535.63,0.283418,true,USD
00k000000000335AAA,006000000000111AAA,01t000000000060AAA,1596,251.52,0.1913,203.4,401425.92,324626.4,170.22,271671.12,52955.28,0.163127,true,USD
00k000000000336AAA,006000000000112AAA,01t000000000002AAA,2998,177.73,0.1773,146.22,532834.54,438367.56,117.78,353104.44,85263.12,0.194501,false,USD
00k000000000337AAA,006000000000112AAA,01t000000000036AAA,3432,146.91,0.2162,115.15,504195.12,395194.8,98.51,338086.32,57108.48,0.144507,true,USD
00k000000000338AAA,006000000000113AAA,01t000000000025AAA,4452,73.46,0.214,57.74,327043.92,257058.48,53.09,236356.68,20701.8,0.080533,false,USD
00k000000000339AAA,006000000000113AAA,01t000000000038AAA,2161,212.16,0.2448,160.22,458477.76,346235.42,131.59,284365.99,61869.43,0.178692,false,USD
00k000000000340AAA,006000000000113AAA,01t000000000008AAA,1438,268.7,0.2338,205.88,386390.6,296055.44,185.44,266662.72,29392.72,0.099281,true,USD
00k000000000341AAA,006000000000114AAA,01t000000000051AAA,5789,68.77,0.1886,55.8,398109.53,323026.2,52.87,306064.43,16961.77,0.052509,true,USD
00k000000000342AAA,006000000000114AAA,01t000000000003AAA,4037,205.83,0.2328,157.91,830935.71,637482.67,129.89,524365.93,113116.74,0.177443,false,USD
00k000000000343AAA,006000000000114AAA,01t000000000061AAA,2103,210.29,0.2252,162.93,442239.87,342641.79,143.18,301107.54,41534.25,0.121218,true,USD
00k000000000344AAA,006000000000115AAA,01t000000000054AAA,4757,128.4,0.1616,107.65,610798.8,512091.05,83.25,396020.25,116070.8,0.22666,true,USD
00k000000000345AAA,006000000000115AAA,01t000000000040AAA,1473,234.77,0.2247,182.02,345816.21,268115.46,147.6,217414.8,50700.66,0.1891,true,USD
00k000000000346AAA,006000000000115AAA,01t000000000025AAA,5024,73.04,0.2037,58.16,366952.96,292195.84,53.09,266724.16,25471.68,0.087173,false,USD
00k000000000347AAA,006000000000116AAA,01t000000000064AAA,2135,240.34,0.1034,215.49,513125.9,460071.15,161.48,344759.8,115311.35,0.250638,false,USD
00k000000000348AAA,006000000000116AAA,01t000000000031AAA,1830,385.45,0.0566,363.63,705373.5,665442.9,237.31,434277.3,231165.6,0.347386,false,USD
00k000000000349AAA,006000000000116AAA,01t000000000069AAA,2359,355.93,0.0899,323.93,839638.87,764150.87,218.13,514568.67,249582.2,0.326614,false,USD
00k000000000350AAA,006000000000116AAA,01t000000000004AAA,1529,403.85,0.1198,355.47,617486.65,543513.63,267.02,408273.58,135240.05,0.248825,false,USD
00k000000000351AAA,006000000000117AAA,01t000000000039AAA,6176,123.67,0.1216,108.63,763785.92,670898.88,75.62,467029.12,203869.76,0.303876,false,USD
00k000000000352AAA,006000000000117AAA,01t000000000015AAA,3528,299.06,0.0685,278.57,1055083.68,982794.96,168.05,592880.4,389914.56,0.39674,false,USD
00k000000000353AAA,006000000000117AAA,01t000000000038AAA,4756,207.66,0.06,195.2,987630.96,928371.2,127.14,604677.84,323693.36,0.348668,false,USD
00k000000000354AAA,006000000000118AAA,01t000000000065AAA,4567,356.05,0.074,329.7,1626080.35,1505739.9,228.94,1045568.98,460170.92,0.305611,false,USD
00k000000000355AAA,006000000000118AAA,01t000000000060AAA,7082,244,0.0794,224.63,1728008,1590829.66,164.46,1164705.72,426123.94,0.267863,false,USD
00k000000000356AAA,006000000000118AAA,01t000000000004AAA,4889,412.55,0.0257,401.95,2016956.95,1965133.55,267.02,1305460.78,659672.77,0.335689,false,USD
00k000000000357AAA,006000000000119AAA,01t000000000056AAA,7228,195.94,0.0478,186.57,1416254.32,1348527.96,130.96,946578.88,401949.08,0.298065,false,USD
00k000000000358AAA,006000000000119AAA,01t000000000023AAA,3167,337.83,0.0662,315.47,1069907.61,999093.49,222.39,704309.13,294784.36,0.295052,false,USD
00k000000000359AAA,006000000000119AAA,01t000000000035AAA,3962,398.12,0.0759,367.9,1577351.44,1457619.8,237.75,941965.5,515654.3,0.353765,false,USD
00k000000000360AAA,006000000000120AAA,01t000000000037AAA,2072,363.09,0.0607,341.05,752322.48,706655.6,244.43,506458.96,200196.64,0.283302,false,USD
00k000000000361AAA,006000000000120AAA,01t000000000071AAA,1429,432.96,0.0832,396.94,618699.84,567227.26,299.11,427428.19,139799.07,0.24646,false,USD
00k000000000362AAA,006000000000120AAA,01t000000000065AAA,3010,340.7,0.1005,306.46,1025507,922444.6,228.94,689109.4,233335.2,0.252953,false,USD
00k000000000363AAA,006000000000120AAA,01t000000000063AAA,1970,454.26,0.1206,399.48,894892.2,786975.6,264.31,520690.7,266284.9,0.338365,false,USD
00k000000000364AAA,006000000000121AAA,01t000000000028AAA,4177,205.52,0.0803,189.02,858457.04,789536.54,110.67,462268.59,327267.95,0.414506,false,USD
00k000000000365AAA,006000000000121AAA,01t000000000026AAA,3060,306.24,0.0999,275.65,937094.4,843489,198.27,606706.2,236782.8,0.280718,false,USD
00k000000000366AAA,006000000000121AAA,01t000000000035AAA,2191,376.23,0.1063,336.24,824319.93,736701.84,237.75,520910.25,215791.59,0.292916,false,USD
00k000000000367AAA,006000000000122AAA,01t000000000049AAA,2711,349.01,0.1688,290.1,946166.11,786461.1,244.93,664005.23,122455.87,0.155705,false,USD
00k000000000368AAA,006000000000122AAA,01t000000000043AAA,3861,235.28,0.0885,214.46,908416.08,828030.06,128.91,497721.51,330308.55,0.398909,false,USD
00k000000000369AAA,006000000000122AAA,01t000000000018AAA,3441,148.51,0.0595,139.67,511022.91,480604.47,92.07,316812.87,163791.6,0.340803,false,USD
00k000000000370AAA,006000000000122AAA,01t000000000065AAA,2379,340.94,0.0834,312.51,811096.26,743461.29,228.94,544648.26,198813.03,0.267415,false,USD
00k000000000371AAA,006000000000123AAA,01t000000000036AAA,4793,142.65,0.0933,129.34,683721.45,619926.62,95.18,456197.74,163728.88,0.26411,false,USD
00k000000000372AAA,006000000000123AAA,01t000000000039AAA,5047,120.99,0.0638,113.27,610636.53,571673.69,75.62,381654.14,190019.55,0.332392,false,USD
00k000000000373AAA,006000000000123AAA,01t000000000027AAA,1784,421.61,0.0853,385.65,752152.24,687999.6,251.82,449246.88,238752.72,0.347025,false,USD
00k000000000374AAA,006000000000123AAA,01t000000000048AAA,1529,403.68,0.0431,386.28,617226.72,590622.12,264.11,403824.19,186797.93,0.316273,false,USD
00k000000000375AAA,006000000000124AAA,01t000000000058AAA,7221,248.5,0.0563,234.51,1794418.5,1693396.71,167.27,1207856.67,485540.04,0.286726,false,USD
00k000000000376AAA,006000000000124AAA,01t000000000011AAA,4445,314.07,0.0143,309.58,1396041.15,1376083.1,204.74,910069.3,466013.8,0.338652,false,USD
00k000000000377AAA,006000000000124AAA,01t000000000004AAA,3965,404.69,0.0808,371.99,1604595.85,1474940.35,267.02,1058734.3,416206.05,0.282185,false,USD
00k000000000378AAA,006000000000125AAA,01t000000000017AAA,3671,197.74,0.1017,177.63,725903.54,652079.73,126.45,464197.95,187881.78,0.288127,false,USD
00k000000000379AAA,006000000000125AAA,01t000000000028AAA,4148,200.76,0.0891,182.87,832752.48,758544.76,110.67,459059.16,299485.6,0.394816,false,USD
00k000000000380AAA,006000000000125AAA,01t000000000002AAA,4487,184.62,0.0146,181.92,828389.94,816275.04,113.8,510620.6,305654.44,0.37445,false,USD
00k000000000381AAA,006000000000125AAA,01t000000000019AAA,1801,363.55,0.0615,341.19,654753.55,614483.19,228.88,412212.88,202270.31,0.329171,false,USD
00k000000000382AAA,006000000000126AAA,01t000000000031AAA,3242,384,0.0624,360.04,1244928,1167249.68,237.31,769359.02,397890.66,0.340879,false,USD
00k000000000383AAA,006000000000126AAA,01t000000000064AAA,6034,237.17,0.0977,214,1431083.78,1291276,161.48,974370.32,316905.68,0.245421,false,USD
00k000000000384AAA,006000000000126AAA,01t000000000035AAA,2471,398.26,0.1242,348.8,984100.46,861884.8,237.75,587480.25,274404.55,0.318377,false,USD
00k000000000385AAA,006000000000126AAA,01t000000000069AAA,4381,355.64,0.0641,332.84,1558058.84,1458172.04,218.13,955627.53,502544.51,0.34464,false,USD
00k000000000386AAA,006000000000127AAA,01t000000000026AAA,3893,299.41,0.0482,284.98,1165603.13,1109427.14,198.27,771865.11,337562.03,0.304267,false,USD
00k000000000387AAA,006000000000127AAA,01t000000000015AAA,4424,311.01,0.1165,274.78,1375908.24,1215626.72,168.05,743453.2,472173.52,0.38842,false,USD
00k000000000388AAA,006000000000127AAA,01t000000000003AAA,4277,205.61,0.0956,185.95,879393.97,795308.15,125.5,536763.5,258544.65,0.325087,false,USD
00k000000000389AAA,006000000000127AAA,01t000000000006AAA,2289,472.09,0.0607,443.43,1080614.01,1015011.27,301.3,689675.7,325335.57,0.320524,false,USD
00k000000000390AAA,006000000000128AAA,01t000000000072AAA,2792,564.28,0.0973,509.38,1575469.76,1422188.96,412.18,1150806.56,271382.4,0.19082,false,USD
00k000000000391AAA,006000000000128AAA,01t000000000047AAA,3347,310.95,0.1091,277.03,1040749.65,927219.41,213.19,713546.93,213672.48,0.230444,false,USD
00k000000000392AAA,006000000000128AAA,01t000000000062AAA,8983,196.58,0.1182,173.34,1765878.14,1557113.22,121.05,1087392.15,469721.07,0.301661,false,USD
00k000000000393AAA,006000000000129AAA,01t000000000003AAA,6756,204.89,0.0482,195.01,1384236.84,1317487.56,125.5,847878,469609.56,0.356443,false,USD
00k000000000394AAA,006000000000129AAA,01t000000000043AAA,5042,228.61,0.0707,212.45,1152651.62,1071172.9,128.91,649964.22,421208.68,0.393222,false,USD
00k000000000395AAA,006000000000129AAA,01t000000000056AAA,5839,203.88,0.0443,194.85,1190455.32,1137729.15,130.96,764675.44,373053.71,0.327893,false,USD
00k000000000396AAA,006000000000129AAA,01t000000000068AAA,3093,440.75,0.1051,394.43,1363239.75,1219971.99,303.4,938416.2,281555.79,0.230789,false,USD
00k000000000397AAA,006000000000130AAA,01t000000000002AAA,3530,179.53,0.0561,169.46,633740.9,598193.8,113.8,401714,196479.8,0.328455,false,USD
00k000000000398AAA,006000000000130AAA,01t000000000027AAA,1162,413.56,0.112,367.24,480556.72,426732.88,251.82,292614.84,134118.04,0.31429,false,USD
00k000000000399AAA,006000000000130AAA,01t000000000015AAA,2392,310.63,0.0823,285.07,743026.96,681887.44,168.05,401975.6,279911.84,0.410496,false,USD
00k000000000400AAA,006000000000130AAA,01t000000000049AAA,1981,366.43,0.0943,331.88,725897.83,657454.28,244.93,485206.33,172247.95,0.261992,false,USD
00k000000000401AAA,006000000000131AAA,01t000000000012AAA,4294,405.41,0.0574,382.14,1740830.54,1640909.16,249.67,1072082.98,568826.18,0.346653,false,USD
00k000000000402AAA,006000000000131AAA,01t000000000037AAA,4327,376.32,0.0755,347.91,1628336.64,1505406.57,244.43,1057648.61,447757.96,0.297433,false,USD
00k000000000403AAA,006000000000131AAA,01t000000000017AAA,10618,187.82,0.0729,174.13,1994272.76,1848912.34,126.45,1342646.1,506266.24,0.273818,false,USD
00k000000000404AAA,006000000000132AAA,01t000000000022AAA,4304,366.95,0.0795,337.78,1579352.8,1453805.12,241.05,1037479.2,416325.92,0.28637,false,USD
00k000000000405AAA,006000000000132AAA,01t000000000006AAA,2499,459.73,0.0956,415.78,1148865.27,1039034.22,301.3,752948.7,286085.52,0.275338,false,USD
00k000000000406AAA,006000000000132AAA,01t000000000044AAA,5129,396.7,0.1204,348.94,2034674.3,1789713.26,243.46,1248706.34,541006.92,0.302287,false,USD
00k000000000407AAA,006000000000133AAA,01t000000000073AAA,2577,217.71,0.0528,206.21,561038.67,531403.17,136.74,352378.98,179024.19,0.33689,false,USD
00k000000000408AAA,006000000000133AAA,01t000000000060AAA,2985,252.38,0.0682,235.17,753354.3,701982.45,164.46,490913.1,211069.35,0.300676,false,USD
00k000000000409AAA,006000000000133AAA,01t000000000004AAA,1447,384.39,0.1112,341.65,556212.33,494367.55,267.02,386377.94,107989.61,0.21844,false,USD
00k000000000410AAA,006000000000133AAA,01t000000000032AAA,1516,337.77,0.07,314.13,512059.32,476221.08,199.36,302229.76,173991.32,0.365358,false,USD
00k000000000411AAA,006000000000134AAA,01t000000000009AAA,2927,350.29,0.0937,317.47,1025298.83,929234.69,203.75,596376.25,332858.44,0.358207,false,USD
00k000000000412AAA,006000000000134AAA,01t000000000033AAA,3577,386.52,0.0598,363.41,1382582.04,1299917.57,280.14,1002060.78,297856.79,0.229135,false,USD
00k000000000413AAA,006000000000134AAA,01t000000000023AAA,4324,342.9,0.1137,303.91,1482699.6,1314106.84,222.39,961614.36,352492.48,0.268237,false,USD
00k000000000414AAA,006000000000134AAA,01t000000000050AAA,20185,78.31,0.0891,71.33,1580687.35,1439796.05,51.06,1030646.1,409149.95,0.284172,false,USD
00k000000000415AAA,006000000000135AAA,01t000000000057AAA,5937,129.39,0.0584,121.83,768188.43,723304.71,72.85,432510.45,290794.26,0.402036,false,USD
00k000000000416AAA,006000000000135AAA,01t000000000025AAA,12207,72.87,0.0503,69.2,889524.09,844724.4,51.29,626097.03,218627.37,0.258815,false,USD
00k000000000417AAA,006000000000135AAA,01t000000000030AAA,6933,154.33,0.1048,138.16,1069969.89,957863.28,108.56,752646.48,205216.8,0.214244,false,USD
00k000000000418AAA,006000000000136AAA,01t000000000010AAA,2351,447.32,0.0558,422.36,1051649.32,992968.36,280.72,659972.72,332995.64,0.335354,false,USD
00k000000000419AAA,006000000000136AAA,01t000000000013AAA,2309,325.84,0.0496,309.68,752364.56,715051.12,195.82,452148.38,262902.74,0.36767,false,USD
00k000000000420AAA,006000000000136AAA,01t000000000001AAA,3000,346.99,0.0908,315.48,1040970,946440,209.3,627900,318540,0.336567,false,USD
00k000000000421AAA,006000000000136AAA,01t000000000052AAA,9518,102.55,0.0868,93.65,976070.9,891360.7,62.85,598206.3,293154.4,0.328884,false,USD
00k000000000422AAA,006000000000137AAA,01t000000000072AAA,1894,605.5,0.1065,541.01,1146817,1024672.94,412.18,780668.92,244004.02,0.238129,false,USD
00k000000000423AAA,006000000000137AAA,01t000000000064AAA,4314,236,0.0408,226.37,1018104,976560.18,161.48,696624.72,279935.46,0.286655,false,USD
00k000000000424AAA,006000000000137AAA,01t000000000057AAA,10818,134.45,0.1041,120.45,1454480.1,1303028.1,72.85,788091.3,514936.8,0.395185,false,USD
00k000000000425AAA,006000000000137AAA,01t000000000044AAA,3270,391.01,0.0739,362.11,1278602.7,1184099.7,243.46,796114.2,387985.5,0.327663,false,USD
00k000000000426AAA,006000000000138AAA,01t000000000075AAA,1921,596.51,0.0398,572.77,1145895.71,1100291.17,356.45,684740.45,415550.72,0.377673,false,USD
00k000000000427AAA,006000000000138AAA,01t000000000021AAA,2228,317.85,0.0625,297.98,708169.8,663899.44,239.32,533204.96,130694.48,0.196859,false,USD
00k000000000428AAA,006000000000138AAA,01t000000000057AAA,6868,127.78,0.076,118.07,877593.04,810904.76,72.85,500333.8,310570.96,0.382993,false,USD
00k000000000429AAA,006000000000139AAA,01t000000000052AAA,6329,99.26,0.1307,86.29,628216.54,546129.41,62.85,397777.65,148351.76,0.271642,false,USD
00k000000000430AAA,006000000000139AAA,01t000000000021AAA,2657,339.57,0.0496,322.73,902237.49,857493.61,239.32,635873.24,221620.37,0.258451,false,USD
00k000000000431AAA,006000000000139AAA,01t000000000011AAA,2499,294.03,0.0683,273.95,734780.97,684601.05,204.74,511645.26,172955.79,0.252637,false,USD
00k000000000432AAA,006000000000139AAA,01t000000000028AAA,3712,190.71,0.1507,161.97,707915.52,601232.64,110.67,410807.04,190425.6,0.316725,false,USD
00k000000000433AAA,006000000000140AAA,01t000000000053AAA,3523,237.11,0.1078,211.55,835338.53,745290.65,158.05,556810.15,188480.5,0.252895,false,USD
00k000000000434AAA,006000000000140AAA,01t000000000051AAA,15158,67.97,0.0971,61.37,1030289.26,930246.46,51.08,774270.64,155975.82,0.167672,false,USD
00k000000000435AAA,006000000000140AAA,01t000000000014AAA,11962,125.48,0.0843,114.9,1500991.76,1374433.8,81.05,969520.1,404913.7,0.294604,false,USD
00k000000000436AAA,006000000000140AAA,01t000000000043AAA,6571,217.83,0.0664,203.37,1431360.93,1336344.27,128.91,847067.61,489276.66,0.366131,false,USD
00k000000000437AAA,006000000000141AAA,01t000000000009AAA,6457,358.3,0.1083,319.5,2313543.1,2063011.5,203.75,1315613.75,747397.75,0.362285,false,USD
00k000000000438AAA,006000000000141AAA,01t000000000058AAA,5019,246.44,0.0582,232.1,1236882.36,1164909.9,167.27,839528.13,325381.77,0.279319,false,USD
00k000000000439AAA,006000000000141AAA,01t000000000037AAA,3791,381.63,0.0853,349.08,1446759.33,1323362.28,244.43,926634.13,396728.15,0.299788,false,USD
00k000000000440AAA,006000000000142AAA,01t000000000037AAA,4187,361.77,0.0605,339.88,1514730.99,1423077.56,244.43,1023428.41,399649.15,0.280834,false,USD
00k000000000441AAA,006000000000142AAA,01t000000000051AAA,23781,69.54,0.0911,63.2,1653730.74,1502959.2,51.08,1214733.48,288225.72,0.191772,false,USD
00k000000000442AAA,006000000000142AAA,01t000000000005AAA,5361,382.17,0.1319,331.76,2048813.37,1778565.36,272.07,1458567.27,319998.09,0.179919,false,USD
00k000000000443AAA,006000000000143AAA,01t000000000015AAA,6864,322.29,0.1208,283.36,2212198.56,1944983.04,168.05,1153495.2,791487.84,0.406938,false,USD
00k000000000444AAA,006000000000143AAA,01t000000000040AAA,5569,236.07,0.0931,214.09,1314673.83,1192267.21,142.61,794195.09,398072.12,0.333878,false,USD
00k000000000445AAA,006000000000143AAA,01t000000000047AAA,4596,329.15,0.0479,313.38,1512773.4,1440294.48,213.19,979821.24,460473.24,0.319708,false,USD
00k000000000446AAA,006000000000144AAA,01t000000000069AAA,2948,351.02,0.0421,336.24,1034806.96,991235.52,218.13,643047.24,348188.28,0.351267,false,USD
00k000000000447AAA,006000000000144AAA,01t000000000055AAA,5699,244.8,0.1257,214.03,1395115.2,1219756.97,130.02,740983.98,478772.99,0.392515,false,USD
00k000000000448AAA,006000000000144AAA,01t000000000063AAA,2992,442.74,0.1138,392.36,1324678.08,1173941.12,264.31,790815.52,383125.6,0.326358,false,USD
00k000000000449AAA,006000000000144AAA,01t000000000049AAA,1954,358.02,0.1084,319.21,699571.08,623736.34,244.93,478593.22,145143.12,0.232699,false,USD
00k000000000450AAA,006000000000145AAA,01t000000000017AAA,5816,187.93,0.0737,174.08,1093000.88,1012449.28,126.45,735433.2,277016.08,0.27361,false,USD
00k000000000451AAA,006000000000145AAA,01t000000000053AAA,7335,236.91,0.1179,208.98,1737734.85,1532868.3,158.05,1159296.75,373571.55,0.243708,false,USD
00k000000000452AAA,006000000000145AAA,01t000000000054AAA,15688,131.37,0.0519,124.55,2060932.56,1953940.4,80.43,1261785.84,692154.56,0.354235,false,USD
00k000000000453AAA,006000000000146AAA,01t000000000008AAA,2995,259.7,0.0451,247.99,777801.5,742730.05,179.17,536614.15,206115.9,0.277511,false,USD
00k000000000454AAA,006000000000146AAA,01t000000000016AAA,2649,359.12,0.0985,323.75,951308.88,857613.75,212.59,563150.91,294462.84,0.343351,false,USD
00k000000000455AAA,006000000000146AAA,01t000000000040AAA,4944,231.25,0.1462,197.44,1143300,976143.36,142.61,705063.84,271079.52,0.277705,false,USD
00k000000000456AAA,006000000000146AAA,01t000000000049AAA,2755,371.11,0.0854,339.42,1022408.05,935102.1,244.93,674782.15,260319.95,0.278387,false,USD
00k000000000457AAA,006000000000147AAA,01t000000000036AAA,7866,142.81,0.0872,130.36,1123343.46,1025411.76,95.18,748685.88,276725.88,0.269868,false,USD
00k000000000458AAA,006000000000147AAA,01t000000000019AAA,3293,346.78,0.0494,329.65,1141946.54,1085537.45,228.88,753701.84,331835.61,0.305688,false,USD
00k000000000459AAA,006000000000147AAA,01t000000000008AAA,4809,263.8,0.0725,244.67,1268614.2,1176618.03,179.17,861628.53,314989.5,0.267708,false,USD
00k000000000460AAA,006000000000148AAA,01t000000000044AAA,2505,413.81,0.0761,382.32,1036594.05,957711.6,243.46,609867.3,347844.3,0.363204,false,USD
00k000000000461AAA,006000000000148AAA,01t000000000019AAA,3320,338.53,0.0908,307.79,1123919.6,1021862.8,228.88,759881.6,261981.2,0.256376,false,USD
00k000000000462AAA,006000000000148AAA,01t000000000054AAA,8585,131.75,0.0722,122.24,1131073.75,1049430.4,80.43,690491.55,358938.85,0.342032,false,USD
00k000000000463AAA,006000000000149AAA,01t000000000043AAA,9655,216.63,0.1115,192.48,2091562.65,1858394.4,128.91,1244626.05,613768.35,0.330268,false,USD
00k000000000464AAA,006000000000149AAA,01t000000000023AAA,4916,334.25,0.0689,311.22,1643173,1529957.52,222.39,1093269.24,436688.28,0.285425,false,USD
00k000000000465AAA,006000000000149AAA,01t000000000048AAA,3839,429.33,0.1125,381.03,1648197.87,1462774.17,264.11,1013918.29,448855.88,0.306852,false,USD
00k000000000466AAA,006000000000150AAA,01t000000000066AAA,1024,409.91,0.0819,376.34,419747.84,385372.16,251.52,257556.48,127815.68,0.331668,false,USD
00k000000000467AAA,006000000000150AAA,01t000000000070AAA,1039,578.55,0.0879,527.7,601113.45,548280.3,339.31,352543.09,195737.21,0.357002,false,USD
00k000000000468AAA,006000000000150AAA,01t000000000014AAA,4991,121.66,0.0398,116.82,607205.06,583048.62,81.05,404520.55,178528.07,0.306198,false,USD
00k000000000469AAA,006000000000150AAA,01t000000000003AAA,4089,212.96,0.0974,192.22,870793.44,785987.58,125.5,513169.5,272818.08,0.347102,false,USD
00k000000000470AAA,006000000000151AAA,01t000000000033AAA,2666,398.81,0.094,361.32,1063227.46,963279.12,280.14,746853.24,216425.88,0.224676,false,USD
00k000000000471AAA,006000000000151AAA,01t000000000001AAA,3069,340.2,0.052,322.51,1044073.8,989783.19,209.3,642341.7,347441.49,0.351028,false,USD
00k000000000472AAA,006000000000151AAA,01t000000000043AAA,7206,226.44,0.0604,212.76,1631726.64,1533148.56,128.91,928925.46,604223.1,0.394106,false,USD
00k000000000473AAA,006000000000151AAA,01t000000000022AAA,3247,360.74,0.1048,322.93,1171322.78,1048553.71,241.05,782689.35,265864.36,0.253553,false,USD
00k000000000474AAA,006000000000152AAA,01t000000000029AAA,9135,220.89,0.0064,219.48,2017830.15,2004949.8,153.08,1398385.8,606564,0.302533,false,USD
00k000000000475AAA,006000000000152AAA,01t000000000028AAA,7210,197.43,0.1048,176.74,1423470.3,1274295.4,110.67,797930.7,476364.7,0.373826,false,USD
00k000000000476AAA,006000000000152AAA,01t000000000021AAA,3820,338.39,0.1044,303.06,1292649.8,1157689.2,239.32,914202.4,243486.8,0.210321,false,USD
00k000000000477AAA,006000000000153AAA,01t000000000061AAA,5253,211.53,0.1071,188.88,1111167.09,992186.64,138.34,726700.02,265486.62,0.267577,false,USD
00k000000000478AAA,006000000000153AAA,01t000000000055AAA,3121,240.8,0.1305,209.38,751536.8,653474.98,130.02,405792.42,247682.56,0.379024,false,USD
00k000000000479AAA,006000000000153AAA,01t000000000030AAA,7862,150.91,0.0611,141.69,1186454.42,1113966.78,108.56,853498.72,260468.06,0.23382,false,USD
00k000000000480AAA,006000000000154AAA,01t000000000030AAA,5625,162,0.1198,142.59,911250,802068.75,108.56,610650,191418.75,0.238656,false,USD
00k000000000481AAA,006000000000154AAA,01t000000000013AAA,3892,318.39,0.0673,296.96,1239173.88,1155768.32,195.82,762131.44,393636.88,0.340585,false,USD
00k000000000482AAA,006000000000154AAA,01t000000000053AAA,3619,256.83,0.1245,224.85,929467.77,813732.15,158.05,571982.95,241749.2,0.297087,false,USD
00k000000000483AAA,006000000000155AAA,01t000000000055AAA,4179,230.31,0.0705,214.07,962465.49,894598.53,130.02,543353.58,351244.95,0.392629,false,USD
00k000000000484AAA,006000000000155AAA,01t000000000069AAA,3402,345.51,0.0945,312.86,1175425.02,1064349.72,218.13,742078.26,322271.46,0.302787,false,USD
00k000000000485AAA,006000000000155AAA,01t000000000052AAA,12197,104.45,0.087,95.36,1273976.65,1163105.92,62.85,766581.45,396524.47,0.340919,false,USD
00k000000000486AAA,006000000000155AAA,01t000000000071AAA,3027,469.2,0.1095,417.82,1420268.4,1264741.14,299.11,905405.97,359335.17,0.284118,false,USD
00k000000000487AAA,006000000000156AAA,01t000000000030AAA,9065,158.97,0.0013,158.76,1441063.05,1439159.4,108.56,984096.4,455063,0.316201,false,USD
00k000000000488AAA,006000000000156AAA,01t000000000072AAA,2130,599.07,0.0925,543.66,1276019.1,1157995.8,412.18,877943.4,280052.4,0.241842,false,USD
00k000000000489AAA,006000000000156AAA,01t000000000024AAA,2922,337.36,0.0854,308.55,985765.92,901583.1,221.7,647807.4,253775.7,0.281478,false,USD
00k000000000490AAA,006000000000157AAA,01t000000000050AAA,5895,78.87,0.0595,74.18,464938.65,437291.1,51.06,300998.7,136292.4,0.311674,false,USD
00k000000000491AAA,006000000000157AAA,01t000000000037AAA,1500,372.41,0.1084,332.04,558615,498060,244.43,366645,131415,0.263854,false,USD
00k000000000492AAA,006000000000157AAA,01t000000000022AAA,2259,357,0.0857,326.41,806463,737360.19,241.05,544531.95,192828.24,0.261512,false,USD
00k000000000493AAA,006000000000157AAA,01t000000000060AAA,2382,249.94,0.1066,223.3,595357.08,531900.6,164.46,391743.72,140156.88,0.263502,false,USD
00k000000000494AAA,006000000000158AAA,01t000000000049AAA,2472,368.01,0.0733,341.03,909720.72,843026.16,244.93,605466.96,237559.2,0.281793,false,USD
00k000000000495AAA,006000000000158AAA,01t000000000007AAA,3559,201.35,0.0955,182.12,716604.65,648165.08,120.99,430603.41,217561.67,0.335658,false,USD
00k000000000496AAA,006000000000158AAA,01t000000000056AAA,3811,212.51,0.0599,199.78,809875.61,761361.58,130.96,499088.56,262273.02,0.344479,false,USD
00k000000000497AAA,006000000000158AAA,01t000000000025AAA,7760,70.07,0.0637,65.61,543743.2,509133.6,51.29,398010.4,111123.2,0.218259,false,USD
00k000000000498AAA,006000000000159AAA,01t000000000058AAA,3851,235.01,0.0401,225.59,905023.51,868747.09,167.27,644156.77,224590.32,0.258522,false,USD
00k000000000499AAA,006000000000159AAA,01t000000000027AAA,2210,412.17,0.1081,367.61,910895.7,812418.1,251.82,556522.2,255895.9,0.314981,false,USD
00k000000000500AAA,006000000000159AAA,01t000000000041AAA,4458,265.84,0.0413,254.86,1185114.72,1136165.88,152.9,681628.2,454537.68,0.400063,false,USD
00k000000000501AAA,006000000000160AAA,01t000000000020AAA,1261,395.69,0.0863,361.54,498965.09,455901.94,218.34,275326.74,180575.2,0.396083,false,USD
00k000000000502AAA,006000000000160AAA,01t000000000067AAA,3657,203.86,0.0949,184.51,745516.02,674753.07,130.51,477275.07,197478,0.292667,false,USD
00k000000000503AAA,006000000000160AAA,01t000000000072AAA,1078,571.35,0.1204,502.56,615915.3,541759.68,412.18,444330.04,97429.64,0.179839,false,USD
00k000000000504AAA,006000000000160AAA,01t000000000060AAA,2452,253.38,0.0827,232.43,621287.76,569918.36,164.46,403255.92,166662.44,0.292432,false,USD
00k000000000505AAA,006000000000161AAA,01t000000000015AAA,2700,299.03,0.0736,277.02,807381,747954,168.05,453735,294219,0.393365,false,USD
00k000000000506AAA,006000000000161AAA,01t000000000052AAA,12120,104.02,0.092,94.45,1260722.4,1144734,62.85,761742,382992,0.334569,false,USD
00k000000000507AAA,006000000000161AAA,01t000000000003AAA,4191,203.14,0.0907,184.72,851359.74,774161.52,125.5,525970.5,248191.02,0.320593,false,USD
00k000000000508AAA,006000000000162AAA,01t000000000023AAA,2194,339.22,0.1333,294,744248.68,645036,222.39,487923.66,157112.34,0.243571,false,USD
00k000000000509AAA,006000000000162AAA,01t000000000073AAA,2500,216.59,0.0965,195.69,541475,489225,136.74,341850,147375,0.301242,false,USD
00k000000000510AAA,006000000000162AAA,01t000000000043AAA,3220,217,0.0967,196.02,698740,631184.4,128.91,415090.2,216094.2,0.342363,false,USD
00k000000000511AAA,006000000000162AAA,01t000000000004AAA,1588,400.69,0.069,373.04,636295.72,592387.52,267.02,424027.76,168359.76,0.284205,false,USD
00k000000000512AAA,006000000000163AAA,01t000000000066AAA,2888,449.14,0.0939,406.97,1297116.32,1175329.36,251.52,726389.76,448939.6,0.381969,false,USD
00k000000000513AAA,006000000000163AAA,01t000000000024AAA,2067,326.16,0.0203,319.54,674172.72,660489.18,221.7,458253.9,202235.28,0.30619,false,USD
00k000000000514AAA,006000000000163AAA,01t000000000062AAA,6282,193.66,0.098,174.68,1216572.12,1097339.76,121.05,760436.1,336903.66,0.307019,false,USD
00k000000000515AAA,006000000000164AAA,01t000000000054AAA,10744,136.14,0.0966,122.99,1462688.16,1321404.56,80.43,864139.92,457264.64,0.346044,false,USD
00k000000000516AAA,006000000000164AAA,01t000000000043AAA,8276,217.7,0.0803,200.22,1801685.2,1657020.72,128.91,1066859.16,590161.56,0.356158,false,USD
00k000000000517AAA,006000000000164AAA,01t000000000033AAA,4754,416.1,0.1062,371.91,1978139.4,1768060.14,280.14,1331785.56,436274.58,0.246753,false,USD
00k000000000518AAA,006000000000165AAA,01t000000000049AAA,3266,355.68,0.0911,323.28,1161650.88,1055832.48,244.93,799941.38,255891.1,0.24236,false,USD
00k000000000519AAA,006000000000165AAA,01t000000000061AAA,3429,206.19,0.1094,183.63,707025.51,629667.27,138.34,474367.86,155299.41,0.246637,false,USD
00k000000000520AAA,006000000000165AAA,01t000000000035AAA,3050,385.43,0.1463,329.04,1175561.5,1003572,237.75,725137.5,278434.5,0.277443,false,USD
00k000000000521AAA,006000000000165AAA,01t000000000015AAA,2728,306.39,0.1041,274.49,835831.92,748808.72,168.05,458440.4,290368.32,0.387774,false,USD
00k000000000522AAA,006000000000166AAA,01t000000000038AAA,2700,207,0.0726,191.97,558900,518319,127.14,343278,175041,0.337709,false,USD
00k000000000523AAA,006000000000166AAA,01t000000000071AAA,1682,454.53,0.0973,410.3,764519.46,690124.6,299.11,503103.02,187021.58,0.270997,false,USD
00k000000000524AAA,006000000000166AAA,01t000000000003AAA,4986,199.14,0.0922,180.78,992912.04,901369.08,125.5,625743,275626.08,0.305786,false,USD
00k000000000525AAA,006000000000166AAA,01t000000000004AAA,2238,392.47,0.0699,365.04,878347.86,816959.52,267.02,597590.76,219368.76,0.268519,false,USD
00k000000000526AAA,006000000000167AAA,01t000000000048AAA,3222,403.96,0.1048,361.62,1301559.12,1165139.64,264.11,850962.42,314177.22,0.269648,false,USD
00k000000000527AAA,006000000000167AAA,01t000000000036AAA,12304,151.19,0.0927,137.17,1860241.76,1687739.68,95.18,1171094.72,516644.96,0.306116,false,USD
00k000000000528AAA,006000000000167AAA,01t000000000052AAA,19861,104.57,0.0742,96.81,2076864.77,1922743.41,62.85,1248263.85,674479.56,0.35079,false,USD
00k000000000529AAA,006000000000168AAA,01t000000000003AAA,7451,206.83,0.057,195.04,1541090.33,1453243.04,125.5,935100.5,518142.54,0.356542,false,USD
00k000000000530AAA,006000000000168AAA,01t000000000064AAA,5142,240.42,0.0968,217.15,1236239.64,1116585.3,161.48,830330.16,286255.14,0.256367,false,USD
00k000000000531AAA,006000000000168AAA,01t000000000055AAA,6249,227.7,0.0748,210.67,1422897.3,1316476.83,130.02,812494.98,503981.85,0.382826,false,USD
00k000000000532AAA,006000000000169AAA,01t000000000019AAA,2777,340.65,0.0901,309.96,945985.05,860758.92,228.88,635599.76,225159.16,0.261582,false,USD
00k000000000533AAA,006000000000169AAA,01t000000000071AAA,2079,461.78,0.097,416.99,960040.62,866922.21,299.11,621849.69,245072.52,0.282693,false,USD
00k000000000534AAA,006000000000169AAA,01t000000000073AAA,3091,211.51,0.0856,193.4,653777.41,597799.4,136.74,422663.34,175136.06,0.292968,false,USD
00k000000000535AAA,006000000000169AAA,01t000000000069AAA,3098,352.57,0.1004,317.17,1092261.86,982592.66,218.13,675766.74,306825.92,0.312262,false,USD
00k000000000536AAA,006000000000170AAA,01t000000000029AAA,4754,226.92,0.0294,220.25,1078777.68,1047068.5,153.08,727742.32,319326.18,0.304972,false,USD
00k000000000537AAA,006000000000170AAA,01t000000000033AAA,2716,420.48,0.0703,390.92,1142023.68,1061738.72,280.14,760860.24,300878.48,0.283383,false,USD
00k000000000538AAA,006000000000170AAA,01t000000000001AAA,2783,326.15,0.0939,295.52,907675.45,822432.16,209.3,582481.9,239950.26,0.291757,false,USD
00k000000000539AAA,006000000000170AAA,01t000000000053AAA,3810,252.02,0.0823,231.28,960196.2,881176.8,158.05,602170.5,279006.3,0.316629,false,USD
00k000000000540AAA,006000000000171AAA,01t000000000050AAA,11909,80.22,0.0911,72.91,955339.98,868285.19,51.06,608073.54,260211.65,0.299685,false,USD
00k000000000541AAA,006000000000171AAA,01t000000000051AAA,17887,69.65,0.0551,65.81,1245829.55,1177143.47,51.08,913667.96,263475.51,0.223826,false,USD
00k000000000542AAA,006000000000171AAA,01t000000000014AAA,9530,120.12,0.0877,109.59,1144743.6,1044392.7,81.05,772406.5,271986.2,0.260425,false,USD
00k000000000543AAA,006000000000172AAA,01t000000000070AAA,1558,563.47,0.0972,508.7,877886.26,792554.6,339.31,528644.98,263909.62,0.332986,false,USD
00k000000000544AAA,006000000000172AAA,01t000000000067AAA,5948,194.97,0.0548,184.29,1159681.56,1096156.92,130.51,776273.48,319883.44,0.291823,false,USD
00k000000000545AAA,006000000000172AAA,01t000000000037AAA,3429,367.51,0.0922,333.63,1260191.79,1144017.27,244.43,838150.47,305866.8,0.267362,false,USD
00k000000000546AAA,006000000000172AAA,01t000000000066AAA,2841,418.21,0.1067,373.59,1188134.61,1061369.19,251.52,714568.32,346800.87,0.326749,false,USD
00k000000000547AAA,006000000000173AAA,01t000000000055AAA,6803,235.37,0.1241,206.16,1601222.11,1402506.48,130.02,884526.06,517980.42,0.369325,false,USD
00k000000000548AAA,006000000000173AAA,01t000000000018AAA,12655,144.28,0.0743,133.56,1825863.4,1690201.8,92.07,1165145.85,525055.95,0.310647,false,USD
00k000000000549AAA,006000000000173AAA,01t000000000001AAA,5195,348.23,0.0957,314.9,1809054.85,1635905.5,209.3,1087313.5,548592,0.335345,false,USD
00k000000000550AAA,006000000000174AAA,01t000000000019AAA,2756,362.56,0.1072,323.69,999215.36,892089.64,228.88,630793.28,261296.36,0.292904,false,USD
00k000000000551AAA,006000000000174AAA,01t000000000017AAA,4622,190.39,0.0839,174.42,879982.58,806169.24,126.45,584451.9,221717.34,0.275026,false,USD
00k000000000552AAA,006000000000174AAA,01t000000000013AAA,1511,323.33,0.0285,314.12,488551.63,474635.32,195.82,295884.02,178751.3,0.376608,false,USD
00k000000000553AAA,006000000000174AAA,01t000000000041AAA,3349,276.48,0.0816,253.92,925931.52,850378.08,152.9,512062.1,338315.98,0.397842,false,USD
00k000000000554AAA,006000000000175AAA,01t000000000028AAA,3603,194.98,0.0911,177.22,702512.94,638523.66,110.67,398744.01,239779.65,0.375522,false,USD
00k000000000555AAA,006000000000175AAA,01t000000000070AAA,1557,602.71,0.0706,560.16,938419.47,872169.12,339.31,528305.67,343863.45,0.394262,false,USD
00k000000000556AAA,006000000000175AAA,01t000000000035AAA,2386,383.28,0.0791,352.96,914506.08,842162.56,237.75,567271.5,274891.06,0.326411,false,USD
00k000000000557AAA,006000000000175AAA,01t000000000034AAA,4676,236.89,0.0666,221.11,1107697.64,1033910.36,148.57,694713.32,339197.04,0.328072,false,USD
00k000000000558AAA,006000000000176AAA,01t000000000071AAA,297,456.14,0.0418,437.07,135473.58,129809.79,299.11,88835.67,40974.12,0.315647,false,USD
00k000000000559AAA,006000000000176AAA,01t000000000009AAA,384,336.25,0.0158,330.94,129120,127080.96,203.75,78240,48840.96,0.384329,false,USD
00k000000000560AAA,006000000000177AAA,01t000000000047AAA,382,319.89,0.0497,303.99,122197.98,116124.18,213.19,81438.58,34685.6,0.298694,false,USD
00k000000000561AAA,006000000000177AAA,01t000000000061AAA,938,204.64,0.0959,185.02,191952.32,173548.76,138.34,129762.92,43785.84,0.252297,false,USD
00k000000000562AAA,006000000000178AAA,01t000000000004AAA,284,406.04,0.0456,387.52,115315.36,110055.68,267.02,75833.68,34222,0.310952,false,USD
00k000000000563AAA,006000000000178AAA,01t000000000062AAA,962,193.55,0.1019,173.83,186195.1,167224.46,121.05,116450.1,50774.36,0.30363,false,USD
00k000000000564AAA,006000000000179AAA,01t000000000047AAA,717,320.47,0.0705,297.88,229776.99,213579.96,213.19,152857.23,60722.73,0.284309,false,USD
00k000000000565AAA,006000000000179AAA,01t000000000058AAA,654,233.29,0.1109,207.42,152571.66,135652.68,167.27,109394.58,26258.1,0.193569,false,USD
00k000000000566AAA,006000000000180AAA,01t000000000049AAA,385,378.88,0.0366,365.01,145868.8,140528.85,244.93,94298.05,46230.8,0.328977,false,USD
00k000000000567AAA,006000000000180AAA,01t000000000065AAA,576,340.58,0.0719,316.09,196174.08,182067.84,228.94,131869.44,50198.4,0.275713,false,USD
00k000000000568AAA,006000000000181AAA,01t000000000051AAA,2172,69.79,0.0892,63.56,151583.88,138052.32,51.08,110945.76,27106.56,0.19635,false,USD
00k000000000569AAA,006000000000181AAA,01t000000000049AAA,467,354.61,0.0746,328.16,165602.87,153250.72,244.93,114382.31,38868.41,0.253626,false,USD
00k000000000570AAA,006000000000182AAA,01t000000000056AAA,561,213.85,0.0141,210.83,119969.85,118275.63,130.96,73468.56,44807.07,0.378836,false,USD
00k000000000571AAA,006000000000182AAA,01t000000000042AAA,538,278.7,0.0542,263.59,149940.6,141811.42,174.39,93821.82,47989.6,0.338404,false,USD
00k000000000572AAA,006000000000183AAA,01t000000000014AAA,1093,121.66,0.043,116.43,132974.38,127257.99,81.05,88587.65,38670.34,0.303874,false,USD
00k000000000573AAA,006000000000183AAA,01t000000000039AAA,775,122.06,0.0953,110.43,94596.5,85583.25,75.62,58605.5,26977.75,0.315222,false,USD
00k000000000574AAA,006000000000184AAA,01t000000000024AAA,279,325.17,0.0878,296.62,90722.43,82756.98,221.7,61854.3,20902.68,0.252579,false,USD
00k000000000575AAA,006000000000184AAA,01t000000000053AAA,431,235.85,0.0444,225.38,101651.35,97138.78,158.05,68119.55,29019.23,0.29874,false,USD
00k000000000576AAA,006000000000185AAA,01t000000000003AAA,721,208.07,0.0808,191.26,150018.47,137898.46,125.5,90485.5,47412.96,0.343825,false,USD
00k000000000577AAA,006000000000185AAA,01t000000000054AAA,1121,136.32,0.124,119.42,152814.72,133869.82,80.43,90162.03,43707.79,0.326495,false,USD
00k000000000578AAA,006000000000186AAA,01t000000000021AAA,645,323.11,0.064,302.43,208405.95,195067.35,239.32,154361.4,40705.95,0.208676,false,USD
00k000000000579AAA,006000000000186AAA,01t000000000049AAA,907,377.95,0.0654,353.23,342800.65,320379.61,244.93,222151.51,98228.1,0.306599,false,USD
00k000000000580AAA,006000000000187AAA,01t000000000020AAA,502,381.07,0.1078,339.99,191297.14,170674.98,218.34,109606.68,61068.3,0.357805,false,USD
00k000000000581AAA,006000000000187AAA,01t000000000069AAA,877,353.15,0.0732,327.3,309712.55,287042.1,218.13,191300.01,95742.09,0.333547,false,USD
00k000000000582AAA,006000000000188AAA,01t000000000018AAA,1696,151.34,0.0258,147.44,256672.64,250058.24,92.07,156150.72,93907.52,0.375543,false,USD
00k000000000583AAA,006000000000188AAA,01t000000000052AAA,2778,103.94,0.0745,96.2,288745.32,267243.6,62.85,174597.3,92646.3,0.346674,false,USD
00k000000000584AAA,006000000000189AAA,01t000000000024AAA,566,327.14,0.0827,300.09,185161.24,169850.94,221.7,125482.2,44368.74,0.261222,false,USD
00k000000000585AAA,006000000000189AAA,01t000000000055AAA,1064,238.41,0.0229,232.95,253668.24,247858.8,130.02,138341.28,109517.52,0.441854,false,USD
00k000000000586AAA,006000000000190AAA,01t000000000054AAA,1984,128.87,0.0462,122.92,255678.08,243873.28,80.43,159573.12,84300.16,0.345672,false,USD
00k000000000587AAA,006000000000190AAA,01t000000000035AAA,640,384.74,0.092,349.34,246233.6,223577.6,237.75,152160,71417.6,0.319431,false,USD
00k000000000588AAA,006000000000191AAA,01t000000000019AAA,536,348.7,0.0792,321.08,186903.2,172098.88,228.88,122679.68,49419.2,0.287156,false,USD
00k000000000589AAA,006000000000191AAA,01t000000000035AAA,628,379.08,0.1015,340.6,238062.24,213896.8,237.75,149307,64589.8,0.301967,false,USD
00k000000000590AAA,006000000000192AAA,01t000000000013AAA,863,323.63,0.0905,294.34,279292.69,254015.42,195.82,168992.66,85022.76,0.334715,false,USD
00k000000000591AAA,006000000000192AAA,01t000000000037AAA,617,376.01,0.0901,342.13,231998.17,211094.21,244.43,150813.31,60280.9,0.285564,false,USD
00k000000000592AAA,006000000000193AAA,01t000000000027AAA,623,400.08,0.0753,369.95,249249.84,230478.85,251.82,156883.86,73594.99,0.319313,false,USD
00k000000000593AAA,006000000000193AAA,01t000000000005AAA,700,371.06,0.0727,344.08,259742,240856,272.07,190449,50407,0.209283,false,USD
00k000000000594AAA,006000000000194AAA,01t000000000073AAA,1092,226.73,0.0293,220.09,247589.16,240338.28,136.74,149320.08,91018.2,0.378709,false,USD
00k000000000595AAA,006000000000194AAA,01t000000000020AAA,773,385.87,0.0738,357.39,298277.51,276262.47,218.34,168776.82,107485.65,0.389071,false,USD
00k000000000596AAA,006000000000195AAA,01t000000000060AAA,706,248.38,0.0233,242.59,175356.28,171268.54,164.46,116108.76,55159.78,0.322066,false,USD
00k000000000597AAA,006000000000195AAA,01t000000000024AAA,579,317.62,0.0591,298.85,183901.98,173034.15,221.7,128364.3,44669.85,0.258156,false,USD
00k000000000598AAA,006000000000196AAA,01t000000000043AAA,917,233.61,0.0929,211.91,214220.37,194321.47,128.91,118210.47,76111,0.391676,false,USD
00k000000000599AAA,006000000000196AAA,01t000000000057AAA,1522,129.65,0.0502,123.14,197327.3,187419.08,72.85,110877.7,76541.38,0.408397,false,USD
00k000000000600AAA,006000000000196AAA,01t000000000027AAA,810,413.83,0.0627,387.88,335202.3,314182.8,251.82,203974.2,110208.6,0.350779,false,USD
00k000000000601AAA,006000000000197AAA,01t000000000006AAA,490,485.04,0.0841,444.25,237669.6,217682.5,301.3,147637,70045.5,0.321778,false,USD
00k000000000602AAA,006000000000197AAA,01t000000000027AAA,329,411.85,0.0726,381.95,135498.65,125661.55,251.82,82848.78,42812.77,0.340699,false,USD
00k000000000603AAA,006000000000197AAA,01t000000000058AAA,1084,244.4,0.0529,231.47,264929.6,250913.48,167.27,181320.68,69592.8,0.277358,false,USD
00k000000000604AAA,006000000000198AAA,01t000000000006AAA,563,466.93,0.067,435.65,262881.59,245270.95,301.3,169631.9,75639.05,0.30839,false,USD
00k000000000605AAA,006000000000198AAA,01t000000000060AAA,943,255.2,0.0847,233.58,240653.6,220265.94,164.46,155085.78,65180.16,0.295916,false,USD
00k000000000606AAA,006000000000198AAA,01t000000000027AAA,417,414.94,0.117,366.39,173029.98,152784.63,251.82,105008.94,47775.69,0.3127,false,USD
00k000000000607AAA,006000000000199AAA,01t000000000013AAA,900,325.18,0.1008,292.4,292662,263160,195.82,176238,86922,0.330301,false,USD
00k000000000608AAA,006000000000199AAA,01t000000000040AAA,1119,224.13,0.0212,219.38,250801.47,245486.22,142.61,159580.59,85905.63,0.349941,false,USD
00k000000000609AAA,006000000000199AAA,01t000000000017AAA,1352,192.67,0.1016,173.09,260489.84,234017.68,126.45,170960.4,63057.28,0.269455,false,USD
00k000000000610AAA,006000000000200AAA,01t000000000044AAA,735,409.36,0.1013,367.89,300879.6,270399.15,243.46,178943.1,91456.05,0.338226,false,USD
00k000000000611AAA,006000000000200AAA,01t000000000019AAA,448,351.56,0.0345,339.43,157498.88,152064.64,228.88,102538.24,49526.4,0.325693,false,USD
00k000000000612AAA,006000000000200AAA,01t000000000054AAA,1578,135.29,0.0895,123.18,213487.62,194378.04,80.43,126918.54,67459.5,0.347053,false,USD
00k000000000613AAA,006000000000201AAA,01t000000000062AAA,1389,198.27,0.0773,182.94,275397.03,254103.66,121.05,168138.45,85965.21,0.338308,false,USD
00k000000000614AAA,006000000000201AAA,01t000000000016AAA,544,355,0.0961,320.88,193120,174558.72,212.59,115648.96,58909.76,0.337478,false,USD
00k000000000615AAA,006000000000201AAA,01t000000000008AAA,857,271.51,0.1194,239.09,232684.07,204900.13,179.17,153548.69,51351.44,0.250617,false,USD
00k000000000616AAA,006000000000202AAA,01t000000000035AAA,425,384.29,0.0549,363.19,163323.25,154355.75,237.75,101043.75,53312,0.345384,false,USD
00k000000000617AAA,006000000000202AAA,01t000000000018AAA,1513,152.25,0.0603,143.07,230354.25,216464.91,92.07,139301.91,77163,0.356469,false,USD
00k000000000618AAA,006000000000202AAA,01t000000000009AAA,804,336.67,0.0301,326.54,270682.68,262538.16,203.75,163815,98723.16,0.376034,false,USD
00k000000000619AAA,006000000000203AAA,01t000000000052AAA,2359,104.39,0.0419,100.02,246256.01,235947.18,62.85,148263.15,87684.03,0.371626,false,USD
00k000000000620AAA,006000000000203AAA,01t000000000020AAA,511,384.43,0.0869,351.02,196443.73,179371.22,218.34,111571.74,67799.48,0.377984,false,USD
00k000000000621AAA,006000000000203AAA,01t000000000007AAA,829,193.6,0.0969,174.84,160494.4,144942.36,120.99,100300.71,44641.65,0.307996,false,USD
00k000000000622AAA,006000000000204AAA,01t000000000005AAA,494,387.4,0.0345,374.03,191375.6,184770.82,272.07,134402.58,50368.24,0.272598,false,USD
00k000000000623AAA,006000000000204AAA,01t000000000014AAA,2056,121.08,0.0758,111.9,248940.48,230066.4,81.05,166638.8,63427.6,0.275693,false,USD
00k000000000624AAA,006000000000204AAA,01t000000000035AAA,419,392.24,0.0282,381.18,164348.56,159714.42,237.75,99617.25,60097.17,0.376279,false,USD
00k000000000625AAA,006000000000205AAA,01t000000000040AAA,1192,233.79,0.076,216.02,278677.68,257495.84,142.61,169991.12,87504.72,0.33983,false,USD
00k000000000626AAA,006000000000205AAA,01t000000000036AAA,1423,148.02,0.0584,139.38,210632.46,198337.74,95.18,135441.14,62896.6,0.317119,false,USD
00k000000000627AAA,006000000000205AAA,01t000000000009AAA,888,345.53,0.0759,319.3,306830.64,283538.4,203.75,180930,102608.4,0.361885,false,USD
00k000000000628AAA,006000000000206AAA,01t000000000014AAA,2295,122.84,0.067,114.61,281917.8,263029.95,81.05,186009.75,77020.2,0.292819,false,USD
00k000000000629AAA,006000000000206AAA,01t000000000006AAA,420,479.86,0.0998,431.97,201541.2,181427.4,301.3,126546,54881.4,0.302498,false,USD
00k000000000630AAA,006000000000206AAA,01t000000000033AAA,498,426.73,0.082,391.74,212511.54,195086.52,280.14,139509.72,55576.8,0.284883,false,USD
00k000000000631AAA,006000000000207AAA,01t000000000019AAA,753,364.85,0.0835,334.39,274732.05,251795.67,228.88,172346.64,79449.03,0.31553,false,USD
00k000000000632AAA,006000000000207AAA,01t000000000064AAA,1740,240.24,0.1165,212.25,418017.6,369315,161.48,280975.2,88339.8,0.239199,false,USD
00k000000000633AAA,006000000000207AAA,01t000000000004AAA,538,405.7,0.0443,387.73,218266.6,208598.74,267.02,143656.76,64941.98,0.311325,false,USD
00k000000000634AAA,006000000000208AAA,01t000000000026AAA,905,303.05,0.1119,269.14,274260.25,243571.7,198.27,179434.35,64137.35,0.26332,false,USD
00k000000000635AAA,006000000000208AAA,01t000000000038AAA,1629,211.84,0.0763,195.68,345087.36,318762.72,127.14,207111.06,111651.66,0.350266,false,USD
00k000000000636AAA,006000000000208AAA,01t000000000069AAA,1019,351.44,0.0994,316.51,358117.36,322523.69,218.13,222274.47,100249.22,0.310827,false,USD
00k000000000637AAA,006000000000209AAA,01t000000000011AAA,1257,307.26,0.0799,282.71,386225.82,355366.47,204.74,257358.18,98008.29,0.275795,false,USD
00k000000000638AAA,006000000000209AAA,01t000000000026AAA,1103,298.97,0.0441,285.79,329763.91,315226.37,198.27,218691.81,96534.56,0.306239,false,USD
00k000000000639AAA,006000000000209AAA,01t000000000031AAA,530,373.83,0.0566,352.67,198129.9,186915.1,237.31,125774.3,61140.8,0.327105,false,USD
00k000000000640AAA,006000000000210AAA,01t000000000023AAA,876,332.44,0.0699,309.2,291217.44,270859.2,222.39,194813.64,76045.56,0.280757,false,USD
00k000000000641AAA,006000000000210AAA,01t000000000034AAA,812,236.25,0.0927,214.35,191835,174052.2,148.57,120638.84,53413.36,0.306881,false,USD
00k000000000642AAA,006000000000210AAA,01t000000000072AAA,435,592.55,0.0965,535.37,257759.25,232885.95,412.18,179298.3,53587.65,0.230103,false,USD
00k000000000643AAA,006000000000211AAA,01t000000000007AAA,1211,198.57,0.0689,184.89,240468.27,223901.79,120.99,146518.89,77382.9,0.345611,false,USD
00k000000000644AAA,006000000000211AAA,01t000000000031AAA,989,399.17,0.0518,378.49,394779.13,374326.61,237.31,234699.59,139627.02,0.373009,false,USD
00k000000000645AAA,006000000000211AAA,01t000000000046AAA,4381,86.32,0.0653,80.68,378167.92,353459.08,53.15,232850.15,120608.93,0.341225,false,USD
00k000000000646AAA,006000000000212AAA,01t000000000056AAA,1326,204.07,0.0892,185.87,270596.82,246463.62,130.96,173652.96,72810.66,0.295422,false,USD
00k000000000647AAA,006000000000212AAA,01t000000000026AAA,803,298.5,0.0105,295.37,239695.5,237182.11,198.27,159210.81,77971.3,0.32874,false,USD
00k000000000648AAA,006000000000212AAA,01t000000000067AAA,1494,198.64,0.0893,180.9,296768.16,270264.6,130.51,194981.94,75282.66,0.278552,false,USD
00k000000000649AAA,006000000000213AAA,01t000000000044AAA,509,415.44,0.1016,373.23,211458.96,189974.07,243.46,123921.14,66052.93,0.347694,false,USD
00k000000000650AAA,006000000000213AAA,01t000000000016AAA,486,359.99,0.0668,335.94,174955.14,163266.84,212.59,103318.74,59948.1,0.367179,false,USD
00k000000000651AAA,006000000000213AAA,01t000000000006AAA,710,446.38,0.0803,410.54,316929.8,291483.4,301.3,213923,77560.4,0.266089,false,USD
00k000000000652AAA,006000000000214AAA,01t000000000048AAA,532,402.96,0.0633,377.45,214374.72,200803.4,264.11,140506.52,60296.88,0.300278,false,USD
00k000000000653AAA,006000000000214AAA,01t000000000065AAA,959,319.06,0.0798,293.6,305978.54,281562.4,228.94,219553.46,62008.94,0.220232,false,USD
00k000000000654AAA,006000000000214AAA,01t000000000019AAA,1090,353.01,0.03,342.42,384780.9,373237.8,228.88,249479.2,123758.6,0.331581,false,USD
00k000000000655AAA,006000000000215AAA,01t000000000002AAA,1019,181.39,0.0633,169.91,184836.41,173138.29,113.8,115962.2,57176.09,0.330234,false,USD
00k000000000656AAA,006000000000215AAA,01t000000000026AAA,616,303.55,0.0596,285.46,186986.8,175843.36,198.27,122134.32,53709.04,0.305437,false,USD
00k000000000657AAA,006000000000215AAA,01t000000000060AAA,844,245.36,0.0586,230.98,207083.84,194947.12,164.46,138804.24,56142.88,0.28799,false,USD
00k000000000658AAA,006000000000216AAA,01t000000000018AAA,2258,152.54,0.0796,140.4,344435.32,317023.2,92.07,207894.06,109129.14,0.344231,false,USD
00k000000000659AAA,006000000000216AAA,01t000000000047AAA,653,316.15,0.0691,294.3,206445.95,192177.9,213.19,139213.07,52964.83,0.275603,false,USD
00k000000000660AAA,006000000000216AAA,01t000000000004AAA,930,403.04,0.0401,386.88,374827.2,359798.4,267.02,248328.6,111469.8,0.309812,false,USD
00k000000000661AAA,006000000000216AAA,01t000000000059AAA,1583,213.96,0.0322,207.07,338698.68,327791.81,136.27,215715.41,112076.4,0.341913,false,USD
00k000000000662AAA,006000000000217AAA,01t000000000057AAA,1902,127.25,0.0467,121.31,242029.5,230731.62,72.85,138560.7,92170.92,0.399472,false,USD
00k000000000663AAA,006000000000217AAA,01t000000000007AAA,1538,207.3,0.0917,188.29,318827.4,289590.02,120.99,186082.62,103507.4,0.357427,false,USD
00k000000000664AAA,006000000000217AAA,01t000000000029AAA,1320,216.9,0.0677,202.22,286308,266930.4,153.08,202065.6,64864.8,0.243003,false,USD
00k000000000665AAA,006000000000217AAA,01t000000000026AAA,866,297.04,0.0621,278.59,257236.64,241258.94,198.27,171701.82,69557.12,0.288309,false,USD
00k000000000666AAA,006000000000218AAA,01t000000000072AAA,492,599.41,0.0549,566.5,294909.72,278718,412.18,202792.56,75925.44,0.27241,false,USD
00k000000000667AAA,006000000000218AAA,01t000000000014AAA,1516,120.19,0.1095,107.03,182208.04,162257.48,81.05,122871.8,39385.68,0.242736,false,USD
00k000000000668AAA,006000000000218AAA,01t000000000055AAA,751,233.46,0.0577,219.99,175328.46,165212.49,130.02,97645.02,67567.47,0.408973,false,USD
00k000000000669AAA,006000000000218AAA,01t000000000031AAA,730,367.17,0.1014,329.94,268034.1,240856.2,237.31,173236.3,67619.9,0.280748,false,USD
00k000000000670AAA,006000000000219AAA,01t000000000064AAA,1157,231.91,0.0683,216.07,268319.87,249992.99,161.48,186832.36,63160.63,0.25265,false,USD
00k000000000671AAA,006000000000219AAA,01t000000000021AAA,811,332.26,0.0572,313.25,269462.86,254045.75,239.32,194088.52,59957.23,0.23601,false,USD
00k000000000672AAA,006000000000219AAA,01t000000000031AAA,617,391.78,0.1219,344.02,241728.26,212260.34,237.31,146420.27,65840.07,0.310185,false,USD
00k000000000673AAA,006000000000219AAA,01t000000000058AAA,1183,243.85,0.1001,219.44,288474.55,259597.52,167.27,197880.41,61717.11,0.237742,false,USD
00k000000000674AAA,006000000000220AAA,01t000000000005AAA,605,387.7,0.0626,363.43,234558.5,219875.15,272.07,164602.35,55272.8,0.251383,false,USD
00k000000000675AAA,006000000000220AAA,01t000000000035AAA,729,402.41,0.0785,370.82,293356.89,270327.78,237.75,173319.75,97008.03,0.358853,false,USD
00k000000000676AAA,006000000000220AAA,01t000000000026AAA,523,283.42,0.0792,260.97,148228.66,136487.31,198.27,103695.21,32792.1,0.240258,false,USD
00k000000000677AAA,006000000000220AAA,01t000000000061AAA,832,203.82,0.0113,201.52,169578.24,167664.64,138.34,115098.88,52565.76,0.313517,false,USD
00k000000000678AAA,006000000000221AAA,01t000000000074AAA,732,339.08,0.0885,309.07,248206.56,226239.24,224.7,164480.4,61758.84,0.27298,false,USD
00k000000000679AAA,006000000000221AAA,01t000000000061AAA,1708,197.46,0.0571,186.19,337261.68,318012.52,138.34,236284.72,81727.8,0.256996,false,USD
00k000000000680AAA,006000000000221AAA,01t000000000031AAA,1142,387.57,0.0459,369.78,442604.94,422288.76,237.31,271008.02,151280.74,0.35824,false,USD
00k000000000681AAA,006000000000221AAA,01t000000000026AAA,1159,313.63,0.0982,282.83,363497.17,327799.97,198.27,229794.93,98005.04,0.298978,false,USD
00k000000000682AAA,006000000000222AAA,01t000000000031AAA,1073,384.71,0.0563,363.05,412793.83,389552.65,237.31,254633.63,134919.02,0.346343,false,USD
00k000000000683AAA,006000000000222AAA,01t000000000025AAA,4077,73.83,0.0481,70.28,301004.91,286531.56,51.29,209109.33,77422.23,0.270205,false,USD
00k000000000684AAA,006000000000222AAA,01t000000000003AAA,1563,203.19,0.107,181.45,317585.97,283606.35,125.5,196156.5,87449.85,0.308349,false,USD
00k000000000685AAA,006000000000222AAA,01t000000000056AAA,1793,198.29,0.0397,190.42,355533.97,341423.06,130.96,234811.28,106611.78,0.312257,false,USD
00k000000000686AAA,006000000000223AAA,01t000000000028AAA,1436,192.65,0.0615,180.8,276645.4,259628.8,110.67,158922.12,100706.68,0.387887,false,USD
00k000000000687AAA,006000000000223AAA,01t000000000053AAA,1212,241.12,0.073,223.52,292237.44,270906.24,158.05,191556.6,79349.64,0.292904,false,USD
00k000000000688AAA,006000000000223AAA,01t000000000014AAA,2196,124.83,0.0621,117.08,274126.68,257107.68,81.05,177985.8,79121.88,0.307738,false,USD
00k000000000689AAA,006000000000223AAA,01t000000000043AAA,1326,227,0.0708,210.93,301002,279693.18,128.91,170934.66,108758.52,0.388849,false,USD
00k000000000690AAA,006000000000224AAA,01t000000000029AAA,2136,233.12,0.1171,205.82,497944.32,439631.52,153.08,326978.88,112652.64,0.256243,false,USD
00k000000000691AAA,006000000000224AAA,01t000000000026AAA,1051,299.98,0.0883,273.49,315278.98,287437.99,198.27,208381.77,79056.22,0.275037,false,USD
00k000000000692AAA,006000000000224AAA,01t000000000009AAA,718,328.62,0.0571,309.86,235949.16,222479.48,203.75,146292.5,76186.98,0.342445,false,USD
00k000000000693AAA,006000000000224AAA,01t000000000053AAA,1525,236.1,0.0556,222.97,360052.5,340029.25,158.05,241026.25,99003,0.29116,false,USD
00k000000000694AAA,006000000000225AAA,01t000000000073AAA,1281,207.89,0.0428,198.99,266307.09,254906.19,136.74,175163.94,79742.25,0.31283,false,USD
00k000000000695AAA,006000000000225AAA,01t000000000043AAA,1090,228.65,0.065,213.79,249228.5,233031.1,128.91,140511.9,92519.2,0.397025,false,USD
00k000000000696AAA,006000000000225AAA,01t000000000031AAA,650,368.94,0.0462,351.89,239811,228728.5,237.31,154251.5,74477,0.325613,false,USD
00k000000000697AAA,006000000000225AAA,01t000000000018AAA,2047,150.83,0.0476,143.65,308749.01,294051.55,92.07,188467.29,105584.26,0.359067,false,USD
00k000000000698AAA,006000000000226AAA,01t000000000055AAA,5519,237.34,0.1331,205.75,1309879.46,1135534.25,130.02,717580.38,417953.87,0.368068,false,USD
00k000000000699AAA,006000000000226AAA,01t000000000016AAA,6396,364.11,0.1242,318.89,2328847.56,2039620.44,212.59,1359725.64,679894.8,0.333344,false,USD
00k000000000700AAA,006000000000226AAA,01t000000000010AAA,5255,428.79,0.1109,381.24,2253291.45,2003416.2,280.72,1475183.6,528232.6,0.263666,false,USD
00k000000000701AAA,006000000000226AAA,01t000000000019AAA,3133,354.52,0.0701,329.67,1110711.16,1032856.11,228.88,717081.04,315775.07,0.30573,false,USD
00k000000000702AAA,006000000000227AAA,01t000000000037AAA,2818,379.53,0.0899,345.41,1069515.54,973365.38,244.43,688803.74,284561.64,0.292348,false,USD
00k000000000703AAA,006000000000227AAA,01t000000000021AAA,2724,333.05,0.1213,292.65,907228.2,797178.6,239.32,651907.68,145270.92,0.182231,false,USD
00k000000000704AAA,006000000000227AAA,01t000000000057AAA,5629,127.73,0.1121,113.41,718992.17,638384.89,72.85,410072.65,228312.24,0.35764,false,USD
00k000000000705AAA,006000000000227AAA,01t000000000060AAA,5855,247.83,0.1461,211.62,1451044.65,1239035.1,164.46,962913.3,276121.8,0.222852,false,USD
00k000000000706AAA,006000000000228AAA,01t000000000062AAA,5995,198.43,0.0836,181.84,1189587.85,1090130.8,121.05,725694.75,364436.05,0.334305,false,USD
00k000000000707AAA,006000000000228AAA,01t000000000054AAA,13480,126.33,0.1229,110.8,1702928.4,1493584,80.43,1084196.4,409387.6,0.274097,false,USD
00k000000000708AAA,006000000000228AAA,01t000000000019AAA,2612,345.89,0.0771,319.22,903464.68,833802.64,228.88,597834.56,235968.08,0.283002,false,USD
00k000000000709AAA,006000000000228AAA,01t000000000004AAA,2927,400.75,0.1774,329.66,1172995.25,964914.82,267.02,781567.54,183347.28,0.190014,false,USD
00k000000000710AAA,006000000000229AAA,01t000000000001AAA,4299,324.42,0.1077,289.48,1394681.58,1244474.52,209.3,899780.7,344693.82,0.276979,false,USD
00k000000000711AAA,006000000000229AAA,01t000000000060AAA,7596,243.41,0.1091,216.85,1848942.36,1647192.6,164.46,1249238.16,397954.44,0.241596,false,USD
00k000000000712AAA,006000000000229AAA,01t000000000017AAA,6653,185.87,0.0606,174.61,1236593.11,1161680.33,126.45,841271.85,320408.48,0.275815,false,USD
00k000000000713AAA,006000000000229AAA,01t000000000015AAA,4114,307.54,0.1397,264.58,1265219.56,1088482.12,168.05,691357.7,397124.42,0.364842,false,USD
00k000000000714AAA,006000000000229AAA,01t000000000028AAA,7737,198.51,0.1423,170.26,1535871.87,1317301.62,110.67,856253.79,461047.83,0.349994,false,USD
00k000000000715AAA,006000000000230AAA,01t000000000038AAA,6676,225.59,0.1439,193.13,1506038.84,1289335.88,127.14,848786.64,440549.24,0.341687,false,USD
00k000000000716AAA,006000000000230AAA,01t000000000032AAA,6150,325.16,0.133,281.91,1999734,1733746.5,199.36,1226064,507682.5,0.292824,false,USD
00k000000000717AAA,006000000000230AAA,01t000000000037AAA,4988,366.79,0.1139,325.01,1829548.52,1621149.88,244.43,1219216.84,401933.04,0.247931,false,USD
00k000000000718AAA,006000000000231AAA,01t000000000063AAA,3420,451.53,0.1146,399.78,1544232.6,1367247.6,264.31,903940.2,463307.4,0.338861,false,USD
00k000000000719AAA,006000000000231AAA,01t000000000070AAA,3702,597.76,0.122,524.83,2212907.52,1942920.66,339.31,1256125.62,686795.04,0.353486,false,USD
00k000000000720AAA,006000000000231AAA,01t000000000066AAA,3907,442.91,0.1263,386.97,1730449.37,1511891.79,251.52,982688.64,529203.15,0.350027,false,USD
00k000000000721AAA,006000000000231AAA,01t000000000015AAA,6021,306.54,0.1369,264.57,1845677.34,1592975.97,168.05,1011829.05,581146.92,0.364818,false,USD
00k000000000722AAA,006000000000232AAA,01t000000000049AAA,3881,364.39,0.1075,325.22,1414197.59,1262178.82,244.93,950573.33,311605.49,0.246879,false,USD
00k000000000723AAA,006000000000232AAA,01t000000000035AAA,2049,371.83,0.1205,327.02,761879.67,670063.98,237.75,487149.75,182914.23,0.27298,false,USD
00k000000000724AAA,006000000000232AAA,01t000000000048AAA,2424,423.84,0.0638,396.8,1027388.16,961843.2,264.11,640202.64,321640.56,0.3344,false,USD
00k000000000725AAA,006000000000232AAA,01t000000000001AAA,2828,334.93,0.1211,294.37,947182.04,832478.36,209.3,591900.4,240577.96,0.28899,false,USD
00k000000000726AAA,006000000000232AAA,01t000000000027AAA,2308,414,0.1494,352.15,955512,812762.2,251.82,581200.56,231561.64,0.284907,false,USD
00k000000000727AAA,006000000000233AAA,01t000000000055AAA,3399,239.05,0.1122,212.23,812530.95,721369.77,130.02,441937.98,279431.79,0.387363,false,USD
00k000000000728AAA,006000000000233AAA,01t000000000028AAA,3482,208.78,0.1033,187.21,726971.96,651865.22,110.67,385352.94,266512.28,0.408846,false,USD
00k000000000729AAA,006000000000233AAA,01t000000000018AAA,5412,151.25,0.1408,129.95,818565,703289.4,92.07,498282.84,205006.56,0.291497,false,USD
00k000000000730AAA,006000000000233AAA,01t000000000014AAA,5094,123.12,0.1067,109.98,627173.28,560238.12,81.05,412868.7,147369.42,0.263048,false,USD
00k000000000731AAA,006000000000233AAA,01t000000000032AAA,1665,319.81,0.1692,265.7,532483.65,442390.5,199.36,331934.4,110456.1,0.24968,false,USD
00k000000000732AAA,006000000000234AAA,01t000000000045AAA,15498,101.29,0.0652,94.69,1569792.42,1467505.62,59.87,927865.26,539640.36,0.367726,false,USD
00k000000000733AAA,006000000000234AAA,01t000000000021AAA,4746,334.74,0.1077,298.69,1588676.04,1417582.74,239.32,1135812.72,281770.02,0.198768,false,USD
00k000000000734AAA,006000000000234AAA,01t000000000007AAA,10896,198.82,0.1028,178.38,2166342.72,1943628.48,120.99,1318307.04,625321.44,0.321729,false,USD
00k000000000735AAA,006000000000235AAA,01t000000000037AAA,5488,371.94,0.1251,325.41,2041206.72,1785850.08,244.43,1341431.84,444418.24,0.248855,false,USD
00k000000000736AAA,006000000000235AAA,01t000000000029AAA,8515,223.33,0.1333,193.56,1901654.95,1648163.4,153.08,1303476.2,344687.2,0.209134,false,USD
00k000000000737AAA,006000000000235AAA,01t000000000041AAA,9124,268.34,0.0855,245.4,2448334.16,2239029.6,152.9,1395059.6,843970,0.376936,false,USD
00k000000000738AAA,006000000000236AAA,01t000000000032AAA,3995,317.52,0.1189,279.77,1268492.4,1117681.15,199.36,796443.2,321237.95,0.287415,false,USD
00k000000000739AAA,006000000000236AAA,01t000000000065AAA,2963,328.57,0.0853,300.54,973552.91,890500.02,228.94,678349.22,212150.8,0.238238,false,USD
00k000000000740AAA,006000000000236AAA,01t000000000062AAA,4614,199.21,0.1576,167.81,919154.94,774275.34,121.05,558524.7,215750.64,0.278648,false,USD
00k000000000741AAA,006000000000236AAA,01t000000000020AAA,3280,381.84,0.1078,340.68,1252435.2,1117430.4,218.34,716155.2,401275.2,0.359105,false,USD
00k000000000742AAA,006000000000236AAA,01t000000000049AAA,2732,355.01,0.1199,312.44,969887.32,853586.08,244.93,669148.76,184437.32,0.216073,false,USD
00k000000000743AAA,006000000000237AAA,01t000000000053AAA,5156,245.42,0.106,219.41,1265385.52,1131277.96,158.05,814905.8,316372.16,0.279659,false,USD
00k000000000744AAA,006000000000237AAA,01t000000000008AAA,4416,266.45,0.125,233.14,1176643.2,1029546.24,179.17,791214.72,238331.52,0.231492,false,USD
00k000000000745AAA,006000000000237AAA,01t000000000028AAA,7851,186.67,0.1306,162.29,1465546.17,1274138.79,110.67,868870.17,405268.62,0.318073,false,USD
00k000000000746AAA,006000000000237AAA,01t000000000021AAA,4722,327.66,0.0738,303.48,1547210.52,1433032.56,239.32,1130069.04,302963.52,0.211414,false,USD
00k000000000747AAA,006000000000237AAA,01t000000000023AAA,3351,345.34,0.1793,283.42,1157234.34,949740.42,222.39,745228.89,204511.53,0.215334,false,USD
00k000000000748AAA,006000000000238AAA,01t000000000030AAA,4543,156.56,0.0993,141.01,711252.08,640608.43,108.56,493188.08,147420.35,0.230126,false,USD
00k000000000749AAA,006000000000238AAA,01t000000000009AAA,2191,337.87,0.1385,291.08,740273.17,637756.28,203.75,446416.25,191340.03,0.300021,false,USD
00k000000000750AAA,006000000000238AAA,01t000000000021AAA,2292,329.96,0.1443,282.35,756268.32,647146.2,239.32,548521.44,98624.76,0.1524,false,USD
00k000000000751AAA,006000000000238AAA,01t000000000073AAA,2762,214.99,0.0903,195.58,593802.38,540191.96,136.74,377675.88,162516.08,0.300849,false,USD
00k000000000752AAA,006000000000238AAA,01t000000000003AAA,2906,198.4,0.1053,177.51,576550.4,515844.06,125.5,364703,151141.06,0.292998,false,USD
00k000000000753AAA,006000000000239AAA,01t000000000058AAA,6277,233.55,0.1396,200.95,1465993.35,1261363.15,167.27,1049953.79,211409.36,0.167604,false,USD
00k000000000754AAA,006000000000239AAA,01t000000000001AAA,4098,338.9,0.1022,304.26,1388812.2,1246857.48,209.3,857711.4,389146.08,0.312101,false,USD
00k000000000755AAA,006000000000239AAA,01t000000000059AAA,7859,213.49,0.1141,189.13,1677817.91,1486372.67,136.27,1070945.93,415426.74,0.27949,false,USD
00k000000000756AAA,006000000000239AAA,01t000000000039AAA,15467,118.82,0.1351,102.77,1837788.94,1589543.59,75.62,1169614.54,419929.05,0.264182,false,USD
00k000000000757AAA,006000000000240AAA,01t000000000052AAA,16877,109.56,0.079,100.9,1849044.12,1702889.3,62.85,1060719.45,642169.85,0.377106,false,USD
00k000000000758AAA,006000000000240AAA,01t000000000031AAA,6107,386.51,0.1461,330.04,2360416.57,2015554.28,237.31,1449252.17,566302.11,0.280966,false,USD
00k000000000759AAA,006000000000240AAA,01t000000000053AAA,8743,235.24,0.1029,211.03,2056703.32,1845035.29,158.05,1381831.15,463204.14,0.251054,false,USD
00k000000000760AAA,006000000000241AAA,01t000000000013AAA,3200,333.3,0.1611,279.61,1066560,894752,195.82,626624,268128,0.299667,false,USD
00k000000000761AAA,006000000000241AAA,01t000000000056AAA,3813,205.86,0.126,179.92,784944.18,686034.96,130.96,499350.48,186684.48,0.272121,false,USD
00k000000000762AAA,006000000000241AAA,01t000000000040AAA,3324,230.63,0.0787,212.48,766614.12,706283.52,142.61,474035.64,232247.88,0.328831,false,USD
00k000000000763AAA,006000000000241AAA,01t000000000037AAA,1997,375.97,0.0898,342.21,750812.09,683393.37,244.43,488126.71,195266.66,0.285731,false,USD
00k000000000764AAA,006000000000241AAA,01t000000000028AAA,2883,197.29,0.116,174.4,568787.07,502795.2,110.67,319061.61,183733.59,0.365424,false,USD
00k000000000765AAA,006000000000242AAA,01t000000000059AAA,3854,215.99,0.0649,201.97,832425.46,778392.38,136.27,525184.58,253207.8,0.325296,false,USD
00k000000000766AAA,006000000000242AAA,01t000000000042AAA,4284,274.55,0.1084,244.79,1176172.2,1048680.36,174.39,747086.76,301593.6,0.287593,false,USD
00k000000000767AAA,006000000000242AAA,01t000000000018AAA,7113,157.68,0.1147,139.59,1121577.84,992903.67,92.07,654893.91,338009.76,0.340426,false,USD
00k000000000768AAA,006000000000242AAA,01t000000000007AAA,4828,191.49,0.0902,174.22,924513.72,841134.16,120.99,584139.72,256994.44,0.305533,false,USD
00k000000000769AAA,006000000000242AAA,01t000000000037AAA,3245,382.03,0.1115,339.43,1239687.35,1101450.35,244.43,793175.35,308275,0.279881,false,USD
00k000000000770AAA,006000000000243AAA,01t000000000038AAA,10556,214.71,0.1124,190.58,2266478.76,2011762.48,127.14,1342089.84,669672.64,0.332879,false,USD
00k000000000771AAA,006000000000243AAA,01t000000000020AAA,3494,383.48,0.0807,352.53,1339879.12,1231739.82,218.34,762879.96,468859.86,0.380648,false,USD
00k000000000772AAA,006000000000243AAA,01t000000000052AAA,11195,105.94,0.1017,95.17,1185998.3,1065428.15,62.85,703605.75,361822.4,0.339603,false,USD
00k000000000773AAA,006000000000243AAA,01t000000000074AAA,6029,335.79,0.1078,299.59,2024477.91,1806228.11,224.7,1354716.3,451511.81,0.249975,false,USD
00k000000000774AAA,006000000000244AAA,01t000000000057AAA,6860,131.56,0.1368,113.56,902501.6,779021.6,72.85,499751,279270.6,0.358489,false,USD
00k000000000775AAA,006000000000244AAA,01t000000000062AAA,3483,193.33,0.1002,173.96,673368.39,605902.68,121.05,421617.15,184285.53,0.30415,false,USD
00k000000000776AAA,006000000000244AAA,01t000000000066AAA,2512,415.89,0.0985,374.92,1044715.68,941799.04,251.52,631818.24,309980.8,0.329137,false,USD
00k000000000777AAA,006000000000244AAA,01t000000000070AAA,1876,590.99,0.0979,533.13,1108697.24,1000151.88,339.31,636545.56,363606.32,0.363551,false,USD
00k000000000778AAA,006000000000244AAA,01t000000000003AAA,3770,207.13,0.1204,182.19,780880.1,686856.3,125.5,473135,213721.3,0.311159,false,USD
00k000000000779AAA,006000000000245AAA,01t000000000039AAA,10420,124.58,0.1521,105.63,1298123.6,1100664.6,75.62,787960.4,312704.2,0.284105,false,USD
00k000000000780AAA,006000000000245AAA,01t000000000048AAA,2093,400.95,0.0847,366.99,839188.35,768110.07,264.11,552782.23,215327.84,0.280335,false,USD
00k000000000781AAA,006000000000245AAA,01t000000000016AAA,3435,364.67,0.1371,314.67,1252641.45,1080891.45,212.59,730246.65,350644.8,0.324403,false,USD
00k000000000782AAA,006000000000246AAA,01t000000000055AAA,5297,242.03,0.0778,223.2,1282032.91,1182290.4,130.02,688715.94,493574.46,0.417473,false,USD
00k000000000783AAA,006000000000246AAA,01t000000000021AAA,2633,328.58,0.1444,281.13,865151.14,740215.29,239.32,630129.56,110085.73,0.148721,false,USD
00k000000000784AAA,006000000000246AAA,01t000000000059AAA,5657,202.46,0.0969,182.84,1145316.22,1034325.88,136.27,770879.39,263446.49,0.254704,false,USD
00k000000000785AAA,006000000000246AAA,01t000000000010AAA,1590,443.78,0.1483,377.97,705610.2,600972.3,280.72,446344.8,154627.5,0.257296,false,USD
00k000000000786AAA,006000000000246AAA,01t000000000022AAA,3139,369.93,0.14,318.14,1161210.27,998641.46,241.05,756655.95,241985.51,0.242315,false,USD
00k000000000787AAA,006000000000247AAA,01t000000000006AAA,2532,486.98,0.1081,434.34,1233033.36,1099748.88,301.3,762891.6,336857.28,0.306304,false,USD
00k000000000788AAA,006000000000247AAA,01t000000000013AAA,5120,330.77,0.1158,292.47,1693542.4,1497446.4,195.82,1002598.4,494848,0.330461,false,USD
00k000000000789AAA,006000000000247AAA,01t000000000015AAA,6221,310.59,0.1479,264.65,1932180.39,1646387.65,168.05,1045439.05,600948.6,0.36501,false,USD
00k000000000790AAA,006000000000248AAA,01t000000000043AAA,4055,227.23,0.0954,205.55,921417.65,833505.25,128.91,522730.05,310775.2,0.372853,false,USD
00k000000000791AAA,006000000000248AAA,01t000000000049AAA,2084,371.36,0.1156,328.43,773914.24,684448.12,244.93,510434.12,174014,0.25424,false,USD
00k000000000792AAA,006000000000248AAA,01t000000000031AAA,1481,386.38,0.0929,350.49,572228.78,519075.69,237.31,351456.11,167619.58,0.322919,false,USD
00k000000000793AAA,006000000000248AAA,01t000000000028AAA,3843,203.12,0.0764,187.6,780590.16,720946.8,110.67,425304.81,295641.99,0.410075,false,USD
00k000000000794AAA,006000000000248AAA,01t000000000023AAA,2113,349.82,0.1309,304.03,739169.66,642415.39,222.39,469910.07,172505.32,0.268526,false,USD
00k000000000795AAA,006000000000249AAA,01t000000000058AAA,7068,237.03,0.124,207.64,1675328.04,1467599.52,167.27,1182264.36,285335.16,0.194423,false,USD
00k000000000796AAA,006000000000249AAA,01t000000000049AAA,4280,382.06,0.1203,336.1,1635216.8,1438508,244.93,1048300.4,390207.6,0.271259,false,USD
00k000000000797AAA,006000000000249AAA,01t000000000019AAA,5348,349.46,0.1169,308.61,1868912.08,1650446.28,228.88,1224050.24,426396.04,0.258352,false,USD
00k000000000798AAA,006000000000250AAA,01t000000000059AAA,3011,213.04,0.1405,183.11,641463.44,551344.21,136.27,410308.97,141035.24,0.255803,false,USD
00k000000000799AAA,006000000000250AAA,01t000000000040AAA,2035,233.01,0.1106,207.24,474175.35,421733.4,142.61,290211.35,131522.05,0.311861,false,USD
00k000000000800AAA,006000000000250AAA,01t000000000024AAA,2548,311.75,0.1302,271.16,794339,690915.68,221.7,564891.6,126024.08,0.182402,false,USD
00k000000000801AAA,006000000000250AAA,01t000000000038AAA,4038,207,0.1057,185.12,835866,747514.56,127.14,513391.32,234123.24,0.313202,false,USD
00k000000000802AAA,006000000000250AAA,01t000000000001AAA,2338,323.59,0.1034,290.13,756553.42,678323.94,209.3,489343.4,188980.54,0.278599,false,USD
00k000000000803AAA,006000000000251AAA,01t000000000012AAA,2174,390.05,0.115,345.19,847968.7,750443.06,249.67,542782.58,207660.48,0.276717,false,USD
00k000000000804AAA,006000000000251AAA,01t000000000057AAA,8249,126.27,0.085,115.54,1041601.23,953089.46,72.85,600939.65,352149.81,0.369482,false,USD
00k000000000805AAA,006000000000251AAA,01t000000000027AAA,3457,398.87,0.0892,363.29,1378893.59,1255893.53,251.82,870541.74,385351.79,0.306835,false,USD
00k000000000806AAA,006000000000251AAA,01t000000000046AAA,18228,81.56,0.1418,69.99,1486675.68,1275777.72,53.15,968818.2,306959.52,0.240606,false,USD
00k000000000807AAA,006000000000252AAA,01t000000000042AAA,4102,279.51,0.126,244.29,1146550.02,1002077.58,174.39,715347.78,286729.8,0.286135,false,USD
00k000000000808AAA,006000000000252AAA,01t000000000003AAA,9587,208.12,0.0948,188.39,1995246.44,1806094.93,125.5,1203168.5,602926.43,0.333829,false,USD
00k000000000809AAA,006000000000252AAA,01t000000000059AAA,5514,209.36,0.0741,193.85,1154411.04,1068888.9,136.27,751392.78,317496.12,0.297034,false,USD
00k000000000810AAA,006000000000252AAA,01t000000000018AAA,12520,154.64,0.1229,135.63,1936092.8,1698087.6,92.07,1152716.4,545371.2,0.321168,false,USD
00k000000000811AAA,006000000000253AAA,01t000000000011AAA,3058,316.71,0.1484,269.71,968499.18,824773.18,204.74,626094.92,198678.26,0.240888,false,USD
00k000000000812AAA,006000000000253AAA,01t000000000049AAA,1841,363.82,0.1113,323.33,669792.62,595250.53,244.93,450916.13,144334.4,0.242477,false,USD
00k000000000813AAA,006000000000253AAA,01t000000000013AAA,1587,320.4,0.1088,285.54,508474.8,453151.98,195.82,310766.34,142385.64,0.314212,false,USD
00k000000000814AAA,006000000000253AAA,01t000000000060AAA,3376,242.01,0.0671,225.77,817025.76,762199.52,164.46,555216.96,206982.56,0.27156,false,USD
00k000000000815AAA,006000000000253AAA,01t000000000026AAA,3142,307.5,0.1423,263.74,966165,828671.08,198.27,622964.34,205706.74,0.248237,false,USD
00k000000000816AAA,006000000000254AAA,01t000000000062AAA,7755,200.06,0.1007,179.91,1551465.3,1395202.05,121.05,938742.75,456459.3,0.327164,false,USD
00k000000000817AAA,006000000000254AAA,01t000000000033AAA,3167,406.47,0.1247,355.78,1287290.49,1126755.26,280.14,887203.38,239551.88,0.212603,false,USD
00k000000000818AAA,006000000000254AAA,01t000000000007AAA,4805,194.31,0.1311,168.84,933659.55,811276.2,120.99,581356.95,229919.25,0.283404,false,USD
00k000000000819AAA,006000000000254AAA,01t000000000040AAA,4632,221.51,0.1209,194.73,1026034.32,901989.36,142.61,660569.52,241419.84,0.267653,false,USD
00k000000000820AAA,006000000000255AAA,01t000000000068AAA,2616,457.51,0.106,409.01,1196846.16,1069970.16,303.4,793694.4,276275.76,0.258209,false,USD
00k000000000821AAA,006000000000255AAA,01t000000000044AAA,3283,409.28,0.0797,376.66,1343666.24,1236574.78,243.46,799279.18,437295.6,0.353635,false,USD
00k000000000822AAA,006000000000255AAA,01t000000000055AAA,3936,240.14,0.0916,218.14,945191.04,858599.04,130.02,511758.72,346840.32,0.403961,false,USD
00k000000000823AAA,006000000000255AAA,01t000000000028AAA,5339,195.23,0.0869,178.26,1042332.97,951730.14,110.67,590867.13,360863.01,0.379165,false,USD
00k000000000824AAA,006000000000256AAA,01t000000000064AAA,6673,235.95,0.1331,204.55,1574494.35,1364962.15,161.48,1077556.04,287406.11,0.21056,false,USD
00k000000000825AAA,006000000000256AAA,01t000000000009AAA,6585,333.51,0.1098,296.89,2196163.35,1955020.65,203.75,1341693.75,613326.9,0.313719,false,USD
00k000000000826AAA,006000000000256AAA,01t000000000034AAA,7379,235.59,0.1434,201.81,1738418.61,1489155.99,148.57,1096298.03,392857.96,0.263812,false,USD
00k000000000827AAA,006000000000256AAA,01t000000000056AAA,9498,216.09,0.1364,186.62,2052422.82,1772516.76,130.96,1243858.08,528658.68,0.298253,false,USD
00k000000000828AAA,006000000000257AAA,01t000000000053AAA,10911,249.26,0.09,226.83,2719675.86,2474942.13,158.05,1724483.55,750458.58,0.303223,false,USD
00k000000000829AAA,006000000000257AAA,01t000000000035AAA,5338,378.69,0.1536,320.52,2021447.22,1710935.76,237.75,1269109.5,441826.26,0.258237,false,USD
00k000000000830AAA,006000000000257AAA,01t000000000070AAA,2922,564.31,0.1004,507.65,1648913.82,1483353.3,339.31,991463.82,491889.48,0.331606,false,USD
00k000000000831AAA,006000000000258AAA,01t000000000017AAA,7236,188.74,0.1143,167.17,1365722.64,1209642.12,126.45,914992.2,294649.92,0.243584,false,USD
00k000000000832AAA,006000000000258AAA,01t000000000029AAA,9542,235.55,0.1526,199.61,2247618.1,1904678.62,153.08,1460689.36,443989.26,0.233105,false,USD
00k000000000833AAA,006000000000258AAA,01t000000000019AAA,5702,348.9,0.1198,307.1,1989427.8,1751084.2,228.88,1305073.76,446010.44,0.254705,false,USD
00k000000000834AAA,006000000000259AAA,01t000000000013AAA,4565,338.95,0.0997,305.16,1547306.75,1393055.4,195.82,893918.3,499137.1,0.358304,false,USD
00k000000000835AAA,006000000000259AAA,01t000000000062AAA,8566,196.42,0.1382,169.27,1682533.72,1449966.82,121.05,1036914.3,413052.52,0.28487,false,USD
00k000000000836AAA,006000000000259AAA,01t000000000032AAA,5371,313.95,0.1222,275.59,1686225.45,1480193.89,199.36,1070762.56,409431.33,0.276607,false,USD
00k000000000837AAA,006000000000260AAA,01t000000000018AAA,5938,150.1,0.1558,126.71,891293.8,752403.98,92.07,546711.66,205692.32,0.27338,false,USD
00k000000000838AAA,006000000000260AAA,01t000000000054AAA,6020,131.68,0.0981,118.76,792713.6,714935.2,80.43,484188.6,230746.6,0.322752,false,USD
00k000000000839AAA,006000000000260AAA,01t000000000068AAA,1160,446.2,0.1497,379.4,517592,440104,303.4,351944,88160,0.200316,false,USD
00k000000000840AAA,006000000000260AAA,01t000000000056AAA,1883,200.63,0.0473,191.14,377786.29,359916.62,130.96,246597.68,113318.94,0.314848,false,USD
00k000000000841AAA,006000000000260AAA,01t000000000025AAA,11494,76.04,0.1514,64.53,874003.76,741707.82,51.29,589527.26,152180.56,0.205176,false,USD
00k000000000842AAA,006000000000261AAA,01t000000000006AAA,3485,476.36,0.1116,423.2,1660114.6,1474852,301.3,1050030.5,424821.5,0.288043,false,USD
00k000000000843AAA,006000000000261AAA,01t000000000018AAA,8323,142.84,0.1061,127.68,1188857.32,1062680.64,92.07,766298.61,296382.03,0.2789,false,USD
00k000000000844AAA,006000000000261AAA,01t000000000051AAA,19453,72.02,0.1262,62.93,1401005.06,1224177.29,51.08,993659.24,230518.05,0.188304,false,USD
00k000000000845AAA,006000000000261AAA,01t000000000042AAA,4670,282.06,0.1469,240.63,1317220.2,1123742.1,174.39,814401.3,309340.8,0.275277,false,USD
00k000000000846AAA,006000000000262AAA,01t000000000052AAA,13402,106.54,0.1206,93.69,1427849.08,1255633.38,62.85,842315.7,413317.68,0.329171,false,USD
00k000000000847AAA,006000000000262AAA,01t000000000013AAA,3115,327.49,0.1303,284.82,1020131.35,887214.3,195.82,609979.3,277235,0.312478,false,USD
00k000000000848AAA,006000000000262AAA,01t000000000049AAA,4029,344.98,0.1286,300.62,1389924.42,1211197.98,244.93,986822.97,224375.01,0.18525,false,USD
00k000000000849AAA,006000000000263AAA,01t000000000029AAA,9540,221.17,0.1439,189.34,2109961.8,1806303.6,153.08,1460383.2,345920.4,0.191507,false,USD
00k000000000850AAA,006000000000263AAA,01t000000000055AAA,10108,240.01,0.1059,214.59,2426021.08,2169075.72,130.02,1314242.16,854833.56,0.3941,false,USD
00k000000000851AAA,006000000000263AAA,01t000000000041AAA,9590,268.29,0.1759,221.1,2572901.1,2120349,152.9,1466311,654038,0.308458,false,USD
00k000000000852AAA,006000000000264AAA,01t000000000018AAA,10244,150.73,0.1351,130.37,1544078.12,1335510.28,92.07,943165.08,392345.2,0.293779,false,USD
00k000000000853AAA,006000000000264AAA,01t000000000054AAA,10940,134.55,0.0945,121.84,1471977,1332929.6,80.43,879904.2,453025.4,0.339872,false,USD
00k000000000854AAA,006000000000264AAA,01t000000000044AAA,6359,394.76,0.1329,342.3,2510278.84,2176685.7,243.46,1548162.14,628523.56,0.288753,false,USD
00k000000000855AAA,006000000000264AAA,01t000000000005AAA,4759,372.27,0.1192,327.9,1771632.93,1560476.1,272.07,1294781.13,265694.97,0.170265,false,USD
00k000000000856AAA,006000000000265AAA,01t000000000038AAA,12204,220.05,0.0866,200.99,2685490.2,2452881.96,127.14,1551616.56,901265.4,0.367431,false,USD
00k000000000857AAA,006000000000265AAA,01t000000000048AAA,4087,401.5,0.134,347.7,1640930.5,1421049.9,264.11,1079417.57,341632.33,0.240408,false,USD
00k000000000858AAA,006000000000265AAA,01t000000000072AAA,3258,604.42,0.1108,537.45,1969200.36,1751012.1,412.18,1342882.44,408129.66,0.233082,false,USD
00k000000000859AAA,006000000000266AAA,01t000000000028AAA,911,199.3,0.0218,194.96,181562.3,177608.56,110.67,100820.37,76788.19,0.432345,false,USD
00k000000000860AAA,006000000000266AAA,01t000000000015AAA,510,306.33,0.0435,293,156228.3,149430,168.05,85705.5,63724.5,0.426451,false,USD
00k000000000861AAA,006000000000266AAA,01t000000000052AAA,2195,105.05,0.074,97.28,230584.75,213529.6,62.85,137955.75,75573.85,0.353927,false,USD
00k000000000862AAA,006000000000267AAA,01t000000000068AAA,1310,428.01,0.0346,413.2,560693.1,541292,303.4,397454,143838,0.265731,false,USD
00k000000000863AAA,006000000000267AAA,01t000000000026AAA,1847,292.27,0.0634,273.74,539822.69,505597.78,198.27,366204.69,139393.09,0.2757,false,USD
00k000000000864AAA,006000000000268AAA,01t000000000039AAA,1756,121.54,0.0943,110.08,213424.24,193300.48,73.35,128802.6,64497.88,0.333666,false,USD
00k000000000865AAA,006000000000268AAA,01t000000000057AAA,1490,124.09,0.0372,119.47,184894.1,178010.3,70.66,105283.4,72726.9,0.408554,false,USD
00k000000000866AAA,006000000000268AAA,01t000000000001AAA,549,322.14,0.0268,313.51,176854.86,172116.99,203.02,111457.98,60659.01,0.352429,false,USD
00k000000000867AAA,006000000000269AAA,01t000000000033AAA,591,406.93,0.089,370.71,240495.63,219089.61,280.14,165562.74,53526.87,0.244315,false,USD
00k000000000868AAA,006000000000269AAA,01t000000000052AAA,2020,109.33,0.0546,103.36,220846.6,208787.2,62.85,126957,81830.2,0.391931,false,USD
00k000000000869AAA,006000000000269AAA,01t000000000028AAA,978,204.59,0.0576,192.81,200089.02,188568.18,110.67,108235.26,80332.92,0.426015,false,USD
00k000000000870AAA,006000000000269AAA,01t000000000050AAA,2831,78.94,0.1103,70.23,223479.14,198821.13,51.06,144550.86,54270.27,0.27296,false,USD
00k000000000871AAA,006000000000270AAA,01t000000000043AAA,521,237.02,0.1239,207.65,123487.42,108185.65,128.91,67162.11,41023.54,0.379196,false,USD
00k000000000872AAA,006000000000270AAA,01t000000000026AAA,610,288.6,0.108,257.43,176046,157032.3,198.27,120944.7,36087.6,0.22981,false,USD
00k000000000873AAA,006000000000271AAA,01t000000000024AAA,889,325.1,0.0949,294.25,289013.9,261588.25,221.7,197091.3,64496.95,0.246559,false,USD
00k000000000874AAA,006000000000271AAA,01t000000000009AAA,773,339.51,0.0705,315.57,262441.23,243935.61,203.75,157498.75,86436.86,0.354343,false,USD
00k000000000875AAA,006000000000271AAA,01t000000000014AAA,3016,121.43,0.0598,114.17,366232.88,344336.72,81.05,244446.8,99889.92,0.290094,false,USD
00k000000000876AAA,006000000000271AAA,01t000000000057AAA,2976,130.36,0.0844,119.36,387951.36,355215.36,72.85,216801.6,138413.76,0.389662,false,USD
00k000000000877AAA,006000000000272AAA,01t000000000058AAA,1664,241.8,0.0599,227.32,402355.2,378260.48,167.27,278337.28,99923.2,0.264165,false,USD
00k000000000878AAA,006000000000273AAA,01t000000000060AAA,1903,251.05,0.0685,233.85,477748.15,445016.55,164.46,312967.38,132049.17,0.296729,false,USD
00k000000000879AAA,006000000000273AAA,01t000000000028AAA,2271,204.2,0.0957,184.66,463738.2,419362.86,110.67,251331.57,168031.29,0.400682,false,USD
00k000000000880AAA,006000000000273AAA,01t000000000047AAA,1679,331.99,0.0798,305.5,557411.21,512934.5,213.19,357946.01,154988.49,0.30216,false,USD
00k000000000881AAA,006000000000274AAA,01t000000000023AAA,875,322.86,0.0361,311.2,282502.5,272300,222.39,194591.25,77708.75,0.285379,false,USD
00k000000000882AAA,006000000000274AAA,01t000000000014AAA,2964,124.38,0.0605,116.86,368662.32,346373.04,81.05,240232.2,106140.84,0.306435,false,USD
00k000000000883AAA,006000000000274AAA,01t000000000015AAA,1405,296.92,0.1138,263.13,417172.6,369697.65,168.05,236110.25,133587.4,0.361342,false,USD
00k000000000884AAA,006000000000275AAA,01t000000000019AAA,1284,343.85,0.0749,318.1,441503.4,408440.4,228.88,293881.92,114558.48,0.280478,false,USD
00k000000000885AAA,006000000000275AAA,01t000000000003AAA,1558,205.15,0.0212,200.8,319623.7,312846.4,125.5,195529,117317.4,0.375,false,USD
00k000000000886AAA,006000000000275AAA,01t000000000046AAA,3682,83.69,0.0528,79.27,308146.58,291872.14,53.15,195698.3,96173.84,0.329507,false,USD
00k000000000887AAA,006000000000276AAA,01t000000000048AAA,647,427.96,0.0795,393.94,276890.12,254879.18,264.11,170879.17,84000.01,0.329568,false,USD
00k000000000888AAA,006000000000277AAA,01t000000000036AAA,481,145.36,0.0505,138.02,69918.16,66387.62,92.32,44405.92,21981.7,0.331111,false,USD
00k000000000889AAA,006000000000277AAA,01t000000000004AAA,187,386.28,0.0492,367.28,72234.36,68681.36,259.01,48434.87,20246.49,0.294789,false,USD
00k000000000890AAA,006000000000277AAA,01t000000000050AAA,682,77.44,0.035,74.73,52814.08,50965.86,49.53,33779.46,17186.4,0.337214,false,USD
00k000000000891AAA,006000000000277AAA,01t000000000024AAA,175,317.87,0.0348,306.81,55627.25,53691.75,215.05,37633.75,16058,0.299078,false,USD
00k000000000892AAA,006000000000277AAA,01t000000000058AAA,293,231.65,0.0646,216.69,67873.45,63490.17,162.25,47539.25,15950.92,0.251234,false,USD
00k000000000893AAA,006000000000278AAA,01t000000000038AAA,3056,210.88,0.0852,192.91,644449.28,589532.96,127.14,388539.84,200993.12,0.340936,false,USD
00k000000000894AAA,006000000000279AAA,01t000000000014AAA,2112,120.28,0.0608,112.97,254031.36,238592.64,81.05,171177.6,67415.04,0.282553,false,USD
00k000000000895AAA,006000000000279AAA,01t000000000024AAA,425,311.5,0.1009,280.07,132387.5,119029.75,221.7,94222.5,24807.25,0.208412,false,USD
00k000000000896AAA,006000000000279AAA,01t000000000035AAA,552,389.09,0.1055,348.04,214777.68,192118.08,237.75,131238,60880.08,0.316889,false,USD
00k000000000897AAA,006000000000279AAA,01t000000000047AAA,518,311.72,0.0612,292.64,161470.96,151587.52,213.19,110432.42,41155.1,0.271494,false,USD
00k000000000898AAA,006000000000280AAA,01t000000000036AAA,355,149.03,0.0333,144.07,52905.65,51144.85,95.18,33788.9,17355.95,0.339349,false,USD
00k000000000899AAA,006000000000280AAA,01t000000000023AAA,213,332.4,0.057,313.45,70801.2,66764.85,222.39,47369.07,19395.78,0.290509,false,USD
00k000000000900AAA,006000000000280AAA,01t000000000060AAA,308,246.08,0.0817,225.98,75792.64,69601.84,164.46,50653.68,18948.16,0.272236,false,USD
00k000000000901AAA,006000000000280AAA,01t000000000042AAA,220,283.12,0.1186,249.54,62286.4,54898.8,174.39,38365.8,16533,0.301154,false,USD
00k000000000902AAA,006000000000280AAA,01t000000000017AAA,411,185.65,0.091,168.76,76302.15,69360.36,126.45,51970.95,17389.41,0.250711,false,USD
00k000000000903AAA,006000000000281AAA,01t000000000060AAA,2363,254.72,0.1029,228.51,601903.36,539969.13,164.46,388618.98,151350.15,0.280294,false,USD
00k000000000904AAA,006000000000281AAA,01t000000000053AAA,2163,244.44,0.0608,229.58,528723.72,496581.54,158.05,341862.15,154719.39,0.311569,false,USD
00k000000000905AAA,006000000000281AAA,01t000000000025AAA,13699,72.87,0.1248,63.78,998246.13,873722.22,51.29,702621.71,171100.51,0.195829,false,USD
00k000000000906AAA,006000000000282AAA,01t000000000044AAA,522,416.62,0.0668,388.79,217475.64,202948.38,243.46,127086.12,75862.26,0.373801,false,USD
00k000000000907AAA,006000000000282AAA,01t000000000051AAA,3485,71.65,0.0318,69.37,249700.25,241754.45,51.08,178013.8,63740.65,0.263659,false,USD
00k000000000908AAA,006000000000282AAA,01t000000000040AAA,1071,237.31,0.082,217.85,254159.01,233317.35,142.61,152735.31,80582.04,0.345375,false,USD
00k000000000909AAA,006000000000283AAA,01t000000000047AAA,583,313.44,0.0569,295.61,182735.52,172340.63,213.19,124289.77,48050.86,0.278813,false,USD
00k000000000910AAA,006000000000283AAA,01t000000000006AAA,595,478.73,0.1004,430.67,284844.35,256248.65,301.3,179273.5,76975.15,0.300392,false,USD
00k000000000911AAA,006000000000283AAA,01t000000000054AAA,2360,135.59,0.0634,126.99,319992.4,299696.4,80.43,189814.8,109881.6,0.366643,false,USD
00k000000000912AAA,006000000000283AAA,01t000000000046AAA,4556,82.68,0.1022,74.23,376690.08,338191.88,53.15,242151.4,96040.48,0.283982,false,USD
00k000000000913AAA,006000000000284AAA,01t000000000031AAA,230,385.78,0.0745,357.04,88729.4,82119.2,237.31,54581.3,27537.9,0.335341,false,USD
00k000000000914AAA,006000000000284AAA,01t000000000055AAA,258,227.26,0.094,205.9,58633.08,53122.2,130.02,33545.16,19577.04,0.368528,false,USD
00k000000000915AAA,006000000000284AAA,01t000000000052AAA,599,108.54,0.1154,96.01,65015.46,57509.99,62.85,37647.15,19862.84,0.345381,false,USD
00k000000000916AAA,006000000000284AAA,01t000000000057AAA,649,127.28,0.0628,119.29,82604.72,77419.21,72.85,47279.65,30139.56,0.389303,false,USD
00k000000000917AAA,006000000000285AAA,01t000000000019AAA,2055,354.38,0.041,339.85,728250.9,698391.75,222.01,456230.55,242161.2,0.346741,false,USD
00k000000000918AAA,006000000000285AAA,01t000000000046AAA,7264,82.82,0.0561,78.17,601604.48,567826.88,51.56,374531.84,193295.04,0.340412,false,USD
00k000000000919AAA,006000000000285AAA,01t000000000055AAA,2593,238.67,0.0513,226.43,618871.31,587132.99,126.12,327029.16,260103.83,0.443007,false,USD
00k000000000920AAA,006000000000285AAA,01t000000000006AAA,1601,452.97,0.071,420.81,725204.97,673716.81,292.26,467908.26,205808.55,0.305482,false,USD
00k000000000921AAA,006000000000286AAA,01t000000000015AAA,246,298.27,0.0378,287,73374.42,70602,163.01,40100.46,30501.54,0.432021,false,USD
00k000000000922AAA,006000000000286AAA,01t000000000056AAA,601,205.87,0.0795,189.5,123727.87,113889.5,127.03,76345.03,37544.47,0.329657,false,USD
00k000000000923AAA,006000000000286AAA,01t000000000047AAA,370,310.88,0.0748,287.63,115025.6,106423.1,206.79,76512.3,29910.8,0.281056,false,USD
00k000000000924AAA,006000000000286AAA,01t000000000002AAA,604,185.05,0.0587,174.19,111770.2,105210.76,110.39,66675.56,38535.2,0.366267,false,USD
00k000000000925AAA,006000000000286AAA,01t000000000033AAA,227,423.11,0.0751,391.33,96045.97,88831.91,271.74,61684.98,27146.93,0.305599,false,USD
00k000000000926AAA,006000000000287AAA,01t000000000059AAA,1121,215.32,0.0969,194.46,241373.72,217989.66,136.27,152758.67,65230.99,0.299239,false,USD
00k000000000927AAA,006000000000287AAA,01t000000000051AAA,3135,70.42,0.0603,66.17,220766.7,207442.95,51.08,160135.8,47307.15,0.228049,false,USD
00k000000000928AAA,006000000000287AAA,01t000000000018AAA,1991,150.03,0.0586,141.24,298709.73,281208.84,92.07,183311.37,97897.47,0.348131,false,USD
00k000000000929AAA,006000000000288AAA,01t000000000053AAA,582,240.87,0.0916,218.81,140186.34,127347.42,158.05,91985.1,35362.32,0.277684,false,USD
00k000000000930AAA,006000000000288AAA,01t000000000004AAA,259,397.97,0.0817,365.46,103074.23,94654.14,267.02,69158.18,25495.96,0.269359,false,USD
00k000000000931AAA,006000000000288AAA,01t000000000046AAA,1233,81.69,0.0949,73.94,100723.77,91168.02,53.15,65533.95,25634.07,0.281174,false,USD
00k000000000932AAA,006000000000289AAA,01t000000000019AAA,1161,354.4,0.0809,325.73,411458.4,378172.53,228.88,265729.68,112442.85,0.297332,false,USD
00k000000000933AAA,006000000000289AAA,01t000000000010AAA,637,438.75,0.1097,390.62,279483.75,248824.94,280.72,178818.64,70006.3,0.281348,false,USD
00k000000000934AAA,006000000000289AAA,01t000000000016AAA,857,370.5,0.0521,351.2,317518.5,300978.4,212.59,182189.63,118788.77,0.394675,false,USD
00k000000000935AAA,006000000000290AAA,01t000000000040AAA,682,230.09,0.0536,217.76,156921.38,148512.32,142.61,97260.02,51252.3,0.345105,false,USD
00k000000000936AAA,006000000000290AAA,01t000000000062AAA,1265,199.08,0.0611,186.92,251836.2,236453.8,121.05,153128.25,83325.55,0.352397,false,USD
00k000000000937AAA,006000000000290AAA,01t000000000013AAA,443,323.14,0.088,294.7,143151.02,130552.1,195.82,86748.26,43803.84,0.335528,false,USD
00k000000000938AAA,006000000000290AAA,01t000000000007AAA,828,194.57,0.0655,181.83,161103.96,150555.24,120.99,100179.72,50375.52,0.334598,false,USD
00k000000000939AAA,006000000000291AAA,01t000000000072AAA,250,591.78,0.0852,541.36,147945,135340,412.18,103045,32295,0.238621,false,USD
00k000000000940AAA,006000000000291AAA,01t000000000031AAA,462,386.84,0.0968,349.39,178720.08,161418.18,237.31,109637.22,51780.96,0.320788,false,USD
00k000000000941AAA,006000000000291AAA,01t000000000025AAA,1523,71.77,0.0396,68.93,109305.71,104980.39,51.29,78114.67,26865.72,0.255912,false,USD
00k000000000942AAA,006000000000291AAA,01t000000000062AAA,725,199.01,0.1103,177.06,144282.25,128368.5,121.05,87761.25,40607.25,0.316333,false,USD
00k000000000943AAA,006000000000292AAA,01t000000000063AAA,1026,454.97,0.0977,410.52,466799.22,421193.52,264.31,271182.06,150011.46,0.356158,false,USD
00k000000000944AAA,006000000000292AAA,01t000000000070AAA,768,578.17,0.0889,526.77,444034.56,404559.36,339.31,260590.08,143969.28,0.355867,false,USD
00k000000000945AAA,006000000000293AAA,01t000000000025AAA,7034,69.59,0.0202,68.18,489496.06,479578.12,51.29,360773.86,118804.26,0.247727,false,USD
00k000000000946AAA,006000000000293AAA,01t000000000061AAA,1612,197.74,0.1016,177.65,318756.88,286371.8,138.34,223004.08,63367.72,0.221278,false,USD
00k000000000947AAA,006000000000294AAA,01t000000000054AAA,497,131.86,0.0906,119.91,65534.42,59595.27,80.43,39973.71,19621.56,0.329247,false,USD
00k000000000948AAA,006000000000294AAA,01t000000000037AAA,161,389.41,0.0765,359.62,62695.01,57898.82,244.43,39353.23,18545.59,0.32031,false,USD
00k000000000949AAA,006000000000294AAA,01t000000000053AAA,228,246.99,0.1253,216.04,56313.72,49257.12,158.05,36035.4,13221.72,0.268423,false,USD
00k000000000950AAA,006000000000295AAA,01t000000000048AAA,1145,417.78,0.0672,389.71,478358.1,446217.95,264.11,302405.95,143812,0.322291,false,USD
00k000000000951AAA,006000000000295AAA,01t000000000038AAA,1703,210.44,0.0673,196.28,358379.32,334264.84,127.14,216519.42,117745.42,0.352252,false,USD
00k000000000952AAA,006000000000296AAA,01t000000000018AAA,1535,152.38,0.0473,145.17,233903.3,222835.95,92.07,141327.45,81508.5,0.365778,false,USD
00k000000000953AAA,006000000000296AAA,01t000000000010AAA,909,450.48,0.0627,422.23,409486.32,383807.07,280.72,255174.48,128632.59,0.335149,false,USD
00k000000000954AAA,006000000000296AAA,01t000000000057AAA,2216,125.16,0.0486,119.08,277354.56,263881.28,72.85,161435.6,102445.68,0.388226,false,USD
00k000000000955AAA,006000000000296AAA,01t000000000045AAA,2389,107.14,0.0366,103.22,255957.46,246592.58,59.87,143029.43,103563.15,0.419977,false,USD
00k000000000956AAA,006000000000296AAA,01t000000000050AAA,2817,79.49,0.0623,74.54,223923.33,209979.18,51.06,143836.02,66143.16,0.314999,false,USD
00k000000000957AAA,006000000000297AAA,01t000000000010AAA,232,444.17,0.0477,422.98,103047.44,98131.36,272.3,63173.6,34957.76,0.356234,false,USD
00k000000000958AAA,006000000000297AAA,01t000000000045AAA,991,105.01,0.0262,102.26,104064.91,101339.66,58.07,57547.37,43792.29,0.432134,false,USD
00k000000000959AAA,006000000000297AAA,01t000000000056AAA,641,216.09,0.0736,200.19,138513.69,128321.79,127.03,81426.23,46895.56,0.365453,false,USD
00k000000000960AAA,006000000000297AAA,01t000000000022AAA,464,352.81,0.0543,333.65,163703.84,154813.6,233.82,108492.48,46321.12,0.299206,false,USD
00k000000000961AAA,006000000000298AAA,01t000000000039AAA,3414,119.73,0.0578,112.81,408758.22,385133.34,75.62,258166.68,126966.66,0.329669,false,USD
00k000000000962AAA,006000000000298AAA,01t000000000038AAA,2879,213.78,0.028,207.79,615472.62,598227.41,127.14,366036.06,232191.35,0.388132,false,USD
00k000000000963AAA,006000000000298AAA,01t000000000013AAA,1116,329.8,0.1009,296.52,368056.8,330916.32,195.82,218535.12,112381.2,0.339606,false,USD
00k000000000964AAA,006000000000299AAA,01t000000000019AAA,575,356.06,0.1214,312.83,204734.5,179877.25,228.88,131606,48271.25,0.268357,false,USD
00k000000000965AAA,006000000000299AAA,01t000000000052AAA,1375,102.67,0.0266,99.94,141171.25,137417.5,62.85,86418.75,50998.75,0.371123,false,USD
00k000000000966AAA,006000000000300AAA,01t000000000006AAA,169,457.89,0.0933,415.17,77383.41,70163.73,301.3,50919.7,19244.03,0.274273,false,USD
00k000000000967AAA,006000000000300AAA,01t000000000055AAA,229,223.11,0.055,210.84,51092.19,48282.36,130.02,29774.58,18507.78,0.383324,false,USD
00k000000000968AAA,006000000000300AAA,01t000000000020AAA,129,368.97,0.0528,349.49,47597.13,45084.21,218.34,28165.86,16918.35,0.375261,false,USD
00k000000000969AAA,006000000000301AAA,01t000000000055AAA,1389,239.92,0.0429,229.63,333248.88,318956.07,130.02,180597.78,138358.29,0.433785,false,USD
00k000000000970AAA,006000000000302AAA,01t000000000028AAA,2420,202.8,0.0507,192.52,490776,465898.4,110.67,267821.4,198077,0.425151,false,USD
00k000000000971AAA,006000000000302AAA,01t000000000041AAA,1493,266.23,0.1034,238.7,397481.39,356379.1,152.9,228279.7,128099.4,0.359447,false,USD
00k000000000972AAA,006000000000303AAA,01t000000000036AAA,705,146.07,0.0639,136.74,102979.35,96401.7,95.18,67101.9,29299.8,0.303934,false,USD
00k000000000973AAA,006000000000303AAA,01t000000000026AAA,560,299.13,0.0636,280.11,167512.8,156861.6,198.27,111031.2,45830.4,0.292171,false,USD
00k000000000974AAA,006000000000303AAA,01t000000000057AAA,1250,126.78,0.049,120.57,158475,150712.5,72.85,91062.5,59650,0.395787,false,USD
00k000000000975AAA,006000000000303AAA,01t000000000056AAA,625,200.32,0.0719,185.92,125200,116200,130.96,81850,34350,0.295611,false,USD
00k000000000976AAA,006000000000304AAA,01t000000000048AAA,492,404.25,0.0321,391.27,198891,192504.84,264.11,129942.12,62562.72,0.324993,false,USD
00k000000000977AAA,006000000000304AAA,01t000000000024AAA,387,326.31,0.0768,301.25,126281.97,116583.75,221.7,85797.9,30785.85,0.264066,false,USD
00k000000000978AAA,006000000000304AAA,01t000000000023AAA,698,339.53,0.0651,317.43,236991.94,221566.14,222.39,155228.22,66337.92,0.299405,false,USD
00k000000000979AAA,006000000000305AAA,01t000000000067AAA,632,201.54,0.0601,189.43,127373.28,119719.76,130.51,82482.32,37237.44,0.311038,false,USD
00k000000000980AAA,006000000000305AAA,01t000000000024AAA,560,326.6,0.0391,313.83,182896,175744.8,221.7,124152,51592.8,0.293567,false,USD
00k000000000981AAA,006000000000305AAA,01t000000000060AAA,663,253.65,0.0544,239.85,168169.95,159020.55,164.46,109036.98,49983.57,0.314321,false,USD
00k000000000982AAA,006000000000305AAA,01t000000000056AAA,818,204.29,0.0496,194.16,167109.22,158822.88,130.96,107125.28,51697.6,0.325505,false,USD
00k000000000983AAA,006000000000306AAA,01t000000000052AAA,798,104.98,0.0417,100.6,83774.04,80278.8,62.85,50154.3,30124.5,0.375249,false,USD
00k000000000984AAA,006000000000306AAA,01t000000000013AAA,243,342,0.1004,307.66,83106,74761.38,195.82,47584.26,27177.12,0.363518,false,USD
00k000000000985AAA,006000000000306AAA,01t000000000074AAA,208,337.19,0.0168,331.53,70135.52,68958.24,224.7,46737.6,22220.64,0.322233,false,USD
00k000000000986AAA,006000000000306AAA,01t000000000038AAA,505,215.23,0.05,204.47,108691.15,103257.35,127.14,64205.7,39051.65,0.378197,false,USD
00k000000000987AAA,006000000000307AAA,01t000000000039AAA,1320,123.51,0.0896,112.44,163033.2,148420.8,75.62,99818.4,48602.4,0.327464,false,USD
00k000000000988AAA,006000000000307AAA,01t000000000005AAA,411,375.08,0.0656,350.47,154157.88,144043.17,272.07,111820.77,32222.4,0.2237,false,USD
00k000000000989AAA,006000000000307AAA,01t000000000058AAA,625,239.45,0.0661,223.62,149656.25,139762.5,167.27,104543.75,35218.75,0.25199,false,USD
00k000000000990AAA,006000000000307AAA,01t000000000006AAA,229,466.48,0.0611,437.98,106823.92,100297.42,301.3,68997.7,31299.72,0.312069,false,USD
00k000000000991AAA,006000000000308AAA,01t000000000013AAA,1183,337.63,0.0555,318.89,399416.29,377246.87,195.82,231655.06,145591.81,0.385932,false,USD
00k000000000992AAA,006000000000308AAA,01t000000000016AAA,1031,346.35,0.0477,329.83,357086.85,340054.73,212.59,219180.29,120874.44,0.355456,false,USD
00k000000000993AAA,006000000000309AAA,01t000000000028AAA,1497,209.16,0.0658,195.4,313112.52,292513.8,110.67,165672.99,126840.81,0.433623,false,USD
00k000000000994AAA,006000000000310AAA,01t000000000011AAA,1077,301.43,0.0916,273.82,324640.11,294904.14,204.74,220504.98,74399.16,0.252283,false,USD
00k000000000995AAA,006000000000310AAA,01t000000000046AAA,2270,82.17,0.0583,77.38,186525.9,175652.6,53.15,120650.5,55002.1,0.31313,false,USD
00k000000000996AAA,006000000000310AAA,01t000000000027AAA,751,411.56,0.0735,381.31,309081.56,286363.81,251.82,189116.82,97246.99,0.339592,false,USD
00k000000000997AAA,006000000000311AAA,01t000000000048AAA,398,408.9,0.0622,383.47,162742.2,152621.06,264.11,105115.78,47505.28,0.311263,false,USD
00k000000000998AAA,006000000000311AAA,01t000000000055AAA,503,233.62,0.0806,214.79,117510.86,108039.37,130.02,65400.06,42639.31,0.394665,false,USD
00k000000000999AAA,006000000000311AAA,01t000000000062AAA,1030,192.08,0.0388,184.63,197842.4,190168.9,121.05,124681.5,65487.4,0.344364,false,USD
00k000000001000AAA,006000000000312AAA,01t000000000019AAA,2760,346.32,0.0664,323.32,955843.2,892363.2,228.88,631708.8,260654.4,0.292095,false,USD
00k000000001001AAA,006000000000313AAA,01t000000000054AAA,2331,133.93,0.0143,132.01,312190.83,307715.31,80.43,187482.33,120232.98,0.390728,false,USD
00k000000001002AAA,006000000000313AAA,01t000000000063AAA,673,457.64,0.0652,427.8,307991.72,287909.4,264.31,177880.63,110028.77,0.382165,false,USD
00k000000001003AAA,006000000000314AAA,01t000000000037AAA,332,374.53,0.0443,357.94,124343.96,118836.08,244.43,81150.76,37685.32,0.31712,false,USD
00k000000001004AAA,006000000000314AAA,01t000000000020AAA,486,379.11,0.0625,355.42,184247.46,172734.12,218.34,106113.24,66620.88,0.385685,false,USD
00k000000001005AAA,006000000000314AAA,01t000000000067AAA,572,203.37,0.033,196.66,116327.64,112489.52,130.51,74651.72,37837.8,0.336367,false,USD
00k000000001006AAA,006000000000314AAA,01t000000000072AAA,207,607.75,0.0486,578.21,125804.25,119689.47,412.18,85321.26,34368.21,0.287145,false,USD
00k000000001007AAA,006000000000314AAA,01t000000000031AAA,566,393.9,0.1319,341.94,222947.4,193538.04,237.31,134317.46,59220.58,0.305989,false,USD
00k000000001008AAA,006000000000315AAA,01t000000000017AAA,4368,191.43,0.1096,170.45,836166.24,744525.6,126.45,552333.6,192192,0.25814,false,USD
00k000000001009AAA,006000000000315AAA,01t000000000048AAA,2377,402.09,0.0957,363.61,955767.93,864300.97,264.11,627789.47,236511.5,0.273645,false,USD
00k000000001010AAA,006000000000315AAA,01t000000000006AAA,1914,479.25,0.0691,446.13,917284.5,853892.82,301.3,576688.2,277204.62,0.324636,false,USD
00k000000001011AAA,006000000000316AAA,01t000000000052AAA,2185,102.25,0.0844,93.62,223416.25,204559.7,62.85,137327.25,67232.45,0.328669,false,USD
00k000000001012AAA,006000000000316AAA,01t000000000046AAA,2680,80.78,0.1219,70.93,216490.4,190092.4,53.15,142442,47650.4,0.25067,false,USD
00k000000001013AAA,006000000000317AAA,01t000000000040AAA,970,221.2,0.0547,209.1,214564,202827,142.61,138331.7,64495.3,0.317982,false,USD
00k000000001014AAA,006000000000317AAA,01t000000000026AAA,819,304.7,0.0362,293.67,249549.3,240515.73,198.27,162383.13,78132.6,0.324854,false,USD
00k000000001015AAA,006000000000317AAA,01t000000000002AAA,1594,176.65,0.0799,162.54,281580.1,259088.76,113.8,181397.2,77691.56,0.299865,false,USD
00k000000001016AAA,006000000000318AAA,01t000000000057AAA,2234,133.27,0.0627,124.91,297725.18,279048.94,72.85,162746.9,116302.04,0.41678,false,USD
00k000000001017AAA,006000000000318AAA,01t000000000001AAA,814,346.35,0.0371,333.5,281928.9,271469,209.3,170370.2,101098.8,0.372414,false,USD
00k000000001018AAA,006000000000318AAA,01t000000000029AAA,2166,227.32,0.082,208.68,492375.12,452000.88,153.08,331571.28,120429.6,0.266437,false,USD
00k000000001019AAA,006000000000319AAA,01t000000000001AAA,567,328.32,0.0787,302.48,186157.44,171506.16,209.3,118673.1,52833.06,0.308053,false,USD
00k000000001020AAA,006000000000319AAA,01t000000000018AAA,986,152.58,0.0295,148.08,150443.88,146006.88,92.07,90781.02,55225.86,0.378241,false,USD
00k000000001021AAA,006000000000319AAA,01t000000000058AAA,463,247.25,0.0139,243.81,114476.75,112884.03,167.27,77446.01,35438.02,0.313933,false,USD
00k000000001022AAA,006000000000319AAA,01t000000000010AAA,299,448.25,0.0455,427.85,134026.75,127927.15,280.72,83935.28,43991.87,0.343882,false,USD
00k000000001023AAA,006000000000320AAA,01t000000000055AAA,1112,239.93,0.0611,225.27,266802.16,250500.24,126.12,140245.44,110254.8,0.440139,false,USD
00k000000001024AAA,006000000000320AAA,01t000000000066AAA,568,405.6,0.0693,377.49,230380.8,214414.32,243.97,138574.96,75839.36,0.353705,false,USD
00k000000001025AAA,006000000000320AAA,01t000000000035AAA,489,377.98,0.0795,347.93,184832.22,170137.77,230.62,112773.18,57364.59,0.337166,false,USD
00k000000001026AAA,006000000000320AAA,01t000000000024AAA,853,314.15,0.0501,298.41,267969.95,254543.73,215.05,183437.65,71106.08,0.279347,false,USD
00k000000001027AAA,006000000000321AAA,01t000000000031AAA,109,362.63,0.101,326,39526.67,35534,237.31,25866.79,9667.21,0.272055,false,USD
00k000000001028AAA,006000000000321AAA,01t000000000052AAA,472,109.87,0.0709,102.08,51858.64,48181.76,62.85,29665.2,18516.56,0.384306,false,USD
00k000000001029AAA,006000000000321AAA,01t000000000030AAA,216,158.23,0.0742,146.49,34177.68,31641.84,108.56,23448.96,8192.88,0.258926,false,USD
00k000000001030AAA,006000000000321AAA,01t000000000009AAA,127,345.05,0.1116,306.54,43821.35,38930.58,203.75,25876.25,13054.33,0.335323,false,USD
00k000000001031AAA,006000000000322AAA,01t000000000054AAA,1272,133.4,0.0294,129.48,169684.8,164698.56,80.43,102306.96,62391.6,0.378823,false,USD
00k000000001032AAA,006000000000322AAA,01t000000000023AAA,587,348.85,0.07,324.43,204774.95,190440.41,222.39,130542.93,59897.48,0.314521,false,USD
00k000000001033AAA,006000000000322AAA,01t000000000028AAA,1340,201.5,0.0773,185.92,270010,249132.8,110.67,148297.8,100835,0.404744,false,USD
00k000000001034AAA,006000000000322AAA,01t000000000004AAA,330,394.71,0.0776,364.08,130254.3,120146.4,267.02,88116.6,32029.8,0.26659,false,USD
00k000000001035AAA,006000000000323AAA,01t000000000060AAA,745,249.69,0.0259,243.22,186019.05,181198.9,159.53,118849.85,62349.05,0.344092,false,USD
00k000000001036AAA,006000000000323AAA,01t000000000021AAA,613,318.23,0.0462,303.53,195074.99,186063.89,232.14,142301.82,43762.07,0.235199,false,USD
00k000000001037AAA,006000000000323AAA,01t000000000049AAA,471,356.65,0.0873,325.51,167982.15,153315.21,237.58,111900.18,41415.03,0.27013,false,USD
00k000000001038AAA,006000000000323AAA,01t000000000007AAA,809,194.46,0.0766,179.56,157318.14,145264.04,117.36,94944.24,50319.8,0.346402,false,USD
00k000000001039AAA,006000000000323AAA,01t000000000035AAA,333,392.19,0.0382,377.21,130599.27,125610.93,230.62,76796.46,48814.47,0.388616,false,USD
00k000000001040AAA,006000000000324AAA,01t000000000062AAA,3227,187.93,0.0741,174,606450.11,561498,121.05,390628.35,170869.65,0.30431,false,USD
00k000000001041AAA,006000000000324AAA,01t000000000028AAA,2223,195.11,0.0672,182,433729.53,404586,110.67,246019.41,158566.59,0.391923,false,USD
00k000000001042AAA,006000000000324AAA,01t000000000033AAA,1189,406.28,0.0145,400.39,483066.92,476063.71,280.14,333086.46,142977.25,0.300332,false,USD
00k000000001043AAA,006000000000325AAA,01t000000000050AAA,9160,78.3,0.0797,72.06,717228,660069.6,51.06,467709.6,192360,0.291424,false,USD
00k000000001044AAA,006000000000325AAA,01t000000000013AAA,2967,326.32,0.0634,305.63,968191.44,906804.21,195.82,580997.94,325806.27,0.359291,false,USD
00k000000001045AAA,006000000000325AAA,01t000000000014AAA,6348,123.87,0.0928,112.37,786326.76,713324.76,81.05,514505.4,198819.36,0.278722,false,USD
00k000000001046AAA,006000000000326AAA,01t000000000051AAA,3593,71.35,0.0636,66.81,256360.55,240048.33,51.08,183530.44,56517.89,0.235444,false,USD
00k000000001047AAA,006000000000326AAA,01t000000000059AAA,1297,215.24,0.1115,191.24,279166.28,248038.28,136.27,176742.19,71296.09,0.28744,false,USD
00k000000001048AAA,006000000000326AAA,01t000000000002AAA,1492,180.04,0.0305,174.55,268619.68,260428.6,113.8,169789.6,90639,0.348038,false,USD
00k000000001049AAA,006000000000327AAA,01t000000000014AAA,3750,119.66,0.0989,107.83,448725,404362.5,81.05,303937.5,100425,0.248354,false,USD
00k000000001050AAA,006000000000327AAA,01t000000000035AAA,972,388.15,0.0584,365.48,377281.8,355246.56,237.75,231093,124153.56,0.349486,false,USD
00k000000001051AAA,006000000000328AAA,01t000000000009AAA,7970,341.23,0.0539,322.84,2719603.1,2573034.8,203.75,1623887.5,949147.3,0.368882,false,USD
00k000000001052AAA,006000000000329AAA,01t000000000025AAA,2205,76.97,0.0934,69.78,169718.85,153864.9,51.29,113094.45,40770.45,0.264976,false,USD
00k000000001053AAA,006000000000329AAA,01t000000000026AAA,729,289.91,0.0678,270.25,211344.39,197012.25,198.27,144538.83,52473.42,0.266346,false,USD
00k000000001054AAA,006000000000329AAA,01t000000000038AAA,852,204.66,0.0879,186.67,174370.32,159042.84,127.14,108323.28,50719.56,0.318905,false,USD
00k000000001055AAA,006000000000330AAA,01t000000000034AAA,276,240.8,0.0644,225.29,66460.8,62180.04,148.57,41005.32,21174.72,0.340539,false,USD
00k000000001056AAA,006000000000330AAA,01t000000000058AAA,288,235.86,0.0615,221.35,67927.68,63748.8,167.27,48173.76,15575.04,0.244319,false,USD
00k000000001057AAA,006000000000330AAA,01t000000000066AAA,166,439.77,0.0937,398.56,73001.82,66160.96,251.52,41752.32,24408.64,0.368928,false,USD
00k000000001058AAA,006000000000331AAA,01t000000000057AAA,2414,131.17,0.0624,122.98,316644.38,296873.72,72.85,175859.9,121013.82,0.407627,false,USD
00k000000001059AAA,006000000000332AAA,01t000000000044AAA,537,427.01,0.0888,389.09,229304.37,208941.33,243.46,130738.02,78203.31,0.374284,false,USD
00k000000001060AAA,006000000000332AAA,01t000000000056AAA,1575,198.17,0.0914,180.06,312117.75,283594.5,130.96,206262,77332.5,0.272687,false,USD
00k000000001061AAA,006000000000333AAA,01t000000000021AAA,533,335.4,0.1199,295.19,178768.2,157336.27,239.32,127557.56,29778.71,0.189268,false,USD
00k000000001062AAA,006000000000333AAA,01t000000000018AAA,723,147.56,0.0669,137.69,106685.88,99549.87,92.07,66566.61,32983.26,0.331324,false,USD
00k000000001063AAA,006000000000334AAA,01t000000000013AAA,563,316.92,0.0526,300.25,178425.96,169040.75,195.82,110246.66,58794.09,0.34781,false,USD
00k000000001064AAA,006000000000334AAA,01t000000000057AAA,2043,128.47,0.0715,119.28,262464.21,243689.04,72.85,148832.55,94856.49,0.389252,false,USD
00k000000001065AAA,006000000000334AAA,01t000000000034AAA,896,233.99,0.0729,216.93,209655.04,194369.28,148.57,133118.72,61250.56,0.315125,false,USD
00k000000001066AAA,006000000000334AAA,01t000000000065AAA,717,345.41,0.0434,330.42,247658.97,236911.14,228.94,164149.98,72761.16,0.307124,false,USD
00k000000001067AAA,006000000000335AAA,01t000000000022AAA,372,360.04,0.0747,333.15,133934.88,123931.8,241.05,89670.6,34261.2,0.276452,false,USD
00k000000001068AAA,006000000000335AAA,01t000000000010AAA,523,449.71,0.0445,429.7,235198.33,224733.1,280.72,146816.56,77916.54,0.346707,false,USD
00k000000001069AAA,006000000000335AAA,01t000000000015AAA,643,300.1,0.0524,284.37,192964.3,182849.91,168.05,108056.15,74793.76,0.409045,false,USD
00k000000001070AAA,006000000000335AAA,01t000000000051AAA,2734,68.51,0.1161,60.56,187306.34,165571.04,51.08,139652.72,25918.32,0.156539,false,USD
00k000000001071AAA,006000000000336AAA,01t000000000040AAA,423,230.12,0.0878,209.92,97340.76,88796.16,142.61,60324.03,28472.13,0.320646,false,USD
00k000000001072AAA,006000000000336AAA,01t000000000021AAA,178,320.84,0.0961,290.01,57109.52,51621.78,239.32,42598.96,9022.82,0.174787,false,USD
00k000000001073AAA,006000000000337AAA,01t000000000065AAA,87,337.06,0.0644,315.35,29324.22,27435.45,228.94,19917.78,7517.67,0.274013,false,USD
00k000000001074AAA,006000000000337AAA,01t000000000026AAA,109,297.37,0.0908,270.37,32413.33,29470.33,198.27,21611.43,7858.9,0.266672,false,USD
00k000000001075AAA,006000000000337AAA,01t000000000049AAA,140,342.29,0.1134,303.47,47920.6,42485.8,244.93,34290.2,8195.6,0.192902,false,USD
00k000000001076AAA,006000000000338AAA,01t000000000031AAA,175,369.65,0.0305,358.38,64688.75,62716.5,237.31,41529.25,21187.25,0.337826,false,USD
00k000000001077AAA,006000000000338AAA,01t000000000010AAA,178,426.41,0.0337,412.04,75900.98,73343.12,280.72,49968.16,23374.96,0.318707,false,USD
00k000000001078AAA,006000000000338AAA,01t000000000029AAA,315,220.81,0.0734,204.6,69555.15,64449,153.08,48220.2,16228.8,0.251808,false,USD
00k000000001079AAA,006000000000338AAA,01t000000000045AAA,583,105.84,0.1258,92.53,61704.72,53944.99,59.87,34904.21,19040.78,0.352967,false,USD
00k000000001080AAA,006000000000339AAA,01t000000000037AAA,1487,386.5,0.1039,346.34,574725.5,515007.58,244.43,363467.41,151540.17,0.294248,false,USD
00k000000001081AAA,006000000000339AAA,01t000000000049AAA,1896,360.81,0.0842,330.43,684095.76,626495.28,244.93,464387.28,162108,0.258754,false,USD
00k000000001082AAA,006000000000339AAA,01t000000000018AAA,3997,151.23,0.0511,143.5,604466.31,573569.5,92.07,368003.79,205565.71,0.358397,false,USD
00k000000001083AAA,006000000000340AAA,01t000000000018AAA,384,150.5,0.0448,143.76,57792,55203.84,92.07,35354.88,19848.96,0.359558,false,USD
00k000000001084AAA,006000000000340AAA,01t000000000013AAA,278,318.15,0.0689,296.23,88445.7,82351.94,195.82,54437.96,27913.98,0.33896,false,USD
00k000000001085AAA,006000000000340AAA,01t000000000075AAA,148,600.65,0.0093,595.06,88896.2,88068.88,356.45,52754.6,35314.28,0.400985,false,USD
00k000000001086AAA,006000000000341AAA,01t000000000012AAA,534,417.85,0.0224,408.49,223131.9,218133.66,242.18,129324.12,88809.54,0.407134,false,USD
00k000000001087AAA,006000000000341AAA,01t000000000036AAA,1823,142.2,0.0635,133.17,259230.6,242768.91,92.32,168299.36,74469.55,0.306751,false,USD
00k000000001088AAA,006000000000341AAA,01t000000000021AAA,457,339.46,0.0632,318.01,155133.22,145330.57,232.14,106087.98,39242.59,0.270023,false,USD
00k000000001089AAA,006000000000341AAA,01t000000000041AAA,735,269.36,0.0879,245.68,197979.6,180574.8,148.31,109007.85,71566.95,0.396329,false,USD
00k000000001090AAA,006000000000342AAA,01t000000000021AAA,312,326.03,0.0858,298.06,101721.36,92994.72,232.14,72427.68,20567.04,0.221164,false,USD
00k000000001091AAA,006000000000342AAA,01t000000000071AAA,303,466.72,0.041,447.58,141416.16,135616.74,290.14,87912.42,47704.32,0.351758,false,USD
00k000000001092AAA,006000000000342AAA,01t000000000047AAA,556,318.95,0.0399,306.22,177336.2,170258.32,206.79,114975.24,55283.08,0.324701,false,USD
00k000000001093AAA,006000000000342AAA,01t000000000060AAA,392,256.26,0.0556,242.01,100453.92,94867.92,159.53,62535.76,32332.16,0.340812,false,USD
00k000000001094AAA,006000000000342AAA,01t000000000030AAA,794,154.31,0.0512,146.41,122522.14,116249.54,105.3,83608.2,32641.34,0.280787,false,USD
00k000000001095AAA,006000000000343AAA,01t000000000006AAA,217,481.44,0.0739,445.86,104472.48,96751.62,301.3,65382.1,31369.52,0.324227,false,USD
00k000000001096AAA,006000000000343AAA,01t000000000056AAA,653,201.75,0.0501,191.64,131742.75,125140.92,130.96,85516.88,39624.04,0.316635,false,USD
00k000000001097AAA,006000000000343AAA,01t000000000009AAA,461,336.3,0.1218,295.34,155034.3,136151.74,203.75,93928.75,42222.99,0.310117,false,USD
00k000000001098AAA,006000000000343AAA,01t000000000051AAA,1420,71.93,0.0526,68.15,102140.6,96773,51.08,72533.6,24239.4,0.250477,false,USD
00k000000001099AAA,006000000000344AAA,01t000000000017AAA,2421,191.96,0.1177,169.37,464735.16,410044.77,126.45,306135.45,103909.32,0.25341,false,USD
00k000000001100AAA,006000000000344AAA,01t000000000058AAA,1589,252.08,0.0751,233.15,400555.12,370475.35,167.27,265792.03,104683.32,0.282565,false,USD
00k000000001101AAA,006000000000344AAA,01t000000000001AAA,1350,336.78,0.0548,318.32,454653,429732,209.3,282555,147177,0.342486,false,USD
00k000000001102AAA,006000000000345AAA,01t000000000031AAA,1077,375.52,0.0749,347.39,404435.04,374139.03,237.31,255582.87,118556.16,0.316877,false,USD
00k000000001103AAA,006000000000345AAA,01t000000000014AAA,3612,120.94,0.0882,110.27,436835.28,398295.24,81.05,292752.6,105542.64,0.264986,false,USD
00k000000001104AAA,006000000000345AAA,01t000000000041AAA,1083,265.59,0.0522,251.73,287633.97,272623.59,152.9,165590.7,107032.89,0.392603,false,USD
00k000000001105AAA,006000000000346AAA,01t000000000054AAA,1746,135.69,0.0735,125.72,236914.74,219507.12,80.43,140430.78,79076.34,0.360245,false,USD
00k000000001106AAA,006000000000346AAA,01t000000000043AAA,932,217.05,0.0812,199.43,202290.6,185868.76,128.91,120144.12,65724.64,0.353608,false,USD
00k000000001107AAA,006000000000347AAA,01t000000000005AAA,5891,365.3,0.1353,315.87,2151982.3,1860790.17,272.07,1602764.37,258025.8,0.138665,false,USD
00k000000001108AAA,006000000000347AAA,01t000000000057AAA,17395,125.53,0.1112,111.57,2183594.35,1940760.15,72.85,1267225.75,673534.4,0.347047,false,USD
00k000000001109AAA,006000000000348AAA,01t000000000054AAA,738,132.91,0.0449,126.94,98087.58,93681.72,80.43,59357.34,34324.38,0.366394,false,USD
00k000000001110AAA,006000000000348AAA,01t000000000069AAA,482,338.81,0.0098,335.49,163306.42,161706.18,218.13,105138.66,56567.52,0.349817,false,USD
00k000000001111AAA,006000000000348AAA,01t000000000015AAA,572,313.76,0.0921,284.86,179470.72,162939.92,168.05,96124.6,66815.32,0.410061,false,USD
00k000000001112AAA,006000000000348AAA,01t000000000018AAA,810,151.43,0.034,146.28,122658.3,118486.8,92.07,74576.7,43910.1,0.370591,false,USD
00k000000001113AAA,006000000000349AAA,01t000000000075AAA,523,613.98,0.1033,550.56,321111.54,287942.88,356.45,186423.35,101519.53,0.352568,false,USD
00k000000001114AAA,006000000000349AAA,01t000000000025AAA,6461,71.76,0.0547,67.83,463641.36,438249.63,51.29,331384.69,106864.94,0.243845,false,USD
00k000000001115AAA,006000000000349AAA,01t000000000071AAA,556,449.46,0.0596,422.67,249899.76,235004.52,299.11,166305.16,68699.36,0.292332,false,USD
00k000000001116AAA,006000000000350AAA,01t000000000018AAA,860,149.57,0.0847,136.9,128630.2,117734,92.07,79180.2,38553.8,0.327465,false,USD
00k000000001117AAA,006000000000350AAA,01t000000000008AAA,301,274.45,0.0134,270.77,82609.45,81501.77,179.17,53930.17,27571.6,0.338294,false,USD
00k000000001118AAA,006000000000350AAA,01t000000000055AAA,429,239.75,0.0586,225.7,102852.75,96825.3,130.02,55778.58,41046.72,0.423926,false,USD
00k000000001119AAA,006000000000351AAA,01t000000000035AAA,599,366.07,0.1127,324.81,219275.93,194561.19,237.75,142412.25,52148.94,0.268034,false,USD
00k000000001120AAA,006000000000351AAA,01t000000000017AAA,1127,197.66,0.0518,187.42,222762.82,211222.34,126.45,142509.15,68713.19,0.325312,false,USD
00k000000001121AAA,006000000000351AAA,01t000000000016AAA,550,347.46,0.099,313.06,191103,172183,212.59,116924.5,55258.5,0.320929,false,USD
00k000000001122AAA,006000000000351AAA,01t000000000044AAA,439,393.93,0.1104,350.44,172935.27,153843.16,243.46,106878.94,46964.22,0.305273,false,USD
00k000000001123AAA,006000000000351AAA,01t000000000047AAA,577,314.2,0.0939,284.7,181293.4,164271.9,213.19,123010.63,41261.27,0.251177,false,USD
00k000000001124AAA,006000000000352AAA,01t000000000055AAA,1415,230.37,0.0016,230,325973.55,325450,130.02,183978.3,141471.7,0.434696,false,USD
00k000000001125AAA,006000000000352AAA,01t000000000070AAA,557,600.36,0.0212,587.63,334400.52,327309.91,339.31,188995.67,138314.24,0.422579,false,USD
00k000000001126AAA,006000000000352AAA,01t000000000048AAA,853,408.57,0.0939,370.21,348510.21,315789.13,264.11,225285.83,90503.3,0.286594,false,USD
00k000000001127AAA,006000000000353AAA,01t000000000019AAA,2026,358.1,0.0725,332.14,725510.6,672915.64,228.88,463710.88,209204.76,0.310893,false,USD
00k000000001128AAA,006000000000353AAA,01t000000000059AAA,2276,214.82,0.1083,191.55,488930.32,435967.8,136.27,310150.52,125817.28,0.288593,false,USD
00k000000001129AAA,006000000000354AAA,01t000000000043AAA,459,222.92,0.0971,201.27,102320.28,92382.93,128.91,59169.69,33213.24,0.359517,false,USD
00k000000001130AAA,006000000000354AAA,01t000000000060AAA,323,238.48,0.1084,212.63,77029.04,68679.49,164.46,53120.58,15558.91,0.226544,false,USD
00k000000001131AAA,006000000000354AAA,01t000000000042AAA,349,273.46,0.0537,258.78,95437.54,90314.22,174.39,60862.11,29452.11,0.326107,false,USD
00k000000001132AAA,006000000000354AAA,01t000000000040AAA,424,231.31,0.0641,216.48,98075.44,91787.52,142.61,60466.64,31320.88,0.341232,false,USD
00k000000001133AAA,006000000000355AAA,01t000000000018AAA,1517,154.71,0.0863,141.36,234695.07,214443.12,92.07,139670.19,74772.93,0.348684,false,USD
00k000000001134AAA,006000000000355AAA,01t000000000043AAA,926,220.39,0.0576,207.7,204081.14,192330.2,128.91,119370.66,72959.54,0.379345,false,USD
00k000000001135AAA,006000000000356AAA,01t000000000068AAA,272,438.49,0.0511,416.08,119269.28,113173.76,303.4,82524.8,30648.96,0.270813,false,USD
00k000000001136AAA,006000000000356AAA,01t000000000023AAA,437,327.76,0.0641,306.75,143231.12,134049.75,222.39,97184.43,36865.32,0.275012,false,USD
00k000000001137AAA,006000000000356AAA,01t000000000034AAA,759,229.17,0.0652,214.23,173940.03,162600.57,148.57,112764.63,49835.94,0.306493,false,USD
00k000000001138AAA,006000000000357AAA,01t000000000007AAA,618,189.14,0.0525,179.21,116888.52,110751.78,120.99,74771.82,35979.96,0.32487,false,USD
00k000000001139AAA,006000000000357AAA,01t000000000040AAA,402,223.62,0.0488,212.71,89895.24,85509.42,142.61,57329.22,28180.2,0.329557,false,USD
00k000000001140AAA,006000000000357AAA,01t000000000042AAA,437,281.48,0.0976,254.01,123006.76,111002.37,174.39,76208.43,34793.94,0.313452,false,USD
00k000000001141AAA,006000000000357AAA,01t000000000057AAA,1261,130.44,0.0424,124.91,164484.84,157511.51,72.85,91863.85,65647.66,0.41678,false,USD
00k000000001142AAA,006000000000358AAA,01t000000000052AAA,6699,108.4,0.1136,96.09,726171.6,643706.91,62.85,421032.15,222674.76,0.345926,false,USD
00k000000001143AAA,006000000000358AAA,01t000000000033AAA,1211,395.58,0.103,354.84,479047.38,429711.24,280.14,339249.54,90461.7,0.210517,false,USD
00k000000001144AAA,006000000000358AAA,01t000000000055AAA,3369,248.22,0.1051,222.13,836253.18,748355.97,130.02,438037.38,310318.59,0.414667,false,USD
00k000000001145AAA,006000000000359AAA,01t000000000071AAA,401,455.94,0.0383,438.48,182831.94,175830.48,299.11,119943.11,55887.37,0.317848,false,USD
00k000000001146AAA,006000000000359AAA,01t000000000028AAA,683,203.67,0.0908,185.18,139106.61,126477.94,110.67,75587.61,50890.33,0.402365,false,USD
00k000000001147AAA,006000000000360AAA,01t000000000029AAA,384,218.49,0.0573,205.97,83900.16,79092.48,148.49,57020.16,22072.32,0.27907,false,USD
00k000000001148AAA,006000000000360AAA,01t000000000005AAA,174,378.59,0.0609,355.53,65874.66,61862.22,263.91,45920.34,15941.88,0.2577,false,USD
00k000000001149AAA,006000000000360AAA,01t000000000021AAA,291,333.65,0.0516,316.43,97092.15,92081.13,232.14,67552.74,24528.39,0.266378,false,USD
00k000000001150AAA,006000000000360AAA,01t000000000042AAA,323,273.12,0.0381,262.71,88217.76,84855.33,169.16,54638.68,30216.65,0.356096,false,USD
00k000000001151AAA,006000000000361AAA,01t000000000023AAA,443,345.84,0.0895,314.89,153207.12,139496.27,222.39,98518.77,40977.5,0.293753,false,USD
00k000000001152AAA,006000000000361AAA,01t000000000029AAA,404,239.26,0.0797,220.19,96661.04,88956.76,153.08,61844.32,27112.44,0.304782,false,USD
00k000000001153AAA,006000000000361AAA,01t000000000032AAA,489,343.38,0.038,330.33,167912.82,161531.37,199.36,97487.04,64044.33,0.396482,false,USD
00k000000001154AAA,006000000000361AAA,01t000000000009AAA,353,350.42,0.0952,317.06,123698.26,111922.18,203.75,71923.75,39998.43,0.357377,false,USD
00k000000001155AAA,006000000000362AAA,01t000000000008AAA,818,268.61,0.0684,250.24,219722.98,204696.32,179.17,146561.06,58135.26,0.284007,false,USD
00k000000001156AAA,006000000000362AAA,01t000000000021AAA,546,328.67,0.0969,296.82,179453.82,162063.72,239.32,130668.72,31395,0.19372,false,USD
00k000000001157AAA,006000000000363AAA,01t000000000021AAA,955,334.33,0.0696,311.06,319285.15,297062.3,239.32,228550.6,68511.7,0.230631,false,USD
00k000000001158AAA,006000000000363AAA,01t000000000026AAA,1679,290.66,0.0808,267.17,488018.14,448578.43,198.27,332895.33,115683.1,0.257888,false,USD
00k000000001159AAA,006000000000364AAA,01t000000000072AAA,387,571.3,0.0416,547.53,221093.1,211894.11,412.18,159513.66,52380.45,0.247201,false,USD
00k000000001160AAA,006000000000364AAA,01t000000000053AAA,996,231.49,0.0518,219.5,230564.04,218622,158.05,157417.8,61204.2,0.279954,false,USD
00k000000001161AAA,006000000000364AAA,01t000000000009AAA,629,339.01,0.1015,304.6,213237.29,191593.4,203.75,128158.75,63434.65,0.33109,false,USD
00k000000001162AAA,006000000000365AAA,01t000000000048AAA,456,403.94,0.0587,380.23,184196.64,173384.88,264.11,120434.16,52950.72,0.305394,false,USD
00k000000001163AAA,006000000000365AAA,01t000000000009AAA,502,333.83,0.1033,299.35,167582.66,150273.7,203.75,102282.5,47991.2,0.319359,false,USD
00k000000001164AAA,006000000000366AAA,01t000000000013AAA,2222,317.68,0.0785,292.74,705884.96,650468.28,195.82,435112.04,215356.24,0.331079,false,USD
00k000000001165AAA,006000000000366AAA,01t000000000032AAA,1338,330.96,0.0842,303.09,442824.48,405534.42,199.36,266743.68,138790.74,0.342242,false,USD
00k000000001166AAA,006000000000366AAA,01t000000000026AAA,2717,296.68,0.0528,281.02,806079.56,763531.34,198.27,538699.59,224831.75,0.294463,false,USD
00k000000001167AAA,006000000000367AAA,01t000000000025AAA,6297,73.77,0.1467,62.95,464529.69,396396.15,51.29,322973.13,73423.02,0.185226,false,USD
00k000000001168AAA,006000000000367AAA,01t000000000026AAA,748,289.26,0.0858,264.44,216366.48,197801.12,198.27,148305.96,49495.16,0.250227,false,USD
00k000000001169AAA,006000000000367AAA,01t000000000011AAA,921,320.69,0.0515,304.17,295355.49,280140.57,204.74,188565.54,91575.03,0.32689,false,USD
00k000000001170AAA,006000000000368AAA,01t000000000003AAA,2782,202.4,0.0909,184,563076.8,511888,125.5,349141,162747,0.317935,false,USD
00k000000001171AAA,006000000000368AAA,01t000000000034AAA,2390,234.06,0.0911,212.74,559403.4,508448.6,148.57,355082.3,153366.3,0.301636,false,USD
00k000000001172AAA,006000000000368AAA,01t000000000014AAA,5334,124.91,0.077,115.29,666269.94,614956.86,81.05,432320.7,182636.16,0.29699,false,USD
00k000000001173AAA,006000000000369AAA,01t000000000041AAA,1019,272.95,0.0988,245.98,278136.05,250653.62,152.9,155805.1,94848.52,0.378405,false,USD
00k000000001174AAA,006000000000369AAA,01t000000000026AAA,771,298.34,0.0869,272.41,230020.14,210028.11,198.27,152866.17,57161.94,0.272163,false,USD
00k000000001175AAA,006000000000370AAA,01t000000000047AAA,3450,318.81,0.1105,283.58,1099894.5,978351,213.19,735505.5,242845.5,0.248219,false,USD
00k000000001176AAA,006000000000370AAA,01t000000000058AAA,3521,245.13,0.067,228.71,863102.73,805287.91,167.27,588957.67,216330.24,0.268637,false,USD
00k000000001177AAA,006000000000371AAA,01t000000000035AAA,218,387.02,0.0886,352.73,84370.36,76895.14,237.75,51829.5,25065.64,0.325972,false,USD
00k000000001178AAA,006000000000372AAA,01t000000000062AAA,2736,197.24,0.0169,193.91,539648.64,530537.76,121.05,331192.8,199344.96,0.375741,false,USD
00k000000001179AAA,006000000000372AAA,01t000000000030AAA,4554,161.96,0.0776,149.39,737565.84,680322.06,108.56,494382.24,185939.82,0.273311,false,USD
00k000000001180AAA,006000000000373AAA,01t000000000061AAA,2211,206.45,0.096,186.63,456460.95,412638.93,138.34,305869.74,106769.19,0.258747,false,USD
00k000000001181AAA,006000000000373AAA,01t000000000002AAA,2054,182.89,0.0665,170.73,375656.06,350679.42,113.8,233745.2,116934.22,0.33345,false,USD
00k000000001182AAA,006000000000373AAA,01t000000000033AAA,1356,412.35,0.0316,399.32,559146.6,541477.92,280.14,379869.84,161608.08,0.298457,false,USD
00k000000001183AAA,006000000000374AAA,01t000000000018AAA,4298,155.32,0.1026,139.38,667565.36,599055.24,92.07,395716.86,203338.38,0.339432,false,USD
00k000000001184AAA,006000000000374AAA,01t000000000058AAA,1445,244.17,0.0704,226.98,352825.65,327986.1,167.27,241705.15,86280.95,0.263063,false,USD
00k000000001185AAA,006000000000375AAA,01t000000000074AAA,176,349.26,0.0869,318.91,61469.76,56128.16,224.7,39547.2,16580.96,0.295412,false,USD
00k000000001186AAA,006000000000375AAA,01t000000000066AAA,143,441.17,0.0428,422.29,63087.31,60387.47,251.52,35967.36,24420.11,0.40439,false,USD
00k000000001187AAA,006000000000375AAA,01t000000000024AAA,142,312.77,0.0721,290.22,44413.34,41211.24,221.7,31481.4,9729.84,0.236097,false,USD
00k000000001188AAA,006000000000375AAA,01t000000000067AAA,174,201.24,0.0969,181.74,35015.76,31622.76,130.51,22708.74,8914.02,0.281886,false,USD
00k000000001189AAA,006000000000376AAA,01t000000000063AAA,295,456.51,0.0518,432.86,134670.45,127693.7,264.31,77971.45,49722.25,0.389387,false,USD
00k000000001190AAA,006000000000376AAA,01t000000000037AAA,464,382.07,0.0631,357.96,177280.48,166093.44,244.43,113415.52,52677.92,0.317158,false,USD
00k000000001191AAA,006000000000377AAA,01t000000000009AAA,179,342.26,0.0528,324.19,61264.54,58030.01,203.75,36471.25,21558.76,0.371511,false,USD
00k000000001192AAA,006000000000377AAA,01t000000000041AAA,171,271.33,0.0739,251.28,46397.43,42968.88,152.9,26145.9,16822.98,0.391515,false,USD
00k000000001193AAA,006000000000377AAA,01t000000000045AAA,550,103.59,0.1117,92.02,56974.5,50611,59.87,32928.5,17682.5,0.349381,false,USD
00k000000001194AAA,006000000000378AAA,01t000000000026AAA,563,298.75,0.0682,278.38,168196.25,156727.94,198.27,111626.01,45101.93,0.287772,false,USD
00k000000001195AAA,006000000000378AAA,01t000000000043AAA,670,219.64,0.0758,202.99,147158.8,136003.3,128.91,86369.7,49633.6,0.364944,false,USD
00k000000001196AAA,006000000000378AAA,01t000000000013AAA,339,322.24,0.0982,290.6,109239.36,98513.4,195.82,66382.98,32130.42,0.326153,false,USD
00k000000001197AAA,006000000000379AAA,01t000000000036AAA,4800,134.46,0.0931,121.94,645408,585312,92.32,443136,142176,0.242906,false,USD
00k000000001198AAA,006000000000379AAA,01t000000000040AAA,2833,229.44,0.0532,217.23,650003.52,615412.59,138.33,391888.89,223523.7,0.36321,false,USD
00k000000001199AAA,006000000000379AAA,01t000000000060AAA,2133,246.07,0.0716,228.45,524867.31,487283.85,159.53,340277.49,147006.36,0.301685,false,USD
00k000000001200AAA,006000000000379AAA,01t000000000007AAA,2746,202.66,0.0697,188.53,556504.36,517703.38,117.36,322270.56,195432.82,0.3775,false,USD
00k000000001201AAA,006000000000380AAA,01t000000000047AAA,658,320.05,0.0669,298.64,210592.9,196505.12,213.19,140279.02,56226.1,0.28613,false,USD
00k000000001202AAA,006000000000380AAA,01t000000000024AAA,580,326.29,0.1073,291.28,189248.2,168942.4,221.7,128586,40356.4,0.238877,false,USD
00k000000001203AAA,006000000000381AAA,01t000000000075AAA,1364,588.34,0.0765,543.33,802495.76,741102.12,356.45,486197.8,254904.32,0.343953,false,USD
00k000000001204AAA,006000000000381AAA,01t000000000074AAA,1677,342.45,0.0841,313.65,574288.65,525991.05,224.7,376821.9,149169.15,0.283596,false,USD
00k000000001205AAA,006000000000382AAA,01t000000000057AAA,1726,130.54,0.0596,122.76,225312.04,211883.76,72.85,125739.1,86144.66,0.406566,false,USD
00k000000001206AAA,006000000000382AAA,01t000000000068AAA,525,437.07,0.0558,412.68,229461.75,216657,303.4,159285,57372,0.264806,false,USD
00k000000001207AAA,006000000000382AAA,01t000000000075AAA,262,611.86,0.0605,574.84,160307.32,150608.08,356.45,93389.9,57218.18,0.379914,false,USD
00k000000001208AAA,006000000000383AAA,01t000000000018AAA,1867,148.09,0.0599,139.22,276484.03,259923.74,92.07,171894.69,88029.05,0.338673,false,USD
00k000000001209AAA,006000000000383AAA,01t000000000055AAA,1122,243.56,0.0548,230.21,273274.32,258295.62,130.02,145882.44,112413.18,0.435211,false,USD
00k000000001210AAA,006000000000384AAA,01t000000000058AAA,1412,233.66,0.0333,225.88,329927.92,318942.56,167.27,236185.24,82757.32,0.259474,false,USD
00k000000001211AAA,006000000000384AAA,01t000000000047AAA,1276,313.99,0.0303,304.48,400651.24,388516.48,213.19,272030.44,116486.04,0.299823,false,USD
00k000000001212AAA,006000000000384AAA,01t000000000023AAA,1169,333.83,0.0588,314.2,390247.27,367299.8,222.39,259973.91,107325.89,0.292202,false,USD
00k000000001213AAA,006000000000385AAA,01t000000000038AAA,146,214.38,0.0547,202.65,31299.48,29586.9,123.33,18006.18,11580.72,0.391414,false,USD
00k000000001214AAA,006000000000385AAA,01t000000000015AAA,151,297.5,0.043,284.71,44922.5,42991.21,163.01,24614.51,18376.7,0.427452,false,USD
00k000000001215AAA,006000000000385AAA,01t000000000055AAA,251,233.39,0.0715,216.7,58580.89,54391.7,126.12,31656.12,22735.58,0.417997,false,USD
00k000000001216AAA,006000000000385AAA,01t000000000043AAA,206,219.89,0.06,206.7,45297.34,42580.2,125.04,25758.24,16821.96,0.395065,false,USD
00k000000001217AAA,006000000000385AAA,01t000000000069AAA,138,350.31,0.0709,325.47,48342.78,44914.86,211.59,29199.42,15715.44,0.349894,false,USD
00k000000001218AAA,006000000000386AAA,01t000000000045AAA,983,106.16,0.1166,93.78,104355.28,92185.74,59.87,58852.21,33333.53,0.361591,false,USD
00k000000001219AAA,006000000000386AAA,01t000000000039AAA,535,119.79,0.0837,109.76,64087.65,58721.6,75.62,40456.7,18264.9,0.311042,false,USD
00k000000001220AAA,006000000000386AAA,01t000000000051AAA,1476,70.14,0.0754,64.85,103526.64,95718.6,51.08,75394.08,20324.52,0.212336,false,USD
00k000000001221AAA,006000000000387AAA,01t000000000025AAA,46059,73.68,0.1162,65.12,3393627.12,2999362.08,51.29,2362366.11,636995.97,0.212377,false,USD
00k000000001222AAA,006000000000388AAA,01t000000000024AAA,4058,328.84,0.1049,294.34,1334432.72,1194431.72,221.7,899658.6,294773.12,0.246789,false,USD
00k000000001223AAA,006000000000389AAA,01t000000000035AAA,2163,368.37,0.1227,323.17,796784.31,699016.71,237.75,514253.25,184763.46,0.264319,false,USD
00k000000001224AAA,006000000000389AAA,01t000000000036AAA,5507,146.64,0.0821,134.6,807546.48,741242.2,95.18,524156.26,217085.94,0.292868,false,USD
00k000000001225AAA,006000000000389AAA,01t000000000042AAA,2463,287.9,0.0756,266.13,709097.7,655478.19,174.39,429522.57,225955.62,0.344719,false,USD
00k000000001226AAA,006000000000390AAA,01t000000000052AAA,4034,108.31,0.109,96.5,436922.54,389281,62.85,253536.9,135744.1,0.348705,false,USD
00k000000001227AAA,006000000000390AAA,01t000000000011AAA,923,297.45,0.0352,286.98,274546.35,264882.54,204.74,188975.02,75907.52,0.28657,false,USD
00k000000001228AAA,006000000000390AAA,01t000000000059AAA,1503,220.89,0.0529,209.2,331997.67,314427.6,136.27,204813.81,109613.79,0.348614,false,USD
00k000000001229AAA,006000000000391AAA,01t000000000021AAA,513,329.06,0.0468,313.66,168807.78,160907.58,239.32,122771.16,38136.42,0.237008,false,USD
00k000000001230AAA,006000000000392AAA,01t000000000060AAA,1633,250.81,0.0226,245.14,409572.73,400313.62,164.46,268563.18,131750.44,0.329118,false,USD
00k000000001231AAA,006000000000392AAA,01t000000000036AAA,4077,138.5,0.0643,129.59,564664.5,528338.43,95.18,388048.86,140289.57,0.26553,false,USD
00k000000001232AAA,006000000000392AAA,01t000000000037AAA,1239,363.97,0.0617,341.51,450958.83,423130.89,244.43,302848.77,120282.12,0.284267,false,USD
00k000000001233AAA,006000000000393AAA,01t000000000019AAA,1846,362.17,0.0634,339.21,668565.82,626181.66,222.01,409830.46,216351.2,0.345509,false,USD
00k000000001234AAA,006000000000393AAA,01t000000000045AAA,6271,106.54,0.0706,99.02,668112.34,620954.42,58.07,364156.97,256797.45,0.413553,false,USD
00k000000001235AAA,006000000000393AAA,01t000000000001AAA,2444,332.36,0.0602,312.35,812287.84,763383.4,203.02,496180.88,267202.52,0.350024,false,USD
00k000000001236AAA,006000000000393AAA,01t000000000053AAA,3164,245.32,0.057,231.34,776192.48,731959.76,153.31,485072.84,246886.92,0.337296,false,USD
00k000000001237AAA,006000000000394AAA,01t000000000038AAA,587,200.05,0.0716,185.73,117429.35,109023.51,127.14,74631.18,34392.33,0.315458,false,USD
00k000000001238AAA,006000000000394AAA,01t000000000061AAA,522,203.15,0.1189,179,106044.3,93438,138.34,72213.48,21224.52,0.227151,false,USD
00k000000001239AAA,006000000000395AAA,01t000000000058AAA,416,239.92,0.0265,233.56,99806.72,97160.96,167.27,69584.32,27576.64,0.283824,false,USD
00k000000001240AAA,006000000000395AAA,01t000000000054AAA,749,132.19,0.0866,120.74,99010.31,90434.26,80.43,60242.07,30192.19,0.333858,false,USD
00k000000001241AAA,006000000000395AAA,01t000000000065AAA,214,322.59,0.1183,284.43,69034.26,60868.02,228.94,48993.16,11874.86,0.195092,false,USD
00k000000001242AAA,006000000000396AAA,01t000000000003AAA,245,202.51,0.0822,185.86,49614.95,45535.7,125.5,30747.5,14788.2,0.324761,false,USD
00k000000001243AAA,006000000000396AAA,01t000000000048AAA,228,419.27,0.0602,394.03,95593.56,89838.84,264.11,60217.08,29621.76,0.329721,false,USD
00k000000001244AAA,006000000000396AAA,01t000000000013AAA,211,336.53,0.0471,320.68,71007.83,67663.48,195.82,41318.02,26345.46,0.38936,false,USD
00k000000001245AAA,006000000000396AAA,01t000000000036AAA,616,136.82,0.0409,131.22,84281.12,80831.52,95.18,58630.88,22200.64,0.274653,false,USD
00k000000001246AAA,006000000000397AAA,01t000000000017AAA,960,185.2,0.1101,164.81,177792,158217.6,126.45,121392,36825.6,0.232753,false,USD
00k000000001247AAA,006000000000397AAA,01t000000000028AAA,628,205.63,0.0136,202.83,129135.64,127377.24,110.67,69500.76,57876.48,0.454371,false,USD
00k000000001248AAA,006000000000398AAA,01t000000000040AAA,104,224.16,0.0582,211.11,23312.64,21955.44,142.61,14831.44,7124,0.324475,false,USD
00k000000001249AAA,006000000000398AAA,01t000000000008AAA,129,265.99,0.0685,247.77,34312.71,31962.33,179.17,23112.93,8849.4,0.27687,false,USD
00k000000001250AAA,006000000000398AAA,01t000000000021AAA,63,326.48,0.0497,310.25,20568.24,19545.75,239.32,15077.16,4468.59,0.228622,false,USD
00k000000001251AAA,006000000000398AAA,01t000000000004AAA,85,399.78,0.0526,378.75,33981.3,32193.75,267.02,22696.7,9497.05,0.294997,false,USD
00k000000001252AAA,006000000000399AAA,01t000000000022AAA,1233,366.38,0.0925,332.49,451746.54,409960.17,241.05,297214.65,112745.52,0.275016,false,USD
00k000000001253AAA,006000000000399AAA,01t000000000053AAA,1445,244.28,0.0877,222.86,352984.6,322032.7,158.05,228382.25,93650.45,0.29081,false,USD
00k000000001254AAA,006000000000399AAA,01t000000000021AAA,686,325.81,0.062,305.61,223505.66,209648.46,239.32,164173.52,45474.94,0.21691,false,USD
00k000000001255AAA,006000000000399AAA,01t000000000013AAA,1135,322.09,0.0732,298.51,365572.15,338808.85,195.82,222255.7,116553.15,0.344009,false,USD
00k000000001256AAA,006000000000399AAA,01t000000000050AAA,4473,80.43,0.08,74,359763.39,331002,51.06,228391.38,102610.62,0.31,false,USD
00k000000001257AAA,006000000000400AAA,01t000000000021AAA,182,330.12,0.0634,309.19,60081.84,56272.58,239.32,43556.24,12716.34,0.225978,false,USD
00k000000001258AAA,006000000000400AAA,01t000000000050AAA,1046,81.27,0.0567,76.66,85008.42,80186.36,51.06,53408.76,26777.6,0.333942,false,USD
00k000000001259AAA,006000000000400AAA,01t000000000031AAA,268,375.17,0,375.17,100545.56,100545.56,237.31,63599.08,36946.48,0.36746,false,USD
00k000000001260AAA,006000000000400AAA,01t000000000038AAA,349,206.5,0.1146,182.84,72068.5,63811.16,127.14,44371.86,19439.3,0.304638,false,USD
00k000000001261AAA,006000000000401AAA,01t000000000042AAA,5021,266.18,0.1052,238.18,1336489.78,1195901.78,174.39,875612.19,320289.59,0.267823,false,USD
00k000000001262AAA,006000000000402AAA,01t000000000066AAA,327,434.35,0.0684,404.64,142032.45,132317.28,243.97,79778.19,52539.09,0.397069,false,USD
00k000000001263AAA,006000000000402AAA,01t000000000030AAA,1267,157.72,0.0518,149.55,199831.24,189479.85,105.3,133415.1,56064.75,0.295888,false,USD
00k000000001264AAA,006000000000402AAA,01t000000000049AAA,530,350.9,0.0106,347.18,185977,184005.4,237.58,125917.4,58088,0.315686,false,USD
00k000000001265AAA,006000000000402AAA,01t000000000004AAA,273,396.78,0.0492,377.26,108320.94,102991.98,259.01,70709.73,32282.25,0.313444,false,USD
00k000000001266AAA,006000000000403AAA,01t000000000014AAA,1298,124.66,0.1393,107.29,161808.68,139262.42,81.05,105202.9,34059.52,0.244571,false,USD
00k000000001267AAA,006000000000403AAA,01t000000000006AAA,431,454.32,0.0982,409.71,195811.92,176585.01,301.3,129860.3,46724.71,0.264602,false,USD
00k000000001268AAA,006000000000403AAA,01t000000000007AAA,1392,195.43,0.0893,177.98,272038.56,247748.16,120.99,168418.08,79330.08,0.320205,false,USD
00k000000001269AAA,006000000000403AAA,01t000000000015AAA,448,309.13,0.0108,305.79,138490.24,136993.92,168.05,75286.4,61707.52,0.45044,false,USD
00k000000001270AAA,006000000000404AAA,01t000000000033AAA,988,415.38,0.0723,385.35,410395.44,380725.8,280.14,276778.32,103947.48,0.273025,false,USD
00k000000001271AAA,006000000000404AAA,01t000000000002AAA,2983,181.42,0.0612,170.32,541175.86,508064.56,113.8,339465.4,168599.16,0.331846,false,USD
00k000000001272AAA,006000000000405AAA,01t000000000037AAA,225,379.18,0.0629,355.33,85315.5,79949.25,244.43,54996.75,24952.5,0.312104,false,USD
00k000000001273AAA,006000000000405AAA,01t000000000014AAA,768,119.51,0.0793,110.03,91783.68,84503.04,81.05,62246.4,22256.64,0.263383,false,USD
00k000000001274AAA,006000000000405AAA,01t000000000042AAA,234,278.27,0.0372,267.92,65115.18,62693.28,174.39,40807.26,21886.02,0.349097,false,USD
00k000000001275AAA,006000000000405AAA,01t000000000057AAA,409,126.89,0.0925,115.15,51898.01,47096.35,72.85,29795.65,17300.7,0.367347,false,USD
00k000000001276AAA,006000000000405AAA,01t000000000045AAA,601,104.13,0.1117,92.5,62582.13,55592.5,59.87,35981.87,19610.63,0.352757,false,USD
00k000000001277AAA,006000000000406AAA,01t000000000031AAA,286,377.72,0.0885,344.29,108027.92,98466.94,237.31,67870.66,30596.28,0.310726,false,USD
00k000000001278AAA,006000000000406AAA,01t000000000051AAA,1273,69.82,0.0639,65.36,88880.86,83203.28,51.08,65024.84,18178.44,0.218482,false,USD
00k000000001279AAA,006000000000406AAA,01t000000000013AAA,262,319.81,0.0554,302.09,83790.22,79147.58,195.82,51304.84,27842.74,0.351783,false,USD
00k000000001280AAA,006000000000406AAA,01t000000000049AAA,223,363.21,0.0322,351.51,80995.83,78386.73,244.93,54619.39,23767.34,0.303206,false,USD
00k000000001281AAA,006000000000407AAA,01t000000000051AAA,402,67.76,0.0641,63.42,27239.52,25494.84,51.08,20534.16,4960.68,0.194576,false,USD
00k000000001282AAA,006000000000407AAA,01t000000000053AAA,154,245.27,0.1001,220.72,37771.58,33990.88,158.05,24339.7,9651.18,0.283934,false,USD
00k000000001283AAA,006000000000407AAA,01t000000000052AAA,191,104.57,0.0636,97.92,19972.87,18702.72,62.85,12004.35,6698.37,0.35815,false,USD
00k000000001284AAA,006000000000407AAA,01t000000000029AAA,118,233.64,0.0631,218.9,27569.52,25830.2,153.08,18063.44,7766.76,0.300685,false,USD
00k000000001285AAA,006000000000407AAA,01t000000000041AAA,85,259.37,0.0448,247.75,22046.45,21058.75,152.9,12996.5,8062.25,0.382846,false,USD
00k000000001286AAA,006000000000408AAA,01t000000000025AAA,4317,73.87,0.086,67.52,318896.79,291483.84,51.29,221418.93,70064.91,0.240373,false,USD
00k000000001287AAA,006000000000409AAA,01t000000000050AAA,4850,79.81,0.0622,74.85,387078.5,363022.5,49.53,240220.5,122802,0.338277,false,USD
00k000000001288AAA,006000000000409AAA,01t000000000002AAA,1592,179.44,0.0707,166.75,285668.48,265466,110.39,175740.88,89725.12,0.337991,false,USD
00k000000001289AAA,006000000000409AAA,01t000000000028AAA,1404,197.87,0.0543,187.13,277809.48,262730.52,107.35,150719.4,112011.12,0.426335,false,USD
00k000000001290AAA,006000000000409AAA,01t000000000023AAA,729,348.72,0.0542,329.82,254216.88,240438.78,215.72,157259.88,83178.9,0.345946,false,USD
00k000000001291AAA,006000000000409AAA,01t000000000057AAA,1913,129.72,0.0754,119.94,248154.36,229445.22,70.66,135172.58,94272.64,0.410872,false,USD
00k000000001292AAA,006000000000410AAA,01t000000000025AAA,9699,76.37,0.1079,68.13,740712.63,660792.87,51.29,497461.71,163331.16,0.247175,false,USD
00k000000001293AAA,006000000000410AAA,01t000000000005AAA,1024,365.89,0.0677,341.12,374671.36,349306.88,272.07,278599.68,70707.2,0.202421,false,USD
00k000000001294AAA,006000000000411AAA,01t000000000027AAA,559,402.63,0.0909,366.03,225070.17,204610.77,251.82,140767.38,63843.39,0.312024,false,USD
00k000000001295AAA,006000000000411AAA,01t000000000014AAA,2003,120.65,0.1131,107,241661.95,214321,81.05,162343.15,51977.85,0.242523,false,USD
00k000000001296AAA,006000000000412AAA,01t000000000014AAA,3706,124.69,0.085,114.09,462101.14,422817.54,81.05,300371.3,122446.24,0.289596,false,USD
00k000000001297AAA,006000000000412AAA,01t000000000069AAA,2194,370.68,0.1072,330.94,813271.92,726082.36,218.13,478577.22,247505.14,0.340878,false,USD
00k000000001298AAA,006000000000413AAA,01t000000000051AAA,10003,69.03,0.0781,63.64,690507.09,636590.92,51.08,510953.24,125637.68,0.19736,false,USD
00k000000001299AAA,006000000000413AAA,01t000000000011AAA,1563,302.96,0.0852,277.15,473526.48,433185.45,204.74,320008.62,113176.83,0.261266,false,USD
00k000000001300AAA,006000000000414AAA,01t000000000025AAA,2057,73.59,0.0972,66.44,151374.63,136667.08,51.29,105503.53,31163.55,0.228025,false,USD
00k000000001301AAA,006000000000414AAA,01t000000000061AAA,793,204.34,0.1051,182.86,162041.62,145007.98,138.34,109703.62,35304.36,0.243465,false,USD
00k000000001302AAA,006000000000414AAA,01t000000000022AAA,333,340.53,0.0617,319.52,113396.49,106400.16,241.05,80269.65,26130.51,0.245587,false,USD
00k000000001303AAA,006000000000414AAA,01t000000000008AAA,380,264.61,0.1016,237.73,100551.8,90337.4,179.17,68084.6,22252.8,0.24633,false,USD
00k000000001304AAA,006000000000415AAA,01t000000000035AAA,355,379.63,0.0624,355.94,134768.65,126358.7,237.75,84401.25,41957.45,0.33205,false,USD
00k000000001305AAA,006000000000415AAA,01t000000000058AAA,725,246.14,0.0598,231.42,178451.5,167779.5,167.27,121270.75,46508.75,0.277202,false,USD
00k000000001306AAA,006000000000415AAA,01t000000000018AAA,913,146.79,0.0554,138.66,134019.27,126596.58,92.07,84059.91,42536.67,0.336002,false,USD
00k000000001307AAA,006000000000416AAA,01t000000000052AAA,1273,107,0.0548,101.14,136211,128751.22,62.85,80008.05,48743.17,0.378584,false,USD
00k000000001308AAA,006000000000416AAA,01t000000000070AAA,166,549.29,0.092,498.76,91182.14,82794.16,339.31,56325.46,26468.7,0.319693,false,USD
00k000000001309AAA,006000000000416AAA,01t000000000056AAA,645,209.98,0.0498,199.52,135437.1,128690.4,130.96,84469.2,44221.2,0.343625,false,USD
00k000000001310AAA,006000000000416AAA,01t000000000055AAA,501,235.49,0.0393,226.24,117980.49,113346.24,130.02,65140.02,48206.22,0.425301,false,USD
00k000000001311AAA,006000000000417AAA,01t000000000054AAA,698,138.87,0.0697,129.19,96931.26,90174.62,80.43,56140.14,34034.48,0.377429,false,USD
00k000000001312AAA,006000000000417AAA,01t000000000067AAA,318,208.14,0.0887,189.68,66188.52,60318.24,130.51,41502.18,18816.06,0.311946,false,USD
00k000000001313AAA,006000000000417AAA,01t000000000056AAA,617,205.77,0.0744,190.46,126960.09,117513.82,130.96,80802.32,36711.5,0.312402,false,USD
00k000000001314AAA,006000000000418AAA,01t000000000063AAA,1111,450.26,0.0703,418.61,500238.86,465075.71,264.31,293648.41,171427.3,0.368601,false,USD
00k000000001315AAA,006000000000418AAA,01t000000000064AAA,1911,233.64,0.0413,223.99,446486.04,428044.89,161.48,308588.28,119456.61,0.279075,false,USD
00k000000001316AAA,006000000000418AAA,01t000000000057AAA,2166,122.36,0.0764,113.01,265031.76,244779.66,72.85,157793.1,86986.56,0.355367,false,USD
00k000000001317AAA,006000000000418AAA,01t000000000061AAA,1422,211.63,0.1084,188.69,300937.86,268317.18,138.34,196719.48,71597.7,0.26684,false,USD
00k000000001318AAA,006000000000419AAA,01t000000000039AAA,6399,120.47,0.0392,115.75,770887.53,740684.25,73.35,469366.65,271317.6,0.366307,false,USD
00k000000001319AAA,006000000000419AAA,01t000000000001AAA,2270,332.27,0.0566,313.46,754252.9,711554.2,203.02,460855.4,250698.8,0.352326,false,USD
00k000000001320AAA,006000000000419AAA,01t000000000037AAA,2020,365.9,0.0539,346.18,739118,699283.6,237.1,478942,220341.6,0.315096,false,USD
00k000000001321AAA,006000000000419AAA,01t000000000051AAA,7062,68.42,0.0938,62,483182.04,437844,49.55,349922.1,87921.9,0.200806,false,USD
00k000000001322AAA,006000000000420AAA,01t000000000015AAA,2594,309.1,0.0759,285.64,801805.4,740950.16,168.05,435921.7,305028.46,0.411672,false,USD
00k000000001323AAA,006000000000420AAA,01t000000000003AAA,2987,212.04,0.0813,194.8,633363.48,581867.6,125.5,374868.5,206999.1,0.355749,false,USD
00k000000001324AAA,006000000000420AAA,01t000000000005AAA,2630,375.61,0.1205,330.35,987854.3,868820.5,272.07,715544.1,153276.4,0.176419,false,USD
00k000000001325AAA,006000000000421AAA,01t000000000013AAA,641,341.3,0.0394,327.85,218773.3,210151.85,195.82,125520.62,84631.23,0.402715,false,USD
00k000000001326AAA,006000000000421AAA,01t000000000057AAA,1244,129.06,0.0663,120.5,160550.64,149902,72.85,90625.4,59276.6,0.395436,false,USD
00k000000001327AAA,006000000000421AAA,01t000000000037AAA,503,375.56,0.0466,358.06,188906.68,180104.18,244.43,122948.29,57155.89,0.317349,false,USD
00k000000001328AAA,006000000000422AAA,01t000000000026AAA,305,297.06,0.0546,280.84,90603.3,85656.2,198.27,60472.35,25183.85,0.294011,false,USD
00k000000001329AAA,006000000000422AAA,01t000000000028AAA,747,197.53,0.0775,182.22,147554.91,136118.34,110.67,82670.49,53447.85,0.392657,false,USD
00k000000001330AAA,006000000000422AAA,01t000000000017AAA,848,195.27,0.0655,182.48,165588.96,154743.04,126.45,107229.6,47513.44,0.307047,false,USD
00k000000001331AAA,006000000000423AAA,01t000000000001AAA,640,326.29,0.0665,304.59,208825.6,194937.6,209.3,133952,60985.6,0.312847,false,USD
00k000000001332AAA,006000000000423AAA,01t000000000049AAA,769,377.44,0.0159,371.44,290251.36,285637.36,244.93,188351.17,97286.19,0.340593,false,USD
00k000000001333AAA,006000000000423AAA,01t000000000050AAA,3179,78.95,0.1133,70,250982.05,222530,51.06,162319.74,60210.26,0.270571,false,USD
00k000000001334AAA,006000000000423AAA,01t000000000029AAA,1285,221.6,0.0856,202.63,284756,260379.55,153.08,196707.8,63671.75,0.244534,false,USD
00k000000001335AAA,006000000000424AAA,01t000000000062AAA,1664,203.48,0.0615,190.97,338590.72,317774.08,117.42,195386.88,122387.2,0.385139,false,USD
00k000000001336AAA,006000000000424AAA,01t000000000036AAA,1525,139.92,0.0547,132.27,213378,201711.75,92.32,140788,60923.75,0.302034,false,USD
00k000000001337AAA,006000000000424AAA,01t000000000020AAA,885,385.42,0.0504,365.99,341096.7,323901.15,211.79,187434.15,136467,0.421323,false,USD
00k000000001338AAA,006000000000424AAA,01t000000000039AAA,2356,121.55,0.0556,114.79,286371.8,270445.24,73.35,172812.6,97632.64,0.361007,false,USD
00k000000001339AAA,006000000000425AAA,01t000000000018AAA,3375,144.26,0.0682,134.42,486877.5,453667.5,92.07,310736.25,142931.25,0.315057,false,USD
00k000000001340AAA,006000000000425AAA,01t000000000016AAA,1220,352.42,0.0702,327.68,429952.4,399769.6,212.59,259359.8,140409.8,0.351227,false,USD
00k000000001341AAA,006000000000426AAA,01t000000000005AAA,981,378.31,0.0811,347.63,371122.11,341025.03,272.07,266900.67,74124.36,0.217358,false,USD
00k000000001342AAA,006000000000426AAA,01t000000000015AAA,1156,305.68,0.1025,274.35,353366.08,317148.6,168.05,194265.8,122882.8,0.387461,false,USD
00k000000001343AAA,006000000000426AAA,01t000000000025AAA,7106,73.7,0.0388,70.84,523712.2,503389.04,51.29,364466.74,138922.3,0.275974,false,USD
00k000000001344AAA,006000000000427AAA,01t000000000052AAA,4529,106.82,0.0579,100.64,483787.78,455798.56,62.85,284647.65,171150.91,0.375497,false,USD
00k000000001345AAA,006000000000427AAA,01t000000000068AAA,1341,468.07,0.0572,441.3,627681.87,591783.3,303.4,406859.4,184923.9,0.312486,false,USD
00k000000001346AAA,006000000000428AAA,01t000000000038AAA,4038,208.69,0.0563,196.94,842690.22,795243.72,127.14,513391.32,281852.4,0.354423,false,USD
00k000000001347AAA,006000000000429AAA,01t000000000008AAA,946,266.73,0.0269,259.55,252326.58,245534.3,179.17,169494.82,76039.48,0.30969,false,USD
00k000000001348AAA,006000000000429AAA,01t000000000033AAA,643,409.21,0.0663,382.08,263122.03,245677.44,280.14,180130.02,65547.42,0.266803,false,USD
00k000000001349AAA,006000000000429AAA,01t000000000016AAA,874,349.68,0.0771,322.72,305620.32,282057.28,212.59,185803.66,96253.62,0.341256,false,USD
00k000000001350AAA,006000000000430AAA,01t000000000033AAA,1069,394.38,0.0521,373.83,421592.22,399624.27,280.14,299469.66,100154.61,0.250622,false,USD
00k000000001351AAA,006000000000430AAA,01t000000000005AAA,729,377.09,0.0572,355.52,274898.61,259174.08,272.07,198339.03,60835.05,0.234727,false,USD
00k000000001352AAA,006000000000431AAA,01t000000000005AAA,552,366.06,0.0386,351.93,202065.12,194265.36,272.07,150182.64,44082.72,0.22692,false,USD
00k000000001353AAA,006000000000431AAA,01t000000000033AAA,535,402.89,0.1318,349.79,215546.15,187137.65,280.14,149874.9,37262.75,0.199119,false,USD
00k000000001354AAA,006000000000431AAA,01t000000000004AAA,467,408.9,0.0357,394.3,190956.3,184138.1,267.02,124698.34,59439.76,0.3228,false,USD
00k000000001355AAA,006000000000431AAA,01t000000000006AAA,399,466.56,0.0636,436.89,186157.44,174319.11,301.3,120218.7,54100.41,0.310353,false,USD
00k000000001356AAA,006000000000431AAA,01t000000000053AAA,1051,241.95,0.0703,224.94,254289.45,236411.94,158.05,166110.55,70301.39,0.297368,false,USD
00k000000001357AAA,006000000000432AAA,01t000000000045AAA,2474,102.73,0.0091,101.8,254154.02,251853.2,59.87,148118.38,103734.82,0.411886,false,USD
00k000000001358AAA,006000000000432AAA,01t000000000037AAA,1180,375.74,0.0916,341.32,443373.2,402757.6,244.43,288427.4,114330.2,0.283869,false,USD
00k000000001359AAA,006000000000433AAA,01t000000000056AAA,86,191.63,0.0628,179.6,16480.18,15445.6,130.96,11262.56,4183.04,0.270824,false,USD
00k000000001360AAA,006000000000433AAA,01t000000000013AAA,67,331.09,0.0753,306.16,22183.03,20512.72,195.82,13119.94,7392.78,0.3604,false,USD
00k000000001361AAA,006000000000433AAA,01t000000000011AAA,64,294.1,0.036,283.51,18822.4,18144.64,204.74,13103.36,5041.28,0.277839,false,USD
00k000000001362AAA,006000000000433AAA,01t000000000051AAA,221,70.42,0.0635,65.95,15562.82,14574.95,51.08,11288.68,3286.27,0.225474,false,USD
00k000000001363AAA,006000000000434AAA,01t000000000026AAA,622,305.59,0.0565,288.32,190076.98,179335.04,198.27,123323.94,56011.1,0.312327,false,USD
00k000000001364AAA,006000000000434AAA,01t000000000051AAA,3075,70.19,0.0591,66.04,215834.25,203073,51.08,157071,46002,0.226529,false,USD
00k000000001365AAA,006000000000434AAA,01t000000000003AAA,785,214.88,0.0606,201.86,168680.8,158460.1,125.5,98517.5,59942.6,0.378282,false,USD
00k000000001366AAA,006000000000434AAA,01t000000000002AAA,852,187.51,0.0637,175.57,159758.52,149585.64,113.8,96957.6,52628.04,0.351825,false,USD
00k000000001367AAA,006000000000435AAA,01t000000000018AAA,1644,149.49,0.0715,138.8,245761.56,228187.2,92.07,151363.08,76824.12,0.336671,false,USD
00k000000001368AAA,006000000000435AAA,01t000000000060AAA,848,253.95,0.07,236.17,215349.6,200272.16,164.46,139462.08,60810.08,0.303637,false,USD
00k000000001369AAA,006000000000436AAA,01t000000000019AAA,291,358.94,0.0716,333.24,104451.54,96972.84,228.88,66604.08,30368.76,0.313168,false,USD
00k000000001370AAA,006000000000436AAA,01t000000000042AAA,439,275.48,0.0996,248.04,120935.72,108889.56,174.39,76557.21,32332.35,0.296928,false,USD
00k000000001371AAA,006000000000436AAA,01t000000000006AAA,177,464.09,0.0655,433.69,82143.93,76763.13,301.3,53330.1,23433.03,0.305264,false,USD
00k000000001372AAA,006000000000437AAA,01t000000000058AAA,879,239.34,0.061,224.74,210379.86,197546.46,167.27,147030.33,50516.13,0.255718,false,USD
00k000000001373AAA,006000000000437AAA,01t000000000057AAA,1469,128.54,0.0438,122.91,188825.26,180554.79,72.85,107016.65,73538.14,0.40729,false,USD
00k000000001374AAA,006000000000438AAA,01t000000000054AAA,3561,137.62,0.0836,126.11,490064.82,449077.71,80.43,286411.23,162666.48,0.362223,false,USD
00k000000001375AAA,006000000000438AAA,01t000000000016AAA,1377,363.07,0.1121,322.37,499947.39,443903.49,212.59,292736.43,151167.06,0.34054,false,USD
00k000000001376AAA,006000000000439AAA,01t000000000007AAA,468,186.25,0.0572,175.6,87165,82180.8,120.99,56623.32,25557.48,0.310991,false,USD
00k000000001377AAA,006000000000439AAA,01t000000000013AAA,192,335.21,0.0694,311.95,64360.32,59894.4,195.82,37597.44,22296.96,0.372271,false,USD
00k000000001378AAA,006000000000440AAA,01t000000000046AAA,10494,85.74,0.0873,78.25,899755.56,821155.5,53.15,557756.1,263399.4,0.320767,false,USD
00k000000001379AAA,006000000000440AAA,01t000000000019AAA,3496,337.69,0.1228,296.22,1180564.24,1035585.12,228.88,800164.48,235420.64,0.227331,false,USD
00k000000001380AAA,006000000000440AAA,01t000000000009AAA,2792,354.39,0.1007,318.7,989456.88,889810.4,203.75,568870,320940.4,0.360684,false,USD
00k000000001381AAA,006000000000441AAA,01t000000000048AAA,529,413.75,0.0625,387.89,218873.75,205193.81,264.11,139714.19,65479.62,0.319111,false,USD
00k000000001382AAA,006000000000441AAA,01t000000000002AAA,939,185.11,0.0665,172.8,173818.29,162259.2,113.8,106858.2,55401,0.341435,false,USD
00k000000001383AAA,006000000000442AAA,01t000000000036AAA,4320,139.48,0.0698,129.74,602553.6,560476.8,95.18,411177.6,149299.2,0.266379,false,USD
00k000000001384AAA,006000000000442AAA,01t000000000029AAA,3185,222.03,0.1113,197.32,707165.55,628464.2,153.08,487559.8,140904.4,0.224204,false,USD
00k000000001385AAA,006000000000442AAA,01t000000000047AAA,1848,328.7,0.1343,284.56,607437.6,525866.88,213.19,393975.12,131891.76,0.250808,false,USD
00k000000001386AAA,006000000000443AAA,01t000000000024AAA,2319,314.55,0.1274,274.48,729441.45,636519.12,221.7,514122.3,122396.82,0.192291,false,USD
00k000000001387AAA,006000000000444AAA,01t000000000026AAA,104,295.6,0.0947,267.61,30742.4,27831.44,198.27,20620.08,7211.36,0.259108,false,USD
00k000000001388AAA,006000000000444AAA,01t000000000017AAA,218,185.12,0.1079,165.15,40356.16,36002.7,126.45,27566.1,8436.6,0.234332,false,USD
00k000000001389AAA,006000000000444AAA,01t000000000014AAA,377,125.76,0.1156,111.22,47411.52,41929.94,81.05,30555.85,11374.09,0.271264,false,USD
00k000000001390AAA,006000000000444AAA,01t000000000025AAA,485,74.5,0.0788,68.63,36132.5,33285.55,51.29,24875.65,8409.9,0.252659,false,USD
00k000000001391AAA,006000000000445AAA,01t000000000032AAA,3721,343.05,0.0682,319.65,1276489.05,1189417.65,199.36,741818.56,447599.09,0.376318,false,USD
00k000000001392AAA,006000000000445AAA,01t000000000037AAA,2059,379.58,0.072,352.25,781555.22,725282.75,244.43,503281.37,222001.38,0.306089,false,USD
00k000000001393AAA,006000000000446AAA,01t000000000005AAA,433,369.85,0.125,323.62,160145.05,140127.46,272.07,117806.31,22321.15,0.159292,false,USD
00k000000001394AAA,006000000000446AAA,01t000000000044AAA,572,386.18,0.0889,351.85,220894.96,201258.2,243.46,139259.12,61999.08,0.308057,false,USD
00k000000001395AAA,006000000000447AAA,01t000000000030AAA,1383,159.03,0.0771,146.77,219938.49,202982.91,108.56,150138.48,52844.43,0.260339,false,USD
00k000000001396AAA,006000000000447AAA,01t000000000069AAA,540,351.82,0.0443,336.23,189982.8,181564.2,218.13,117790.2,63774,0.351248,false,USD
00k000000001397AAA,006000000000447AAA,01t000000000026AAA,907,300.81,0.0707,279.54,272834.67,253542.78,198.27,179830.89,73711.89,0.290728,false,USD
00k000000001398AAA,006000000000448AAA,01t000000000014AAA,2469,121.61,0.0217,118.97,300255.09,293736.93,81.05,200112.45,93624.48,0.318736,false,USD
00k000000001399AAA,006000000000448AAA,01t000000000042AAA,710,283.72,0.0768,261.93,201441.2,185970.3,174.39,123816.9,62153.4,0.334211,false,USD
00k000000001400AAA,006000000000448AAA,01t000000000055AAA,1343,231.51,0.0938,209.79,310917.93,281747.97,130.02,174616.86,107131.11,0.380237,false,USD
00k000000001401AAA,006000000000449AAA,01t000000000049AAA,152,345.5,0.0984,311.5,52516,47348,244.93,37229.36,10118.64,0.213708,false,USD
00k000000001402AAA,006000000000449AAA,01t000000000052AAA,606,105.98,0.0637,99.23,64223.88,60133.38,62.85,38087.1,22046.28,0.366623,false,USD
00k000000001403AAA,006000000000449AAA,01t000000000058AAA,259,235.53,0.0986,212.31,61002.27,54988.29,167.27,43322.93,11665.36,0.212143,false,USD
00k000000001404AAA,006000000000449AAA,01t000000000033AAA,156,393.41,0.0315,381.02,61371.96,59439.12,280.14,43701.84,15737.28,0.264763,false,USD
00k000000001405AAA,006000000000450AAA,01t000000000013AAA,621,327.91,0.0997,295.22,203632.11,183331.62,195.82,121604.22,61727.4,0.336698,false,USD
00k000000001406AAA,006000000000450AAA,01t000000000023AAA,789,325.59,0.05,309.31,256890.51,244045.59,222.39,175465.71,68579.88,0.281013,false,USD
00k000000001407AAA,006000000000450AAA,01t000000000056AAA,1258,205.66,0.0297,199.55,258720.28,251033.9,130.96,164747.68,86286.22,0.343723,false,USD
00k000000001408AAA,006000000000450AAA,01t000000000074AAA,467,331.79,0.0902,301.86,154945.93,140968.62,224.7,104934.9,36033.72,0.255615,false,USD
00k000000001409AAA,006000000000451AAA,01t000000000005AAA,8452,375.16,0.1079,334.68,3170852.32,2828715.36,272.07,2299535.64,529179.72,0.187074,false,USD
00k000000001410AAA,006000000000452AAA,01t000000000045AAA,1505,106.42,0.078,98.12,160162.1,147670.6,59.87,90104.35,57566.25,0.389829,false,USD
00k000000001411AAA,006000000000452AAA,01t000000000026AAA,438,291.5,0.0818,267.66,127677,117235.08,198.27,86842.26,30392.82,0.259247,false,USD
00k000000001412AAA,006000000000452AAA,01t000000000002AAA,620,182.57,0.0861,166.85,113193.4,103447,113.8,70556,32891,0.31795,false,USD
00k000000001413AAA,006000000000452AAA,01t000000000007AAA,824,202.83,0.0991,182.73,167131.92,150569.52,120.99,99695.76,50873.76,0.337876,false,USD
00k000000001414AAA,006000000000453AAA,01t000000000044AAA,1848,397.36,0.0908,361.28,734321.28,667645.44,243.46,449914.08,217731.36,0.326118,false,USD
00k000000001415AAA,006000000000453AAA,01t000000000072AAA,884,556.6,0.0937,504.45,492034.4,445933.8,412.18,364367.12,81566.68,0.182912,false,USD
00k000000001416AAA,006000000000454AAA,01t000000000049AAA,1035,359.13,0.0713,333.52,371699.55,345193.2,244.93,253502.55,91690.65,0.265621,false,USD
00k000000001417AAA,006000000000454AAA,01t000000000056AAA,1548,201.16,0.0585,189.39,311395.68,293175.72,130.96,202726.08,90449.64,0.308517,false,USD
00k000000001418AAA,006000000000454AAA,01t000000000048AAA,921,433.71,0.0649,405.56,399446.91,373520.76,264.11,243245.31,130275.45,0.348777,false,USD
00k000000001419AAA,006000000000454AAA,01t000000000021AAA,878,338.79,0.0644,316.97,297457.62,278299.66,239.32,210122.96,68176.7,0.244976,false,USD
00k000000001420AAA,006000000000455AAA,01t000000000028AAA,1353,200.45,0.0681,186.8,271208.85,252740.4,110.67,149736.51,103003.89,0.407548,false,USD
00k000000001421AAA,006000000000455AAA,01t000000000043AAA,1335,231.93,0.0718,215.28,309626.55,287398.8,128.91,172094.85,115303.95,0.401198,false,USD
00k000000001422AAA,006000000000456AAA,01t000000000051AAA,3260,72.71,0.0632,68.11,237034.6,222038.6,51.08,166520.8,55517.8,0.250037,false,USD
00k000000001423AAA,006000000000456AAA,01t000000000060AAA,1006,255.33,0.0848,233.68,256861.98,235082.08,164.46,165446.76,69635.32,0.296217,false,USD
00k000000001424AAA,006000000000456AAA,01t000000000054AAA,1304,132.1,0.0422,126.53,172258.4,164995.12,80.43,104880.72,60114.4,0.36434,false,USD
00k000000001425AAA,006000000000456AAA,01t000000000026AAA,662,299.55,0.0779,276.22,198302.1,182857.64,198.27,131254.74,51602.9,0.282203,false,USD
00k000000001426AAA,006000000000456AAA,01t000000000028AAA,1167,199.59,0.0959,180.45,232921.53,210585.15,110.67,129151.89,81433.26,0.3867,false,USD
00k000000001427AAA,006000000000457AAA,01t000000000017AAA,587,177.84,0.0707,165.27,104392.08,97013.49,126.45,74226.15,22787.34,0.234888,false,USD
00k000000001428AAA,006000000000457AAA,01t000000000058AAA,545,232.09,0.1035,208.07,126489.05,113398.15,167.27,91162.15,22236,0.196088,false,USD
00k000000001429AAA,006000000000457AAA,01t000000000051AAA,1325,73.49,0.049,69.89,97374.25,92604.25,51.08,67681,24923.25,0.269137,false,USD
00k000000001430AAA,006000000000458AAA,01t000000000021AAA,272,332.66,0.0998,299.46,90483.52,81453.12,239.32,65095.04,16358.08,0.200828,false,USD
00k000000001431AAA,006000000000458AAA,01t000000000049AAA,199,353.02,0.0409,338.58,70250.98,67377.42,244.93,48741.07,18636.35,0.276596,false,USD
00k000000001432AAA,006000000000458AAA,01t000000000023AAA,233,341.69,0.1175,301.54,79613.77,70258.82,222.39,51816.87,18441.95,0.262486,false,USD
00k000000001433AAA,006000000000459AAA,01t000000000051AAA,652,71.85,0.0259,69.99,46846.2,45633.48,49.55,32306.6,13326.88,0.292042,false,USD
00k000000001434AAA,006000000000459AAA,01t000000000031AAA,190,372.43,0.0714,345.84,70761.7,65709.6,230.19,43736.1,21973.5,0.334403,false,USD
00k000000001435AAA,006000000000459AAA,01t000000000039AAA,470,125.1,0.043,119.72,58797,56268.4,73.35,34474.5,21793.9,0.38732,false,USD
00k000000001436AAA,006000000000459AAA,01t000000000023AAA,177,344.6,0.0489,327.75,60994.2,58011.75,215.72,38182.44,19829.31,0.341815,false,USD
00k000000001437AAA,006000000000460AAA,01t000000000018AAA,1083,151.42,0.0646,141.64,163987.86,153396.12,89.31,96722.73,56673.39,0.369458,false,USD
00k000000001438AAA,006000000000460AAA,01t000000000010AAA,411,442.5,0.0699,411.57,181867.5,169155.27,272.3,111915.3,57239.97,0.338387,false,USD
00k000000001439AAA,006000000000460AAA,01t000000000036AAA,1171,140.68,0.0938,127.48,164736.28,149279.08,92.32,108106.72,41172.36,0.275808,false,USD
00k000000001440AAA,006000000000460AAA,01t000000000048AAA,279,403.92,0.0644,377.91,112693.68,105436.89,256.19,71477.01,33959.88,0.322087,false,USD
00k000000001441AAA,006000000000460AAA,01t000000000053AAA,457,245.87,0.0555,232.22,112362.59,106124.54,153.31,70062.67,36061.87,0.339807,false,USD
00k000000001442AAA,006000000000461AAA,01t000000000055AAA,343,241.83,0.0908,219.87,82947.69,75415.41,130.02,44596.86,30818.55,0.408651,false,USD
00k000000001443AAA,006000000000461AAA,01t000000000060AAA,440,255.49,0.0821,234.51,112415.6,103184.4,164.46,72362.4,30822,0.298708,false,USD
00k000000001444AAA,006000000000461AAA,01t000000000031AAA,217,363.65,0.0462,346.85,78912.05,75266.45,237.31,51496.27,23770.18,0.315814,false,USD
00k000000001445AAA,006000000000461AAA,01t000000000064AAA,537,249.65,0.094,226.18,134062.05,121458.66,161.48,86714.76,34743.9,0.286055,false,USD
00k000000001446AAA,006000000000461AAA,01t000000000013AAA,319,348.68,0.0303,338.11,111228.92,107857.09,195.82,62466.58,45390.51,0.420839,false,USD
00k000000001447AAA,006000000000462AAA,01t000000000052AAA,1170,109.11,0.0911,99.17,127658.7,116028.9,62.85,73534.5,42494.4,0.36624,false,USD
00k000000001448AAA,006000000000462AAA,01t000000000047AAA,527,318.7,0.0549,301.2,167954.9,158732.4,213.19,112351.13,46381.27,0.292198,false,USD
00k000000001449AAA,006000000000462AAA,01t000000000031AAA,366,379.31,0.0176,372.63,138827.46,136382.58,237.31,86855.46,49527.12,0.363148,false,USD
00k000000001450AAA,006000000000463AAA,01t000000000053AAA,1826,244.69,0.0739,226.61,446803.94,413789.86,158.05,288599.3,125190.56,0.302546,false,USD
00k000000001451AAA,006000000000463AAA,01t000000000012AAA,1003,422.16,0.0319,408.69,423426.48,409916.07,249.67,250419.01,159497.06,0.389097,false,USD
00k000000001452AAA,006000000000464AAA,01t000000000033AAA,136,421.63,0.0669,393.42,57341.68,53505.12,280.14,38099.04,15406.08,0.287937,false,USD
00k000000001453AAA,006000000000464AAA,01t000000000001AAA,185,350.26,0.0671,326.76,64798.1,60450.6,209.3,38720.5,21730.1,0.359469,false,USD
00k000000001454AAA,006000000000465AAA,01t000000000058AAA,386,239.39,0.0764,221.1,92404.54,85344.6,167.27,64566.22,20778.38,0.243464,false,USD
00k000000001455AAA,006000000000465AAA,01t000000000042AAA,258,267.06,0.0272,259.8,68901.48,67028.4,174.39,44992.62,22035.78,0.328753,false,USD
00k000000001456AAA,006000000000465AAA,01t000000000056AAA,411,201.5,0.0396,193.52,82816.5,79536.72,130.96,53824.56,25712.16,0.323274,false,USD
00k000000001457AAA,006000000000466AAA,01t000000000029AAA,291,221.87,0.0446,211.97,64564.17,61683.27,153.08,44546.28,17136.99,0.277822,false,USD
00k000000001458AAA,006000000000466AAA,01t000000000014AAA,436,122.75,0.0664,114.6,53519,49965.6,81.05,35337.8,14627.8,0.292757,false,USD
00k000000001459AAA,006000000000466AAA,01t000000000043AAA,220,217.41,0.0859,198.73,47830.2,43720.6,128.91,28360.2,15360.4,0.351331,false,USD
00k000000001460AAA,006000000000467AAA,01t000000000057AAA,610,132.9,0.071,123.46,81069,75310.6,72.85,44438.5,30872.1,0.40993,false,USD
00k000000001461AAA,006000000000467AAA,01t000000000075AAA,174,621.46,0.1375,536.01,108134.04,93265.74,356.45,62022.3,31243.44,0.334994,false,USD
00k000000001462AAA,006000000000467AAA,01t000000000055AAA,276,237.41,0.0613,222.86,65525.16,61509.36,130.02,35885.52,25623.84,0.416584,false,USD
00k000000001463AAA,006000000000467AAA,01t000000000015AAA,227,310.01,0.0761,286.42,70372.27,65017.34,168.05,38147.35,26869.99,0.413274,false,USD
00k000000001464AAA,006000000000467AAA,01t000000000037AAA,214,379.49,0.0668,354.14,81210.86,75785.96,244.43,52308.02,23477.94,0.309793,false,USD
00k000000001465AAA,006000000000468AAA,01t000000000051AAA,4738,69.92,0.0569,65.94,331280.96,312423.72,51.08,242017.04,70406.68,0.225356,false,USD
00k000000001466AAA,006000000000468AAA,01t000000000029AAA,1375,226.52,0.0632,212.2,311465,291775,153.08,210485,81290,0.278605,false,USD
00k000000001467AAA,006000000000468AAA,01t000000000011AAA,1106,309.94,0.1029,278.05,342793.64,307523.3,204.74,226442.44,81080.86,0.263658,false,USD
00k000000001468AAA,006000000000469AAA,01t000000000004AAA,326,395.22,0.0717,366.88,128841.72,119602.88,267.02,87048.52,32554.36,0.272187,false,USD
00k000000001469AAA,006000000000469AAA,01t000000000047AAA,293,306.49,0.0785,282.43,89801.57,82751.99,213.19,62464.67,20287.32,0.245158,false,USD
00k000000001470AAA,006000000000469AAA,01t000000000030AAA,865,158.9,0.0821,145.85,137448.5,126160.25,108.56,93904.4,32255.85,0.255674,false,USD
00k000000001471AAA,006000000000470AAA,01t000000000060AAA,654,257.66,0.0738,238.64,168509.64,156070.56,159.53,104332.62,51737.94,0.331504,false,USD
00k000000001472AAA,006000000000470AAA,01t000000000013AAA,385,330.86,0.0382,318.22,127381.1,122514.7,189.95,73130.75,49383.95,0.403086,false,USD
00k000000001473AAA,006000000000470AAA,01t000000000067AAA,579,200.67,0.0753,185.56,116187.93,107439.24,126.59,73295.61,34143.63,0.317795,false,USD
00k000000001474AAA,006000000000470AAA,01t000000000029AAA,448,229.18,0.0499,217.74,102672.64,97547.52,148.49,66523.52,31024,0.31804,false,USD
00k000000001475AAA,006000000000471AAA,01t000000000064AAA,567,235.23,0.0408,225.63,133375.41,127932.21,161.48,91559.16,36373.05,0.284315,false,USD
00k000000001476AAA,006000000000471AAA,01t000000000054AAA,1693,136.81,0.091,124.36,231619.33,210541.48,80.43,136167.99,74373.49,0.353249,false,USD
00k000000001477AAA,006000000000472AAA,01t000000000057AAA,2265,130.26,0.0637,121.96,295038.9,276239.4,72.85,165005.25,111234.15,0.402673,false,USD
00k000000001478AAA,006000000000472AAA,01t000000000019AAA,864,356.13,0.072,330.49,307696.32,285543.36,228.88,197752.32,87791.04,0.307453,false,USD
00k000000001479AAA,006000000000472AAA,01t000000000040AAA,1272,224.97,0.0515,213.38,286161.84,271419.36,142.61,181399.92,90019.44,0.331662,false,USD
00k000000001480AAA,006000000000472AAA,01t000000000015AAA,586,314.51,0.1045,281.64,184302.86,165041.04,168.05,98477.3,66563.74,0.403316,false,USD
00k000000001481AAA,006000000000473AAA,01t000000000007AAA,12474,195.46,0.1179,172.42,2438168.04,2150767.08,120.99,1509229.26,641537.82,0.298283,false,USD
00k000000001482AAA,006000000000474AAA,01t000000000004AAA,490,394.24,0.0755,364.47,193177.6,178590.3,267.02,130839.8,47750.5,0.267375,false,USD
00k000000001483AAA,006000000000474AAA,01t000000000018AAA,1176,147.1,0.0639,137.7,172989.6,161935.2,92.07,108274.32,53660.88,0.331373,false,USD
00k000000001484AAA,006000000000474AAA,01t000000000072AAA,271,587.54,0.0535,556.11,159223.34,150705.81,412.18,111700.78,39005.03,0.258816,false,USD
00k000000001485AAA,006000000000475AAA,01t000000000004AAA,616,410.44,0.0433,392.67,252831.04,241884.72,259.01,159550.16,82334.56,0.340388,false,USD
00k000000001486AAA,006000000000475AAA,01t000000000046AAA,2280,81.03,0.0482,77.12,184748.4,175833.6,51.56,117556.8,58276.8,0.331432,false,USD
00k000000001487AAA,006000000000475AAA,01t000000000021AAA,680,319.37,0.0165,314.1,217171.6,213588,232.14,157855.2,55732.8,0.260936,false,USD
00k000000001488AAA,006000000000475AAA,01t000000000033AAA,595,406.12,0.0571,382.93,241641.4,227843.35,271.74,161685.3,66158.05,0.290366,false,USD
00k000000001489AAA,006000000000476AAA,01t000000000009AAA,340,323.56,0.0849,296.09,110010.4,100670.6,203.75,69275,31395.6,0.311865,false,USD
00k000000001490AAA,006000000000477AAA,01t000000000006AAA,1258,466.85,0.1098,415.59,587297.3,522812.22,301.3,379035.4,143776.82,0.275007,false,USD
00k000000001491AAA,006000000000477AAA,01t000000000061AAA,4945,205.65,0.0764,189.94,1016939.25,939253.3,138.34,684091.3,255162,0.271665,false,USD
00k000000001492AAA,006000000000478AAA,01t000000000019AAA,578,347.31,0.0939,314.7,200745.18,181896.6,228.88,132292.64,49603.96,0.272704,false,USD
00k000000001493AAA,006000000000478AAA,01t000000000023AAA,566,331.36,0.0693,308.4,187549.76,174554.4,222.39,125872.74,48681.66,0.278891,false,USD
00k000000001494AAA,006000000000478AAA,01t000000000053AAA,893,247.34,0.099,222.85,220874.62,199005.05,158.05,141138.65,57866.4,0.290779,false,USD
00k000000001495AAA,006000000000479AAA,01t000000000038AAA,7345,218.92,0.07,203.6,1607967.4,1495442,127.14,933843.3,561598.7,0.37554,false,USD
00k000000001496AAA,006000000000480AAA,01t000000000038AAA,762,221.46,0.0798,203.79,168752.52,155287.98,123.33,93977.46,61310.52,0.394818,false,USD
00k000000001497AAA,006000000000480AAA,01t000000000045AAA,1087,108.91,0.013,107.49,118385.17,116841.63,58.07,63122.09,53719.54,0.459764,false,USD
00k000000001498AAA,006000000000480AAA,01t000000000009AAA,699,342.39,0.0741,317.02,239330.61,221596.98,197.64,138150.36,83446.62,0.376569,false,USD
00k000000001499AAA,006000000000480AAA,01t000000000020AAA,564,393.67,0.0235,384.42,222029.88,216812.88,211.79,119449.56,97363.32,0.449066,false,USD
00k000000001500AAA,006000000000481AAA,01t000000000054AAA,4249,133.05,0.0466,126.85,565329.45,538985.65,80.43,341747.07,197238.58,0.365944,false,USD
00k000000001501AAA,006000000000481AAA,01t000000000011AAA,1655,320.1,0.0621,300.22,529765.5,496864.1,204.74,338844.7,158019.4,0.318033,false,USD
00k000000001502AAA,006000000000482AAA,01t000000000028AAA,2284,203.26,0.1057,181.78,464245.84,415185.52,110.67,252770.28,162415.24,0.391187,false,USD
00k000000001503AAA,006000000000482AAA,01t000000000033AAA,1474,421.41,0.0794,387.95,621158.34,571838.3,280.14,412926.36,158911.94,0.277897,false,USD
00k000000001504AAA,006000000000483AAA,01t000000000047AAA,641,310.73,0.0917,282.24,199177.93,180915.84,213.19,136654.79,44261.05,0.24465,false,USD
00k000000001505AAA,006000000000483AAA,01t000000000057AAA,1387,130.02,0.0596,122.27,180337.74,169588.49,72.85,101042.95,68545.54,0.404187,false,USD
00k000000001506AAA,006000000000483AAA,01t000000000032AAA,521,326.16,0.0972,294.46,169929.36,153413.66,199.36,103866.56,49547.1,0.322964,false,USD
00k000000001507AAA,006000000000484AAA,01t000000000013AAA,978,328.21,0.0645,307.04,320989.38,300285.12,195.82,191511.96,108773.16,0.362233,false,USD
00k000000001508AAA,006000000000484AAA,01t000000000054AAA,2214,136.56,0.1133,121.09,302343.84,268093.26,80.43,178072.02,90021.24,0.335783,false,USD
00k000000001509AAA,006000000000485AAA,01t000000000045AAA,276,103.5,0.0383,99.54,28566,27473.04,59.87,16524.12,10948.92,0.398533,false,USD
00k000000001510AAA,006000000000485AAA,01t000000000042AAA,180,272.94,0.0702,253.78,49129.2,45680.4,174.39,31390.2,14290.2,0.31283,false,USD
00k000000001511AAA,006000000000485AAA,01t000000000012AAA,101,403.5,0.0736,373.8,40753.5,37753.8,249.67,25216.67,12537.13,0.332076,false,USD
00k000000001512AAA,006000000000486AAA,01t000000000012AAA,625,389.93,0.084,357.18,243706.25,223237.5,242.18,151362.5,71875,0.321967,false,USD
00k000000001513AAA,006000000000486AAA,01t000000000035AAA,631,387.17,0.0569,365.14,244304.27,230403.34,230.62,145521.22,84882.12,0.368407,false,USD
00k000000001514AAA,006000000000486AAA,01t000000000014AAA,1941,121.4,0.0272,118.1,235637.4,229232.1,78.62,152601.42,76630.68,0.334293,false,USD
00k000000001515AAA,006000000000486AAA,01t000000000046AAA,3000,82.87,0.0326,80.17,248610,240510,51.56,154680,85830,0.356867,false,USD
00k000000001516AAA,006000000000486AAA,01t000000000057AAA,1708,121.56,0.0415,116.52,207624.48,199016.16,70.66,120687.28,78328.88,0.393581,false,USD
00k000000001517AAA,006000000000487AAA,01t000000000058AAA,326,249.19,0.0626,233.59,81235.94,76150.34,167.27,54530.02,21620.32,0.283916,false,USD
00k000000001518AAA,006000000000487AAA,01t000000000002AAA,420,178,0.0275,173.11,74760,72706.2,113.8,47796,24910.2,0.342615,false,USD
00k000000001519AAA,006000000000487AAA,01t000000000048AAA,312,409.81,0.0986,369.4,127860.72,115252.8,264.11,82402.32,32850.48,0.28503,false,USD
00k000000001520AAA,006000000000488AAA,01t000000000004AAA,291,407.7,0.0663,380.67,118640.7,110774.97,259.01,75371.91,35403.06,0.319594,false,USD
00k000000001521AAA,006000000000488AAA,01t000000000074AAA,503,344.7,0.0569,325.09,173384.1,163520.27,217.96,109633.88,53886.39,0.32954,false,USD
00k000000001522AAA,006000000000488AAA,01t000000000031AAA,361,376.76,0.0328,364.4,136010.36,131548.4,230.19,83098.59,48449.81,0.368304,false,USD
00k000000001523AAA,006000000000488AAA,01t000000000061AAA,749,193.15,0.0386,185.69,144669.35,139081.81,134.19,100508.31,38573.5,0.277344,false,USD
00k000000001524AAA,006000000000489AAA,01t000000000031AAA,1006,366.74,0.0478,349.21,368940.44,351305.26,237.31,238733.86,112571.4,0.320438,false,USD
00k000000001525AAA,006000000000489AAA,01t000000000060AAA,824,249.45,0.0763,230.42,205546.8,189866.08,164.46,135515.04,54351.04,0.28626,false,USD
00k000000001526AAA,006000000000489AAA,01t000000000042AAA,1109,273,0.089,248.7,302757,275808.3,174.39,193398.51,82409.79,0.298794,false,USD
00k000000001527AAA,006000000000490AAA,01t000000000013AAA,130,333.34,0.0513,316.24,43334.2,41111.2,195.82,25456.6,15654.6,0.380787,false,USD
00k000000001528AAA,006000000000490AAA,01t000000000066AAA,83,442.85,0.0536,419.11,36756.55,34786.13,251.52,20876.16,13909.97,0.399871,false,USD
00k000000001529AAA,006000000000490AAA,01t000000000074AAA,72,341.45,0.0138,336.74,24584.4,24245.28,224.7,16178.4,8066.88,0.33272,false,USD
00k000000001530AAA,006000000000490AAA,01t000000000047AAA,94,332.48,0.0861,303.85,31253.12,28561.9,213.19,20039.86,8522.04,0.298371,false,USD
00k000000001531AAA,006000000000490AAA,01t000000000030AAA,296,155.61,0.1092,138.62,46060.56,41031.52,108.56,32133.76,8897.76,0.216852,false,USD
00k000000001532AAA,006000000000491AAA,01t000000000013AAA,799,333.32,0.0378,320.72,266322.68,256255.28,195.82,156460.18,99795.1,0.389436,false,USD
00k000000001533AAA,006000000000491AAA,01t000000000017AAA,1705,193.32,0.067,180.37,329610.6,307530.85,126.45,215597.25,91933.6,0.298941,false,USD
00k000000001534AAA,006000000000492AAA,01t000000000027AAA,579,411.15,0.0568,387.8,238055.85,224536.2,244.27,141432.33,83103.87,0.370113,false,USD
00k000000001535AAA,006000000000492AAA,01t000000000044AAA,575,403.4,0.0721,374.31,231955,215228.25,236.16,135792,79436.25,0.369079,false,USD
00k000000001536AAA,006000000000492AAA,01t000000000056AAA,945,204.07,0.052,193.46,192846.15,182819.7,127.03,120043.35,62776.35,0.343378,false,USD
00k000000001537AAA,006000000000492AAA,01t000000000011AAA,851,300.88,0.0369,289.78,256048.88,246602.78,198.6,169008.6,77594.18,0.314652,false,USD
00k000000001538AAA,006000000000492AAA,01t000000000015AAA,757,304.5,0.0374,293.11,230506.5,221884.27,163.01,123398.57,98485.7,0.443861,false,USD
00k000000001539AAA,006000000000493AAA,01t000000000017AAA,1947,187.95,0.0301,182.29,365938.65,354918.63,126.45,246198.15,108720.48,0.306325,false,USD
00k000000001540AAA,006000000000493AAA,01t000000000016AAA,975,369.1,0.0032,367.92,359872.5,358722,212.59,207275.25,151446.75,0.422184,false,USD
00k000000001541AAA,006000000000493AAA,01t000000000044AAA,639,400.63,0.0363,386.09,256002.57,246711.51,243.46,155570.94,91140.57,0.369422,false,USD
00k000000001542AAA,006000000000494AAA,01t000000000060AAA,896,263.73,0.0486,250.91,236302.08,224815.36,164.46,147356.16,77459.2,0.344546,false,USD
00k000000001543AAA,006000000000494AAA,01t000000000026AAA,976,292.69,0.0602,275.07,285665.44,268468.32,198.27,193511.52,74956.8,0.279202,false,USD
00k000000001544AAA,006000000000495AAA,01t000000000047AAA,2132,322.32,0.0574,303.82,687186.24,647744.24,213.19,454521.08,193223.16,0.298302,false,USD
00k000000001545AAA,006000000000495AAA,01t000000000037AAA,1869,371.76,0.1015,334.03,694819.44,624302.07,244.43,456839.67,167462.4,0.268239,false,USD
00k000000001546AAA,006000000000496AAA,01t000000000053AAA,1278,240.35,0.0778,221.65,307167.3,283268.7,158.05,201987.9,81280.8,0.286939,false,USD
00k000000001547AAA,006000000000497AAA,01t000000000025AAA,12030,75.27,0.095,68.12,905498.1,819483.6,51.29,617018.7,202464.9,0.247064,false,USD
00k000000001548AAA,006000000000497AAA,01t000000000044AAA,3592,411.7,0.0918,373.91,1478826.4,1343084.72,243.46,874508.32,468576.4,0.348881,false,USD
00k000000001549AAA,006000000000497AAA,01t000000000019AAA,2921,336.36,0.1457,287.35,982507.56,839349.35,228.88,668558.48,170790.87,0.20348,false,USD
00k000000001550AAA,006000000000498AAA,01t000000000038AAA,2011,213.73,0.113,189.58,429811.03,381245.38,127.14,255678.54,125566.84,0.32936,false,USD
00k000000001551AAA,006000000000498AAA,01t000000000046AAA,5270,84.32,0.1,75.89,444366.4,399940.3,53.15,280100.5,119839.8,0.299644,false,USD
00k000000001552AAA,006000000000498AAA,01t000000000039AAA,3396,120.59,0.0671,112.5,409523.64,382050,75.62,256805.52,125244.48,0.327822,false,USD
00k000000001553AAA,006000000000498AAA,01t000000000058AAA,1434,241.91,0.0244,236.01,346898.94,338438.34,167.27,239865.18,98573.16,0.291259,false,USD
00k000000001554AAA,006000000000499AAA,01t000000000033AAA,3269,392.7,0.1027,352.37,1283736.3,1151897.53,280.14,915777.66,236119.87,0.204983,false,USD
00k000000001555AAA,006000000000499AAA,01t000000000045AAA,8241,105.43,0.0457,100.61,868848.63,829127.01,59.87,493388.67,335738.34,0.40493,false,USD
00k000000001556AAA,006000000000500AAA,01t000000000062AAA,1541,192.25,0.1113,170.85,296257.25,263279.85,121.05,186538.05,76741.8,0.291484,false,USD
00k000000001557AAA,006000000000500AAA,01t000000000047AAA,838,322.71,0.041,309.48,270430.98,259344.24,213.19,178653.22,80691.02,0.311135,false,USD
00k000000001558AAA,006000000000500AAA,01t000000000053AAA,1190,245.14,0.0678,228.52,291716.6,271938.8,158.05,188079.5,83859.3,0.308376,false,USD
00k000000001559AAA,006000000000501AAA,01t000000000048AAA,746,386.14,0.0816,354.63,288060.44,264553.98,264.11,197026.06,67527.92,0.255252,false,USD
00k000000001560AAA,006000000000501AAA,01t000000000021AAA,987,328.47,0.0382,315.92,324199.89,311813.04,239.32,236208.84,75604.2,0.242466,false,USD
00k000000001561AAA,006000000000502AAA,01t000000000054AAA,1757,135.25,0.081,124.29,237634.25,218377.53,80.43,141315.51,77062.02,0.352884,false,USD
00k000000001562AAA,006000000000502AAA,01t000000000022AAA,583,375.16,0.0724,348,218718.28,202884,241.05,140532.15,62351.85,0.307328,false,USD
00k000000001563AAA,006000000000502AAA,01t000000000020AAA,632,388.53,0.0849,355.54,245550.96,224701.28,218.34,137990.88,86710.4,0.385892,false,USD
00k000000001564AAA,006000000000502AAA,01t000000000062AAA,1201,196.79,0.0769,181.66,236344.79,218173.66,121.05,145381.05,72792.61,0.333645,false,USD
00k000000001565AAA,006000000000503AAA,01t000000000004AAA,1293,394.51,0.0799,362.99,510101.43,469346.07,267.02,345256.86,124089.21,0.264387,false,USD
00k000000001566AAA,006000000000503AAA,01t000000000071AAA,898,465.87,0.1348,403.07,418351.26,361956.86,299.11,268600.78,93356.08,0.25792,false,USD
00k000000001567AAA,006000000000503AAA,01t000000000067AAA,1975,209.41,0.0912,190.31,413584.75,375862.25,130.51,257757.25,118105,0.314224,false,USD
00k000000001568AAA,006000000000504AAA,01t000000000016AAA,472,359.44,0.0968,324.65,169655.68,153234.8,206.21,97331.12,55903.68,0.364824,false,USD
00k000000001569AAA,006000000000504AAA,01t000000000052AAA,2386,106.87,0.0711,99.27,254991.82,236858.22,60.96,145450.56,91407.66,0.385917,false,USD
00k000000001570AAA,006000000000504AAA,01t000000000047AAA,765,316.09,0.0591,297.41,241808.85,227518.65,206.79,158194.35,69324.3,0.304697,false,USD
00k000000001571AAA,006000000000504AAA,01t000000000011AAA,745,307.71,0.061,288.94,229243.95,215260.3,198.6,147957,67303.3,0.31266,false,USD
00k000000001572AAA,006000000000505AAA,01t000000000046AAA,5415,84.56,0.0399,81.19,457892.4,439643.85,53.15,287807.25,151836.6,0.345363,false,USD
00k000000001573AAA,006000000000505AAA,01t000000000033AAA,1005,401.82,0.0655,375.5,403829.1,377377.5,280.14,281540.7,95836.8,0.253955,false,USD
00k000000001574AAA,006000000000505AAA,01t000000000051AAA,5950,68.03,0.0633,63.72,404778.5,379134,51.08,303926,75208,0.198368,false,USD
00k000000001575AAA,006000000000505AAA,01t000000000011AAA,840,307.96,0.0424,294.9,258686.4,247716,204.74,171981.6,75734.4,0.305731,false,USD
00k000000001576AAA,006000000000506AAA,01t000000000074AAA,202,321.7,0.0395,308.99,64983.4,62415.98,217.96,44027.92,18388.06,0.294605,false,USD
00k000000001577AAA,006000000000506AAA,01t000000000018AAA,676,150.55,0.0465,143.55,101771.8,97039.8,89.31,60373.56,36666.24,0.377847,false,USD
00k000000001578AAA,006000000000506AAA,01t000000000048AAA,245,398.56,0.0742,368.99,97647.2,90402.55,256.19,62766.55,27636,0.305699,false,USD
00k000000001579AAA,006000000000506AAA,01t000000000034AAA,325,235.08,0.0634,220.18,76401,71558.5,144.11,46835.75,24722.75,0.34549,false,USD
00k000000001580AAA,006000000000507AAA,01t000000000009AAA,1135,339.98,0.0837,311.52,385877.3,353575.2,203.75,231256.25,122318.95,0.345949,false,USD
00k000000001581AAA,006000000000507AAA,01t000000000040AAA,2010,229.51,0.0561,216.63,461315.1,435426.3,142.61,286646.1,148780.2,0.341689,false,USD
00k000000001582AAA,006000000000507AAA,01t000000000024AAA,1578,312.95,0.0911,284.44,493835.1,448846.32,221.7,349842.6,99003.72,0.220574,false,USD
00k000000001583AAA,006000000000507AAA,01t000000000041AAA,937,268.64,0.0609,252.28,251715.68,236386.36,152.9,143267.3,93119.06,0.393927,false,USD
00k000000001584AAA,006000000000508AAA,01t000000000046AAA,10876,83.57,0.0663,78.03,908907.32,848654.28,53.15,578059.4,270594.88,0.318852,false,USD
00k000000001585AAA,006000000000509AAA,01t000000000025AAA,8094,72.92,0.0704,67.79,590214.48,548692.26,51.29,415141.26,133551,0.243399,false,USD
00k000000001586AAA,006000000000509AAA,01t000000000015AAA,1949,313.24,0.0697,291.41,610504.76,567958.09,168.05,327529.45,240428.64,0.423321,false,USD
00k000000001587AAA,006000000000510AAA,01t000000000017AAA,4826,177.84,0.0428,170.23,858255.84,821529.98,126.45,610247.7,211282.28,0.257181,false,USD
00k000000001588AAA,006000000000510AAA,01t000000000037AAA,2572,357.29,0.0626,334.92,918949.88,861414.24,244.43,628673.96,232740.28,0.270184,false,USD
00k000000001589AAA,006000000000511AAA,01t000000000036AAA,1059,144.61,0.0594,136.02,153141.99,144045.18,92.32,97766.88,46278.3,0.321276,false,USD
00k000000001590AAA,006000000000511AAA,01t000000000055AAA,682,238.38,0.0169,234.35,162575.16,159826.7,126.12,86013.84,73812.86,0.461831,false,USD
00k000000001591AAA,006000000000511AAA,01t000000000010AAA,259,433.89,0.0532,410.81,112377.51,106399.79,272.3,70525.7,35874.09,0.337163,false,USD
00k000000001592AAA,006000000000511AAA,01t000000000042AAA,443,260.58,0.0501,247.52,115436.94,109651.36,169.16,74937.88,34713.48,0.31658,false,USD
00k000000001593AAA,006000000000511AAA,01t000000000019AAA,534,369.57,0.0601,347.36,197350.38,185490.24,222.01,118553.34,66936.9,0.360865,false,USD
00k000000001594AAA,006000000000512AAA,01t000000000057AAA,306,130,0.1159,114.93,39780,35168.58,72.85,22292.1,12876.48,0.366136,false,USD
00k000000001595AAA,006000000000512AAA,01t000000000053AAA,177,242.52,0.0828,222.44,42926.04,39371.88,158.05,27974.85,11397.03,0.289471,false,USD
00k000000001596AAA,006000000000512AAA,01t000000000047AAA,188,320.56,0.0684,298.63,60265.28,56142.44,213.19,40079.72,16062.72,0.286107,false,USD
00k000000001597AAA,006000000000512AAA,01t000000000012AAA,133,398.15,0.0417,381.55,52953.95,50746.15,249.67,33206.11,17540.04,0.345643,false,USD
00k000000001598AAA,006000000000513AAA,01t000000000016AAA,355,366.27,0.0403,351.51,130025.85,124786.05,212.59,75469.45,49316.6,0.395209,false,USD
00k000000001599AAA,006000000000513AAA,01t000000000055AAA,769,233.79,0.1007,210.25,179784.51,161682.25,130.02,99985.38,61696.87,0.381593,false,USD
00k000000001600AAA,006000000000513AAA,01t000000000006AAA,337,471.35,0.0833,432.09,158844.95,145614.33,301.3,101538.1,44076.23,0.302692,false,USD
00k000000001601AAA,006000000000514AAA,01t000000000021AAA,1718,330.91,0.0913,300.7,568503.38,516602.6,239.32,411151.76,105450.84,0.204124,false,USD
00k000000001602AAA,006000000000514AAA,01t000000000054AAA,5126,135.69,0.0616,127.33,695546.94,652693.58,80.43,412284.18,240409.4,0.368334,false,USD
00k000000001603AAA,006000000000515AAA,01t000000000017AAA,4842,194.62,0.0771,179.61,942350.04,869671.62,126.45,612270.9,257400.72,0.295975,false,USD
00k000000001604AAA,006000000000516AAA,01t000000000019AAA,2183,359.22,0.0819,329.8,784177.26,719953.4,228.88,499645.04,220308.36,0.306004,false,USD
00k000000001605AAA,006000000000516AAA,01t000000000014AAA,4289,123.69,0.0254,120.55,530506.41,517038.95,81.05,347623.45,169415.5,0.327665,false,USD
00k000000001606AAA,006000000000516AAA,01t000000000062AAA,3615,202.35,0.0738,187.42,731495.25,677523.3,121.05,437595.75,239927.55,0.354124,false,USD
00k000000001607AAA,006000000000517AAA,01t000000000028AAA,11079,208.75,0.0806,191.92,2312741.25,2126281.68,110.67,1226112.93,900168.75,0.423353,false,USD
00k000000001608AAA,006000000000518AAA,01t000000000051AAA,1753,67.33,0.0698,62.63,118029.49,109790.39,49.55,86861.15,22929.24,0.208846,false,USD
00k000000001609AAA,006000000000518AAA,01t000000000013AAA,369,345.5,0.0455,329.78,127489.5,121688.82,189.95,70091.55,51597.27,0.42401,false,USD
00k000000001610AAA,006000000000518AAA,01t000000000021AAA,367,328.7,0.0625,308.16,120632.9,113094.72,232.14,85195.38,27899.34,0.24669,false,USD
00k000000001611AAA,006000000000518AAA,01t000000000029AAA,418,230.62,0.0664,215.31,96399.16,89999.58,148.49,62068.82,27930.76,0.310343,false,USD
00k000000001612AAA,006000000000519AAA,01t000000000026AAA,922,300.19,0.042,287.58,276775.18,265148.76,198.27,182804.94,82343.82,0.310557,false,USD
00k000000001613AAA,006000000000519AAA,01t000000000028AAA,1345,193.5,0.0421,185.35,260257.5,249295.75,110.67,148851.15,100444.6,0.402913,false,USD
00k000000001614AAA,006000000000519AAA,01t000000000065AAA,606,344.69,0.1159,304.74,208882.14,184672.44,228.94,138737.64,45934.8,0.248737,false,USD
00k000000001615AAA,006000000000519AAA,01t000000000066AAA,745,418.01,0.0561,394.56,311417.45,293947.2,251.52,187382.4,106564.8,0.36253,false,USD
00k000000001616AAA,006000000000520AAA,01t000000000062AAA,293,203.18,0.0885,185.2,59531.74,54263.6,121.05,35467.65,18795.95,0.346382,false,USD
00k000000001617AAA,006000000000520AAA,01t000000000003AAA,505,206.49,0.0636,193.36,104277.45,97646.8,125.5,63377.5,34269.3,0.350952,false,USD
00k000000001618AAA,006000000000521AAA,01t000000000057AAA,2298,128.05,0.0739,118.59,294258.9,272519.82,72.85,167409.3,105110.52,0.385699,false,USD
00k000000001619AAA,006000000000522AAA,01t000000000043AAA,1248,232.92,0.035,224.77,290684.16,280512.96,125.04,156049.92,124463.04,0.443698,false,USD
00k000000001620AAA,006000000000522AAA,01t000000000028AAA,1704,198.16,0.0517,187.92,337664.64,320215.68,107.35,182924.4,137291.28,0.428746,false,USD
00k000000001621AAA,006000000000522AAA,01t000000000009AAA,687,329.27,0.052,312.15,226208.49,214447.05,197.64,135778.68,78668.37,0.366843,false,USD
00k000000001622AAA,006000000000522AAA,01t000000000061AAA,1460,206.14,0.0937,186.82,300964.4,272757.2,134.19,195917.4,76839.8,0.281715,false,USD
00k000000001623AAA,006000000000523AAA,01t000000000051AAA,11056,73.49,0.0253,71.63,812505.44,791941.28,49.55,547824.8,244116.48,0.308251,false,USD
00k000000001624AAA,006000000000523AAA,01t000000000016AAA,1161,361.03,0.0329,349.15,419155.83,405363.15,206.21,239409.81,165953.34,0.409394,false,USD
00k000000001625AAA,006000000000523AAA,01t000000000011AAA,1456,324.74,0.0403,311.65,472821.44,453762.4,198.6,289161.6,164600.8,0.362747,false,USD
00k000000001626AAA,006000000000523AAA,01t000000000039AAA,3742,125.98,0.0552,119.03,471417.16,445410.26,73.35,274475.7,170934.56,0.383769,false,USD
00k000000001627AAA,006000000000524AAA,01t000000000004AAA,1446,380.25,0.081,349.45,549841.5,505304.7,267.02,386110.92,119193.78,0.235885,false,USD
00k000000001628AAA,006000000000525AAA,01t000000000001AAA,1313,335.99,0.0734,311.33,441154.87,408776.29,209.3,274810.9,133965.39,0.327723,false,USD
00k000000001629AAA,006000000000525AAA,01t000000000021AAA,887,336.81,0.0896,306.63,298750.47,271980.81,239.32,212276.84,59703.97,0.219515,false,USD
00k000000001630AAA,006000000000525AAA,01t000000000019AAA,1321,349.14,0.0533,330.53,461213.94,436630.13,228.88,302350.48,134279.65,0.307536,false,USD
00k000000001631AAA,006000000000526AAA,01t000000000060AAA,1254,261.26,0.1202,229.86,327620.04,288244.44,164.46,206232.84,82011.6,0.284521,false,USD
00k000000001632AAA,006000000000526AAA,01t000000000027AAA,484,407.92,0.0536,386.06,197433.28,186853.04,251.82,121880.88,64972.16,0.347718,false,USD
00k000000001633AAA,006000000000526AAA,01t000000000042AAA,969,271.54,0.1109,241.43,263122.26,233945.67,174.39,168983.91,64961.76,0.277679,false,USD
00k000000001634AAA,006000000000527AAA,01t000000000035AAA,482,374.84,0.0774,345.83,180672.88,166690.06,237.75,114595.5,52094.56,0.312523,false,USD
00k000000001635AAA,006000000000527AAA,01t000000000015AAA,668,307.92,0.0857,281.53,205690.56,188062.04,168.05,112257.4,75804.64,0.403083,false,USD
00k000000001636AAA,006000000000527AAA,01t000000000039AAA,1427,120.92,0.0446,115.53,172552.84,164861.31,75.62,107909.74,56951.57,0.345451,false,USD
00k000000001637AAA,006000000000528AAA,01t000000000036AAA,1825,140.37,0.096,126.89,256175.25,231574.25,95.18,173703.5,57870.75,0.249901,false,USD
00k000000001638AAA,006000000000528AAA,01t000000000023AAA,1307,321.2,0.0796,295.63,419808.4,386388.41,222.39,290663.73,95724.68,0.247742,false,USD
00k000000001639AAA,006000000000528AAA,01t000000000010AAA,573,446.85,0.1067,399.17,256045.05,228724.41,280.72,160852.56,67871.85,0.296741,false,USD
00k000000001640AAA,006000000000528AAA,01t000000000007AAA,2006,194.61,0.0792,179.2,390387.66,359475.2,120.99,242705.94,116769.26,0.324833,false,USD
00k000000001641AAA,006000000000528AAA,01t000000000038AAA,1668,212.21,0.0532,200.92,353966.28,335134.56,127.14,212069.52,123065.04,0.367211,false,USD
00k000000001642AAA,006000000000529AAA,01t000000000046AAA,2683,84.17,0.0953,76.15,225828.11,204310.45,53.15,142601.45,61709,0.302035,false,USD
00k000000001643AAA,006000000000529AAA,01t000000000001AAA,676,334.76,0.0368,322.44,226297.76,217969.44,209.3,141486.8,76482.64,0.350887,false,USD
00k000000001644AAA,006000000000529AAA,01t000000000058AAA,738,241.96,0.0303,234.63,178566.48,173156.94,167.27,123445.26,49711.68,0.28709,false,USD
00k000000001645AAA,006000000000530AAA,01t000000000019AAA,8546,362.61,0.0708,336.94,3098865.06,2879489.24,228.88,1956008.48,923480.76,0.32071,false,USD
00k000000001646AAA,006000000000531AAA,01t000000000004AAA,263,410.04,0.006,407.58,107840.52,107193.54,267.02,70226.26,36967.28,0.344865,false,USD
00k000000001647AAA,006000000000531AAA,01t000000000011AAA,297,316.68,0.0714,294.07,94053.96,87338.79,204.74,60807.78,26531.01,0.303771,false,USD
00k000000001648AAA,006000000000532AAA,01t000000000005AAA,1919,366.64,0.073,339.88,703582.16,652229.72,272.07,522102.33,130127.39,0.199512,false,USD
00k000000001649AAA,006000000000532AAA,01t000000000050AAA,13077,80.27,0.0243,78.32,1049690.79,1024190.64,51.06,667711.62,356479.02,0.348059,false,USD
00k000000001650AAA,006000000000533AAA,01t000000000066AAA,491,440.38,0.02,431.57,216226.58,211900.87,251.52,123496.32,88404.55,0.417198,false,USD
00k000000001651AAA,006000000000533AAA,01t000000000070AAA,291,564.58,0.0725,523.65,164292.78,152382.15,339.31,98739.21,53642.94,0.352029,false,USD
00k000000001652AAA,006000000000533AAA,01t000000000056AAA,1006,200.18,0.0572,188.73,201381.08,189862.38,130.96,131745.76,58116.62,0.306099,false,USD
00k000000001653AAA,006000000000533AAA,01t000000000023AAA,629,337.79,0.1017,303.44,212469.91,190863.76,222.39,139883.31,50980.45,0.267104,false,USD
00k000000001654AAA,006000000000534AAA,01t000000000064AAA,204,234.92,0.0491,223.39,47923.68,45571.56,156.64,31954.56,13617,0.298805,false,USD
00k000000001655AAA,006000000000534AAA,01t000000000018AAA,407,152.42,0.0577,143.63,62034.94,58457.41,89.31,36349.17,22108.24,0.378194,false,USD
00k000000001656AAA,006000000000534AAA,01t000000000054AAA,496,134.83,0.0885,122.9,66875.68,60958.4,78.02,38697.92,22260.48,0.365175,false,USD
00k000000001657AAA,006000000000534AAA,01t000000000009AAA,226,334.1,0.0326,323.21,75506.6,73045.46,197.64,44666.64,28378.82,0.388509,false,USD
00k000000001658AAA,006000000000535AAA,01t000000000043AAA,415,231.49,0.0764,213.8,96068.35,88727,128.91,53497.65,35229.35,0.397053,false,USD
00k000000001659AAA,006000000000535AAA,01t000000000018AAA,406,148.63,0.0684,138.46,60343.78,56214.76,92.07,37380.42,18834.34,0.335043,false,USD
00k000000001660AAA,006000000000535AAA,01t000000000020AAA,219,382.71,0.0842,350.49,83813.49,76757.31,218.34,47816.46,28940.85,0.377044,false,USD
00k000000001661AAA,006000000000535AAA,01t000000000066AAA,218,430.22,0.0605,404.19,93787.96,88113.42,251.52,54831.36,33282.06,0.377718,false,USD
00k000000001662AAA,006000000000536AAA,01t000000000054AAA,5203,130.31,0.1103,115.94,678002.93,603235.82,80.43,418477.29,184758.53,0.306279,false,USD
00k000000001663AAA,006000000000536AAA,01t000000000055AAA,3278,245.45,0.0422,235.09,804585.1,770625.02,130.02,426205.56,344419.46,0.446935,false,USD
00k000000001664AAA,006000000000536AAA,01t000000000010AAA,1684,435.65,0.1036,390.52,733634.6,657635.68,280.72,472732.48,184903.2,0.281164,false,USD
00k000000001665AAA,006000000000537AAA,01t000000000020AAA,435,384.95,0.07,358,167453.25,155730,218.34,94977.9,60752.1,0.390112,false,USD
00k000000001666AAA,006000000000537AAA,01t000000000021AAA,478,340.02,0.1254,297.38,162529.56,142147.64,239.32,114394.96,27752.68,0.195238,false,USD
00k000000001667AAA,006000000000537AAA,01t000000000031AAA,329,378.69,0.0779,349.19,124589.01,114883.51,237.31,78074.99,36808.52,0.320399,false,USD
00k000000001668AAA,006000000000537AAA,01t000000000033AAA,531,415.61,0.0745,384.65,220688.91,204249.15,280.14,148754.34,55494.81,0.271702,false,USD
00k000000001669AAA,006000000000537AAA,01t000000000053AAA,947,247.97,0.0467,236.39,234827.59,223861.33,158.05,149673.35,74187.98,0.331401,false,USD
00k000000001670AAA,006000000000538AAA,01t000000000072AAA,106,571.55,0.0103,565.66,60584.3,59959.96,412.18,43691.08,16268.88,0.271329,false,USD
00k000000001671AAA,006000000000538AAA,01t000000000068AAA,257,445.25,0.0745,412.08,114429.25,105904.56,303.4,77973.8,27930.76,0.263735,false,USD
00k000000001672AAA,006000000000538AAA,01t000000000009AAA,204,349.83,0.0947,316.7,71365.32,64606.8,203.75,41565,23041.8,0.356647,false,USD
00k000000001673AAA,006000000000538AAA,01t000000000031AAA,289,375.43,0.0701,349.11,108499.27,100892.79,237.31,68582.59,32310.2,0.320243,false,USD
00k000000001674AAA,006000000000539AAA,01t000000000020AAA,300,383.75,0.0607,360.46,115125,108138,218.34,65502,42636,0.394274,false,USD
00k000000001675AAA,006000000000539AAA,01t000000000012AAA,209,392.6,0.0805,361,82053.4,75449,249.67,52181.03,23267.97,0.308393,false,USD
00k000000001676AAA,006000000000540AAA,01t000000000062AAA,1642,195.87,0.0642,183.3,321618.54,300978.6,121.05,198764.1,102214.5,0.339607,false,USD
00k000000001677AAA,006000000000540AAA,01t000000000024AAA,878,324.9,0.0324,314.37,285262.2,276016.86,221.7,194652.6,81364.26,0.29478,false,USD
00k000000001678AAA,006000000000540AAA,01t000000000026AAA,805,293.17,0.0663,273.73,236001.85,220352.65,198.27,159607.35,60745.3,0.275673,false,USD
00k000000001679AAA,006000000000541AAA,01t000000000072AAA,2176,562.09,0.1072,501.83,1223107.84,1091982.08,412.18,896903.68,195078.4,0.178646,false,USD
00k000000001680AAA,006000000000542AAA,01t000000000047AAA,770,314.15,0.0801,288.99,241895.5,222522.3,213.19,164156.3,58366,0.262293,false,USD
00k000000001681AAA,006000000000542AAA,01t000000000057AAA,1485,129.54,0.046,123.58,192366.9,183516.3,72.85,108182.25,75334.05,0.410503,false,USD
00k000000001682AAA,006000000000542AAA,01t000000000035AAA,649,409.6,0.0569,386.29,265830.4,250702.21,237.75,154299.75,96402.46,0.38453,false,USD
00k000000001683AAA,006000000000543AAA,01t000000000052AAA,2573,107.91,0.0969,97.45,277652.43,250738.85,62.85,161713.05,89025.8,0.355054,false,USD
00k000000001684AAA,006000000000543AAA,01t000000000025AAA,3652,76.12,0.1065,68.01,277990.24,248372.52,51.29,187311.08,61061.44,0.245846,false,USD
00k000000001685AAA,006000000000543AAA,01t000000000063AAA,458,453.07,0.0876,413.38,207506.06,189328.04,264.31,121053.98,68274.06,0.360613,false,USD
00k000000001686AAA,006000000000543AAA,01t000000000018AAA,1021,148.66,0.0479,141.54,151781.86,144512.34,92.07,94003.47,50508.87,0.349513,false,USD
00k000000001687AAA,006000000000544AAA,01t000000000035AAA,1113,385.36,0.1009,346.48,428905.68,385632.24,237.75,264615.75,121016.49,0.313813,false,USD
00k000000001688AAA,006000000000544AAA,01t000000000029AAA,1802,221.65,0.0723,205.62,399413.3,370527.24,153.08,275850.16,94677.08,0.25552,false,USD
00k000000001689AAA,006000000000545AAA,01t000000000019AAA,267,358.83,0.1127,318.39,95807.61,85010.13,228.88,61110.96,23899.17,0.281133,false,USD
00k000000001690AAA,006000000000545AAA,01t000000000036AAA,749,149.78,0.0452,143.01,112185.22,107114.49,95.18,71289.82,35824.67,0.334452,false,USD
00k000000001691AAA,006000000000545AAA,01t000000000031AAA,277,366.53,0.0672,341.9,101528.81,94706.3,237.31,65734.87,28971.43,0.305908,false,USD
00k000000001692AAA,006000000000546AAA,01t000000000049AAA,1110,354.66,0.1127,314.69,393672.6,349305.9,244.93,271872.3,77433.6,0.221678,false,USD
00k000000001693AAA,006000000000547AAA,01t000000000058AAA,2550,236.11,0.0005,235.99,602080.5,601774.5,167.27,426538.5,175236,0.291199,false,USD
00k000000001694AAA,006000000000548AAA,01t000000000055AAA,376,231.8,0.0625,217.31,87156.8,81708.56,130.02,48887.52,32821.04,0.401684,false,USD
00k000000001695AAA,006000000000548AAA,01t000000000038AAA,505,216.51,0.0786,199.49,109337.55,100742.45,127.14,64205.7,36536.75,0.362675,false,USD
00k000000001696AAA,006000000000548AAA,01t000000000032AAA,483,334.44,0.0585,314.88,161534.52,152087.04,199.36,96290.88,55796.16,0.36687,false,USD
00k000000001697AAA,006000000000549AAA,01t000000000028AAA,2084,194.84,0.0622,182.72,406046.56,380788.48,110.67,230636.28,150152.2,0.394319,false,USD
00k000000001698AAA,006000000000549AAA,01t000000000049AAA,666,361.02,0.0568,340.51,240439.32,226779.66,244.93,163123.38,63656.28,0.280697,false,USD
00k000000001699AAA,006000000000550AAA,01t000000000046AAA,8665,82.04,0.0409,78.68,710876.6,681762.2,53.15,460544.75,221217.45,0.324479,false,USD
00k000000001700AAA,006000000000550AAA,01t000000000052AAA,10471,103.53,0.1025,92.92,1084062.63,972965.32,62.85,658102.35,314862.97,0.323612,false,USD
00k000000001701AAA,006000000000551AAA,01t000000000021AAA,68,327.01,0.0919,296.96,22236.68,20193.28,239.32,16273.76,3919.52,0.1941,false,USD
00k000000001702AAA,006000000000551AAA,01t000000000011AAA,143,309.22,0.072,286.96,44218.46,41035.28,204.74,29277.82,11757.46,0.286521,false,USD
00k000000001703AAA,006000000000551AAA,01t000000000048AAA,69,414.04,0.0863,378.31,28568.76,26103.39,264.11,18223.59,7879.8,0.301869,false,USD
00k000000001704AAA,006000000000551AAA,01t000000000055AAA,122,240.18,0.0705,223.25,29301.96,27236.5,130.02,15862.44,11374.06,0.417604,false,USD
00k000000001705AAA,006000000000552AAA,01t000000000040AAA,141,241.18,0.0524,228.54,34006.38,32224.14,142.61,20108.01,12116.13,0.375995,false,USD
00k000000001706AAA,006000000000552AAA,01t000000000055AAA,190,229.83,0.0872,209.79,43667.7,39860.1,130.02,24703.8,15156.3,0.380237,false,USD
00k000000001707AAA,006000000000552AAA,01t000000000016AAA,105,371.35,0.0659,346.88,38991.75,36422.4,212.59,22321.95,14100.45,0.387137,false,USD
00k000000001708AAA,006000000000552AAA,01t000000000036AAA,360,143.38,0.0562,135.32,51616.8,48715.2,95.18,34264.8,14450.4,0.29663,false,USD
00k000000001709AAA,006000000000553AAA,01t000000000062AAA,1343,191.58,0.0778,176.68,257291.94,237281.24,121.05,162570.15,74711.09,0.314863,false,USD
00k000000001710AAA,006000000000553AAA,01t000000000013AAA,1133,319.81,0.1055,286.07,362344.73,324117.31,195.82,221864.06,102253.25,0.315482,false,USD
00k000000001711AAA,006000000000554AAA,01t000000000040AAA,2020,236.47,0.0802,217.51,477669.4,439370.2,142.61,288072.2,151298,0.344352,false,USD
00k000000001712AAA,006000000000554AAA,01t000000000008AAA,1498,264.61,0.0726,245.4,396385.78,367609.2,179.17,268396.66,99212.54,0.269886,false,USD
00k000000001713AAA,006000000000554AAA,01t000000000051AAA,5218,69.06,0.0789,63.61,360355.08,331916.98,51.08,266535.44,65381.54,0.196982,false,USD
00k000000001714AAA,006000000000555AAA,01t000000000064AAA,378,231.17,0.0558,218.27,87382.26,82506.06,161.48,61039.44,21466.62,0.260182,false,USD
00k000000001715AAA,006000000000555AAA,01t000000000044AAA,214,418.12,0.1009,375.93,89477.68,80449.02,243.46,52100.44,28348.58,0.352379,false,USD
00k000000001716AAA,006000000000555AAA,01t000000000034AAA,431,231.13,0.0815,212.29,99617.03,91496.99,148.57,64033.67,27463.32,0.300155,false,USD
00k000000001717AAA,006000000000555AAA,01t000000000038AAA,332,209.39,0.0858,191.42,69517.48,63551.44,127.14,42210.48,21340.96,0.335806,false,USD
00k000000001718AAA,006000000000556AAA,01t000000000069AAA,1062,353.32,0.0622,331.34,375225.84,351883.08,218.13,231654.06,120229.02,0.341673,false,USD
00k000000001719AAA,006000000000556AAA,01t000000000044AAA,561,415.28,0.0833,380.69,232972.08,213567.09,243.46,136581.06,76986.03,0.360477,false,USD
00k000000001720AAA,006000000000557AAA,01t000000000053AAA,745,250.18,0.069,232.92,186384.1,173525.4,158.05,117747.25,55778.15,0.321441,false,USD
00k000000001721AAA,006000000000557AAA,01t000000000051AAA,2032,69.84,0.053,66.14,141914.88,134396.48,51.08,103794.56,30601.92,0.227699,false,USD
00k000000001722AAA,006000000000557AAA,01t000000000033AAA,347,410.8,0.0237,401.06,142547.6,139167.82,280.14,97208.58,41959.24,0.301501,false,USD
00k000000001723AAA,006000000000558AAA,01t000000000012AAA,498,407.57,0.0527,386.09,202969.86,192272.82,249.67,124335.66,67937.16,0.353337,false,USD
00k000000001724AAA,006000000000558AAA,01t000000000042AAA,647,275.77,0.095,249.57,178423.19,161471.79,174.39,112830.33,48641.46,0.301238,false,USD
00k000000001725AAA,006000000000558AAA,01t000000000023AAA,528,341.33,0.0643,319.38,180222.24,168632.64,222.39,117421.92,51210.72,0.303682,false,USD
00k000000001726AAA,006000000000559AAA,01t000000000023AAA,394,343.74,0.0321,332.71,135433.56,131087.74,222.39,87621.66,43466.08,0.33158,false,USD
00k000000001727AAA,006000000000559AAA,01t000000000057AAA,1230,128.55,0.0441,122.88,158116.5,151142.4,72.85,89605.5,61536.9,0.407145,false,USD
00k000000001728AAA,006000000000559AAA,01t000000000029AAA,752,235.77,0.0374,226.95,177299.04,170666.4,153.08,115116.16,55550.24,0.32549,false,USD
00k000000001729AAA,006000000000559AAA,01t000000000054AAA,901,128.78,0.0838,117.99,116030.78,106308.99,80.43,72467.43,33841.56,0.318332,false,USD
00k000000001730AAA,006000000000559AAA,01t000000000021AAA,394,329.94,0.0322,319.32,129996.36,125812.08,239.32,94292.08,31520,0.250532,false,USD
00k000000001731AAA,006000000000560AAA,01t000000000018AAA,1593,147.88,0.0599,139.02,235572.84,221458.86,92.07,146667.51,74791.35,0.337721,false,USD
00k000000001732AAA,006000000000560AAA,01t000000000019AAA,671,357.27,0.0884,325.69,239728.17,218537.99,228.88,153578.48,64959.51,0.297246,false,USD
00k000000001733AAA,006000000000560AAA,01t000000000001AAA,1093,352.83,0.092,320.37,385643.19,350164.41,209.3,228764.9,121399.51,0.346693,false,USD
00k000000001734AAA,006000000000561AAA,01t000000000054AAA,12237,136.01,0.101,122.27,1664354.37,1496217.99,80.43,984221.91,511996.08,0.342194,false,USD
00k000000001735AAA,006000000000561AAA,01t000000000038AAA,4779,209.33,0.1082,186.68,1000388.07,892143.72,127.14,607602.06,284541.66,0.318942,false,USD
00k000000001736AAA,006000000000562AAA,01t000000000042AAA,456,269.21,0.0611,252.76,122759.76,115258.56,174.39,79521.84,35736.72,0.310057,false,USD
00k000000001737AAA,006000000000562AAA,01t000000000061AAA,534,204.84,0.0705,190.4,109384.56,101673.6,138.34,73873.56,27800.04,0.273424,false,USD
00k000000001738AAA,006000000000562AAA,01t000000000038AAA,515,211.87,0.1303,184.26,109113.05,94893.9,127.14,65477.1,29416.8,0.309997,false,USD
00k000000001739AAA,006000000000563AAA,01t000000000009AAA,1148,341.22,0.0907,310.27,391720.56,356189.96,203.75,233905,122284.96,0.343314,false,USD
00k000000001740AAA,006000000000564AAA,01t000000000054AAA,895,134.63,0.0723,124.9,120493.85,111785.5,80.43,71984.85,39800.65,0.356045,false,USD
00k000000001741AAA,006000000000564AAA,01t000000000062AAA,378,195.44,0.0283,189.91,73876.32,71785.98,121.05,45756.9,26029.08,0.362593,false,USD
00k000000001742AAA,006000000000564AAA,01t000000000028AAA,481,191.66,0.0933,173.78,92188.46,83588.18,110.67,53232.27,30355.91,0.36316,false,USD
00k000000001743AAA,006000000000565AAA,01t000000000025AAA,5932,73.17,0.0141,72.14,434044.44,427934.48,51.29,304252.28,123682.2,0.289021,false,USD
00k000000001744AAA,006000000000565AAA,01t000000000068AAA,737,460.87,0.0866,420.96,339661.19,310247.52,303.4,223605.8,86641.72,0.279266,false,USD
00k000000001745AAA,006000000000566AAA,01t000000000019AAA,509,347.78,0.1108,309.25,177020.02,157408.25,228.88,116499.92,40908.33,0.259887,false,USD
00k000000001746AAA,006000000000566AAA,01t000000000052AAA,1710,101.1,0.0546,95.58,172881,163441.8,62.85,107473.5,55968.3,0.342436,false,USD
00k000000001747AAA,006000000000566AAA,01t000000000017AAA,1173,190.51,0.0429,182.34,223468.23,213884.82,126.45,148325.85,65558.97,0.306515,false,USD
00k000000001748AAA,006000000000567AAA,01t000000000071AAA,675,448.5,0.1216,393.96,302737.5,265923,299.11,201899.25,64023.75,0.24076,false,USD
00k000000001749AAA,006000000000567AAA,01t000000000062AAA,920,198.73,0.0429,190.2,182831.6,174984,121.05,111366,63618,0.363565,false,USD
00k000000001750AAA,006000000000567AAA,01t000000000023AAA,1012,338.9,0.0921,307.69,342966.8,311382.28,222.39,225058.68,86323.6,0.277227,false,USD
00k000000001751AAA,006000000000567AAA,01t000000000013AAA,560,338.63,0.0479,322.41,189632.8,180549.6,195.82,109659.2,70890.4,0.392637,false,USD
00k000000001752AAA,006000000000568AAA,01t000000000050AAA,1415,78.7,0.1224,69.07,111360.5,97734.05,51.06,72249.9,25484.15,0.26075,false,USD
00k000000001753AAA,006000000000568AAA,01t000000000045AAA,1409,108.88,0.111,96.79,153411.92,136377.11,59.87,84356.83,52020.28,0.381444,false,USD
00k000000001754AAA,006000000000569AAA,01t000000000018AAA,2691,155.9,0.0182,153.06,419526.9,411884.46,92.07,247760.37,164124.09,0.398471,false,USD
00k000000001755AAA,006000000000569AAA,01t000000000024AAA,1210,320.11,0.0472,305,387333.1,369050,221.7,268257,100793,0.273115,false,USD
00k000000001756AAA,006000000000570AAA,01t000000000054AAA,1418,131.04,0.0875,119.57,185814.72,169550.26,80.43,114049.74,55500.52,0.32734,false,USD
00k000000001757AAA,006000000000570AAA,01t000000000020AAA,407,389.65,0.078,359.26,158587.55,146218.82,218.34,88864.38,57354.44,0.392251,false,USD
00k000000001758AAA,006000000000570AAA,01t000000000057AAA,976,126.24,0.0431,120.8,123210.24,117900.8,72.85,71101.6,46799.2,0.396937,false,USD
00k000000001759AAA,006000000000570AAA,01t000000000001AAA,494,337.63,0.0771,311.6,166789.22,153930.4,209.3,103394.2,50536.2,0.328306,false,USD
00k000000001760AAA,006000000000571AAA,01t000000000041AAA,330,267.3,0.0523,253.32,88209,83595.6,152.9,50457,33138.6,0.396416,false,USD
00k000000001761AAA,006000000000571AAA,01t000000000004AAA,300,393.61,0.0786,362.67,118083,108801,267.02,80106,28695,0.263738,false,USD
00k000000001762AAA,006000000000572AAA,01t000000000059AAA,514,216.6,0.0996,195.03,111332.4,100245.42,136.27,70042.78,30202.64,0.301287,false,USD
00k000000001763AAA,006000000000572AAA,01t000000000050AAA,2468,76.24,0.0596,71.7,188160.32,176955.6,51.06,126016.08,50939.52,0.287866,false,USD
00k000000001764AAA,006000000000573AAA,01t000000000004AAA,446,402.62,0.0879,367.23,179568.52,163784.58,267.02,119090.92,44693.66,0.272881,false,USD
00k000000001765AAA,006000000000573AAA,01t000000000056AAA,569,199.46,0.0886,181.79,113492.74,103438.51,130.96,74516.24,28922.27,0.279608,false,USD
00k000000001766AAA,006000000000573AAA,01t000000000060AAA,651,244.96,0.0991,220.68,159468.96,143662.68,164.46,107063.46,36599.22,0.254758,false,USD
00k000000001767AAA,006000000000573AAA,01t000000000045AAA,1424,110.32,0.0428,105.6,157095.68,150374.4,59.87,85254.88,65119.52,0.433049,false,USD
00k000000001768AAA,006000000000574AAA,01t000000000016AAA,481,369.23,0.0241,360.33,177599.63,173318.73,212.59,102255.79,71062.94,0.410013,false,USD
00k000000001769AAA,006000000000574AAA,01t000000000020AAA,647,399.68,0.0581,376.46,258592.96,243569.62,218.34,141265.98,102303.64,0.420018,false,USD
00k000000001770AAA,006000000000575AAA,01t000000000028AAA,666,192.59,0.1048,172.41,128264.94,114825.06,110.67,73706.22,41118.84,0.3581,false,USD
00k000000001771AAA,006000000000575AAA,01t000000000031AAA,443,382.64,0.1219,336,169509.52,148848,237.31,105128.33,43719.67,0.29372,false,USD
00k000000001772AAA,006000000000575AAA,01t000000000044AAA,404,424.14,0.0642,396.91,171352.56,160351.64,243.46,98357.84,61993.8,0.386612,false,USD
00k000000001773AAA,006000000000576AAA,01t000000000025AAA,11670,73.02,0.0897,66.47,852143.4,775704.9,51.29,598554.3,177150.6,0.228374,false,USD
00k000000001774AAA,006000000000576AAA,01t000000000028AAA,4693,197.53,0.0717,183.37,927008.29,860555.41,110.67,519374.31,341181.1,0.396466,false,USD
00k000000001775AAA,006000000000577AAA,01t000000000032AAA,1888,327.26,0.0532,309.85,617866.88,584996.8,193.38,365101.44,219895.36,0.375892,false,USD
00k000000001776AAA,006000000000577AAA,01t000000000044AAA,1530,398.92,0.0611,374.55,610347.6,573061.5,236.16,361324.8,211736.7,0.369483,false,USD
00k000000001777AAA,006000000000577AAA,01t000000000004AAA,1042,402.96,0.0417,386.16,419884.32,402378.72,259.01,269888.42,132490.3,0.329268,false,USD
00k000000001778AAA,006000000000577AAA,01t000000000063AAA,1044,462.15,0.0374,444.87,482484.6,464444.28,256.38,267660.72,196783.56,0.423697,false,USD
00k000000001779AAA,006000000000578AAA,01t000000000054AAA,4802,127.81,0.0622,119.86,613743.62,575567.72,80.43,386224.86,189342.86,0.328967,false,USD
00k000000001780AAA,006000000000578AAA,01t000000000021AAA,1432,331.21,0.1074,295.64,474292.72,423356.48,239.32,342706.24,80650.24,0.190502,false,USD
00k000000001781AAA,006000000000578AAA,01t000000000023AAA,1343,342.55,0.0489,325.8,460044.65,437549.4,222.39,298669.77,138879.63,0.317403,false,USD
00k000000001782AAA,006000000000579AAA,01t000000000040AAA,3117,221.4,0.0754,204.71,690103.8,638081.07,142.61,444515.37,193565.7,0.303356,false,USD
00k000000001783AAA,006000000000579AAA,01t000000000050AAA,9268,79.48,0.0486,75.62,736620.64,700846.16,51.06,473224.08,227622.08,0.324782,false,USD
00k000000001784AAA,006000000000580AAA,01t000000000001AAA,2275,330.17,0.0998,297.22,751136.75,676175.5,209.3,476157.5,200018,0.295808,false,USD
00k000000001785AAA,006000000000580AAA,01t000000000046AAA,9237,85.16,0.0703,79.17,786622.92,731293.29,53.15,490946.55,240346.74,0.32866,false,USD
00k000000001786AAA,006000000000580AAA,01t000000000038AAA,2114,211.58,0.0879,192.98,447280.12,407959.72,127.14,268773.96,139185.76,0.341175,false,USD
00k000000001787AAA,006000000000581AAA,01t000000000036AAA,2231,147.63,0.0337,142.65,329362.53,318252.15,95.18,212346.58,105905.57,0.332773,false,USD
00k000000001788AAA,006000000000582AAA,01t000000000018AAA,1612,150.21,0.0591,141.33,242138.52,227823.96,92.07,148416.84,79407.12,0.348546,false,USD
00k000000001789AAA,006000000000582AAA,01t000000000057AAA,1826,126.01,0.0778,116.21,230094.26,212199.46,72.85,133024.1,79175.36,0.373118,false,USD
00k000000001790AAA,006000000000582AAA,01t000000000032AAA,1055,341.41,0.0905,310.51,360187.55,327588.05,199.36,210324.8,117263.25,0.357959,false,USD
00k000000001791AAA,006000000000583AAA,01t000000000022AAA,870,357.36,0.0626,334.99,310903.2,291441.3,241.05,209713.5,81727.8,0.280426,false,USD
00k000000001792AAA,006000000000583AAA,01t000000000031AAA,596,384.95,0.0033,383.68,229430.2,228673.28,237.31,141436.76,87236.52,0.38149,false,USD
00k000000001793AAA,006000000000583AAA,01t000000000047AAA,1146,306.86,0.0862,280.41,351661.56,321349.86,213.19,244315.74,77034.12,0.23972,false,USD
00k000000001794AAA,006000000000584AAA,01t000000000015AAA,140,289.43,0.0826,265.52,40520.2,37172.8,168.05,23527,13645.8,0.367091,false,USD
00k000000001795AAA,006000000000584AAA,01t000000000062AAA,291,198.5,0.0936,179.92,57763.5,52356.72,121.05,35225.55,17131.17,0.327201,false,USD
00k000000001796AAA,006000000000584AAA,01t000000000039AAA,434,119.11,0.0473,113.48,51693.74,49250.32,75.62,32819.08,16431.24,0.333627,false,USD
00k000000001797AAA,006000000000584AAA,01t000000000059AAA,287,211.6,0.0557,199.81,60729.2,57345.47,136.27,39109.49,18235.98,0.318002,false,USD
00k000000001798AAA,006000000000585AAA,01t000000000003AAA,1933,207.18,0.065,193.71,400478.94,374441.43,125.5,242591.5,131849.93,0.352124,false,USD
00k000000001799AAA,006000000000585AAA,01t000000000037AAA,1333,371.84,0.0801,342.06,495662.72,455965.98,244.43,325825.19,130140.79,0.285418,false,USD
00k000000001800AAA,006000000000585AAA,01t000000000016AAA,1354,357.58,0.0924,324.54,484163.32,439427.16,212.59,287846.86,151580.3,0.34495,false,USD
00k000000001801AAA,006000000000585AAA,01t000000000004AAA,1317,400.42,0.0822,367.51,527353.14,484010.67,267.02,351665.34,132345.33,0.273435,false,USD
00k000000001802AAA,006000000000586AAA,01t000000000020AAA,1371,380.25,0.0822,348.99,521322.75,478465.29,218.34,299344.14,179121.15,0.374366,false,USD
00k000000001803AAA,006000000000586AAA,01t000000000053AAA,2523,243.06,0.0667,226.85,613240.38,572342.55,158.05,398760.15,173582.4,0.303284,false,USD
00k000000001804AAA,006000000000586AAA,01t000000000073AAA,3214,209.37,0.0395,201.1,672915.18,646335.4,136.74,439482.36,206853.04,0.32004,false,USD
00k000000001805AAA,006000000000587AAA,01t000000000033AAA,1428,398.53,0.0647,372.75,569100.84,532287,280.14,400039.92,132247.08,0.248451,false,USD
00k000000001806AAA,006000000000587AAA,01t000000000012AAA,1811,414.73,0.0847,379.6,751076.03,687455.6,249.67,452152.37,235303.23,0.342281,false,USD
00k000000001807AAA,006000000000588AAA,01t000000000044AAA,461,411.84,0.0486,391.82,189858.24,180629.02,243.46,112235.06,68393.96,0.378643,false,USD
00k000000001808AAA,006000000000588AAA,01t000000000004AAA,544,392.59,0.0567,370.33,213568.96,201459.52,267.02,145258.88,56200.64,0.278967,false,USD
00k000000001809AAA,006000000000588AAA,01t000000000021AAA,557,340.33,0.0382,327.33,189563.81,182322.81,239.32,133301.24,49021.57,0.268872,false,USD
00k000000001810AAA,006000000000588AAA,01t000000000056AAA,731,197.8,0.1059,176.85,144591.8,129277.35,130.96,95731.76,33545.59,0.259485,false,USD
00k000000001811AAA,006000000000588AAA,01t000000000037AAA,345,379.65,0.0438,363.02,130979.25,125241.9,244.43,84328.35,40913.55,0.326676,false,USD
00k000000001812AAA,006000000000589AAA,01t000000000004AAA,792,399.65,0.0702,371.59,316522.8,294299.28,267.02,211479.84,82819.44,0.281412,false,USD
00k000000001813AAA,006000000000589AAA,01t000000000005AAA,788,379.36,0.0645,354.89,298935.68,279653.32,272.07,214391.16,65262.16,0.233368,false,USD
00k000000001814AAA,006000000000589AAA,01t000000000011AAA,1083,297.16,0.1235,260.46,321824.28,282078.18,204.74,221733.42,60344.76,0.213929,false,USD
00k000000001815AAA,006000000000589AAA,01t000000000042AAA,1245,267.67,0.0882,244.06,333249.15,303854.7,174.39,217115.55,86739.15,0.285463,false,USD
00k000000001816AAA,006000000000589AAA,01t000000000014AAA,2801,123.86,0.0762,114.42,346931.86,320490.42,81.05,227021.05,93469.37,0.291645,false,USD
00k000000001817AAA,006000000000590AAA,01t000000000033AAA,930,403.48,0.0524,382.34,375236.4,355576.2,280.14,260530.2,95046,0.267301,false,USD
00k000000001818AAA,006000000000590AAA,01t000000000060AAA,1637,253.39,0.0686,236.01,414799.43,386348.37,164.46,269221.02,117127.35,0.303165,false,USD
00k000000001819AAA,006000000000590AAA,01t000000000047AAA,1110,321.83,0.1046,288.17,357231.3,319868.7,213.19,236640.9,83227.8,0.260194,false,USD
00k000000001820AAA,006000000000590AAA,01t000000000015AAA,1321,317.1,0.0349,306.03,418889.1,404265.63,168.05,221994.05,182271.58,0.450871,false,USD
00k000000001821AAA,006000000000591AAA,01t000000000027AAA,894,400.64,0.0711,372.15,358172.16,332702.1,251.82,225127.08,107575.02,0.323337,false,USD
00k000000001822AAA,006000000000591AAA,01t000000000047AAA,664,328.46,0.084,300.87,218097.44,199777.68,213.19,141558.16,58219.52,0.291422,false,USD
00k000000001823AAA,006000000000591AAA,01t000000000017AAA,1759,187.06,0.0853,171.1,329038.54,300964.9,126.45,222425.55,78539.35,0.260959,false,USD
00k000000001824AAA,006000000000591AAA,01t000000000057AAA,2039,129.38,0.0726,119.99,263805.82,244659.61,72.85,148541.15,96118.46,0.392866,false,USD
00k000000001825AAA,006000000000592AAA,01t000000000064AAA,1865,249.59,0.0581,235.09,465485.35,438442.85,156.64,292133.6,146309.25,0.333702,false,USD
00k000000001826AAA,006000000000592AAA,01t000000000018AAA,4406,148.3,0.0601,139.39,653409.8,614152.34,89.31,393499.86,220652.48,0.35928,false,USD
00k000000001827AAA,006000000000592AAA,01t000000000029AAA,2872,225.37,0.0537,213.27,647262.64,612511.44,148.49,426463.28,186048.16,0.303746,false,USD
00k000000001828AAA,006000000000592AAA,01t000000000049AAA,1102,364.34,0.0506,345.9,401502.68,381181.8,237.58,261813.16,119368.64,0.313154,false,USD
00k000000001829AAA,006000000000593AAA,01t000000000002AAA,13493,181.26,0.0709,168.41,2445741.18,2272356.13,113.8,1535503.4,736852.73,0.324268,false,USD
00k000000001830AAA,006000000000594AAA,01t000000000026AAA,251,294.9,0.0654,275.61,74019.9,69178.11,198.27,49765.77,19412.34,0.280614,false,USD
00k000000001831AAA,006000000000594AAA,01t000000000031AAA,141,378.99,0.0313,367.13,53437.59,51765.33,237.31,33460.71,18304.62,0.353608,false,USD
00k000000001832AAA,006000000000594AAA,01t000000000046AAA,608,84.81,0.0508,80.5,51564.48,48944,53.15,32315.2,16628.8,0.339752,false,USD
00k000000001833AAA,006000000000594AAA,01t000000000054AAA,539,131.68,0.1032,118.09,70975.52,63650.51,80.43,43351.77,20298.74,0.318909,false,USD
00k000000001834AAA,006000000000595AAA,01t000000000045AAA,813,104.15,0.048,99.15,84673.95,80608.95,58.07,47210.91,33398.04,0.414322,false,USD
00k000000001835AAA,006000000000595AAA,01t000000000054AAA,369,136.56,0.092,124,50390.64,45756,78.02,28789.38,16966.62,0.370806,false,USD
00k000000001836AAA,006000000000595AAA,01t000000000007AAA,306,195.95,0.0617,183.86,59960.7,56261.16,117.36,35912.16,20349,0.361688,false,USD
00k000000001837AAA,006000000000595AAA,01t000000000029AAA,291,223.28,0.0541,211.2,64974.48,61459.2,148.49,43210.59,18248.61,0.296922,false,USD
00k000000001838AAA,006000000000596AAA,01t000000000071AAA,1748,460.43,0.0831,422.17,804831.64,737953.16,299.11,522844.28,215108.88,0.291494,false,USD
00k000000001839AAA,006000000000596AAA,01t000000000029AAA,3888,239.26,0.0719,222.06,930242.88,863369.28,153.08,595175.04,268194.24,0.310637,false,USD
00k000000001840AAA,006000000000596AAA,01t000000000015AAA,1696,312.57,0.105,279.75,530118.72,474456,168.05,285012.8,189443.2,0.399285,false,USD
00k000000001841AAA,006000000000597AAA,01t000000000013AAA,907,347.83,0.0555,328.53,315481.81,297976.71,195.82,177608.74,120367.97,0.403951,false,USD
00k000000001842AAA,006000000000597AAA,01t000000000002AAA,914,179.48,0.0782,165.44,164044.72,151212.16,113.8,104013.2,47198.96,0.312137,false,USD
00k000000001843AAA,006000000000598AAA,01t000000000067AAA,1525,210.34,0.0436,201.17,320768.5,306784.25,130.51,199027.75,107756.5,0.351245,false,USD
00k000000001844AAA,006000000000598AAA,01t000000000070AAA,447,587.12,0.0804,539.92,262442.64,241344.24,339.31,151671.57,89672.67,0.371555,false,USD
00k000000001845AAA,006000000000598AAA,01t000000000034AAA,987,235.84,0.0319,228.32,232774.08,225351.84,148.57,146638.59,78713.25,0.34929,false,USD
00k000000001846AAA,006000000000598AAA,01t000000000054AAA,2728,131.65,0.1298,114.56,359141.2,312519.68,80.43,219413.04,93106.64,0.297922,false,USD
00k000000001847AAA,006000000000599AAA,01t000000000055AAA,1154,241.77,0.0731,224.1,279002.58,258611.4,130.02,150043.08,108568.32,0.419813,false,USD
00k000000001848AAA,006000000000599AAA,01t000000000035AAA,452,385.14,0.0873,351.52,174083.28,158887.04,237.75,107463,51424.04,0.323652,false,USD
00k000000001849AAA,006000000000599AAA,01t000000000061AAA,973,196.97,0.0966,177.94,191651.81,173135.62,138.34,134604.82,38530.8,0.222547,false,USD
00k000000001850AAA,006000000000600AAA,01t000000000028AAA,2022,203.58,0.1079,181.61,411638.76,367215.42,110.67,223774.74,143440.68,0.390617,false,USD
00k000000001851AAA,006000000000600AAA,01t000000000029AAA,1563,232.47,0.0736,215.36,363350.61,336607.68,153.08,239264.04,97343.64,0.28919,false,USD
00k000000001852AAA,006000000000600AAA,01t000000000017AAA,2329,186.98,0.0654,174.75,435476.42,406992.75,126.45,294502.05,112490.7,0.276395,false,USD
00k000000001853AAA,006000000000601AAA,01t000000000066AAA,338,434.21,0.1063,388.05,146762.98,131160.9,251.52,85013.76,46147.14,0.351836,false,USD
00k000000001854AAA,006000000000601AAA,01t000000000064AAA,507,247.33,0.0668,230.81,125396.31,117020.67,161.48,81870.36,35150.31,0.300377,false,USD
00k000000001855AAA,006000000000601AAA,01t000000000069AAA,410,356.08,0.0835,326.35,145992.8,133803.5,218.13,89433.3,44370.2,0.331607,false,USD
00k000000001856AAA,006000000000602AAA,01t000000000060AAA,576,251.2,0.0368,241.96,144691.2,139368.96,164.46,94728.96,44640,0.320301,false,USD
00k000000001857AAA,006000000000602AAA,01t000000000070AAA,273,584.05,0.0365,562.73,159445.65,153625.29,339.31,92631.63,60993.66,0.397029,false,USD
00k000000001858AAA,006000000000602AAA,01t000000000069AAA,519,349.07,0.0834,319.96,181167.33,166059.24,218.13,113209.47,52849.77,0.318259,false,USD
00k000000001859AAA,006000000000603AAA,01t000000000033AAA,843,410.86,0.0607,385.92,346354.98,325330.56,280.14,236158.02,89172.54,0.274098,false,USD
00k000000001860AAA,006000000000603AAA,01t000000000062AAA,1507,191.32,0.0648,178.92,288319.24,269632.44,121.05,182422.35,87210.09,0.323441,false,USD
00k000000001861AAA,006000000000604AAA,01t000000000040AAA,536,229.74,0.0602,215.91,123140.64,115727.76,138.33,74144.88,41582.88,0.359316,false,USD
00k000000001862AAA,006000000000604AAA,01t000000000024AAA,504,319.23,0.0439,305.22,160891.92,153830.88,215.05,108385.2,45445.68,0.295426,false,USD
00k000000001863AAA,006000000000604AAA,01t000000000007AAA,571,197.87,0.0585,186.29,112983.77,106371.59,117.36,67012.56,39359.03,0.370014,false,USD
00k000000001864AAA,006000000000604AAA,01t000000000035AAA,473,397.69,0.0444,380.03,188107.37,179754.19,230.62,109083.26,70670.93,0.393153,false,USD
00k000000001865AAA,006000000000605AAA,01t000000000023AAA,978,350.69,0.1076,312.96,342974.82,306074.88,222.39,217497.42,88577.46,0.289398,false,USD
00k000000001866AAA,006000000000605AAA,01t000000000061AAA,1344,196.94,0.0304,190.95,264687.36,256636.8,138.34,185928.96,70707.84,0.275517,false,USD
00k000000001867AAA,006000000000606AAA,01t000000000069AAA,1239,356.87,0.0797,328.43,442161.93,406924.77,218.13,270263.07,136661.7,0.33584,false,USD
00k000000001868AAA,006000000000606AAA,01t000000000023AAA,1571,328.13,0.0986,295.78,515492.23,464670.38,222.39,349374.69,115295.69,0.248124,false,USD
00k000000001869AAA,006000000000607AAA,01t000000000018AAA,660,150.98,0.0567,142.42,99646.8,93997.2,89.31,58944.6,35052.6,0.372911,false,USD
00k000000001870AAA,006000000000607AAA,01t000000000003AAA,552,208.09,0.0616,195.27,114865.68,107789.04,121.74,67200.48,40588.56,0.376556,false,USD
00k000000001871AAA,006000000000607AAA,01t000000000073AAA,512,209.59,0.046,199.95,107310.08,102374.4,132.64,67911.68,34462.72,0.336634,false,USD
00k000000001872AAA,006000000000607AAA,01t000000000053AAA,332,242.83,0.0407,232.95,80619.56,77339.4,153.31,50898.92,26440.48,0.341876,false,USD
00k000000001873AAA,006000000000608AAA,01t000000000016AAA,106,362.29,0.0579,341.31,38402.74,36178.86,212.59,22534.54,13644.32,0.377135,false,USD
00k000000001874AAA,006000000000608AAA,01t000000000042AAA,136,268.53,0.0439,256.74,36520.08,34916.64,174.39,23717.04,11199.6,0.320753,false,USD
00k000000001875AAA,006000000000608AAA,01t000000000026AAA,91,301.15,0.0754,278.44,27404.65,25338.04,198.27,18042.57,7295.47,0.287926,false,USD
00k000000001876AAA,006000000000608AAA,01t000000000025AAA,537,72.52,0.0514,68.79,38943.24,36940.23,51.29,27542.73,9397.5,0.254397,false,USD
00k000000001877AAA,006000000000608AAA,01t000000000060AAA,181,247.35,0.0892,225.29,44770.35,40777.49,164.46,29767.26,11010.23,0.270008,false,USD
00k000000001878AAA,006000000000609AAA,01t000000000044AAA,464,402.03,0.1132,356.52,186541.92,165425.28,243.46,112965.44,52459.84,0.317121,false,USD
00k000000001879AAA,006000000000609AAA,01t000000000065AAA,353,328.87,0.071,305.52,116091.11,107848.56,228.94,80815.82,27032.74,0.250655,false,USD
00k000000001880AAA,006000000000610AAA,01t000000000004AAA,546,397.1,0.0499,377.28,216816.6,205994.88,267.02,145792.92,60201.96,0.29225,false,USD
00k000000001881AAA,006000000000610AAA,01t000000000046AAA,3261,86.96,0.038,83.66,283576.56,272815.26,53.15,173322.15,99493.11,0.36469,false,USD
00k000000001882AAA,006000000000610AAA,01t000000000001AAA,532,333.09,0.0501,316.4,177203.88,168324.8,209.3,111347.6,56977.2,0.338496,false,USD
00k000000001883AAA,006000000000611AAA,01t000000000051AAA,8167,71,0.1238,62.21,579857,508069.07,49.55,404674.85,103394.22,0.203504,false,USD
00k000000001884AAA,006000000000611AAA,01t000000000048AAA,1637,405.58,0.0467,386.64,663934.46,632929.68,256.19,419383.03,213546.65,0.337394,false,USD
00k000000001885AAA,006000000000611AAA,01t000000000035AAA,1190,400.29,0.0713,371.75,476345.1,442382.5,230.62,274437.8,167944.7,0.379637,false,USD
00k000000001886AAA,006000000000611AAA,01t000000000012AAA,914,403.92,0.0509,383.36,369182.88,350391.04,242.18,221352.52,129038.52,0.36827,false,USD
00k000000001887AAA,006000000000611AAA,01t000000000022AAA,968,363.19,0.0555,343.03,351567.92,332053.04,233.82,226337.76,105715.28,0.318369,false,USD
00k000000001888AAA,006000000000612AAA,01t000000000008AAA,2188,261.3,0.081,240.13,571724.4,525404.44,179.17,392023.96,133380.48,0.253862,false,USD
00k000000001889AAA,006000000000613AAA,01t000000000055AAA,4691,233.98,0.1241,204.94,1097600.18,961373.54,130.02,609923.82,351449.72,0.36557,false,USD
00k000000001890AAA,006000000000613AAA,01t000000000033AAA,1945,425.77,0.0859,389.2,828122.65,756994,280.14,544872.3,212121.7,0.280216,false,USD
00k000000001891AAA,006000000000613AAA,01t000000000024AAA,2576,324.2,0.1247,283.77,835139.2,730991.52,221.7,571099.2,159892.32,0.218733,false,USD
00k000000001892AAA,006000000000614AAA,01t000000000056AAA,3514,203.84,0.0673,190.12,716293.76,668081.68,130.96,460193.44,207888.24,0.311172,false,USD
00k000000001893AAA,006000000000614AAA,01t000000000001AAA,2504,328.71,0.1047,294.29,823089.84,736902.16,209.3,524087.2,212814.96,0.288797,false,USD
00k000000001894AAA,006000000000615AAA,01t000000000058AAA,2995,241.71,0.0927,219.3,723921.45,656803.5,167.27,500973.65,155829.85,0.237255,false,USD
00k000000001895AAA,006000000000615AAA,01t000000000033AAA,2516,421.44,0.0976,380.31,1060343.04,956859.96,280.14,704832.24,252027.72,0.26339,false,USD
00k000000001896AAA,006000000000616AAA,01t000000000037AAA,247,369.25,0.0202,361.79,91204.75,89362.13,244.43,60374.21,28987.92,0.324387,false,USD
00k000000001897AAA,006000000000617AAA,01t000000000042AAA,580,273.19,0.0688,254.39,158450.2,147546.2,169.16,98112.8,49433.4,0.335037,false,USD
00k000000001898AAA,006000000000617AAA,01t000000000031AAA,388,375.83,0.0281,365.27,145822.04,141724.76,230.19,89313.72,52411.04,0.369809,false,USD
00k000000001899AAA,006000000000617AAA,01t000000000022AAA,380,340.53,0.036,328.27,129401.4,124742.6,233.82,88851.6,35891,0.28772,false,USD
00k000000001900AAA,006000000000617AAA,01t000000000060AAA,456,247.44,0.0806,227.5,112832.64,103740,159.53,72745.68,30994.32,0.298769,false,USD
00k000000001901AAA,006000000000617AAA,01t000000000004AAA,253,393.14,0.0522,372.62,99464.42,94272.86,259.01,65529.53,28743.33,0.304895,false,USD
00k000000001902AAA,006000000000618AAA,01t000000000054AAA,18043,134.64,0.0547,127.28,2429309.52,2296513.04,80.43,1451198.49,845314.55,0.368086,false,USD
00k000000001903AAA,006000000000619AAA,01t000000000013AAA,801,337.8,0.0448,322.67,270577.8,258458.67,195.82,156851.82,101606.85,0.393126,false,USD
00k000000001904AAA,006000000000619AAA,01t000000000074AAA,958,341.55,0.0755,315.76,327204.9,302498.08,224.7,215262.6,87235.48,0.288384,false,USD
00k000000001905AAA,006000000000619AAA,01t000000000071AAA,612,458.01,0.0921,415.83,280302.12,254487.96,299.11,183055.32,71432.64,0.280692,false,USD
00k000000001906AAA,006000000000619AAA,01t000000000053AAA,1791,244.77,0.0857,223.79,438383.07,400807.89,158.05,283067.55,117740.34,0.293758,false,USD
00k000000001907AAA,006000000000620AAA,01t000000000052AAA,4477,110.58,0.0759,102.19,495066.66,457504.63,62.85,281379.45,176125.18,0.384969,false,USD
00k000000001908AAA,006000000000620AAA,01t000000000013AAA,2203,334.19,0.115,295.76,736220.57,651559.28,195.82,431391.46,220167.82,0.337909,false,USD
00k000000001909AAA,006000000000620AAA,01t000000000061AAA,2945,211.24,0.0944,191.3,622101.8,563378.5,138.34,407411.3,155967.2,0.276843,false,USD
00k000000001910AAA,006000000000621AAA,01t000000000008AAA,618,273.27,0.0602,256.82,168880.86,158714.76,173.79,107402.22,51312.54,0.3233,false,USD
00k000000001911AAA,006000000000621AAA,01t000000000015AAA,535,313.61,0.04,301.07,167781.35,161072.45,163.01,87210.35,73862.1,0.458564,false,USD
00k000000001912AAA,006000000000621AAA,01t000000000062AAA,936,192.98,0.0207,188.99,180629.28,176894.64,117.42,109905.12,66989.52,0.378697,false,USD
00k000000001913AAA,006000000000621AAA,01t000000000028AAA,1258,206.79,0.0558,195.25,260141.82,245624.5,107.35,135046.3,110578.2,0.450192,false,USD
00k000000001914AAA,006000000000622AAA,01t000000000003AAA,1433,198.17,0.0837,181.58,283977.61,260204.14,125.5,179841.5,80362.64,0.308845,false,USD
00k000000001915AAA,006000000000622AAA,01t000000000037AAA,696,357.8,0.061,335.97,249028.8,233835.12,244.43,170123.28,63711.84,0.272465,false,USD
00k000000001916AAA,006000000000622AAA,01t000000000040AAA,1128,224.9,0.0663,209.99,253687.2,236868.72,142.61,160864.08,76004.64,0.320872,false,USD
00k000000001917AAA,006000000000623AAA,01t000000000014AAA,5016,118.58,0.0815,108.92,594797.28,546342.72,81.05,406546.8,139795.92,0.255876,false,USD
00k000000001918AAA,006000000000623AAA,01t000000000075AAA,963,597.79,0.0463,570.11,575671.77,549015.93,356.45,343261.35,205754.58,0.37477,false,USD
00k000000001919AAA,006000000000623AAA,01t000000000063AAA,1103,452.19,0.0653,422.66,498765.57,466193.98,264.31,291533.93,174660.05,0.374651,false,USD
00k000000001920AAA,006000000000623AAA,01t000000000028AAA,1786,196.96,0.0842,180.38,351770.56,322158.68,110.67,197656.62,124502.06,0.386462,false,USD
00k000000001921AAA,006000000000623AAA,01t000000000074AAA,1429,330.29,0.0723,306.41,471984.41,437859.89,224.7,321096.3,116763.59,0.266669,false,USD
00k000000001922AAA,006000000000624AAA,01t000000000008AAA,265,271.34,0.1024,243.55,71905.1,64540.75,179.17,47480.05,17060.7,0.26434,false,USD
00k000000001923AAA,006000000000624AAA,01t000000000060AAA,317,241.87,0.0834,221.7,76672.79,70278.9,164.46,52133.82,18145.08,0.258187,false,USD
00k000000001924AAA,006000000000624AAA,01t000000000029AAA,282,225.26,0.0029,224.61,63523.32,63340.02,153.08,43168.56,20171.46,0.318463,false,USD
00k000000001925AAA,006000000000625AAA,01t000000000007AAA,487,192.58,0.0459,183.74,93786.46,89481.38,120.99,58922.13,30559.25,0.341515,false,USD
00k000000001926AAA,006000000000625AAA,01t000000000056AAA,467,199.83,0.0461,190.62,93320.61,89019.54,130.96,61158.32,27861.22,0.312979,false,USD
00k000000001927AAA,006000000000626AAA,01t000000000010AAA,299,461.91,0.0373,444.68,138111.09,132959.32,280.72,83935.28,49024.04,0.368715,false,USD
00k000000001928AAA,006000000000626AAA,01t000000000037AAA,509,354.35,0.061,332.73,180364.15,169359.57,244.43,124414.87,44944.7,0.26538,false,USD
00k000000001929AAA,006000000000626AAA,01t000000000029AAA,623,223.09,0.0481,212.36,138985.07,132300.28,153.08,95368.84,36931.44,0.279149,false,USD
00k000000001930AAA,006000000000627AAA,01t000000000058AAA,1131,235.49,0.1272,205.54,266339.19,232465.74,167.27,189182.37,43283.37,0.186192,false,USD
00k000000001931AAA,006000000000627AAA,01t000000000045AAA,2468,104.64,0.0961,94.58,258251.52,233423.44,59.87,147759.16,85664.28,0.366991,false,USD
00k000000001932AAA,006000000000627AAA,01t000000000031AAA,789,397.3,0.0366,382.76,313469.7,301997.64,237.31,187237.59,114760.05,0.380003,false,USD
00k000000001933AAA,006000000000628AAA,01t000000000040AAA,729,229.93,0.0953,208.02,167618.97,151646.58,142.61,103962.69,47683.89,0.314441,false,USD
00k000000001934AAA,006000000000628AAA,01t000000000029AAA,819,213.51,0.0941,193.42,174864.69,158410.98,153.08,125372.52,33038.46,0.208562,false,USD
00k000000001935AAA,006000000000628AAA,01t000000000060AAA,438,241.82,0.0299,234.59,105917.16,102750.42,164.46,72033.48,30716.94,0.298947,false,USD
00k000000001936AAA,006000000000629AAA,01t000000000010AAA,247,465.29,0.0771,429.42,114926.63,106066.74,280.72,69337.84,36728.9,0.346281,false,USD
00k000000001937AAA,006000000000629AAA,01t000000000042AAA,387,272.54,0.0748,252.15,105472.98,97582.05,174.39,67488.93,30093.12,0.308388,false,USD
00k000000001938AAA,006000000000630AAA,01t000000000018AAA,8275,151.94,0.1095,135.3,1257303.5,1119607.5,92.07,761879.25,357728.25,0.319512,false,USD
00k000000001939AAA,006000000000630AAA,01t000000000035AAA,5127,384.02,0.0662,358.6,1968870.54,1838542.2,237.75,1218944.25,619597.95,0.337005,false,USD
00k000000001940AAA,006000000000631AAA,01t000000000009AAA,1453,345.92,0.1012,310.91,502621.76,451752.23,203.75,296048.75,155703.48,0.344666,false,USD
00k000000001941AAA,006000000000631AAA,01t000000000026AAA,2078,299.39,0.0634,280.41,622132.42,582691.98,198.27,412005.06,170686.92,0.292928,false,USD
00k000000001942AAA,006000000000631AAA,01t000000000023AAA,2435,341.38,0.0979,307.96,831260.3,749882.6,222.39,541519.65,208362.95,0.277861,false,USD
00k000000001943AAA,006000000000632AAA,01t000000000023AAA,1563,333.26,0.046,317.93,520885.38,496924.59,222.39,347595.57,149329.02,0.300506,false,USD
00k000000001944AAA,006000000000633AAA,01t000000000051AAA,2691,74.24,0.0983,66.94,199779.84,180135.54,51.08,137456.28,42679.26,0.236929,false,USD
00k000000001945AAA,006000000000633AAA,01t000000000020AAA,478,386.79,0.0653,361.53,184885.62,172811.34,218.34,104366.52,68444.82,0.396067,false,USD
00k000000001946AAA,006000000000633AAA,01t000000000061AAA,1125,204.11,0.092,185.33,229623.75,208496.25,138.34,155632.5,52863.75,0.253548,false,USD
00k000000001947AAA,006000000000633AAA,01t000000000014AAA,1544,121.74,0.0419,116.64,187966.56,180092.16,81.05,125141.2,54950.96,0.305127,false,USD
00k000000001948AAA,006000000000633AAA,01t000000000006AAA,637,474.36,0.0474,451.88,302167.32,287847.56,301.3,191928.1,95919.46,0.33323,false,USD
00k000000001949AAA,006000000000634AAA,01t000000000009AAA,1466,323.89,0.0706,301.02,474822.74,441295.32,203.75,298697.5,142597.82,0.323135,false,USD
00k000000001950AAA,006000000000635AAA,01t000000000069AAA,545,351.77,0.0515,333.65,191714.65,181839.25,218.13,118880.85,62958.4,0.346231,false,USD
00k000000001951AAA,006000000000635AAA,01t000000000004AAA,601,412.89,0.0158,406.37,248146.89,244228.37,267.02,160479.02,83749.35,0.342914,false,USD
00k000000001952AAA,006000000000636AAA,01t000000000058AAA,506,240.85,0.0945,218.09,121870.1,110353.54,167.27,84638.62,25714.92,0.233023,false,USD
00k000000001953AAA,006000000000636AAA,01t000000000038AAA,544,208.4,0.0615,195.58,113369.6,106395.52,127.14,69164.16,37231.36,0.349934,false,USD
00k000000001954AAA,006000000000637AAA,01t000000000008AAA,417,269.68,0.1044,241.53,112456.56,100718.01,179.17,74713.89,26004.12,0.258187,false,USD
00k000000001955AAA,006000000000637AAA,01t000000000036AAA,1425,135.16,0.1091,120.41,192603,171584.25,95.18,135631.5,35952.75,0.209534,false,USD
00k000000001956AAA,006000000000637AAA,01t000000000024AAA,415,333.25,0.0657,311.36,138298.75,129214.4,221.7,92005.5,37208.9,0.287962,false,USD
00k000000001957AAA,006000000000638AAA,01t000000000055AAA,102,247.24,0.0842,226.42,25218.48,23094.84,130.02,13262.04,9832.8,0.425757,false,USD
00k000000001958AAA,006000000000638AAA,01t000000000069AAA,65,349.98,0.0583,329.58,22748.7,21422.7,218.13,14178.45,7244.25,0.338158,false,USD
00k000000001959AAA,006000000000638AAA,01t000000000020AAA,62,404.38,0.1216,355.21,25071.56,22023.02,218.34,13537.08,8485.94,0.385321,false,USD
00k000000001960AAA,006000000000639AAA,01t000000000031AAA,190,375.57,0.0379,361.34,71358.3,68654.6,237.31,45088.9,23565.7,0.34325,false,USD
00k000000001961AAA,006000000000639AAA,01t000000000014AAA,1011,125.69,0.0266,122.35,127072.59,123695.85,81.05,81941.55,41754.3,0.337556,false,USD
00k000000001962AAA,006000000000640AAA,01t000000000038AAA,341,213.29,0.0672,198.96,72731.89,67845.36,127.14,43354.74,24490.62,0.360977,false,USD
00k000000001963AAA,006000000000640AAA,01t000000000074AAA,357,353.54,0.0801,325.22,126213.78,116103.54,224.7,80217.9,35885.64,0.309083,false,USD
00k000000001964AAA,006000000000641AAA,01t000000000013AAA,2056,317.89,0.0953,287.6,653581.84,591305.6,195.82,402605.92,188699.68,0.319124,false,USD
00k000000001965AAA,006000000000641AAA,01t000000000008AAA,2168,259.32,0.0617,243.32,562205.76,527517.76,179.17,388440.56,139077.2,0.263645,false,USD
00k000000001966AAA,006000000000642AAA,01t000000000006AAA,1933,458.49,0.119,403.93,886261.17,780796.69,301.3,582412.9,198383.79,0.254079,false,USD
00k000000001967AAA,006000000000643AAA,01t000000000040AAA,1549,231.97,0.126,202.74,359321.53,314044.26,142.61,220902.89,93141.37,0.296587,false,USD
00k000000001968AAA,006000000000644AAA,01t000000000062AAA,1615,203.85,0.119,179.59,329217.75,290037.85,121.05,195495.75,94542.1,0.325965,false,USD
00k000000001969AAA,006000000000645AAA,01t000000000063AAA,1047,467.2,0.0589,439.68,489158.4,460344.96,264.31,276732.57,183612.39,0.398858,false,USD
00k000000001970AAA,006000000000645AAA,01t000000000071AAA,840,464.48,0.0929,421.33,390163.2,353917.2,299.11,251252.4,102664.8,0.290081,false,USD
00k000000001971AAA,006000000000645AAA,01t000000000038AAA,1816,211.33,0.0423,202.39,383775.28,367540.24,127.14,230886.24,136654,0.371807,false,USD
00k000000001972AAA,006000000000645AAA,01t000000000004AAA,1124,401.82,0.0873,366.74,451645.68,412215.76,267.02,300130.48,112085.28,0.271909,false,USD
00k000000001973AAA,006000000000646AAA,01t000000000075AAA,357,615.73,0.0851,563.33,219815.61,201108.81,356.45,127252.65,73856.16,0.367245,false,USD
00k000000001974AAA,006000000000646AAA,01t000000000009AAA,867,353.68,0.0434,338.33,306640.56,293332.11,203.75,176651.25,116680.86,0.397777,false,USD
00k000000001975AAA,006000000000647AAA,01t000000000067AAA,1030,202.53,0.0828,185.76,208605.9,191332.8,130.51,134425.3,56907.5,0.297427,false,USD
00k000000001976AAA,006000000000647AAA,01t000000000024AAA,559,319.6,0.1269,279.04,178656.4,155983.36,221.7,123930.3,32053.06,0.20549,false,USD
00k000000001977AAA,006000000000647AAA,01t000000000015AAA,519,303.41,0.0624,284.48,157469.79,147645.12,168.05,87217.95,60427.17,0.409273,false,USD
00k000000001978AAA,006000000000647AAA,01t000000000035AAA,378,379.79,0.0791,349.75,143560.62,132205.5,237.75,89869.5,42336,0.320229,false,USD
00k000000001979AAA,006000000000648AAA,01t000000000030AAA,833,157.05,0.0829,144.03,130822.65,119976.99,108.56,90430.48,29546.51,0.246268,false,USD
00k000000001980AAA,006000000000648AAA,01t000000000047AAA,361,302.84,0.0451,289.18,109325.24,104393.98,213.19,76961.59,27432.39,0.262778,false,USD
00k000000001981AAA,006000000000648AAA,01t000000000024AAA,251,316.93,0.0277,308.15,79549.43,77345.65,221.7,55646.7,21698.95,0.280545,false,USD
00k000000001982AAA,006000000000649AAA,01t000000000056AAA,812,206.81,0.0662,193.12,167929.72,156813.44,130.96,106339.52,50473.92,0.321872,false,USD
00k000000001983AAA,006000000000649AAA,01t000000000005AAA,363,366.79,0.0791,337.78,133144.77,122614.14,272.07,98761.41,23852.73,0.194535,false,USD
00k000000001984AAA,006000000000649AAA,01t000000000024AAA,627,327.57,0.0699,304.67,205386.39,191028.09,221.7,139005.9,52022.19,0.272327,false,USD
00k000000001985AAA,006000000000649AAA,01t000000000043AAA,670,213.9,0.069,199.14,143313,133423.8,128.91,86369.7,47054.1,0.352666,false,USD
00k000000001986AAA,006000000000650AAA,01t000000000052AAA,551,108.78,0.0485,103.5,59937.78,57028.5,60.96,33588.96,23439.54,0.411014,false,USD
00k000000001987AAA,006000000000650AAA,01t000000000069AAA,239,352.22,0.0711,327.18,84180.58,78196.02,211.59,50570.01,27626.01,0.353292,false,USD
00k000000001988AAA,006000000000650AAA,01t000000000026AAA,266,302.86,0.082,278.03,80560.76,73955.98,192.32,51157.12,22798.86,0.308276,false,USD
00k000000001989AAA,006000000000650AAA,01t000000000013AAA,191,336.35,0.0607,315.93,64242.85,60342.63,189.95,36280.45,24062.18,0.398759,false,USD
00k000000001990AAA,006000000000651AAA,01t000000000019AAA,1350,349.72,0.066,326.64,472122,440964,228.88,308988,131976,0.29929,false,USD
00k000000001991AAA,006000000000651AAA,01t000000000039AAA,4491,118.09,0.0779,108.89,530342.19,489024.99,75.62,339609.42,149415.57,0.305538,false,USD
00k000000001992AAA,006000000000651AAA,01t000000000009AAA,2067,337,0.0669,314.45,696579,649968.15,203.75,421151.25,228816.9,0.352043,false,USD
00k000000001993AAA,006000000000651AAA,01t000000000017AAA,2421,184.28,0.1038,165.15,446141.88,399828.15,126.45,306135.45,93692.7,0.234332,false,USD
00k000000001994AAA,006000000000652AAA,01t000000000073AAA,1563,214.07,0.0863,195.6,334591.41,305722.8,136.74,213724.62,91998.18,0.30092,false,USD
00k000000001995AAA,006000000000652AAA,01t000000000024AAA,1141,321.91,0.0679,300.05,367299.31,342357.05,221.7,252959.7,89397.35,0.261123,false,USD
00k000000001996AAA,006000000000652AAA,01t000000000028AAA,1469,206.17,0.0595,193.9,302863.73,284839.1,110.67,162574.23,122264.87,0.429242,false,USD
00k000000001997AAA,006000000000653AAA,01t000000000073AAA,2723,204.05,0.1379,175.91,555628.15,479002.93,136.74,372343.02,106659.91,0.222671,false,USD
00k000000001998AAA,006000000000653AAA,01t000000000014AAA,3012,122.04,0.0771,112.63,367584.48,339241.56,81.05,244122.6,95118.96,0.280387,false,USD
00k000000001999AAA,006000000000653AAA,01t000000000069AAA,975,357.47,0.0454,341.24,348533.25,332709,218.13,212676.75,120032.25,0.360772,false,USD
00k000000002000AAA,006000000000653AAA,01t000000000038AAA,2619,208.2,0.066,194.46,545275.8,509290.74,127.14,332979.66,176311.08,0.346189,false,USD
00k000000002001AAA,006000000000653AAA,01t000000000063AAA,1283,470.4,0.0749,435.17,603523.2,558323.11,264.31,339109.73,219213.38,0.392628,false,USD
00k000000002002AAA,006000000000654AAA,01t000000000031AAA,1601,361.73,0.0982,326.21,579129.73,522262.21,237.31,379933.31,142328.9,0.272524,false,USD
00k000000002003AAA,006000000000654AAA,01t000000000047AAA,1583,305.04,0.0521,289.15,482878.32,457724.45,213.19,337479.77,120244.68,0.262701,false,USD
00k000000002004AAA,006000000000654AAA,01t000000000056AAA,2068,200.16,0.0571,188.73,413930.88,390293.64,130.96,270825.28,119468.36,0.306099,false,USD
00k000000002005AAA,006000000000655AAA,01t000000000035AAA,159,409.11,0.0613,384.03,65048.49,61060.77,230.62,36668.58,24392.19,0.399474,false,USD
00k000000002006AAA,006000000000655AAA,01t000000000013AAA,189,329.08,0.0757,304.17,62196.12,57488.13,189.95,35900.55,21587.58,0.375514,false,USD
00k000000002007AAA,006000000000655AAA,01t000000000046AAA,380,84.89,0.059,79.88,32258.2,30354.4,51.56,19592.8,10761.6,0.354532,false,USD
00k000000002008AAA,006000000000655AAA,01t000000000015AAA,179,311.89,0.0732,289.06,55828.31,51741.74,163.01,29178.79,22562.95,0.436069,false,USD
00k000000002009AAA,006000000000656AAA,01t000000000042AAA,388,270.21,0.0524,256.05,104841.48,99347.4,169.16,65634.08,33713.32,0.339348,false,USD
00k000000002010AAA,006000000000656AAA,01t000000000033AAA,477,403.87,0.0897,367.64,192645.99,175364.28,271.74,129619.98,45744.3,0.260853,false,USD
00k000000002011AAA,006000000000656AAA,01t000000000012AAA,498,399.06,0.0683,371.8,198731.88,185156.4,242.18,120605.64,64550.76,0.348628,false,USD
00k000000002012AAA,006000000000656AAA,01t000000000060AAA,741,255.12,0.0565,240.71,189043.92,178366.11,159.53,118211.73,60154.38,0.337252,false,USD
00k000000002013AAA,006000000000657AAA,01t000000000038AAA,1785,220.91,0.0855,202.02,394324.35,360605.7,127.14,226944.9,133660.8,0.370656,false,USD
00k000000002014AAA,006000000000657AAA,01t000000000030AAA,2147,163.14,0.0632,152.83,350261.58,328126.01,108.56,233078.32,95047.69,0.289668,false,USD
00k000000002015AAA,006000000000657AAA,01t000000000043AAA,1504,220.65,0.0588,207.68,331857.6,312350.72,128.91,193880.64,118470.08,0.379285,false,USD
00k000000002016AAA,006000000000657AAA,01t000000000015AAA,1007,295.05,0.0315,285.76,297115.35,287760.32,168.05,169226.35,118533.97,0.411919,false,USD
00k000000002017AAA,006000000000658AAA,01t000000000059AAA,603,216.59,0.0385,208.25,130603.77,125574.75,136.27,82170.81,43403.94,0.345642,false,USD
00k000000002018AAA,006000000000658AAA,01t000000000037AAA,324,367.5,0.0123,362.98,119070,117605.52,244.43,79195.32,38410.2,0.326602,false,USD
00k000000002019AAA,006000000000658AAA,01t000000000012AAA,337,404.84,0.0393,388.93,136431.08,131069.41,249.67,84138.79,46930.62,0.358059,false,USD
00k000000002020AAA,006000000000658AAA,01t000000000017AAA,522,192.08,0.1145,170.09,100265.76,88786.98,126.45,66006.9,22780.08,0.25657,false,USD
00k000000002021AAA,006000000000659AAA,01t000000000066AAA,2454,407.42,0.0827,373.73,999808.68,917133.42,251.52,617230.08,299903.34,0.327001,false,USD
00k000000002022AAA,006000000000659AAA,01t000000000068AAA,1847,466.23,0.0947,422.08,861126.81,779581.76,303.4,560379.8,219201.96,0.281179,false,USD
00k000000002023AAA,006000000000660AAA,01t000000000050AAA,2851,79.41,0.0806,73.01,226397.91,208151.51,51.06,145572.06,62579.45,0.300644,false,USD
00k000000002024AAA,006000000000661AAA,01t000000000039AAA,1049,122.26,0.0644,114.39,128250.74,119995.11,75.62,79325.38,40669.73,0.338928,false,USD
00k000000002025AAA,006000000000661AAA,01t000000000027AAA,251,412.62,0.0513,391.45,103567.62,98253.95,251.82,63206.82,35047.13,0.356699,false,USD
00k000000002026AAA,006000000000661AAA,01t000000000038AAA,465,215.86,0.0581,203.32,100374.9,94543.8,127.14,59120.1,35423.7,0.37468,false,USD
00k000000002027AAA,006000000000662AAA,01t000000000024AAA,2053,316.26,0.0507,300.23,649281.78,616372.19,221.7,455150.1,161222.09,0.261566,false,USD
00k000000002028AAA,006000000000662AAA,01t000000000034AAA,2066,234.14,0.0221,228.97,483733.24,473052.02,148.57,306945.62,166106.4,0.351138,false,USD
00k000000002029AAA,006000000000663AAA,01t000000000058AAA,3875,245.23,0.0905,223.04,950266.25,864280,167.27,648171.25,216108.75,0.250045,false,USD
00k000000002030AAA,006000000000664AAA,01t000000000006AAA,1648,450.8,0.0576,424.83,742918.4,700119.84,301.3,496542.4,203577.44,0.290775,false,USD
00k000000002031AAA,006000000000664AAA,01t000000000019AAA,2017,351.9,0.1083,313.79,709782.3,632914.43,228.88,461650.96,171263.47,0.270595,false,USD
00k000000002032AAA,006000000000664AAA,01t000000000039AAA,4576,120.84,0.0788,111.32,552963.84,509400.32,75.62,346037.12,163363.2,0.320697,false,USD
00k000000002033AAA,006000000000665AAA,01t000000000053AAA,3961,234.12,0.0455,223.47,927349.32,885164.67,158.05,626036.05,259128.62,0.292746,false,USD
00k000000002034AAA,006000000000665AAA,01t000000000074AAA,3570,339.03,0.058,319.37,1210337.1,1140150.9,224.7,802179,337971.9,0.296427,false,USD
00k000000002035AAA,006000000000665AAA,01t000000000057AAA,7842,126.99,0.0574,119.7,995855.58,938687.4,72.85,571289.7,367397.7,0.391395,false,USD
00k000000002036AAA,006000000000666AAA,01t000000000033AAA,1317,412.14,0.0792,379.5,542788.38,499801.5,280.14,368944.38,130857.12,0.261818,false,USD
00k000000002037AAA,006000000000666AAA,01t000000000041AAA,3701,269.39,0.1122,239.16,997012.39,885131.16,152.9,565882.9,319248.26,0.360679,false,USD
00k000000002038AAA,006000000000666AAA,01t000000000009AAA,2811,336.86,0.1097,299.91,946913.46,843047.01,203.75,572741.25,270305.76,0.32063,false,USD
00k000000002039AAA,006000000000667AAA,01t000000000057AAA,1729,122.74,0.0291,119.17,212217.46,206044.93,70.66,122171.14,83873.79,0.407066,false,USD
00k000000002040AAA,006000000000667AAA,01t000000000044AAA,537,407.52,0.0506,386.9,218838.24,207765.3,236.16,126817.92,80947.38,0.38961,false,USD
00k000000002041AAA,006000000000667AAA,01t000000000015AAA,1136,306.16,0.0794,281.85,347797.76,320181.6,163.01,185179.36,135002.24,0.421643,false,USD
00k000000002042AAA,006000000000667AAA,01t000000000013AAA,1073,328.22,0.0667,306.33,352180.06,328692.09,189.95,203816.35,124875.74,0.379917,false,USD
00k000000002043AAA,006000000000667AAA,01t000000000029AAA,1076,223.82,0.0715,207.82,240830.32,223614.32,148.49,159775.24,63839.08,0.285487,false,USD
00k000000002044AAA,006000000000668AAA,01t000000000054AAA,13952,132.51,0.1175,116.94,1848779.52,1631546.88,80.43,1122159.36,509387.52,0.312211,false,USD
00k000000002045AAA,006000000000668AAA,01t000000000051AAA,33602,72.67,0.0912,66.04,2441857.34,2219076.08,51.08,1716390.16,502685.92,0.226529,false,USD
00k000000002046AAA,006000000000669AAA,01t000000000052AAA,10620,101.06,0.0815,92.82,1073257.2,985748.4,62.85,667467,318281.4,0.322883,false,USD
00k000000002047AAA,006000000000669AAA,01t000000000015AAA,3760,312.73,0.0538,295.91,1175864.8,1112621.6,168.05,631868,480753.6,0.432091,false,USD
00k000000002048AAA,006000000000670AAA,01t000000000056AAA,463,202.5,0.0508,192.21,93757.5,88993.23,130.96,60634.48,28358.75,0.318662,false,USD
00k000000002049AAA,006000000000670AAA,01t000000000039AAA,602,117.52,0.1189,103.55,70747.04,62337.1,75.62,45523.24,16813.86,0.269725,false,USD
00k000000002050AAA,006000000000670AAA,01t000000000027AAA,290,407.47,0.0882,371.53,118166.3,107743.7,251.82,73027.8,34715.9,0.322208,false,USD
00k000000002051AAA,006000000000671AAA,01t000000000031AAA,445,375.23,0.0348,362.17,166977.35,161165.65,237.31,105602.95,55562.7,0.344755,false,USD
00k000000002052AAA,006000000000671AAA,01t000000000052AAA,1364,104.72,0.0474,99.76,142838.08,136072.64,62.85,85727.4,50345.24,0.369988,false,USD
00k000000002053AAA,006000000000671AAA,01t000000000009AAA,320,342.11,0.0056,340.19,109475.2,108860.8,203.75,65200,43660.8,0.40107,false,USD
00k000000002054AAA,006000000000671AAA,01t000000000073AAA,686,216.84,0.0887,197.61,148752.24,135560.46,136.74,93803.64,41756.82,0.308031,false,USD
00k000000002055AAA,006000000000671AAA,01t000000000037AAA,385,358.42,0.0756,331.32,137991.7,127558.2,244.43,94105.55,33452.65,0.262254,false,USD
00k000000002056AAA,006000000000672AAA,01t000000000014AAA,1871,119.15,0.0606,111.93,222929.65,209421.03,81.05,151644.55,57776.48,0.275887,false,USD
00k000000002057AAA,006000000000672AAA,01t000000000032AAA,953,325.4,0.0842,298,310106.2,283994,199.36,189990.08,94003.92,0.331007,false,USD
00k000000002058AAA,006000000000673AAA,01t000000000018AAA,2334,156.42,0.0735,144.92,365084.28,338243.28,92.07,214891.38,123351.9,0.364684,false,USD
00k000000002059AAA,006000000000674AAA,01t000000000072AAA,77,579.47,0.0751,535.95,44619.19,41268.15,412.18,31737.86,9530.29,0.230936,false,USD
00k000000002060AAA,006000000000674AAA,01t000000000023AAA,163,335.86,0.0486,319.54,54745.18,52085.02,222.39,36249.57,15835.45,0.304031,false,USD
00k000000002061AAA,006000000000674AAA,01t000000000070AAA,70,589.99,0.0944,534.29,41299.3,37400.3,339.31,23751.7,13648.6,0.364933,false,USD
00k000000002062AAA,006000000000674AAA,01t000000000009AAA,92,344.45,0.0292,334.39,31689.4,30763.88,203.75,18745,12018.88,0.390682,false,USD
00k000000002063AAA,006000000000675AAA,01t000000000014AAA,291,124.42,0.0915,113.04,36206.22,32894.64,81.05,23585.55,9309.09,0.282997,false,USD
00k000000002064AAA,006000000000675AAA,01t000000000064AAA,238,235.9,0.0306,228.68,56144.2,54425.84,161.48,38432.24,15993.6,0.29386,false,USD
00k000000002065AAA,006000000000675AAA,01t000000000049AAA,120,362.57,0.0772,334.58,43508.4,40149.6,244.93,29391.6,10758,0.267948,false,USD
00k000000002066AAA,006000000000676AAA,01t000000000008AAA,1272,251.98,0.0596,236.96,320518.56,301413.12,179.17,227904.24,73508.88,0.243881,false,USD
00k000000002067AAA,006000000000676AAA,01t000000000025AAA,5359,76.09,0.1021,68.32,407766.31,366126.88,51.29,274863.11,91263.77,0.249268,false,USD
00k000000002068AAA,006000000000676AAA,01t000000000024AAA,735,323.31,0.0632,302.88,237632.85,222616.8,221.7,162949.5,59667.3,0.268027,false,USD
00k000000002069AAA,006000000000676AAA,01t000000000021AAA,606,326,0.0605,306.28,197556,185605.68,239.32,145027.92,40577.76,0.218623,false,USD
00k000000002070AAA,006000000000677AAA,01t000000000028AAA,836,198.88,0.023,194.31,166263.68,162443.16,110.67,92520.12,69923.04,0.430446,false,USD
00k000000002071AAA,006000000000677AAA,01t000000000018AAA,1789,141.59,0.082,129.98,253304.51,232534.22,92.07,164713.23,67820.99,0.29166,false,USD
00k000000002072AAA,006000000000678AAA,01t000000000043AAA,222,214.65,0.0606,201.64,47652.3,44764.08,128.91,28618.02,16146.06,0.360692,false,USD
00k000000002073AAA,006000000000678AAA,01t000000000054AAA,438,129.93,0.1418,111.51,56909.34,48841.38,80.43,35228.34,13613.04,0.278719,false,USD
00k000000002074AAA,006000000000678AAA,01t000000000004AAA,92,393.55,0.0865,359.51,36206.6,33074.92,267.02,24565.84,8509.08,0.257267,false,USD
00k000000002075AAA,006000000000679AAA,01t000000000025AAA,4944,74.42,0.0776,68.65,367932.48,339405.6,51.29,253577.76,85827.84,0.252877,false,USD
00k000000002076AAA,006000000000679AAA,01t000000000023AAA,1788,343.2,0.0625,321.75,613641.6,575289,222.39,397633.32,177655.68,0.308811,false,USD
00k000000002077AAA,006000000000680AAA,01t000000000020AAA,288,401.49,0.058,378.2,115629.12,108921.6,218.34,62881.92,46039.68,0.422686,false,USD
00k000000002078AAA,006000000000680AAA,01t000000000028AAA,774,198.93,0.0719,184.63,153971.82,142903.62,110.67,85658.58,57245.04,0.400585,false,USD
00k000000002079AAA,006000000000680AAA,01t000000000048AAA,342,416.2,0.0455,397.26,142340.4,135862.92,264.11,90325.62,45537.3,0.335171,false,USD
00k000000002080AAA,006000000000681AAA,01t000000000028AAA,894,200.03,0.0556,188.91,178826.82,168885.54,110.67,98938.98,69946.56,0.414165,false,USD
00k000000002081AAA,006000000000681AAA,01t000000000009AAA,537,346.52,0.0968,312.98,186081.24,168070.26,203.75,109413.75,58656.51,0.349,false,USD
00k000000002082AAA,006000000000681AAA,01t000000000021AAA,368,333.94,0.0569,314.94,122889.92,115897.92,239.32,88069.76,27828.16,0.240109,false,USD
00k000000002083AAA,006000000000681AAA,01t000000000072AAA,178,593.74,0.0478,565.36,105685.72,100634.08,412.18,73368.04,27266.04,0.270942,false,USD
00k000000002084AAA,006000000000682AAA,01t000000000070AAA,91,565.6,0.0955,511.59,51469.6,46554.69,339.31,30877.21,15677.48,0.336754,false,USD
00k000000002085AAA,006000000000682AAA,01t000000000064AAA,270,239.26,0.058,225.38,64600.2,60852.6,161.48,43599.6,17253,0.283521,false,USD
00k000000002086AAA,006000000000682AAA,01t000000000037AAA,223,370.91,0.066,346.43,82712.93,77253.89,244.43,54507.89,22746,0.294432,false,USD
00k000000002087AAA,006000000000682AAA,01t000000000075AAA,128,614.87,0.1318,533.83,78703.36,68330.24,356.45,45625.6,22704.64,0.332278,false,USD
00k000000002088AAA,006000000000683AAA,01t000000000009AAA,3983,349.24,0.1193,307.58,1391022.92,1225091.14,203.75,811536.25,413554.89,0.337571,false,USD
00k000000002089AAA,006000000000684AAA,01t000000000030AAA,361,158.16,0.0589,148.84,57095.76,53731.24,108.56,39190.16,14541.08,0.270626,false,USD
00k000000002090AAA,006000000000684AAA,01t000000000009AAA,252,343.29,0.0754,317.41,86509.08,79987.32,203.75,51345,28642.32,0.358086,false,USD
00k000000002091AAA,006000000000684AAA,01t000000000038AAA,460,210.96,0.07,196.19,97041.6,90247.4,127.14,58484.4,31763,0.351955,false,USD
00k000000002092AAA,006000000000684AAA,01t000000000072AAA,110,587.82,0.0698,546.79,64660.2,60146.9,412.18,45339.8,14807.1,0.246182,false,USD
00k000000002093AAA,006000000000684AAA,01t000000000043AAA,456,227.97,0.1001,205.15,103954.32,93548.4,128.91,58782.96,34765.44,0.371631,false,USD
00k000000002094AAA,006000000000685AAA,01t000000000057AAA,1442,129.23,0.0783,119.11,186349.66,171756.62,72.85,105049.7,66706.92,0.38838,false,USD
00k000000002095AAA,006000000000685AAA,01t000000000035AAA,399,385.71,0.1529,326.73,153898.29,130365.27,237.75,94862.25,35503.02,0.272335,false,USD
00k000000002096AAA,006000000000685AAA,01t000000000009AAA,510,347.96,0.0604,326.94,177459.6,166739.4,203.75,103912.5,62826.9,0.376797,false,USD
00k000000002097AAA,006000000000686AAA,01t000000000072AAA,794,574.77,0.0385,552.64,456367.38,438796.16,412.18,327270.92,111525.24,0.254162,false,USD
00k000000002098AAA,006000000000686AAA,01t000000000030AAA,2049,161.53,0.0729,149.75,330974.97,306837.75,108.56,222439.44,84398.31,0.275058,false,USD
00k000000002099AAA,006000000000686AAA,01t000000000063AAA,1002,467.56,0.0645,437.4,468495.12,438274.8,264.31,264838.62,173436.18,0.395725,false,USD
00k000000002100AAA,006000000000686AAA,01t000000000073AAA,1691,216.14,0.0704,200.92,365492.74,339755.72,136.74,231227.34,108528.38,0.319431,false,USD
00k000000002101AAA,006000000000687AAA,01t000000000052AAA,4028,103.75,0.0566,97.88,417905,394260.64,62.85,253159.8,141100.84,0.357887,false,USD
00k000000002102AAA,006000000000687AAA,01t000000000050AAA,3859,77.51,0.1039,69.46,299111.09,268046.14,51.06,197040.54,71005.6,0.264901,false,USD
00k000000002103AAA,006000000000688AAA,01t000000000063AAA,1736,466.8,0.069,434.59,810364.8,754448.24,264.31,458842.16,295606.08,0.391818,false,USD
00k000000002104AAA,006000000000689AAA,01t000000000015AAA,111,294.61,0,294.61,32701.71,32701.71,168.05,18653.55,14048.16,0.429585,false,USD
00k000000002105AAA,006000000000689AAA,01t000000000002AAA,265,183.84,0.0994,165.57,48717.6,43876.05,113.8,30157,13719.05,0.312677,false,USD
00k000000002106AAA,006000000000689AAA,01t000000000039AAA,286,129.36,0.0494,122.97,36996.96,35169.42,75.62,21627.32,13542.1,0.385053,false,USD
00k000000002107AAA,006000000000689AAA,01t000000000031AAA,124,384.29,0.0747,355.58,47651.96,44091.92,237.31,29426.44,14665.48,0.332612,false,USD
00k000000002108AAA,006000000000689AAA,01t000000000004AAA,92,392.39,0.0624,367.9,36099.88,33846.8,267.02,24565.84,9280.96,0.274205,false,USD
00k000000002109AAA,006000000000690AAA,01t000000000049AAA,144,357.8,0.0486,340.41,51523.2,49019.04,244.93,35269.92,13749.12,0.280485,false,USD
00k000000002110AAA,006000000000690AAA,01t000000000032AAA,140,341.86,0.0922,310.34,47860.4,43447.6,199.36,27910.4,15537.2,0.357608,false,USD
00k000000002111AAA,006000000000690AAA,01t000000000058AAA,174,240.28,0.0299,233.1,41808.72,40559.4,167.27,29104.98,11454.42,0.282411,false,USD
00k000000002112AAA,006000000000690AAA,01t000000000073AAA,194,222.35,0.1011,199.87,43135.9,38774.78,136.74,26527.56,12247.22,0.315855,false,USD
00k000000002113AAA,006000000000690AAA,01t000000000015AAA,150,309.44,0.0617,290.35,46416,43552.5,168.05,25207.5,18345,0.421216,false,USD
00k000000002114AAA,006000000000691AAA,01t000000000028AAA,403,196.83,0.0805,180.99,79322.49,72938.97,110.67,44600.01,28338.96,0.38853,false,USD
00k000000002115AAA,006000000000691AAA,01t000000000041AAA,367,259.75,0.055,245.46,95328.25,90083.82,152.9,56114.3,33969.52,0.377088,false,USD
00k000000002116AAA,006000000000692AAA,01t000000000015AAA,1642,305.85,0.0906,278.14,502205.7,456705.88,168.05,275938.1,180767.78,0.395808,false,USD
00k000000002117AAA,006000000000692AAA,01t000000000026AAA,1815,298.6,0.0511,283.34,541959,514262.1,198.27,359860.05,154402.05,0.30024,false,USD
00k000000002118AAA,006000000000692AAA,01t000000000012AAA,897,393,0.0695,365.69,352521,328023.93,249.67,223953.99,104069.94,0.317263,false,USD
00k000000002119AAA,006000000000693AAA,01t000000000032AAA,971,320.84,0.0796,295.3,311535.64,286736.3,199.36,193578.56,93157.74,0.32489,false,USD
00k000000002120AAA,006000000000693AAA,01t000000000048AAA,1075,390.08,0.072,361.99,419336,389139.25,264.11,283918.25,105221,0.270394,false,USD
00k000000002121AAA,006000000000694AAA,01t000000000038AAA,1632,217.82,0.0852,199.26,355482.24,325192.32,127.14,207492.48,117699.84,0.361939,false,USD
00k000000002122AAA,006000000000694AAA,01t000000000017AAA,988,195.17,0.0405,187.27,192827.96,185022.76,126.45,124932.6,60090.16,0.324772,false,USD
00k000000002123AAA,006000000000694AAA,01t000000000047AAA,1133,328.03,0.1068,293,371657.99,331969,213.19,241544.27,90424.73,0.272389,false,USD
00k000000002124AAA,006000000000695AAA,01t000000000013AAA,726,311.02,0.0582,292.92,225800.52,212659.92,195.82,142165.32,70494.6,0.33149,false,USD
00k000000002125AAA,006000000000695AAA,01t000000000048AAA,573,394.85,0.0972,356.47,226249.05,204257.31,264.11,151335.03,52922.28,0.259096,false,USD
00k000000002126AAA,006000000000695AAA,01t000000000031AAA,502,391.04,0.1339,338.68,196302.08,170017.36,237.31,119129.62,50887.74,0.299309,false,USD
00k000000002127AAA,006000000000696AAA,01t000000000047AAA,393,315.93,0.0865,288.6,124160.49,113419.8,213.19,83783.67,29636.13,0.261296,false,USD
00k000000002128AAA,006000000000696AAA,01t000000000075AAA,188,633.42,0.0386,608.97,119082.96,114486.36,356.45,67012.6,47473.76,0.414667,false,USD
00k000000002129AAA,006000000000696AAA,01t000000000049AAA,294,357.83,0.0626,335.43,105202.02,98616.42,244.93,72009.42,26607,0.269803,false,USD
00k000000002130AAA,006000000000697AAA,01t000000000055AAA,1559,232.6,0.0745,215.27,362623.4,335605.93,130.02,202701.18,132904.75,0.396014,false,USD
00k000000002131AAA,006000000000697AAA,01t000000000018AAA,2039,155.57,0.0771,143.58,317207.23,292759.62,92.07,187730.73,105028.89,0.358755,false,USD
00k000000002132AAA,006000000000698AAA,01t000000000014AAA,1058,120.29,0.0819,110.44,127266.82,116845.52,81.05,85750.9,31094.62,0.266117,false,USD
00k000000002133AAA,006000000000698AAA,01t000000000038AAA,418,212.17,0.0819,194.79,88687.06,81422.22,127.14,53144.52,28277.7,0.347297,false,USD
00k000000002134AAA,006000000000699AAA,01t000000000058AAA,1518,239.13,0.062,224.3,362999.34,340487.4,167.27,253915.86,86571.54,0.254258,false,USD
00k000000002135AAA,006000000000699AAA,01t000000000036AAA,3523,148.47,0.0372,142.95,523059.81,503612.85,95.18,335319.14,168293.71,0.334173,false,USD
00k000000002136AAA,006000000000700AAA,01t000000000007AAA,3865,197.34,0.0908,179.42,762719.1,693458.3,120.99,467626.35,225831.95,0.32566,false,USD
00k000000002137AAA,006000000000701AAA,01t000000000052AAA,4553,103.34,0.097,93.32,470507.02,424885.96,60.96,277550.88,147335.08,0.346764,false,USD
00k000000002138AAA,006000000000701AAA,01t000000000024AAA,994,318.76,0.0502,302.76,316847.44,300943.44,215.05,213759.7,87183.74,0.289701,false,USD
00k000000002139AAA,006000000000701AAA,01t000000000039AAA,3919,121.66,0.064,113.87,476785.54,446256.53,73.35,287458.65,158797.88,0.355844,false,USD
00k000000002140AAA,006000000000701AAA,01t000000000003AAA,2269,205.68,0.0606,193.22,466687.92,438416.18,121.74,276228.06,162188.12,0.369941,false,USD
00k000000002141AAA,006000000000702AAA,01t000000000054AAA,2972,129.66,0.0601,121.87,385349.52,362197.64,78.02,231875.44,130322.2,0.35981,false,USD
00k000000002142AAA,006000000000702AAA,01t000000000043AAA,2229,219.98,0.0412,210.92,490335.42,470140.68,125.04,278714.16,191426.52,0.407169,false,USD
00k000000002143AAA,006000000000702AAA,01t000000000023AAA,1327,330.2,0.0123,326.14,438175.4,432787.78,215.72,286260.44,146527.34,0.338566,false,USD
00k000000002144AAA,006000000000702AAA,01t000000000007AAA,1920,196.34,0.0453,187.45,376972.8,359904,117.36,225331.2,134572.8,0.373913,false,USD
00k000000002145AAA,006000000000703AAA,01t000000000034AAA,621,229.65,0.0416,220.1,142612.65,136682.1,148.57,92261.97,44420.13,0.324989,false,USD
00k000000002146AAA,006000000000703AAA,01t000000000054AAA,835,128.6,0.0296,124.79,107381,104199.65,80.43,67159.05,37040.6,0.355477,false,USD
00k000000002147AAA,006000000000703AAA,01t000000000031AAA,236,379.93,0.0912,345.28,89663.48,81486.08,237.31,56005.16,25480.92,0.312703,false,USD
00k000000002148AAA,006000000000703AAA,01t000000000020AAA,202,375.34,0.044,358.83,75818.68,72483.66,218.34,44104.68,28378.98,0.391522,false,USD
00k000000002149AAA,006000000000703AAA,01t000000000019AAA,404,355.53,0.0647,332.53,143634.12,134342.12,228.88,92467.52,41874.6,0.311701,false,USD
00k000000002150AAA,006000000000704AAA,01t000000000039AAA,2915,119.24,0.1085,106.3,347584.6,309864.5,75.62,220432.3,89432.2,0.288617,false,USD
00k000000002151AAA,006000000000704AAA,01t000000000028AAA,2169,193.04,0.0671,180.09,418703.76,390615.21,110.67,240043.23,150571.98,0.385474,false,USD
00k000000002152AAA,006000000000704AAA,01t000000000026AAA,1227,298.47,0.0535,282.5,366222.69,346627.5,198.27,243277.29,103350.21,0.298159,false,USD
00k000000002153AAA,006000000000705AAA,01t000000000053AAA,636,243.68,0.0884,222.14,154980.48,141281.04,158.05,100519.8,40761.24,0.288512,false,USD
00k000000002154AAA,006000000000705AAA,01t000000000052AAA,924,110.02,0.0874,100.4,101658.48,92769.6,62.85,58073.4,34696.2,0.374004,false,USD
00k000000002155AAA,006000000000705AAA,01t000000000040AAA,663,229.2,0.0601,215.43,151959.6,142830.09,142.61,94550.43,48279.66,0.338022,false,USD
00k000000002156AAA,006000000000706AAA,01t000000000015AAA,1260,312.19,0.0619,292.87,393359.4,369016.2,168.05,211743,157273.2,0.426196,false,USD
00k000000002157AAA,006000000000706AAA,01t000000000042AAA,941,273.76,0.072,254.05,257608.16,239061.05,174.39,164100.99,74960.06,0.31356,false,USD
00k000000002158AAA,006000000000706AAA,01t000000000061AAA,1609,203.25,0.067,189.63,327029.25,305114.67,138.34,222589.06,82525.61,0.270474,false,USD
00k000000002159AAA,006000000000707AAA,01t000000000041AAA,1183,275.5,0.0651,257.56,325916.5,304693.48,152.9,180880.7,123812.78,0.406352,false,USD
00k000000002160AAA,006000000000707AAA,01t000000000007AAA,2202,187.72,0.0502,178.3,413359.44,392616.6,120.99,266419.98,126196.62,0.321425,false,USD
00k000000002161AAA,006000000000708AAA,01t000000000054AAA,1594,133.61,0.1007,120.16,212974.34,191535.04,80.43,128205.42,63329.62,0.330642,false,USD
00k000000002162AAA,006000000000708AAA,01t000000000009AAA,698,331.6,0.0586,312.17,231456.8,217894.66,203.75,142217.5,75677.16,0.347311,false,USD
00k000000002163AAA,006000000000708AAA,01t000000000049AAA,650,377.58,0.0909,343.26,245427,223119,244.93,159204.5,63914.5,0.286459,false,USD
00k000000002164AAA,006000000000709AAA,01t000000000044AAA,462,411.14,0.048,391.41,189946.68,180831.42,236.16,109105.92,71725.5,0.396643,false,USD
00k000000002165AAA,006000000000709AAA,01t000000000004AAA,516,411.7,0.0388,395.73,212437.2,204196.68,259.01,133649.16,70547.52,0.345488,false,USD
00k000000002166AAA,006000000000709AAA,01t000000000031AAA,473,375.8,0.0499,357.05,177753.4,168884.65,230.19,108879.87,60004.78,0.3553,false,USD
00k000000002167AAA,006000000000710AAA,01t000000000066AAA,694,410.37,0.0267,399.41,284796.78,277190.54,251.52,174554.88,102635.66,0.370271,false,USD
00k000000002168AAA,006000000000710AAA,01t000000000031AAA,621,369.83,0.1014,332.33,229664.43,206376.93,237.31,147369.51,59007.42,0.285921,false,USD
00k000000002169AAA,006000000000710AAA,01t000000000054AAA,3177,132.23,0.0919,120.08,420094.71,381494.16,80.43,255526.11,125968.05,0.330197,false,USD
00k000000002170AAA,006000000000710AAA,01t000000000032AAA,721,338.63,0.0759,312.93,244152.23,225622.53,199.36,143738.56,81883.97,0.362925,false,USD
00k000000002171AAA,006000000000711AAA,01t000000000060AAA,479,261.06,0.121,229.47,125047.74,109916.13,164.46,78776.34,31139.79,0.283305,false,USD
00k000000002172AAA,006000000000711AAA,01t000000000003AAA,775,205.55,0.0896,187.13,159301.25,145025.75,125.5,97262.5,47763.25,0.329343,false,USD
00k000000002173AAA,006000000000712AAA,01t000000000054AAA,818,131.17,0.1108,116.64,107297.06,95411.52,80.43,65791.74,29619.78,0.310442,false,USD
00k000000002174AAA,006000000000712AAA,01t000000000070AAA,243,574.08,0.0854,525.05,139501.44,127587.15,339.31,82452.33,45134.82,0.353757,false,USD
00k000000002175AAA,006000000000713AAA,01t000000000044AAA,1029,391.31,0.0615,367.24,402657.99,377889.96,243.46,250520.34,127369.62,0.337055,false,USD
00k000000002176AAA,006000000000714AAA,01t000000000035AAA,453,379,0.0679,353.27,171687,160031.31,237.75,107700.75,52330.56,0.327002,false,USD
00k000000002177AAA,006000000000714AAA,01t000000000047AAA,643,321.51,0.0955,290.81,206730.93,186990.83,213.19,137081.17,49909.66,0.26691,false,USD
00k000000002178AAA,006000000000715AAA,01t000000000073AAA,1430,215.85,0.0428,206.61,308665.5,295452.3,132.64,189675.2,105777.1,0.358018,false,USD
00k000000002179AAA,006000000000715AAA,01t000000000053AAA,922,236.63,0.0382,227.59,218172.86,209837.98,153.31,141351.82,68486.16,0.326376,false,USD
00k000000002180AAA,006000000000715AAA,01t000000000028AAA,823,199.32,0.0558,188.2,164040.36,154888.6,107.35,88349.05,66539.55,0.429596,false,USD
00k000000002181AAA,006000000000715AAA,01t000000000023AAA,808,341.48,0.0921,310.03,275915.84,250504.24,215.72,174301.76,76202.48,0.304196,false,USD
00k000000002182AAA,006000000000716AAA,01t000000000055AAA,1609,243.61,0.0827,223.46,391968.49,359547.14,130.02,209202.18,150344.96,0.418151,false,USD
00k000000002183AAA,006000000000716AAA,01t000000000030AAA,3324,161.49,0.0706,150.09,536792.76,498899.16,108.56,360853.44,138045.72,0.276701,false,USD
00k000000002184AAA,006000000000717AAA,01t000000000037AAA,1528,354.05,0.1107,314.86,540988.4,481106.08,244.43,373489.04,107617.04,0.223687,false,USD
00k000000002185AAA,006000000000717AAA,01t000000000048AAA,1120,409.03,0.0651,382.4,458113.6,428288,264.11,295803.2,132484.8,0.309336,false,USD
00k000000002186AAA,006000000000718AAA,01t000000000053AAA,1319,246.65,0.088,224.94,325331.35,296695.86,158.05,208467.95,88227.91,0.297368,false,USD
00k000000002187AAA,006000000000718AAA,01t000000000038AAA,1861,217.5,0.0862,198.75,404767.5,369873.75,127.14,236607.54,133266.21,0.360302,false,USD
00k000000002188AAA,006000000000718AAA,01t000000000070AAA,750,596.28,0.0414,571.59,447210,428692.5,339.31,254482.5,174210,0.406375,false,USD
00k000000002189AAA,006000000000719AAA,01t000000000012AAA,183,394.19,0.0535,373.1,72136.77,68277.3,249.67,45689.61,22587.69,0.330823,false,USD
00k000000002190AAA,006000000000719AAA,01t000000000020AAA,117,377.01,0.1215,331.2,44110.17,38750.4,218.34,25545.78,13204.62,0.340761,false,USD
00k000000002191AAA,006000000000719AAA,01t000000000018AAA,451,149.34,0.0354,144.05,67352.34,64966.55,92.07,41523.57,23442.98,0.360847,false,USD
00k000000002192AAA,006000000000720AAA,01t000000000038AAA,10356,202.36,0.0144,199.45,2095640.16,2065504.2,127.14,1316661.84,748842.36,0.362547,false,USD
00k000000002193AAA,006000000000721AAA,01t000000000051AAA,4450,69.48,0.0838,63.66,309186,283287,51.08,227306,55981,0.197612,false,USD
00k000000002194AAA,006000000000721AAA,01t000000000061AAA,1469,203.24,0.0837,186.23,298559.56,273571.87,138.34,203221.46,70350.41,0.257155,false,USD
00k000000002195AAA,006000000000722AAA,01t000000000019AAA,440,341.39,0.0241,333.16,150211.6,146590.4,228.88,100707.2,45883.2,0.313003,false,USD
00k000000002196AAA,006000000000722AAA,01t000000000056AAA,449,209.82,0.0166,206.34,94209.18,92646.66,130.96,58801.04,33845.62,0.365319,false,USD
00k000000002197AAA,006000000000722AAA,01t000000000014AAA,782,117.6,0.0734,108.97,91963.2,85214.54,81.05,63381.1,21833.44,0.256217,false,USD
00k000000002198AAA,006000000000722AAA,01t000000000027AAA,379,408.45,0.0951,369.61,154802.55,140082.19,251.82,95439.78,44642.41,0.318687,false,USD
00k000000002199AAA,006000000000723AAA,01t000000000030AAA,303,160.67,0.0516,152.38,48683.01,46171.14,108.56,32893.68,13277.46,0.287571,false,USD
00k000000002200AAA,006000000000723AAA,01t000000000038AAA,253,215.14,0.0627,201.65,54430.42,51017.45,127.14,32166.42,18851.03,0.369502,false,USD
00k000000002201AAA,006000000000723AAA,01t000000000072AAA,84,608.46,0.0866,555.77,51110.64,46684.68,412.18,34623.12,12061.56,0.258362,false,USD
00k000000002202AAA,006000000000723AAA,01t000000000031AAA,135,393.94,0.0481,374.99,53181.9,50623.65,237.31,32036.85,18586.8,0.367156,false,USD
00k000000002203AAA,006000000000724AAA,01t000000000012AAA,3748,398.58,0.1182,351.47,1493877.84,1317309.56,249.67,935763.16,381546.4,0.289641,false,USD
00k000000002204AAA,006000000000725AAA,01t000000000055AAA,2219,240.63,0.0752,222.53,533957.97,493794.07,130.02,288514.38,205279.69,0.415719,false,USD
00k000000002205AAA,006000000000725AAA,01t000000000033AAA,1097,421.15,0.0836,385.94,462001.55,423376.18,280.14,307313.58,116062.6,0.274136,false,USD
00k000000002206AAA,006000000000725AAA,01t000000000046AAA,7738,84.61,0.0408,81.16,654712.18,628016.08,53.15,411274.7,216741.38,0.345121,false,USD
00k000000002207AAA,006000000000725AAA,01t000000000006AAA,1777,477.49,0.0612,448.27,848499.73,796575.79,301.3,535410.1,261165.69,0.32786,false,USD
00k000000002208AAA,006000000000726AAA,01t000000000062AAA,317,194.16,0,194.16,61548.72,61548.72,121.05,38372.85,23175.87,0.376545,false,USD
00k000000002209AAA,006000000000726AAA,01t000000000027AAA,163,406.14,0.0752,375.6,66200.82,61222.8,251.82,41046.66,20176.14,0.329553,false,USD
00k000000002210AAA,006000000000726AAA,01t000000000057AAA,574,133.42,0.0283,129.64,76583.08,74413.36,72.85,41815.9,32597.46,0.438059,false,USD
00k000000002211AAA,006000000000726AAA,01t000000000058AAA,308,250.68,0.0535,237.27,77209.44,73079.16,167.27,51519.16,21560,0.295023,false,USD
00k000000002212AAA,006000000000727AAA,01t000000000056AAA,709,205.39,0.0558,193.93,145621.51,137496.37,130.96,92850.64,44645.73,0.324705,false,USD
00k000000002213AAA,006000000000727AAA,01t000000000031AAA,403,385.23,0.0723,357.38,155247.69,144024.14,237.31,95635.93,48388.21,0.335973,false,USD
00k000000002214AAA,006000000000727AAA,01t000000000044AAA,368,413.99,0.0538,391.72,152348.32,144152.96,243.46,89593.28,54559.68,0.378485,false,USD
00k000000002215AAA,006000000000728AAA,01t000000000043AAA,2096,224.33,0.0289,217.85,470195.68,456613.6,128.91,270195.36,186418.24,0.408263,false,USD
00k000000002216AAA,006000000000729AAA,01t000000000065AAA,2101,341.83,0.0555,322.86,718184.83,678328.86,228.94,481002.94,197325.92,0.2909,false,USD
00k000000002217AAA,006000000000729AAA,01t000000000037AAA,1438,376.02,0.0736,348.34,540716.76,500912.92,244.43,351490.34,149422.58,0.298301,false,USD
00k000000002218AAA,006000000000729AAA,01t000000000055AAA,3836,240.38,0.0686,223.89,922097.68,858842.04,130.02,498756.72,360085.32,0.419268,false,USD
00k000000002219AAA,006000000000730AAA,01t000000000019AAA,5051,352.17,0.0938,319.14,1778810.67,1611976.14,228.88,1156072.88,455903.26,0.282823,false,USD
00k000000002220AAA,006000000000731AAA,01t000000000019AAA,3539,367.04,0.1151,324.79,1298954.56,1149431.81,228.88,810006.32,339425.49,0.295299,false,USD
00k000000002221AAA,006000000000731AAA,01t000000000030AAA,6386,155.77,0.1125,138.25,994747.22,882864.5,108.56,693264.16,189600.34,0.214756,false,USD
00k000000002222AAA,006000000000732AAA,01t000000000035AAA,106,374.75,0.0632,351.07,39723.5,37213.42,237.75,25201.5,12011.92,0.322785,false,USD
00k000000002223AAA,006000000000732AAA,01t000000000044AAA,123,404.96,0.1036,363.01,49810.08,44650.23,243.46,29945.58,14704.65,0.32933,false,USD
00k000000002224AAA,006000000000732AAA,01t000000000048AAA,98,400.55,0.0396,384.69,39253.9,37699.62,264.11,25882.78,11816.84,0.313447,false,USD
00k000000002225AAA,006000000000732AAA,01t000000000052AAA,393,103.67,0.0563,97.83,40742.31,38447.19,62.85,24700.05,13747.14,0.357559,false,USD
00k000000002226AAA,006000000000733AAA,01t000000000018AAA,2489,142.73,0.0456,136.22,355254.97,339051.58,92.07,229162.23,109889.35,0.324108,false,USD
00k000000002227AAA,006000000000733AAA,01t000000000054AAA,1704,130.15,0.1059,116.37,221775.6,198294.48,80.43,137052.72,61241.76,0.308842,false,USD
00k000000002228AAA,006000000000734AAA,01t000000000014AAA,10298,121.62,0.0392,116.85,1252442.76,1203321.3,81.05,834652.9,368668.4,0.306376,false,USD
00k000000002229AAA,006000000000735AAA,01t000000000003AAA,3175,213.38,0.0712,198.19,677481.5,629253.25,121.74,386524.5,242728.75,0.385741,false,USD
00k000000002230AAA,006000000000736AAA,01t000000000035AAA,858,377.76,0.0436,361.29,324118.08,309986.82,237.75,203989.5,105997.32,0.341941,false,USD
00k000000002231AAA,006000000000736AAA,01t000000000056AAA,1239,201.01,0.0387,193.23,249051.39,239411.97,130.96,162259.44,77152.53,0.322258,false,USD
00k000000002232AAA,006000000000736AAA,01t000000000017AAA,1687,194.62,0.0928,176.56,328323.94,297856.72,126.45,213321.15,84535.57,0.283813,false,USD
00k000000002233AAA,006000000000736AAA,01t000000000002AAA,1341,179.98,0.0194,176.49,241353.18,236673.09,113.8,152605.8,84067.29,0.355204,false,USD
00k000000002234AAA,006000000000736AAA,01t000000000033AAA,739,411.97,0.0701,383.09,304445.83,283103.51,280.14,207023.46,76080.05,0.268736,false,USD
00k000000002235AAA,006000000000737AAA,01t000000000072AAA,642,585.87,0.119,516.15,376128.54,331368.3,412.18,264619.56,66748.74,0.201434,false,USD
00k000000002236AAA,006000000000737AAA,01t000000000023AAA,1758,345.69,0.0666,322.67,607723.02,567253.86,222.39,390961.62,176292.24,0.310782,false,USD
00k000000002237AAA,006000000000737AAA,01t000000000073AAA,1762,210.08,0.0641,196.61,370160.96,346426.82,136.74,240935.88,105490.94,0.304511,false,USD
00k000000002238AAA,006000000000738AAA,01t000000000044AAA,230,408.27,0.0619,383,93902.1,88090,243.46,55995.8,32094.2,0.364334,false,USD
00k000000002239AAA,006000000000738AAA,01t000000000023AAA,230,346.83,0.0462,330.81,79770.9,76086.3,222.39,51149.7,24936.6,0.327741,false,USD
00k000000002240AAA,006000000000738AAA,01t000000000007AAA,401,188.49,0.0412,180.72,75584.49,72468.72,120.99,48516.99,23951.73,0.330511,false,USD
00k000000002241AAA,006000000000739AAA,01t000000000075AAA,2022,589.04,0.0673,549.4,1191038.88,1110886.8,345.76,699126.72,411760.08,0.370659,false,USD
00k000000002242AAA,006000000000739AAA,01t000000000034AAA,3523,233.22,0.056,220.16,821634.06,775623.68,144.11,507699.53,267924.15,0.345431,false,USD
00k000000002243AAA,006000000000739AAA,01t000000000003AAA,6297,208.47,0.0564,196.71,1312735.59,1238682.87,121.74,766596.78,472086.09,0.381119,false,USD
00k000000002244AAA,006000000000740AAA,01t000000000020AAA,646,366.06,0.0901,333.08,236474.76,215169.68,218.34,141047.64,74122.04,0.344482,false,USD
00k000000002245AAA,006000000000740AAA,01t000000000019AAA,887,361.76,0.071,336.08,320881.12,298102.96,228.88,203016.56,95086.4,0.318972,false,USD
00k000000002246AAA,006000000000740AAA,01t000000000007AAA,923,196.76,0.0951,178.05,181609.48,164340.15,120.99,111673.77,52666.38,0.320472,false,USD
00k000000002247AAA,006000000000741AAA,01t000000000008AAA,1249,261.15,0.0808,240.05,326176.35,299822.45,179.17,223783.33,76039.12,0.253614,false,USD
00k000000002248AAA,006000000000742AAA,01t000000000007AAA,376,190.43,0.0327,184.2,71601.68,69259.2,117.36,44127.36,25131.84,0.362866,false,USD
00k000000002249AAA,006000000000742AAA,01t000000000037AAA,214,376.21,0.07,349.88,80508.94,74874.32,237.1,50739.4,24134.92,0.322339,false,USD
00k000000002250AAA,006000000000742AAA,01t000000000019AAA,377,334.12,0.0698,310.8,125963.24,117171.6,222.01,83697.77,33473.83,0.285682,false,USD
00k000000002251AAA,006000000000742AAA,01t000000000046AAA,1432,83.47,0.0651,78.04,119529.04,111753.28,51.56,73833.92,37919.36,0.339313,false,USD
00k000000002252AAA,006000000000742AAA,01t000000000053AAA,376,238.03,0.0669,222.11,89499.28,83513.36,153.31,57644.56,25868.8,0.309756,false,USD
00k000000002253AAA,006000000000743AAA,01t000000000005AAA,618,381.1,0.0696,354.58,235519.8,219130.44,272.07,168139.26,50991.18,0.232698,false,USD
00k000000002254AAA,006000000000743AAA,01t000000000052AAA,1753,101.93,0.0638,95.43,178683.29,167288.79,62.85,110176.05,57112.74,0.341402,false,USD
00k000000002255AAA,006000000000743AAA,01t000000000051AAA,3556,72.55,0.0977,65.46,257987.8,232775.76,51.08,181640.48,51135.28,0.219676,false,USD
00k000000002256AAA,006000000000744AAA,01t000000000002AAA,2434,184.13,0.0781,169.75,448172.42,413171.5,113.8,276989.2,136182.3,0.329602,false,USD
00k000000002257AAA,006000000000745AAA,01t000000000057AAA,964,130.8,0.0595,123.02,126091.2,118591.28,72.85,70227.4,48363.88,0.40782,false,USD
00k000000002258AAA,006000000000745AAA,01t000000000004AAA,307,378.98,0.0673,353.47,116346.86,108515.29,267.02,81975.14,26540.15,0.244575,false,USD
00k000000002259AAA,006000000000745AAA,01t000000000040AAA,339,229.4,0.0503,217.86,77766.6,73854.54,142.61,48344.79,25509.75,0.345405,false,USD
00k000000002260AAA,006000000000746AAA,01t000000000050AAA,2355,77.81,0.1099,69.26,183242.55,163107.3,51.06,120246.3,42861,0.262778,false,USD
00k000000002261AAA,006000000000746AAA,01t000000000001AAA,415,332.61,0.0798,306.07,138033.15,127019.05,209.3,86859.5,40159.55,0.31617,false,USD
00k000000002262AAA,006000000000746AAA,01t000000000009AAA,545,331.66,0.0664,309.64,180754.7,168753.8,203.75,111043.75,57710.05,0.341978,false,USD
00k000000002263AAA,006000000000746AAA,01t000000000035AAA,481,400.71,0.0416,384.04,192741.51,184723.24,237.75,114357.75,70365.49,0.380924,false,USD
00k000000002264AAA,006000000000747AAA,01t000000000047AAA,1675,318.21,0.0452,303.83,533001.75,508915.25,213.19,357093.25,151822,0.298325,false,USD
00k000000002265AAA,006000000000747AAA,01t000000000071AAA,691,460.33,0.0468,438.79,318088.03,303203.89,299.11,206685.01,96518.88,0.31833,false,USD
00k000000002266AAA,006000000000747AAA,01t000000000048AAA,1054,398.08,0.0842,364.56,419576.32,384246.24,264.11,278371.94,105874.3,0.275538,false,USD
00k000000002267AAA,006000000000748AAA,01t000000000030AAA,2514,160.75,0.0659,150.16,404125.5,377502.24,105.3,264724.2,112778.04,0.298748,false,USD
00k000000002268AAA,006000000000748AAA,01t000000000068AAA,1643,435.97,0.0653,407.5,716298.71,669522.5,294.3,483534.9,185987.6,0.277791,false,USD
00k000000002269AAA,006000000000748AAA,01t000000000054AAA,5121,136.78,0.0607,128.48,700450.38,657946.08,78.02,399540.42,258405.66,0.392746,false,USD
00k000000002270AAA,006000000000748AAA,01t000000000043AAA,1597,222.23,0.078,204.9,354901.31,327225.3,125.04,199688.88,127536.42,0.389751,false,USD
00k000000002271AAA,006000000000749AAA,01t000000000024AAA,928,316.33,0.0302,306.78,293554.24,284691.84,221.7,205737.6,78954.24,0.277332,false,USD
00k000000002272AAA,006000000000749AAA,01t000000000062AAA,1836,202.95,0.0533,192.13,372616.2,352750.68,121.05,222247.8,130502.88,0.369958,false,USD
00k000000002273AAA,006000000000749AAA,01t000000000052AAA,2599,106.58,0.082,97.84,277001.42,254286.16,62.85,163347.15,90939.01,0.357625,false,USD
00k000000002274AAA,006000000000750AAA,01t000000000004AAA,1240,408.31,0.108,364.21,506304.4,451620.4,267.02,331104.8,120515.6,0.266852,false,USD
00k000000002275AAA,006000000000750AAA,01t000000000060AAA,2311,247.93,0.0277,241.06,572966.23,557089.66,164.46,380067.06,177022.6,0.317763,false,USD
00k000000002276AAA,006000000000750AAA,01t000000000045AAA,2841,104.26,0.073,96.65,296202.66,274582.65,59.87,170090.67,104491.98,0.380548,false,USD
00k000000002277AAA,006000000000751AAA,01t000000000062AAA,813,197.99,0.0616,185.79,160965.87,151047.27,121.05,98413.65,52633.62,0.348458,false,USD
00k000000002278AAA,006000000000751AAA,01t000000000004AAA,412,387.66,0.0633,363.12,159715.92,149605.44,267.02,110012.24,39593.2,0.264651,false,USD
00k000000002279AAA,006000000000751AAA,01t000000000039AAA,1396,122.66,0.0742,113.56,171233.36,158529.76,75.62,105565.52,52964.24,0.334097,false,USD
00k000000002280AAA,006000000000752AAA,01t000000000054AAA,479,132.32,0.0697,123.1,63381.28,58964.9,80.43,38525.97,20438.93,0.346629,false,USD
00k000000002281AAA,006000000000752AAA,01t000000000043AAA,260,221.78,0.0477,211.2,57662.8,54912,128.91,33516.6,21395.4,0.389631,false,USD
00k000000002282AAA,006000000000752AAA,01t000000000036AAA,515,139.96,0.042,134.08,72079.4,69051.2,95.18,49017.7,20033.5,0.290125,false,USD
00k000000002283AAA,006000000000752AAA,01t000000000013AAA,288,322.9,0.0413,309.56,92995.2,89153.28,195.82,56396.16,32757.12,0.367425,false,USD
00k000000002284AAA,006000000000753AAA,01t000000000061AAA,245,207.98,0.0774,191.88,50955.1,47010.6,138.34,33893.3,13117.3,0.279029,false,USD
00k000000002285AAA,006000000000753AAA,01t000000000016AAA,114,362.31,0.0366,349.05,41303.34,39791.7,212.59,24235.26,15556.44,0.390947,false,USD
00k000000002286AAA,006000000000753AAA,01t000000000051AAA,743,69.92,0.0696,65.05,51950.56,48332.15,51.08,37952.44,10379.71,0.214758,false,USD
00k000000002287AAA,006000000000753AAA,01t000000000053AAA,213,233.38,0.1089,207.96,49709.94,44295.48,158.05,33664.65,10630.83,0.239998,false,USD
00k000000002288AAA,006000000000754AAA,01t000000000029AAA,430,222.99,0.0277,216.81,95885.7,93228.3,148.49,63850.7,29377.6,0.315115,false,USD
00k000000002289AAA,006000000000754AAA,01t000000000061AAA,720,214.62,0.0572,202.34,154526.4,145684.8,134.19,96616.8,49068,0.336809,false,USD
00k000000002290AAA,006000000000754AAA,01t000000000007AAA,471,200.48,0.0158,197.31,94426.08,92933.01,117.36,55276.56,37656.45,0.4052,false,USD
00k000000002291AAA,006000000000754AAA,01t000000000024AAA,399,331.14,0.0676,308.75,132124.86,123191.25,215.05,85804.95,37386.3,0.303482,false,USD
00k000000002292AAA,006000000000755AAA,01t000000000064AAA,2799,241.5,0.0968,218.12,675958.5,610517.88,161.48,451982.52,158535.36,0.259674,false,USD
00k000000002293AAA,006000000000756AAA,01t000000000046AAA,5250,78.98,0.0521,74.87,414645,393067.5,51.56,270690,122377.5,0.31134,false,USD
00k000000002294AAA,006000000000756AAA,01t000000000011AAA,1849,304.09,0.0565,286.91,562262.41,530496.59,198.6,367211.4,163285.19,0.307797,false,USD
00k000000002295AAA,006000000000756AAA,01t000000000059AAA,2614,219.5,0.0446,209.71,573773,548181.94,132.18,345518.52,202663.42,0.369701,false,USD
00k000000002296AAA,006000000000756AAA,01t000000000036AAA,2680,140.02,0.0509,132.89,375253.6,356145.2,92.32,247417.6,108727.6,0.30529,false,USD
00k000000002297AAA,006000000000757AAA,01t000000000046AAA,5073,83.76,0.0161,82.41,424914.48,418065.93,51.56,261563.88,156502.05,0.374348,false,USD
00k000000002298AAA,006000000000757AAA,01t000000000036AAA,1979,142.06,0.0563,134.06,281136.74,265304.74,92.32,182701.28,82603.46,0.311353,false,USD
00k000000002299AAA,006000000000757AAA,01t000000000062AAA,1422,197.82,0.0295,191.98,281300.04,272995.56,117.42,166971.24,106024.32,0.388374,false,USD
00k000000002300AAA,006000000000757AAA,01t000000000014AAA,2320,122.44,0.0633,114.69,284060.8,266080.8,78.62,182398.4,83682.4,0.3145,false,USD
00k000000002301AAA,006000000000758AAA,01t000000000050AAA,8289,77.62,0.0509,73.67,643392.18,610650.63,51.06,423236.34,187414.29,0.306909,false,USD
00k000000002302AAA,006000000000758AAA,01t000000000051AAA,8975,70.99,0.0247,69.24,637135.25,621429,51.08,458443,162986,0.262276,false,USD
00k000000002303AAA,006000000000759AAA,01t000000000007AAA,1080,198.19,0.0599,186.32,214045.2,201225.6,117.36,126748.8,74476.8,0.370116,false,USD
00k000000002304AAA,006000000000759AAA,01t000000000047AAA,757,323.31,0.0235,315.71,244745.67,238992.47,206.79,156540.03,82452.44,0.345,false,USD
00k000000002305AAA,006000000000759AAA,01t000000000036AAA,1005,139.08,0.0586,130.93,139775.4,131584.65,92.32,92781.6,38803.05,0.29489,false,USD
00k000000002306AAA,006000000000759AAA,01t000000000055AAA,634,235.1,0.0666,219.44,149053.4,139124.96,126.12,79960.08,59164.88,0.425264,false,USD
00k000000002307AAA,006000000000759AAA,01t000000000025AAA,2607,73.81,0.05,70.12,192422.67,182802.84,49.75,129698.25,53104.59,0.290502,false,USD
00k000000002308AAA,006000000000760AAA,01t000000000009AAA,580,347.01,0.0441,331.71,201265.8,192391.8,203.75,118175,74216.8,0.385759,false,USD
00k000000002309AAA,006000000000760AAA,01t000000000010AAA,537,439.54,0.0573,414.35,236032.98,222505.95,280.72,150746.64,71759.31,0.322505,false,USD
00k000000002310AAA,006000000000761AAA,01t000000000053AAA,597,234.96,0.0827,215.53,140271.12,128671.41,158.05,94355.85,34315.56,0.266691,false,USD
00k000000002311AAA,006000000000761AAA,01t000000000029AAA,545,221.68,0.0931,201.04,120815.6,109566.8,153.08,83428.6,26138.2,0.238559,false,USD
00k000000002312AAA,006000000000762AAA,01t000000000065AAA,1450,340.53,0.077,314.31,493768.5,455749.5,228.94,331963,123786.5,0.271611,false,USD
00k000000002313AAA,006000000000763AAA,01t000000000015AAA,398,314.57,0.0546,297.39,125198.86,118361.22,168.05,66883.9,51477.32,0.434917,false,USD
00k000000002314AAA,006000000000763AAA,01t000000000028AAA,745,197.75,0.0841,181.12,147323.75,134934.4,110.67,82449.15,52485.25,0.388969,false,USD
00k000000002315AAA,006000000000763AAA,01t000000000031AAA,453,386.41,0.0772,356.58,175043.73,161530.74,237.31,107501.43,54029.31,0.334483,false,USD
00k000000002316AAA,006000000000763AAA,01t000000000025AAA,2547,72.44,0.0917,65.8,184504.68,167592.6,51.29,130635.63,36956.97,0.220517,false,USD
00k000000002317AAA,006000000000763AAA,01t000000000039AAA,1038,120.34,0.0508,114.23,124912.92,118570.74,75.62,78493.56,40077.18,0.338002,false,USD
00k000000002318AAA,006000000000764AAA,01t000000000003AAA,2134,208.82,0.1013,187.67,445621.88,400487.78,125.5,267817,132670.78,0.331273,false,USD
00k000000002319AAA,006000000000764AAA,01t000000000026AAA,1406,287.6,0.0924,261.03,404365.6,367008.18,198.27,278767.62,88240.56,0.240432,false,USD
00k000000002320AAA,006000000000765AAA,01t000000000038AAA,2456,217.19,0.081,199.6,533418.64,490217.6,127.14,312255.84,177961.76,0.363026,false,USD
00k000000002321AAA,006000000000765AAA,01t000000000001AAA,1328,331.73,0.0865,303.04,440537.44,402437.12,209.3,277950.4,124486.72,0.309332,false,USD
00k000000002322AAA,006000000000766AAA,01t000000000011AAA,4320,308.24,0.0624,289.01,1331596.8,1248523.2,204.74,884476.8,364046.4,0.291582,false,USD
00k000000002323AAA,006000000000767AAA,01t000000000009AAA,710,343.53,0.0417,329.2,243906.3,233732,203.75,144662.5,89069.5,0.381075,false,USD
00k000000002324AAA,006000000000767AAA,01t000000000011AAA,655,300.7,0.0756,277.97,196958.5,182070.35,204.74,134104.7,47965.65,0.263446,false,USD
00k000000002325AAA,006000000000767AAA,01t000000000045AAA,1399,102.61,0.115,90.81,143551.39,127043.19,59.87,83758.13,43285.06,0.340711,false,USD
00k000000002326AAA,006000000000767AAA,01t000000000029AAA,1121,220.34,0.1284,192.05,247001.14,215288.05,153.08,171602.68,43685.37,0.202916,false,USD
00k000000002327AAA,006000000000768AAA,01t000000000053AAA,1584,235.22,0.1009,211.49,372588.48,335000.16,158.05,250351.2,84648.96,0.252683,false,USD
00k000000002328AAA,006000000000769AAA,01t000000000008AAA,309,258.44,0.0653,241.56,79857.96,74642.04,179.17,55363.53,19278.51,0.25828,false,USD
00k000000002329AAA,006000000000769AAA,01t000000000061AAA,699,204.83,0.055,193.56,143176.17,135298.44,138.34,96699.66,38598.78,0.285286,false,USD
00k000000002330AAA,006000000000770AAA,01t000000000072AAA,334,567.21,0.0588,533.86,189448.14,178309.24,412.18,137668.12,40641.12,0.227925,false,USD
00k000000002331AAA,006000000000770AAA,01t000000000058AAA,445,239.28,0.068,223.01,106479.6,99239.45,167.27,74435.15,24804.3,0.249944,false,USD
00k000000002332AAA,006000000000770AAA,01t000000000060AAA,586,242.41,0.0581,228.33,142052.26,133801.38,164.46,96373.56,37427.82,0.279727,false,USD
00k000000002333AAA,006000000000771AAA,01t000000000035AAA,294,383.78,0.0932,348.01,112831.32,102314.94,237.75,69898.5,32416.44,0.31683,false,USD
00k000000002334AAA,006000000000771AAA,01t000000000044AAA,333,402.22,0.1178,354.84,133939.26,118161.72,243.46,81072.18,37089.54,0.313888,false,USD
00k000000002335AAA,006000000000771AAA,01t000000000031AAA,261,375.92,0.0481,357.84,98115.12,93396.24,237.31,61937.91,31458.33,0.336827,false,USD
00k000000002336AAA,006000000000771AAA,01t000000000022AAA,260,371.33,0.1034,332.93,96545.8,86561.8,241.05,62673,23888.8,0.275974,false,USD
00k000000002337AAA,006000000000771AAA,01t000000000007AAA,499,201.99,0.0358,194.76,100793.01,97185.24,120.99,60374.01,36811.23,0.378774,false,USD
00k000000002338AAA,006000000000772AAA,01t000000000053AAA,1436,244.14,0.0692,227.25,350585.04,326331,158.05,226959.8,99371.2,0.30451,false,USD
00k000000002339AAA,006000000000772AAA,01t000000000008AAA,1326,282.6,0.0676,263.5,374727.6,349401,179.17,237579.42,111821.58,0.320038,false,USD
00k000000002340AAA,006000000000772AAA,01t000000000020AAA,1150,388.69,0.0171,382.04,446993.5,439346,218.34,251091,188255,0.428489,false,USD
00k000000002341AAA,006000000000773AAA,01t000000000042AAA,356,274.41,0.0381,263.95,97689.96,93966.2,169.16,60220.96,33745.24,0.359121,false,USD
00k000000002342AAA,006000000000773AAA,01t000000000055AAA,583,227.74,0.0368,219.36,132772.42,127886.88,126.12,73527.96,54358.92,0.425055,false,USD
00k000000002343AAA,006000000000773AAA,01t000000000022AAA,303,368.62,0.0698,342.89,111691.86,103895.67,233.82,70847.46,33048.21,0.31809,false,USD
00k000000002344AAA,006000000000773AAA,01t000000000010AAA,314,452.4,0.0531,428.38,142053.6,134511.32,272.3,85502.2,49009.12,0.364349,false,USD
00k000000002345AAA,006000000000773AAA,01t000000000036AAA,604,140.78,0.0548,133.07,85031.12,80374.28,92.32,55761.28,24613,0.30623,false,USD
00k000000002346AAA,006000000000774AAA,01t000000000031AAA,1730,356.67,0.1423,305.92,617039.1,529241.6,237.31,410546.3,118695.3,0.224274,false,USD
00k000000002347AAA,006000000000774AAA,01t000000000036AAA,7189,146.04,0.042,139.91,1049881.56,1005812.99,95.18,684249.02,321563.97,0.319706,false,USD
00k000000002348AAA,006000000000774AAA,01t000000000023AAA,2819,336.92,0.0337,325.57,949777.48,917781.83,222.39,626917.41,290864.42,0.316921,false,USD
00k000000002349AAA,006000000000774AAA,01t000000000053AAA,3968,240.87,0.1034,215.96,955772.16,856929.28,158.05,627142.4,229786.88,0.268152,false,USD
00k000000002350AAA,006000000000775AAA,01t000000000020AAA,376,377.92,0.0577,356.11,142097.92,133897.36,211.79,79633.04,54264.32,0.405268,false,USD
00k000000002351AAA,006000000000775AAA,01t000000000057AAA,1149,132.65,0.0486,126.2,152414.85,145003.8,70.66,81188.34,63815.46,0.440095,false,USD
00k000000002352AAA,006000000000775AAA,01t000000000003AAA,841,205.58,0.0449,196.35,172892.78,165130.35,121.74,102383.34,62747.01,0.379985,false,USD
00k000000002353AAA,006000000000775AAA,01t000000000038AAA,911,210.59,0.0697,195.91,191847.49,178474.01,123.33,112353.63,66120.38,0.370476,false,USD
00k000000002354AAA,006000000000776AAA,01t000000000033AAA,873,409.92,0.0685,381.84,357860.16,333346.32,280.14,244562.22,88784.1,0.266342,false,USD
00k000000002355AAA,006000000000777AAA,01t000000000071AAA,381,450.1,0.0871,410.9,171488.1,156552.9,290.14,110543.34,46009.56,0.293891,false,USD
00k000000002356AAA,006000000000777AAA,01t000000000035AAA,564,394.43,0.0788,363.35,222458.52,204929.4,230.62,130069.68,74859.72,0.365295,false,USD
00k000000002357AAA,006000000000777AAA,01t000000000052AAA,1137,106.97,0.0278,104,121624.89,118248,60.96,69311.52,48936.48,0.413846,false,USD
00k000000002358AAA,006000000000777AAA,01t000000000013AAA,540,334.9,0.0559,316.18,180846,170737.2,189.95,102573,68164.2,0.399235,false,USD
00k000000002359AAA,006000000000778AAA,01t000000000043AAA,107,217.42,0.0825,199.48,23263.94,21344.36,128.91,13793.37,7550.99,0.35377,false,USD
00k000000002360AAA,006000000000778AAA,01t000000000031AAA,76,384.86,0.0359,371.04,29249.36,28199.04,237.31,18035.56,10163.48,0.360419,false,USD
00k000000002361AAA,006000000000778AAA,01t000000000013AAA,92,338.42,0.0778,312.09,31134.64,28712.28,195.82,18015.44,10696.84,0.372553,false,USD
00k000000002362AAA,006000000000778AAA,01t000000000008AAA,107,265.06,0.0413,254.11,28361.42,27189.77,179.17,19171.19,8018.58,0.294912,false,USD
00k000000002363AAA,006000000000778AAA,01t000000000012AAA,55,411.48,0.1123,365.27,22631.4,20089.85,249.67,13731.85,6358,0.316478,false,USD
00k000000002364AAA,006000000000779AAA,01t000000000017AAA,5448,188.05,0.1282,163.94,1024496.4,893145.12,126.45,688899.6,204245.52,0.228681,false,USD
00k000000002365AAA,006000000000779AAA,01t000000000057AAA,4424,127.6,0.0987,115.01,564502.4,508804.24,72.85,322288.4,186515.84,0.366577,false,USD
00k000000002366AAA,006000000000780AAA,01t000000000021AAA,474,327.56,0.1221,287.56,155263.44,136303.44,239.32,113437.68,22865.76,0.167756,false,USD
00k000000002367AAA,006000000000780AAA,01t000000000043AAA,563,217.95,0.0644,203.91,122705.85,114801.33,128.91,72576.33,42225,0.367809,false,USD
00k000000002368AAA,006000000000781AAA,01t000000000033AAA,585,390.37,0.1077,348.33,228366.45,203773.05,280.14,163881.9,39891.15,0.195763,false,USD
00k000000002369AAA,006000000000781AAA,01t000000000012AAA,625,395.54,0.0997,356.1,247212.5,222562.5,249.67,156043.75,66518.75,0.298877,false,USD
00k000000002370AAA,006000000000781AAA,01t000000000005AAA,498,377.58,0.0528,357.64,188034.84,178104.72,272.07,135490.86,42613.86,0.239263,false,USD
00k000000002371AAA,006000000000782AAA,01t000000000067AAA,933,210.32,0.0591,197.89,196228.56,184631.37,130.51,121765.83,62865.54,0.340492,false,USD
00k000000002372AAA,006000000000782AAA,01t000000000038AAA,885,211.86,0.0511,201.03,187496.1,177911.55,127.14,112518.9,65392.65,0.367557,false,USD
00k000000002373AAA,006000000000782AAA,01t000000000030AAA,1751,154.84,0.0664,144.56,271124.84,253124.56,108.56,190088.56,63036,0.249032,false,USD
00k000000002374AAA,006000000000783AAA,01t000000000047AAA,428,313.72,0.0812,288.25,134272.16,123371,213.19,91245.32,32125.68,0.260399,false,USD
00k000000002375AAA,006000000000783AAA,01t000000000065AAA,328,337.75,0.1386,290.94,110782,95428.32,228.94,75092.32,20336,0.213102,false,USD
00k000000002376AAA,006000000000783AAA,01t000000000030AAA,887,155.88,0.0367,150.16,138265.56,133191.92,108.56,96292.72,36899.2,0.277038,false,USD
00k000000002377AAA,006000000000784AAA,01t000000000052AAA,2633,104.39,0.0728,96.79,274858.87,254848.07,62.85,165484.05,89364.02,0.350656,false,USD
00k000000002378AAA,006000000000784AAA,01t000000000026AAA,604,293.51,0.063,275.02,177280.04,166112.08,198.27,119755.08,46357,0.279071,false,USD
00k000000002379AAA,006000000000784AAA,01t000000000069AAA,628,351.34,0.0676,327.59,220641.52,205726.52,218.13,136985.64,68740.88,0.334137,false,USD
00k000000002380AAA,006000000000784AAA,01t000000000070AAA,458,590.92,0.0711,548.91,270641.36,251400.78,339.31,155403.98,95996.8,0.381848,false,USD
00k000000002381AAA,006000000000785AAA,01t000000000048AAA,268,410.22,0.0354,395.7,109938.96,106047.6,264.11,70781.48,35266.12,0.33255,false,USD
00k000000002382AAA,006000000000785AAA,01t000000000072AAA,223,555.41,0.0968,501.65,123856.43,111867.95,412.18,91916.14,19951.81,0.178351,false,USD
00k000000002383AAA,006000000000785AAA,01t000000000003AAA,897,202.43,0.1031,181.56,181579.71,162859.32,125.5,112573.5,50285.82,0.308768,false,USD
00k000000002384AAA,006000000000786AAA,01t000000000042AAA,1182,280.96,0.0941,254.52,332094.72,300842.64,174.39,206128.98,94713.66,0.314828,false,USD
00k000000002385AAA,006000000000786AAA,01t000000000037AAA,665,379.77,0.0924,344.68,252547.05,229212.2,244.43,162545.95,66666.25,0.290849,false,USD
00k000000002386AAA,006000000000786AAA,01t000000000018AAA,2352,149.97,0.0635,140.45,352729.44,330338.4,92.07,216548.64,113789.76,0.344464,false,USD
00k000000002387AAA,006000000000786AAA,01t000000000005AAA,655,362.82,0.0859,331.65,237647.1,217230.75,272.07,178205.85,39024.9,0.179647,false,USD
00k000000002388AAA,006000000000786AAA,01t000000000029AAA,1586,216.52,0.0905,196.92,343400.72,312315.12,153.08,242784.88,69530.24,0.222628,false,USD
00k000000002389AAA,006000000000787AAA,01t000000000002AAA,1851,176.43,0.0557,166.6,326571.93,308376.6,113.8,210643.8,97732.8,0.316927,false,USD
00k000000002390AAA,006000000000787AAA,01t000000000040AAA,1879,236.66,0.0567,223.24,444684.14,419467.96,142.61,267964.19,151503.77,0.361181,false,USD
00k000000002391AAA,006000000000787AAA,01t000000000013AAA,947,328.1,0.07,305.13,310710.7,288958.11,195.82,185441.54,103516.57,0.358241,false,USD
00k000000002392AAA,006000000000788AAA,01t000000000020AAA,460,386.01,0.083,353.97,177564.6,162826.2,218.34,100436.4,62389.8,0.383168,false,USD
00k000000002393AAA,006000000000788AAA,01t000000000042AAA,421,271.91,0.0748,251.57,114474.11,105910.97,174.39,73418.19,32492.78,0.306793,false,USD
00k000000002394AAA,006000000000788AAA,01t000000000003AAA,625,202.94,0.0665,189.44,126837.5,118400,125.5,78437.5,39962.5,0.337521,false,USD
00k000000002395AAA,006000000000789AAA,01t000000000055AAA,1634,230.05,0.0491,218.75,375901.7,357437.5,130.02,212452.68,144984.82,0.405623,false,USD
00k000000002396AAA,006000000000789AAA,01t000000000072AAA,677,616.83,0.0298,598.45,417593.91,405150.65,412.18,279045.86,126104.79,0.311254,false,USD
00k000000002397AAA,006000000000789AAA,01t000000000003AAA,1725,203.23,0.1128,180.31,350571.75,311034.75,125.5,216487.5,94547.25,0.303976,false,USD
00k000000002398AAA,006000000000789AAA,01t000000000052AAA,3590,107.86,0.0114,106.63,387217.4,382801.7,62.85,225631.5,157170.2,0.410579,false,USD
00k000000002399AAA,006000000000790AAA,01t000000000049AAA,1283,348.2,0.1274,303.84,446740.6,389826.72,244.93,314245.19,75581.53,0.193885,false,USD
00k000000002400AAA,006000000000790AAA,01t000000000041AAA,1679,270.45,0.0884,246.54,454085.55,413940.66,152.9,256719.1,157221.56,0.379817,false,USD
00k000000002401AAA,006000000000791AAA,01t000000000035AAA,124,399.68,0.0898,363.79,49560.32,45109.96,237.75,29481,15628.96,0.346464,false,USD
00k000000002402AAA,006000000000791AAA,01t000000000068AAA,97,444.67,0.0364,428.48,43132.99,41562.56,303.4,29429.8,12132.76,0.291916,false,USD
00k000000002403AAA,006000000000791AAA,01t000000000021AAA,213,320.31,0.0557,302.47,68226.03,64426.11,239.32,50975.16,13450.95,0.208781,false,USD
00k000000002404AAA,006000000000792AAA,01t000000000029AAA,620,227.42,0.0471,216.71,141000.4,134360.2,148.49,92063.8,42296.4,0.314799,false,USD
00k000000002405AAA,006000000000792AAA,01t000000000002AAA,637,180.16,0.0325,174.3,114761.92,111029.1,110.39,70318.43,40710.67,0.366667,false,USD
00k000000002406AAA,006000000000792AAA,01t000000000022AAA,427,367.26,0.0497,349.01,156820.02,149027.27,233.82,99841.14,49186.13,0.330048,false,USD
00k000000002407AAA,006000000000792AAA,01t000000000059AAA,751,222.54,0.0253,216.91,167127.54,162899.41,132.18,99267.18,63632.23,0.390623,false,USD
00k000000002408AAA,006000000000792AAA,01t000000000047AAA,518,319.24,0.0674,297.72,165366.32,154218.96,206.79,107117.22,47101.74,0.305421,false,USD
00k000000002409AAA,006000000000793AAA,01t000000000053AAA,486,245.96,0.0645,230.1,119536.56,111828.6,158.05,76812.3,35016.3,0.313125,false,USD
00k000000002410AAA,006000000000793AAA,01t000000000056AAA,680,210.01,0.0617,197.05,142806.8,133994,130.96,89052.8,44941.2,0.335397,false,USD
00k000000002411AAA,006000000000793AAA,01t000000000010AAA,273,430.86,0.0464,410.87,117624.78,112167.51,280.72,76636.56,35530.95,0.316767,false,USD
00k000000002412AAA,006000000000793AAA,01t000000000051AAA,1222,73.12,0.0912,66.45,89352.64,81201.9,51.08,62419.76,18782.14,0.231302,false,USD
00k000000002413AAA,006000000000794AAA,01t000000000027AAA,706,409.75,0.0377,394.3,289283.5,278375.8,251.82,177784.92,100590.88,0.361349,false,USD
00k000000002414AAA,006000000000794AAA,01t000000000005AAA,969,381.27,0.098,343.91,369450.63,333248.79,272.07,263635.83,69612.96,0.208892,false,USD
00k000000002415AAA,006000000000795AAA,01t000000000025AAA,9385,73.82,0.0569,69.62,692800.7,653383.7,51.29,481356.65,172027.05,0.263286,false,USD
00k000000002416AAA,006000000000795AAA,01t000000000010AAA,1043,436.73,0.0062,434.02,455509.39,452682.86,280.72,292790.96,159891.9,0.35321,false,USD
00k000000002417AAA,006000000000796AAA,01t000000000030AAA,526,160.37,0.0843,146.85,84354.62,77243.1,108.56,57102.56,20140.54,0.260742,false,USD
00k000000002418AAA,006000000000796AAA,01t000000000014AAA,680,121.21,0.0553,114.51,82422.8,77866.8,81.05,55114,22752.8,0.292202,false,USD
00k000000002419AAA,006000000000796AAA,01t000000000034AAA,326,240.74,0.0322,232.99,78481.24,75954.74,148.57,48433.82,27520.92,0.362333,false,USD
00k000000002420AAA,006000000000797AAA,01t000000000015AAA,374,313.18,0.1174,276.41,117129.32,103377.34,168.05,62850.7,40526.64,0.392026,false,USD
00k000000002421AAA,006000000000797AAA,01t000000000005AAA,251,375.31,0.0505,356.36,94202.81,89446.36,272.07,68289.57,21156.79,0.23653,false,USD
00k000000002422AAA,006000000000798AAA,01t000000000013AAA,2754,322.16,0.0563,304.02,887228.64,837271.08,195.82,539288.28,297982.8,0.355898,false,USD
00k000000002423AAA,006000000000798AAA,01t000000000038AAA,3312,216.28,0.0973,195.24,716319.36,646634.88,127.14,421087.68,225547.2,0.348801,false,USD
00k000000002424AAA,006000000000799AAA,01t000000000055AAA,320,240.57,0.0928,218.25,76982.4,69840,130.02,41606.4,28233.6,0.404261,false,USD
00k000000002425AAA,006000000000799AAA,01t000000000013AAA,287,334.24,0.1213,293.7,95926.88,84291.9,195.82,56200.34,28091.56,0.333265,false,USD
00k000000002426AAA,006000000000799AAA,01t000000000014AAA,590,123.44,0.0692,114.9,72829.6,67791,81.05,47819.5,19971.5,0.294604,false,USD
00k000000002427AAA,006000000000800AAA,01t000000000031AAA,3783,376.3,0.0904,342.28,1423542.9,1294845.24,237.31,897743.73,397101.51,0.306679,false,USD
00k000000002428AAA,006000000000801AAA,01t000000000024AAA,1173,329.12,0.0653,307.63,386057.76,360849.99,221.7,260054.1,100795.89,0.279329,false,USD
00k000000002429AAA,006000000000801AAA,01t000000000064AAA,1459,242.02,0.0632,226.72,353107.18,330784.48,161.48,235599.32,95185.16,0.287756,false,USD
00k000000002430AAA,006000000000801AAA,01t000000000015AAA,839,301.7,0.0878,275.21,253126.3,230901.19,168.05,140993.95,89907.24,0.389375,false,USD
00k000000002431AAA,006000000000802AAA,01t000000000043AAA,458,218,0.0842,199.64,99844,91435.12,128.91,59040.78,32394.34,0.354288,false,USD
00k000000002432AAA,006000000000802AAA,01t000000000038AAA,450,213,0.0322,206.14,95850,92763,127.14,57213,35550,0.383235,false,USD
00k000000002433AAA,006000000000802AAA,01t000000000026AAA,210,297.61,0.0482,283.27,62498.1,59486.7,198.27,41636.7,17850,0.300067,false,USD
00k000000002434AAA,006000000000802AAA,01t000000000070AAA,184,587.99,0.0895,535.36,108190.16,98506.24,339.31,62433.04,36073.2,0.366202,false,USD
00k000000002435AAA,006000000000802AAA,01t000000000035AAA,207,393.61,0.0606,369.76,81477.27,76540.32,237.75,49214.25,27326.07,0.357015,false,USD
00k000000002436AAA,006000000000803AAA,01t000000000016AAA,908,337.39,0.0669,314.82,306350.12,285856.56,212.59,193031.72,92824.84,0.324725,false,USD
00k000000002437AAA,006000000000803AAA,01t000000000059AAA,1437,216.35,0.0062,215.01,310894.95,308969.37,136.27,195819.99,113149.38,0.366216,false,USD
00k000000002438AAA,006000000000803AAA,01t000000000031AAA,973,373.2,0.0571,351.89,363123.6,342388.97,237.31,230902.63,111486.34,0.325613,false,USD
00k000000002439AAA,006000000000803AAA,01t000000000054AAA,2659,131.83,0.0714,122.42,350535.97,325514.78,80.43,213863.37,111651.41,0.343,false,USD
00k000000002440AAA,006000000000804AAA,01t000000000057AAA,1245,130.69,0.0444,124.89,162709.05,155488.05,72.85,90698.25,64789.8,0.416687,false,USD
00k000000002441AAA,006000000000804AAA,01t000000000001AAA,584,339.23,0.0917,308.12,198110.32,179942.08,209.3,122231.2,57710.88,0.320719,false,USD
00k000000002442AAA,006000000000805AAA,01t000000000061AAA,473,210.91,0.0656,197.07,99760.43,93214.11,134.19,63471.87,29742.24,0.319074,false,USD
00k000000002443AAA,006000000000805AAA,01t000000000025AAA,1177,76.07,0.0514,72.16,89534.39,84932.32,49.75,58555.75,26376.57,0.31056,false,USD
00k000000002444AAA,006000000000805AAA,01t000000000035AAA,285,412.47,0.0721,382.73,117553.95,109078.05,230.62,65726.7,43351.35,0.397434,false,USD
00k000000002445AAA,006000000000805AAA,01t000000000049AAA,218,352.84,0.0609,331.35,76919.12,72234.3,237.58,51792.44,20441.86,0.282994,false,USD
00k000000002446AAA,006000000000806AAA,01t000000000053AAA,385,243.08,0.0772,224.31,93585.8,86359.35,153.31,59024.35,27335,0.316526,false,USD
00k000000002447AAA,006000000000806AAA,01t000000000022AAA,206,381.81,0.1073,340.84,78652.86,70213.04,233.82,48166.92,22046.12,0.313989,false,USD
00k000000002448AAA,006000000000806AAA,01t000000000031AAA,295,370.66,0.0538,350.72,109344.7,103462.4,230.19,67906.05,35556.35,0.343664,false,USD
00k000000002449AAA,006000000000806AAA,01t000000000048AAA,239,408.76,0.0486,388.89,97693.64,92944.71,256.19,61229.41,31715.3,0.341228,false,USD
00k000000002450AAA,006000000000807AAA,01t000000000024AAA,1623,320.82,0.099,289.06,520690.86,469144.38,221.7,359819.1,109325.28,0.233031,false,USD
00k000000002451AAA,006000000000807AAA,01t000000000019AAA,976,342.15,0.1168,302.19,333938.4,294937.44,228.88,223386.88,71550.56,0.242596,false,USD
00k000000002452AAA,006000000000807AAA,01t000000000029AAA,1384,222.8,0.0703,207.14,308355.2,286681.76,153.08,211862.72,74819.04,0.260983,false,USD
00k000000002453AAA,006000000000808AAA,01t000000000069AAA,1730,348.68,0.0986,314.3,603216.4,543739,218.13,377364.9,166374.1,0.305982,false,USD
00k000000002454AAA,006000000000808AAA,01t000000000004AAA,1550,391.29,0.103,350.99,606499.5,544034.5,267.02,413881,130153.5,0.239238,false,USD
00k000000002455AAA,006000000000809AAA,01t000000000052AAA,1386,108.27,0.0249,105.57,150062.22,146320.02,60.96,84490.56,61829.46,0.422563,false,USD
00k000000002456AAA,006000000000809AAA,01t000000000025AAA,3066,74.36,0.0219,72.73,227987.76,222990.18,49.75,152533.5,70456.68,0.315963,false,USD
00k000000002457AAA,006000000000809AAA,01t000000000040AAA,664,230.28,0.0601,216.44,152905.92,143716.16,138.33,91851.12,51865.04,0.360885,false,USD
00k000000002458AAA,006000000000809AAA,01t000000000012AAA,511,407.48,0.0641,381.36,208222.28,194874.96,242.18,123753.98,71120.98,0.364957,false,USD
00k000000002459AAA,006000000000810AAA,01t000000000064AAA,1065,236.81,0.0821,217.37,252202.65,231499.05,161.48,171976.2,59522.85,0.257119,false,USD
00k000000002460AAA,006000000000810AAA,01t000000000019AAA,858,348.91,0.1051,312.24,299364.78,267901.92,228.88,196379.04,71522.88,0.266974,false,USD
00k000000002461AAA,006000000000811AAA,01t000000000057AAA,1913,132.89,0.0829,121.87,254218.57,233137.31,72.85,139362.05,93775.26,0.402232,false,USD
00k000000002462AAA,006000000000811AAA,01t000000000009AAA,485,341.89,0.0677,318.74,165816.65,154588.9,203.75,98818.75,55770.15,0.360764,false,USD
00k000000002463AAA,006000000000811AAA,01t000000000022AAA,585,363.82,0.0511,345.23,212834.7,201959.55,241.05,141014.25,60945.3,0.30177,false,USD
00k000000002464AAA,006000000000812AAA,01t000000000038AAA,312,208.33,0.0301,202.06,64998.96,63042.72,127.14,39667.68,23375.04,0.370781,false,USD
00k000000002465AAA,006000000000812AAA,01t000000000048AAA,145,411.7,0.0534,389.72,59696.5,56509.4,264.11,38295.95,18213.45,0.322308,false,USD
00k000000002466AAA,006000000000812AAA,01t000000000020AAA,277,381.13,0.0715,353.88,105573.01,98024.76,218.34,60480.18,37544.58,0.383011,false,USD
00k000000002467AAA,006000000000813AAA,01t000000000004AAA,4782,412.04,0.1236,361.11,1970375.28,1726828.02,267.02,1276889.64,449938.38,0.260558,false,USD
00k000000002468AAA,006000000000814AAA,01t000000000054AAA,8560,135.31,0.0669,126.26,1158253.6,1080785.6,80.43,688480.8,392304.8,0.362981,false,USD
00k000000002469AAA,006000000000815AAA,01t000000000047AAA,260,312.92,0.0768,288.89,81359.2,75111.4,206.79,53765.4,21346,0.284191,false,USD
00k000000002470AAA,006000000000815AAA,01t000000000025AAA,2100,70.63,0.0419,67.67,148323,142107,49.75,104475,37632,0.264815,false,USD
00k000000002471AAA,006000000000815AAA,01t000000000009AAA,271,349.68,0.0575,329.57,94763.28,89313.47,197.64,53560.44,35753.03,0.400309,false,USD
00k000000002472AAA,006000000000815AAA,01t000000000057AAA,837,121.56,0.0402,116.67,101745.72,97652.79,70.66,59142.42,38510.37,0.39436,false,USD
00k000000002473AAA,006000000000815AAA,01t000000000029AAA,603,227.15,0.0611,213.27,136971.45,128601.81,148.49,89539.47,39062.34,0.303746,false,USD
00k000000002474AAA,006000000000816AAA,01t000000000029AAA,685,225.8,0.0111,223.29,154673,152953.65,148.49,101715.65,51238,0.33499,false,USD
00k000000002475AAA,006000000000816AAA,01t000000000019AAA,420,344.02,0.0386,330.74,144488.4,138910.8,222.01,93244.2,45666.6,0.328748,false,USD
00k000000002476AAA,006000000000816AAA,01t000000000044AAA,416,421.28,0.0293,408.94,175252.48,170119.04,236.16,98242.56,71876.48,0.422507,false,USD
00k000000002477AAA,006000000000816AAA,01t000000000005AAA,557,378.04,0.0544,357.47,210568.28,199110.79,263.91,146997.87,52112.92,0.261728,false,USD
00k000000002478AAA,006000000000816AAA,01t000000000058AAA,735,242.58,0.0525,229.84,178296.3,168932.4,162.25,119253.75,49678.65,0.294074,false,USD
00k000000002479AAA,006000000000817AAA,01t000000000012AAA,218,401.88,0.0689,374.19,87609.84,81573.42,249.67,54428.06,27145.36,0.332772,false,USD
00k000000002480AAA,006000000000817AAA,01t000000000039AAA,696,126.78,0.0852,115.98,88238.88,80722.08,75.62,52631.52,28090.56,0.347991,false,USD
00k000000002481AAA,006000000000818AAA,01t000000000018AAA,2859,150.64,0.0887,137.28,430679.76,392483.52,92.07,263228.13,129255.39,0.329327,false,USD
00k000000002482AAA,006000000000819AAA,01t000000000025AAA,1119,74.75,0.0806,68.73,83645.25,76908.87,51.29,57393.51,19515.36,0.253747,false,USD
00k000000002483AAA,006000000000819AAA,01t000000000035AAA,401,374.35,0.0857,342.27,150114.35,137250.27,237.75,95337.75,41912.52,0.305373,false,USD
00k000000002484AAA,006000000000820AAA,01t000000000043AAA,1559,218.63,0.0764,201.93,340844.17,314808.87,128.91,200970.69,113838.18,0.36161,false,USD
00k000000002485AAA,006000000000820AAA,01t000000000057AAA,1981,127.58,0.075,118.01,252735.98,233777.81,72.85,144315.85,89461.96,0.382679,false,USD
00k000000002486AAA,006000000000820AAA,01t000000000029AAA,1089,213.59,0.1,192.23,232599.51,209338.47,153.08,166704.12,42634.35,0.203662,false,USD
00k000000002487AAA,006000000000821AAA,01t000000000058AAA,1418,237.96,0.0467,226.85,337427.28,321673.3,167.27,237188.86,84484.44,0.262641,false,USD
00k000000002488AAA,006000000000821AAA,01t000000000060AAA,901,256.2,0.0711,237.98,230836.2,214419.98,164.46,148178.46,66241.52,0.308934,false,USD
00k000000002489AAA,006000000000822AAA,01t000000000035AAA,799,395.32,0.0896,359.9,315860.68,287560.1,237.75,189962.25,97597.85,0.3394,false,USD
00k000000002490AAA,006000000000822AAA,01t000000000001AAA,899,325.17,0.1153,287.68,292327.83,258624.32,209.3,188160.7,70463.62,0.272456,false,USD
00k000000002491AAA,006000000000822AAA,01t000000000024AAA,1120,322.78,0.0443,308.48,361513.6,345497.6,221.7,248304,97193.6,0.281315,false,USD
00k000000002492AAA,006000000000822AAA,01t000000000051AAA,3143,70.3,0.0478,66.94,220952.9,210392.42,51.08,160544.44,49847.98,0.236929,false,USD
00k000000002493AAA,006000000000823AAA,01t000000000037AAA,730,368.83,0.1061,329.7,269245.9,240681,244.43,178433.9,62247.1,0.258629,false,USD
00k000000002494AAA,006000000000823AAA,01t000000000009AAA,833,351.28,0.0767,324.34,292616.24,270175.22,203.75,169723.75,100451.47,0.371801,false,USD
00k000000002495AAA,006000000000824AAA,01t000000000025AAA,6622,72.72,0.1081,64.86,481551.84,429502.92,51.29,339642.38,89860.54,0.20922,false,USD
00k000000002496AAA,006000000000824AAA,01t000000000044AAA,1437,428.64,0.0589,403.39,615955.68,579671.43,243.46,349852.02,229819.41,0.396465,false,USD
00k000000002497AAA,006000000000824AAA,01t000000000023AAA,1344,337.64,0.047,321.77,453788.16,432458.88,222.39,298892.16,133566.72,0.308854,false,USD
00k000000002498AAA,006000000000825AAA,01t000000000017AAA,881,187.4,0.0659,175.05,165099.4,154219.05,126.45,111402.45,42816.6,0.277635,false,USD
00k000000002499AAA,006000000000825AAA,01t000000000020AAA,347,379.09,0.0864,346.34,131544.23,120179.98,218.34,75763.98,44416,0.369579,false,USD
00k000000002500AAA,006000000000825AAA,01t000000000004AAA,519,382.81,0.0712,355.55,198678.39,184530.45,267.02,138583.38,45947.07,0.248995,false,USD
00k000000002501AAA,006000000000825AAA,01t000000000022AAA,563,354.73,0.0986,319.75,199712.99,180019.25,241.05,135711.15,44308.1,0.24613,false,USD
00k000000002502AAA,006000000000826AAA,01t000000000069AAA,119,345.86,0.0735,320.44,41157.34,38132.36,218.13,25957.47,12174.89,0.31928,false,USD
00k000000002503AAA,006000000000826AAA,01t000000000048AAA,130,405.12,0.1466,345.73,52665.6,44944.9,264.11,34334.3,10610.6,0.23608,false,USD
00k000000002504AAA,006000000000826AAA,01t000000000068AAA,125,437.82,0.0752,404.9,54727.5,50612.5,303.4,37925,12687.5,0.250679,false,USD
00k000000002505AAA,006000000000827AAA,01t000000000072AAA,672,574.31,0.08,528.37,385936.32,355064.64,412.18,276984.96,78079.68,0.219903,false,USD
00k000000002506AAA,006000000000827AAA,01t000000000064AAA,1671,239.01,0.0716,221.9,399385.71,370794.9,161.48,269833.08,100961.82,0.272285,false,USD
00k000000002507AAA,006000000000827AAA,01t000000000062AAA,2882,197.4,0.0455,188.42,568906.8,543026.44,121.05,348866.1,194160.34,0.357552,false,USD
00k000000002508AAA,006000000000828AAA,01t000000000033AAA,417,404.75,0.0348,390.66,168780.75,162905.22,271.74,113315.58,49589.64,0.304408,false,USD
00k000000002509AAA,006000000000828AAA,01t000000000008AAA,392,258.78,0.0623,242.66,101441.76,95122.72,173.79,68125.68,26997.04,0.283813,false,USD
00k000000002510AAA,006000000000828AAA,01t000000000018AAA,928,145.17,0.047,138.35,134717.76,128388.8,89.31,82879.68,45509.12,0.354463,false,USD
00k000000002511AAA,006000000000828AAA,01t000000000052AAA,1938,107.15,0.069,99.76,207656.7,193334.88,60.96,118140.48,75194.4,0.388933,false,USD
00k000000002512AAA,006000000000829AAA,01t000000000021AAA,700,320.88,0.0466,305.93,224616,214151,239.32,167524,46627,0.21773,false,USD
00k000000002513AAA,006000000000829AAA,01t000000000044AAA,822,390.07,0.0766,360.19,320637.54,296076.18,243.46,200124.12,95952.06,0.324079,false,USD
00k000000002514AAA,006000000000829AAA,01t000000000005AAA,819,385.08,0.0911,350,315380.52,286650,272.07,222825.33,63824.67,0.222657,false,USD
00k000000002515AAA,006000000000829AAA,01t000000000004AAA,708,402.25,0.0058,399.92,284793,283143.36,267.02,189050.16,94093.2,0.332316,false,USD
00k000000002516AAA,006000000000830AAA,01t000000000006AAA,675,461.31,0.0649,431.37,311384.25,291174.75,301.3,203377.5,87797.25,0.301528,false,USD
00k000000002517AAA,006000000000830AAA,01t000000000009AAA,641,345.04,0.0658,322.34,221170.64,206619.94,203.75,130603.75,76016.19,0.367903,false,USD
00k000000002518AAA,006000000000830AAA,01t000000000057AAA,1302,130.76,0.089,119.12,170249.52,155094.24,72.85,94850.7,60243.54,0.388432,false,USD
00k000000002519AAA,006000000000831AAA,01t000000000027AAA,2151,426.72,0.037,410.93,917874.72,883910.43,251.82,541664.82,342245.61,0.387195,false,USD
00k000000002520AAA,006000000000831AAA,01t000000000013AAA,2170,325.67,0.0853,297.89,706703.9,646421.3,195.82,424929.4,221491.9,0.342643,false,USD
00k000000002521AAA,006000000000831AAA,01t000000000022AAA,1414,355.58,0.1131,315.36,502790.12,445919.04,241.05,340844.7,105074.34,0.235635,false,USD
00k000000002522AAA,006000000000832AAA,01t000000000026AAA,1136,289.54,0.1254,253.23,328917.44,287669.28,198.27,225234.72,62434.56,0.217036,false,USD
00k000000002523AAA,006000000000832AAA,01t000000000001AAA,885,326.83,0.108,291.53,289244.55,258004.05,209.3,185230.5,72773.55,0.282064,false,USD
00k000000002524AAA,006000000000832AAA,01t000000000059AAA,1030,222.57,0.1442,190.48,229247.1,196194.4,136.27,140358.1,55836.3,0.284597,false,USD
00k000000002525AAA,006000000000833AAA,01t000000000060AAA,1965,263.48,0.0759,243.48,517738.2,478438.2,164.46,323163.9,155274.3,0.324544,false,USD
00k000000002526AAA,006000000000833AAA,01t000000000032AAA,789,318.89,0.0908,289.93,251604.21,228754.77,199.36,157295.04,71459.73,0.312386,false,USD
00k000000002527AAA,006000000000833AAA,01t000000000038AAA,1713,215.7,0.0341,208.34,369494.1,356886.42,127.14,217790.82,139095.6,0.389748,false,USD
00k000000002528AAA,006000000000834AAA,01t000000000049AAA,254,366.81,0.0742,339.59,93169.74,86255.86,237.58,60345.32,25910.54,0.300392,false,USD
00k000000002529AAA,006000000000834AAA,01t000000000056AAA,322,200.26,0.0233,195.59,64483.72,62979.98,127.03,40903.66,22076.32,0.350529,false,USD
00k000000002530AAA,006000000000834AAA,01t000000000029AAA,550,222.27,0.0582,209.33,122248.5,115131.5,148.49,81669.5,33462,0.290642,false,USD
00k000000002531AAA,006000000000835AAA,01t000000000055AAA,1810,245.87,0.0594,231.27,445024.7,418598.7,130.02,235336.2,183262.5,0.4378,false,USD
00k000000002532AAA,006000000000836AAA,01t000000000040AAA,357,229.15,0.0803,210.75,81806.55,75237.75,142.61,50911.77,24325.98,0.323321,false,USD
00k000000002533AAA,006000000000836AAA,01t000000000017AAA,549,186.39,0.0275,181.26,102328.11,99511.74,126.45,69421.05,30090.69,0.302383,false,USD
00k000000002534AAA,006000000000836AAA,01t000000000036AAA,536,138.88,0.0624,130.21,74439.68,69792.56,95.18,51016.48,18776.08,0.269027,false,USD
00k000000002535AAA,006000000000836AAA,01t000000000055AAA,274,225.19,0.1484,191.77,61702.06,52544.98,130.02,35625.48,16919.5,0.322,false,USD
00k000000002536AAA,006000000000837AAA,01t000000000006AAA,508,486.63,0.0467,463.9,247208.04,235661.2,301.3,153060.4,82600.8,0.350507,false,USD
00k000000002537AAA,006000000000837AAA,01t000000000003AAA,1005,207.97,0.0181,204.21,209009.85,205231.05,125.5,126127.5,79103.55,0.385437,false,USD
00k000000002538AAA,006000000000837AAA,01t000000000018AAA,2470,148.94,0.0382,143.25,367881.8,353827.5,92.07,227412.9,126414.6,0.357277,false,USD
00k000000002539AAA,006000000000838AAA,01t000000000050AAA,3301,77.7,0.0483,73.95,256487.7,244108.95,51.06,168549.06,75559.89,0.309533,false,USD
00k000000002540AAA,006000000000838AAA,01t000000000008AAA,883,266.97,0.0695,248.42,235734.51,219354.86,179.17,158207.11,61147.75,0.278762,false,USD
00k000000002541AAA,006000000000838AAA,01t000000000013AAA,925,325.71,0.1088,290.27,301281.75,268499.75,195.82,181133.5,87366.25,0.325387,false,USD
00k000000002542AAA,006000000000838AAA,01t000000000019AAA,1102,346.62,0.0412,332.34,381975.24,366238.68,228.88,252225.76,114012.92,0.311308,false,USD
00k000000002543AAA,006000000000839AAA,01t000000000061AAA,2678,206.2,0.0561,194.63,552203.6,521219.14,138.34,370474.52,150744.62,0.289215,false,USD
00k000000002544AAA,006000000000839AAA,01t000000000059AAA,2637,203.24,0.0678,189.46,535943.88,499606.02,136.27,359343.99,140262.03,0.280745,false,USD
00k000000002545AAA,006000000000839AAA,01t000000000023AAA,2048,331.67,0.0814,304.67,679260.16,623964.16,222.39,455454.72,168509.44,0.270063,false,USD
00k000000002546AAA,006000000000839AAA,01t000000000046AAA,5789,87.72,0.0824,80.49,507811.08,465956.61,53.15,307685.35,158271.26,0.33967,false,USD
00k000000002547AAA,006000000000840AAA,01t000000000057AAA,271,135.06,0.0345,130.4,36601.26,35338.4,70.66,19148.86,16189.54,0.458129,false,USD
00k000000002548AAA,006000000000840AAA,01t000000000019AAA,146,352.45,0.0482,335.46,51457.7,48977.16,222.01,32413.46,16563.7,0.338192,false,USD
00k000000002549AAA,006000000000840AAA,01t000000000037AAA,98,362.37,0.0348,349.76,35512.26,34276.48,237.1,23235.8,11040.68,0.322107,false,USD
00k000000002550AAA,006000000000840AAA,01t000000000066AAA,128,428.84,0.0343,414.13,54891.52,53008.64,243.97,31228.16,21780.48,0.410885,false,USD
00k000000002551AAA,006000000000841AAA,01t000000000021AAA,635,319.05,0.051,302.78,202596.75,192265.3,232.14,147408.9,44856.4,0.233305,false,USD
00k000000002552AAA,006000000000841AAA,01t000000000038AAA,915,216.67,0.0469,206.51,198253.05,188956.65,123.33,112846.95,76109.7,0.402789,false,USD
00k000000002553AAA,006000000000841AAA,01t000000000002AAA,1127,178.78,0.031,173.24,201485.06,195241.48,110.39,124409.53,70831.95,0.362792,false,USD
00k000000002554AAA,006000000000841AAA,01t000000000042AAA,536,274.62,0.058,258.69,147196.32,138657.84,169.16,90669.76,47988.08,0.34609,false,USD
00k000000002555AAA,006000000000842AAA,01t000000000053AAA,863,251.61,0.0585,236.89,217139.43,204436.07,158.05,136397.15,68038.92,0.332813,false,USD
00k000000002556AAA,006000000000842AAA,01t000000000035AAA,603,409.22,0.1165,361.55,246759.66,218014.65,237.75,143363.25,74651.4,0.342415,false,USD
00k000000002557AAA,006000000000842AAA,01t000000000041AAA,470,272.23,0.1122,241.69,127948.1,113594.3,152.9,71863,41731.3,0.367371,false,USD
00k000000002558AAA,006000000000843AAA,01t000000000001AAA,1417,331.86,0.0699,308.66,470245.62,437371.22,209.3,296578.1,140793.12,0.321908,false,USD
00k000000002559AAA,006000000000843AAA,01t000000000037AAA,922,375.75,0.1102,334.34,346441.5,308261.48,244.43,225364.46,82897.02,0.268918,false,USD
00k000000002560AAA,006000000000844AAA,01t000000000061AAA,1971,206.08,0.0141,203.17,406183.68,400448.07,138.34,272668.14,127779.93,0.319092,false,USD
00k000000002561AAA,006000000000844AAA,01t000000000019AAA,1087,337.98,0.1142,299.38,367384.26,325426.06,228.88,248792.56,76633.5,0.235487,false,USD
00k000000002562AAA,006000000000844AAA,01t000000000009AAA,1336,357.97,0.1013,321.71,478247.92,429804.56,203.75,272210,157594.56,0.366666,false,USD
00k000000002563AAA,006000000000845AAA,01t000000000019AAA,872,346.34,0.1015,311.19,302008.48,271357.68,228.88,199583.36,71774.32,0.264501,false,USD
00k000000002564AAA,006000000000845AAA,01t000000000016AAA,1144,356.63,0.0439,340.97,407984.72,390069.68,212.59,243202.96,146866.72,0.376514,false,USD
00k000000002565AAA,006000000000846AAA,01t000000000015AAA,541,302.45,0.0684,281.76,163625.45,152432.16,168.05,90915.05,61517.11,0.40357,false,USD
00k000000002566AAA,006000000000846AAA,01t000000000043AAA,699,231.58,0.073,214.67,161874.42,150054.33,128.91,90108.09,59946.24,0.399497,false,USD
00k000000002567AAA,006000000000847AAA,01t000000000064AAA,4784,238.2,0.0385,229.03,1139548.8,1095679.52,161.48,772520.32,323159.2,0.29494,false,USD
00k000000002568AAA,006000000000848AAA,01t000000000045AAA,7472,108.53,0.0823,99.6,810936.16,744211.2,59.87,447348.64,296862.56,0.398896,false,USD
00k000000002569AAA,006000000000848AAA,01t000000000057AAA,7090,130.45,0.1157,115.36,924890.5,817902.4,72.85,516506.5,301395.9,0.368499,false,USD
00k000000002570AAA,006000000000848AAA,01t000000000017AAA,3903,182.62,0.1086,162.79,712765.86,635369.37,126.45,493534.35,141835.02,0.223232,false,USD
00k000000002571AAA,006000000000848AAA,01t000000000033AAA,1363,419.1,0.0919,380.58,571233.3,518730.54,280.14,381830.82,136899.72,0.263913,false,USD
00k000000002572AAA,006000000000849AAA,01t000000000039AAA,618,119.53,0.0838,109.51,73869.54,67677.18,75.62,46733.16,20944.02,0.309469,false,USD
00k000000002573AAA,006000000000849AAA,01t000000000013AAA,187,321.45,0.0846,294.26,60111.15,55026.62,195.82,36618.34,18408.28,0.334534,false,USD
00k000000002574AAA,006000000000849AAA,01t000000000053AAA,323,238.37,0.1013,214.22,76993.51,69193.06,158.05,51050.15,18142.91,0.262207,false,USD
00k000000002575AAA,006000000000849AAA,01t000000000008AAA,170,269.83,0.069,251.21,45871.1,42705.7,179.17,30458.9,12246.8,0.286772,false,USD
00k000000002576AAA,006000000000850AAA,01t000000000031AAA,293,381.37,0.094,345.52,111741.41,101237.36,237.31,69531.83,31705.53,0.31318,false,USD
00k000000002577AAA,006000000000850AAA,01t000000000072AAA,97,601.85,0.0666,561.77,58379.45,54491.69,412.18,39981.46,14510.23,0.266283,false,USD
00k000000002578AAA,006000000000850AAA,01t000000000067AAA,439,208.16,0.0707,193.44,91382.24,84920.16,130.51,57293.89,27626.27,0.325321,false,USD
00k000000002579AAA,006000000000851AAA,01t000000000050AAA,6347,76.12,0.0721,70.63,483133.64,448288.61,51.06,324077.82,124210.79,0.277078,false,USD
00k000000002580AAA,006000000000851AAA,01t000000000039AAA,2906,129.36,0.0798,119.04,375920.16,345930.24,75.62,219751.72,126178.52,0.364751,false,USD
00k000000002581AAA,006000000000852AAA,01t000000000016AAA,266,337.39,0.0478,321.26,89745.74,85455.16,206.21,54851.86,30603.3,0.358121,false,USD
00k000000002582AAA,006000000000852AAA,01t000000000011AAA,380,306.9,0.0658,286.71,116622,108949.8,198.6,75468,33481.8,0.307314,false,USD
00k000000002583AAA,006000000000852AAA,01t000000000056AAA,585,199.28,0.0221,194.88,116578.8,114004.8,127.03,74312.55,39692.25,0.348163,false,USD
00k000000002584AAA,006000000000852AAA,01t000000000036AAA,1242,143.9,0.0729,133.41,178723.8,165695.22,92.32,114661.44,51033.78,0.307998,false,USD
00k000000002585AAA,006000000000853AAA,01t000000000015AAA,1387,308.09,0.0674,287.32,427320.83,398512.84,168.05,233085.35,165427.49,0.415112,false,USD
00k000000002586AAA,006000000000853AAA,01t000000000033AAA,693,421.14,0.0716,390.99,291850.02,270956.07,280.14,194137.02,76819.05,0.283511,false,USD
00k000000002587AAA,006000000000854AAA,01t000000000054AAA,2263,131.5,0.0939,119.15,297584.5,269636.45,80.43,182013.09,87623.36,0.324969,false,USD
00k000000002588AAA,006000000000854AAA,01t000000000057AAA,1686,126.77,0.0764,117.08,213734.22,197396.88,72.85,122825.1,74571.78,0.377776,false,USD
00k000000002589AAA,006000000000854AAA,01t000000000035AAA,600,390.02,0.1046,349.22,234012,209532,237.75,142650,66882,0.319197,false,USD
00k000000002590AAA,006000000000854AAA,01t000000000047AAA,768,303.59,0.0461,289.59,233157.12,222405.12,213.19,163729.92,58675.2,0.263821,false,USD
00k000000002591AAA,006000000000855AAA,01t000000000055AAA,259,243.18,0.046,231.99,62983.62,60085.41,130.02,33675.18,26410.23,0.439545,false,USD
00k000000002592AAA,006000000000855AAA,01t000000000028AAA,340,203.89,0.103,182.89,69322.6,62182.6,110.67,37627.8,24554.8,0.394882,false,USD
00k000000002593AAA,006000000000856AAA,01t000000000060AAA,1476,251.82,0.0767,232.51,371686.32,343184.76,164.46,242742.96,100441.8,0.292676,false,USD
00k000000002594AAA,006000000000856AAA,01t000000000027AAA,731,409.07,0.0814,375.77,299030.17,274687.87,251.82,184080.42,90607.45,0.329856,false,USD
00k000000002595AAA,006000000000856AAA,01t000000000013AAA,884,337.36,0.0319,326.6,298226.24,288714.4,195.82,173104.88,115609.52,0.400429,false,USD
00k000000002596AAA,006000000000857AAA,01t000000000006AAA,2285,475.21,0.1221,417.19,1085854.85,953279.15,301.3,688470.5,264808.65,0.277787,false,USD
00k000000002597AAA,006000000000858AAA,01t000000000055AAA,645,229.42,0.0626,215.06,147975.9,138713.7,130.02,83862.9,54850.8,0.395425,false,USD
00k000000002598AAA,006000000000858AAA,01t000000000046AAA,1785,81.76,0.1039,73.27,145941.6,130786.95,53.15,94872.75,35914.2,0.274601,false,USD
00k000000002599AAA,006000000000859AAA,01t000000000038AAA,11950,203.29,0.0616,190.77,2429315.5,2279701.5,127.14,1519323,760378.5,0.333543,false,USD
00k000000002600AAA,006000000000860AAA,01t000000000058AAA,3874,248.6,0.0997,223.81,963076.4,867039.94,167.27,648003.98,219035.96,0.252625,false,USD
00k000000002601AAA,006000000000860AAA,01t000000000061AAA,4417,202.29,0.0608,189.99,893514.93,839185.83,138.34,611047.78,228138.05,0.271856,false,USD
00k000000002602AAA,006000000000861AAA,01t000000000041AAA,858,269.89,0.1043,241.74,231565.62,207412.92,152.9,131188.2,76224.72,0.367502,false,USD
00k000000002603AAA,006000000000861AAA,01t000000000027AAA,960,403.27,0.0746,373.19,387139.2,358262.4,251.82,241747.2,116515.2,0.325223,false,USD
00k000000002604AAA,006000000000861AAA,01t000000000033AAA,570,414.66,0.1042,371.45,236356.2,211726.5,280.14,159679.8,52046.7,0.24582,false,USD
00k000000002605AAA,006000000000862AAA,01t000000000031AAA,495,379.53,0.0657,354.59,187867.35,175522.05,237.31,117468.45,58053.6,0.330748,false,USD
00k000000002606AAA,006000000000862AAA,01t000000000058AAA,1032,235.25,0.097,212.43,242778,219227.76,167.27,172622.64,46605.12,0.212588,false,USD
00k000000002607AAA,006000000000862AAA,01t000000000009AAA,875,351.75,0.0707,326.88,307781.25,286020,203.75,178281.25,107738.75,0.376683,false,USD
00k000000002608AAA,006000000000863AAA,01t000000000047AAA,471,322.18,0.0843,295.02,151746.78,138954.42,213.19,100412.49,38541.93,0.277371,false,USD
00k000000002609AAA,006000000000863AAA,01t000000000015AAA,382,302.44,0.1164,267.24,115532.08,102085.68,168.05,64195.1,37890.58,0.371164,false,USD
00k000000002610AAA,006000000000864AAA,01t000000000035AAA,1348,384.9,0.0744,356.26,518845.2,480238.48,237.75,320487,159751.48,0.33265,false,USD
00k000000002611AAA,006000000000864AAA,01t000000000044AAA,1211,398.16,0.041,381.84,482171.76,462408.24,243.46,294830.06,167578.18,0.362403,false,USD
00k000000002612AAA,006000000000864AAA,01t000000000049AAA,1529,376.3,0.0758,347.78,575362.7,531755.62,244.93,374497.97,157257.65,0.295733,false,USD
00k000000002613AAA,006000000000865AAA,01t000000000012AAA,250,379.46,0.0799,349.14,94865,87285,249.67,62417.5,24867.5,0.2849,false,USD
00k000000002614AAA,006000000000865AAA,01t000000000062AAA,321,197.82,0.043,189.31,63500.22,60768.51,121.05,38857.05,21911.46,0.360573,false,USD
00k000000002615AAA,006000000000865AAA,01t000000000033AAA,246,432.45,0.0418,414.37,106382.7,101935.02,280.14,68914.44,33020.58,0.323938,false,USD
00k000000002616AAA,006000000000866AAA,01t000000000054AAA,1198,133.74,0.0486,127.24,160220.52,152433.52,80.43,96355.14,56078.38,0.367887,false,USD
00k000000002617AAA,006000000000866AAA,01t000000000049AAA,356,355.29,0.0647,332.3,126483.24,118298.8,244.93,87195.08,31103.72,0.262925,false,USD
00k000000002618AAA,006000000000867AAA,01t000000000056AAA,595,206.89,0.0872,188.85,123099.55,112365.75,130.96,77921.2,34444.55,0.30654,false,USD
00k000000002619AAA,006000000000867AAA,01t000000000021AAA,364,334.26,0.1002,300.77,121670.64,109480.28,239.32,87112.48,22367.8,0.204309,false,USD
00k000000002620AAA,006000000000867AAA,01t000000000006AAA,213,468.02,0.0876,427.02,99688.26,90955.26,301.3,64176.9,26778.36,0.294412,false,USD
00k000000002621AAA,006000000000867AAA,01t000000000010AAA,178,437.19,0.0461,417.04,77819.82,74233.12,280.72,49968.16,24264.96,0.326875,false,USD
00k000000002622AAA,006000000000868AAA,01t000000000018AAA,181,149.87,0.0445,143.2,27126.47,25919.2,89.31,16165.11,9754.09,0.376327,false,USD
00k000000002623AAA,006000000000868AAA,01t000000000061AAA,242,206.64,0.0638,193.46,50006.88,46817.32,134.19,32473.98,14343.34,0.306368,false,USD
00k000000002624AAA,006000000000868AAA,01t000000000044AAA,122,400.94,0.0378,385.78,48914.68,47065.16,236.16,28811.52,18253.64,0.387838,false,USD
00k000000002625AAA,006000000000868AAA,01t000000000007AAA,169,195.84,0.0439,187.24,33096.96,31643.56,117.36,19833.84,11809.72,0.373211,false,USD
00k000000002626AAA,006000000000868AAA,01t000000000035AAA,121,381.27,0.0564,359.77,46133.67,43532.17,230.62,27905.02,15627.15,0.358979,false,USD
00k000000002627AAA,006000000000869AAA,01t000000000029AAA,384,236.91,0.072,219.85,90973.44,84422.4,148.49,57020.16,27402.24,0.324585,false,USD
00k000000002628AAA,006000000000869AAA,01t000000000011AAA,480,299.5,0.0721,277.91,143760,133396.8,198.6,95328,38068.8,0.28538,false,USD
00k000000002629AAA,006000000000869AAA,01t000000000041AAA,601,256.07,0.0801,235.56,153898.07,141571.56,148.31,89134.31,52437.25,0.370394,false,USD
00k000000002630AAA,006000000000870AAA,01t000000000061AAA,778,208.97,0.1147,185,162578.66,143930,138.34,107628.52,36301.48,0.252216,false,USD
00k000000002631AAA,006000000000870AAA,01t000000000026AAA,495,286.55,0.0782,264.14,141842.25,130749.3,198.27,98143.65,32605.65,0.249375,false,USD
00k000000002632AAA,006000000000870AAA,01t000000000064AAA,513,237.56,0.0193,232.98,121868.28,119518.74,161.48,82839.24,36679.5,0.306893,false,USD
00k000000002633AAA,006000000000871AAA,01t000000000019AAA,142,350.4,0.0743,324.37,49756.8,46060.54,228.88,32500.96,13559.58,0.294386,false,USD
00k000000002634AAA,006000000000871AAA,01t000000000071AAA,147,457.21,0.0822,419.63,67209.87,61685.61,299.11,43969.17,17716.44,0.287205,false,USD
00k000000002635AAA,006000000000871AAA,01t000000000058AAA,315,242.24,0.032,234.49,76305.6,73864.35,167.27,52690.05,21174.3,0.286665,false,USD
00k000000002636AAA,006000000000871AAA,01t000000000065AAA,132,349.33,0.0182,342.97,46111.56,45272.04,228.94,30220.08,15051.96,0.332478,false,USD
00k000000002637AAA,006000000000871AAA,01t000000000015AAA,246,311.34,0.0509,295.49,76589.64,72690.54,168.05,41340.3,31350.24,0.431284,false,USD
00k000000002638AAA,006000000000872AAA,01t000000000031AAA,196,381.13,0.0563,359.67,74701.48,70495.32,237.31,46512.76,23982.56,0.340201,false,USD
00k000000002639AAA,006000000000872AAA,01t000000000012AAA,141,415.42,0.0275,404,58574.22,56964,249.67,35203.47,21760.53,0.382005,false,USD
00k000000002640AAA,006000000000872AAA,01t000000000041AAA,272,259.61,0.0722,240.87,70613.92,65516.64,152.9,41588.8,23927.84,0.365218,false,USD
00k000000002641AAA,006000000000873AAA,01t000000000002AAA,419,187.21,0.0803,172.18,78440.99,72143.42,113.8,47682.2,24461.22,0.339064,false,USD
00k000000002642AAA,006000000000873AAA,01t000000000060AAA,246,260.61,0.0556,246.12,64110.06,60545.52,164.46,40457.16,20088.36,0.331789,false,USD
00k000000002643AAA,006000000000873AAA,01t000000000035AAA,205,380.62,0.0957,344.19,78027.1,70558.95,237.75,48738.75,21820.2,0.309248,false,USD
00k000000002644AAA,006000000000874AAA,01t000000000042AAA,2616,278.18,0.0801,255.9,727718.88,669434.4,174.39,456204.24,213230.16,0.318523,false,USD
00k000000002645AAA,006000000000874AAA,01t000000000060AAA,1730,259.58,0.0244,253.25,449073.4,438122.5,164.46,284515.8,153606.7,0.350602,false,USD
00k000000002646AAA,006000000000875AAA,01t000000000007AAA,714,192.21,0.0276,186.91,137237.94,133453.74,120.99,86386.86,47066.88,0.352683,false,USD
00k000000002647AAA,006000000000875AAA,01t000000000039AAA,1254,122.74,0.0541,116.1,153915.96,145589.4,75.62,94827.48,50761.92,0.348665,false,USD
00k000000002648AAA,006000000000875AAA,01t000000000011AAA,499,316.58,0.0506,300.56,157973.42,149979.44,204.74,102165.26,47814.18,0.318805,false,USD
00k000000002649AAA,006000000000876AAA,01t000000000053AAA,1576,251.49,0.0856,229.96,396348.24,362416.96,158.05,249086.8,113330.16,0.312707,false,USD
00k000000002650AAA,006000000000876AAA,01t000000000048AAA,621,404.54,0.1065,361.46,251219.34,224466.66,264.11,164012.31,60454.35,0.269324,false,USD
00k000000002651AAA,006000000000876AAA,01t000000000037AAA,596,379.05,0.0824,347.82,225913.8,207300.72,244.43,145680.28,61620.44,0.297251,false,USD
00k000000002652AAA,006000000000876AAA,01t000000000021AAA,746,325.95,0.0884,297.14,243158.7,221666.44,239.32,178532.72,43133.72,0.194588,false,USD
00k000000002653AAA,006000000000877AAA,01t000000000031AAA,128,380.7,0.0009,380.36,48729.6,48686.08,237.31,30375.68,18310.4,0.376091,false,USD
00k000000002654AAA,006000000000877AAA,01t000000000033AAA,106,428.59,0.0773,395.46,45430.54,41918.76,280.14,29694.84,12223.92,0.29161,false,USD
00k000000002655AAA,006000000000877AAA,01t000000000005AAA,160,382.91,0.0541,362.19,61265.6,57950.4,272.07,43531.2,14419.2,0.24882,false,USD
00k000000002656AAA,006000000000877AAA,01t000000000060AAA,175,249.15,0.081,228.97,43601.25,40069.75,164.46,28780.5,11289.25,0.28174,false,USD
00k000000002657AAA,006000000000878AAA,01t000000000038AAA,968,200.39,0.0738,185.6,193977.52,179660.8,127.14,123071.52,56589.28,0.314978,false,USD
00k000000002658AAA,006000000000878AAA,01t000000000019AAA,380,358.15,0.0467,341.42,136097,129739.6,228.88,86974.4,42765.2,0.329623,false,USD
00k000000002659AAA,006000000000878AAA,01t000000000004AAA,366,380.45,0.0584,358.23,139244.7,131112.18,267.02,97729.32,33382.86,0.254613,false,USD
00k000000002660AAA,006000000000879AAA,01t000000000037AAA,589,357.39,0.0466,340.74,210502.71,200695.86,244.43,143969.27,56726.59,0.28265,false,USD
00k000000002661AAA,006000000000879AAA,01t000000000031AAA,720,388.7,0.0424,372.22,279864,267998.4,237.31,170863.2,97135.2,0.362447,false,USD
00k000000002662AAA,006000000000879AAA,01t000000000042AAA,695,280.15,0.0908,254.71,194704.25,177023.45,174.39,121201.05,55822.4,0.315339,false,USD
00k000000002663AAA,006000000000880AAA,01t000000000070AAA,207,576.12,0.1081,513.84,119256.84,106364.88,339.31,70237.17,36127.71,0.339658,false,USD
00k000000002664AAA,006000000000880AAA,01t000000000056AAA,581,208.4,0.0601,195.88,121080.4,113806.28,130.96,76087.76,37718.52,0.331427,false,USD
00k000000002665AAA,006000000000880AAA,01t000000000060AAA,443,253.19,0.1105,225.21,112163.17,99768.03,164.46,72855.78,26912.25,0.269748,false,USD
00k000000002666AAA,006000000000881AAA,01t000000000053AAA,88,255.51,0.0485,243.12,22484.88,21394.56,158.05,13908.4,7486.16,0.34991,false,USD
00k000000002667AAA,006000000000881AAA,01t000000000061AAA,129,210.96,0.0425,201.99,27213.84,26056.71,138.34,17845.86,8210.85,0.315115,false,USD
00k000000002668AAA,006000000000881AAA,01t000000000025AAA,379,74.7,0.0662,69.75,28311.3,26435.25,51.29,19438.91,6996.34,0.264659,false,USD
00k000000002669AAA,006000000000882AAA,01t000000000048AAA,288,407.92,0.0671,380.55,117480.96,109598.4,256.19,73782.72,35815.68,0.32679,false,USD
00k000000002670AAA,006000000000882AAA,01t000000000027AAA,396,419.75,0.0639,392.93,166221,155600.28,244.27,96730.92,58869.36,0.378337,false,USD
00k000000002671AAA,006000000000882AAA,01t000000000010AAA,211,437.2,0.0279,425,92249.2,89675,272.3,57455.3,32219.7,0.359294,false,USD
00k000000002672AAA,006000000000882AAA,01t000000000056AAA,515,212.24,0.0582,199.89,109303.6,102943.35,127.03,65420.45,37522.9,0.3645,false,USD
00k000000002673AAA,006000000000882AAA,01t000000000016AAA,455,361,0.0747,334.03,164255,151983.65,206.21,93825.55,58158.1,0.38266,false,USD
00k000000002674AAA,006000000000883AAA,01t000000000035AAA,411,396.25,0.0711,368.08,162858.75,151280.88,237.75,97715.25,53565.63,0.354081,false,USD
00k000000002675AAA,006000000000883AAA,01t000000000029AAA,1031,234.81,0.0577,221.26,242089.11,228119.06,153.08,157825.48,70293.58,0.308144,false,USD
00k000000002676AAA,006000000000883AAA,01t000000000044AAA,482,412.61,0.1172,364.25,198878.02,175568.5,243.46,117347.72,58220.78,0.331613,false,USD
00k000000002677AAA,006000000000884AAA,01t000000000013AAA,656,339.92,0.0723,315.34,222987.52,206863.04,195.82,128457.92,78405.12,0.379019,false,USD
00k000000002678AAA,006000000000884AAA,01t000000000009AAA,430,345.55,0.0745,319.81,148586.5,137518.3,203.75,87612.5,49905.8,0.362903,false,USD
00k000000002679AAA,006000000000884AAA,01t000000000024AAA,660,340.64,0.0652,318.43,224822.4,210163.8,221.7,146322,63841.8,0.303772,false,USD
00k000000002680AAA,006000000000885AAA,01t000000000046AAA,1674,84.04,0.0666,78.44,140682.96,131308.56,53.15,88973.1,42335.46,0.322412,false,USD
00k000000002681AAA,006000000000885AAA,01t000000000054AAA,895,133.54,0.0496,126.92,119518.3,113593.4,80.43,71984.85,41608.55,0.366294,false,USD
00k000000002682AAA,006000000000885AAA,01t000000000029AAA,971,220.3,0.0683,205.25,213911.3,199297.75,153.08,148640.68,50657.07,0.254178,false,USD
00k000000002683AAA,006000000000886AAA,01t000000000033AAA,578,408.84,0.098,368.77,236309.52,213149.06,280.14,161920.92,51228.14,0.24034,false,USD
00k000000002684AAA,006000000000886AAA,01t000000000059AAA,904,214.06,0.1029,192.03,193510.24,173595.12,136.27,123188.08,50407.04,0.290371,false,USD
00k000000002685AAA,006000000000886AAA,01t000000000015AAA,401,309.57,0.071,287.59,124137.57,115323.59,168.05,67388.05,47935.54,0.415661,false,USD
00k000000002686AAA,006000000000887AAA,01t000000000028AAA,1573,207.86,0.0909,188.97,326963.78,297249.81,110.67,174083.91,123165.9,0.414351,false,USD
00k000000002687AAA,006000000000887AAA,01t000000000010AAA,826,427,0.1137,378.45,352702,312599.7,280.72,231874.72,80724.98,0.258238,false,USD
00k000000002688AAA,006000000000887AAA,01t000000000019AAA,650,354.85,0.0587,334.02,230652.5,217113,228.88,148772,68341,0.314772,false,USD
00k000000002689AAA,006000000000888AAA,01t000000000025AAA,1710,72,0.0505,68.36,123120,116895.6,51.29,87705.9,29189.7,0.249707,false,USD
00k000000002690AAA,006000000000888AAA,01t000000000065AAA,453,323.41,0.0624,303.23,146504.73,137363.19,228.94,103709.82,33653.37,0.244996,false,USD
00k000000002691AAA,006000000000889AAA,01t000000000035AAA,1006,378.28,0.0543,357.74,380549.68,359886.44,237.75,239176.5,120709.94,0.335411,false,USD
00k000000002692AAA,006000000000889AAA,01t000000000019AAA,895,363.59,0.1255,317.96,325413.05,284574.2,228.88,204847.6,79726.6,0.280161,false,USD
00k000000002693AAA,006000000000889AAA,01t000000000021AAA,1390,321.47,0.0892,292.79,446843.3,406978.1,239.32,332654.8,74323.3,0.182622,false,USD
00k000000002694AAA,006000000000890AAA,01t000000000073AAA,1848,214.31,0.0385,206.06,396044.88,380798.88,132.64,245118.72,135680.16,0.356304,false,USD
00k000000002695AAA,006000000000890AAA,01t000000000058AAA,1459,241.31,0.031,233.83,352071.29,341157.97,162.25,236722.75,104435.22,0.30612,false,USD
00k000000002696AAA,006000000000890AAA,01t000000000032AAA,1269,320.04,0.0552,302.37,406130.76,383707.53,193.38,245399.22,138308.31,0.360452,false,USD
00k000000002697AAA,006000000000890AAA,01t000000000013AAA,1067,325.97,0.0463,310.88,347809.99,331708.96,189.95,202676.65,129032.31,0.388993,false,USD
00k000000002698AAA,006000000000891AAA,01t000000000015AAA,219,314.86,0.0875,287.31,68954.34,62920.89,168.05,36802.95,26117.94,0.415092,false,USD
00k000000002699AAA,006000000000891AAA,01t000000000030AAA,322,153.64,0.0548,145.22,49472.08,46760.84,108.56,34956.32,11804.52,0.252445,false,USD
00k000000002700AAA,006000000000891AAA,01t000000000057AAA,458,121.86,0.0812,111.96,55811.88,51277.68,72.85,33365.3,17912.38,0.349321,false,USD
00k000000002701AAA,006000000000891AAA,01t000000000019AAA,191,353.48,0.1116,314.03,67514.68,59979.73,228.88,43716.08,16263.65,0.271152,false,USD
00k000000002702AAA,006000000000892AAA,01t000000000052AAA,3008,106.34,0.0637,99.57,319870.72,299506.56,62.85,189052.8,110453.76,0.368786,false,USD
00k000000002703AAA,006000000000892AAA,01t000000000047AAA,1703,316.11,0.1298,275.08,538335.33,468461.24,213.19,363062.57,105398.67,0.224989,false,USD
00k000000002704AAA,006000000000892AAA,01t000000000024AAA,909,322.97,0.0524,306.05,293579.73,278199.45,221.7,201525.3,76674.15,0.275609,false,USD
00k000000002705AAA,006000000000893AAA,01t000000000037AAA,267,386.46,0.0317,374.21,103184.82,99914.07,244.43,65262.81,34651.26,0.346811,false,USD
00k000000002706AAA,006000000000893AAA,01t000000000055AAA,424,237.19,0.1346,205.26,100568.56,87030.24,130.02,55128.48,31901.76,0.366559,false,USD
00k000000002707AAA,006000000000893AAA,01t000000000026AAA,337,292.86,0.0468,279.15,98693.82,94073.55,198.27,66816.99,27256.56,0.289737,false,USD
00k000000002708AAA,006000000000894AAA,01t000000000035AAA,253,372.69,0.0786,343.4,94290.57,86880.2,237.75,60150.75,26729.45,0.307659,false,USD
00k000000002709AAA,006000000000894AAA,01t000000000056AAA,482,193.78,0.0749,179.27,93401.96,86408.14,130.96,63122.72,23285.42,0.269482,false,USD
00k000000002710AAA,006000000000894AAA,01t000000000005AAA,237,375.49,0.0373,361.48,88991.13,85670.76,272.07,64480.59,21190.17,0.247344,false,USD
00k000000002711AAA,006000000000894AAA,01t000000000052AAA,1109,106.24,0.1204,93.45,117820.16,103636.05,62.85,69700.65,33935.4,0.327448,false,USD
00k000000002712AAA,006000000000895AAA,01t000000000006AAA,2851,485.99,0.0537,459.89,1385557.49,1311146.39,301.3,859006.3,452140.09,0.344843,false,USD
00k000000002713AAA,006000000000896AAA,01t000000000037AAA,1112,384.9,0.0483,366.31,428008.8,407336.72,244.43,271806.16,135530.56,0.332724,false,USD
00k000000002714AAA,006000000000896AAA,01t000000000075AAA,1009,602.58,0.0623,565.04,608003.22,570125.36,356.45,359658.05,210467.31,0.36916,false,USD
00k000000002715AAA,006000000000896AAA,01t000000000047AAA,1619,320.77,0.1171,283.21,519326.63,458516.99,213.19,345154.61,113362.38,0.247237,false,USD
00k000000002716AAA,006000000000897AAA,01t000000000050AAA,3927,76.27,0.0611,71.61,299512.29,281212.47,49.53,194504.31,86708.16,0.308337,false,USD
00k000000002717AAA,006000000000897AAA,01t000000000029AAA,996,224.07,0.0468,213.58,223173.72,212725.68,148.49,147896.04,64829.64,0.304757,false,USD
00k000000002718AAA,006000000000897AAA,01t000000000062AAA,918,195.47,0.0444,186.79,179441.46,171473.22,117.42,107791.56,63681.66,0.37138,false,USD
00k000000002719AAA,006000000000897AAA,01t000000000009AAA,913,344.68,0.0647,322.38,314692.84,294332.94,197.64,180445.32,113887.62,0.386935,false,USD
00k000000002720AAA,006000000000898AAA,01t000000000035AAA,450,390.14,0.0224,381.4,175563,171630,230.62,103779,67851,0.395333,false,USD
00k000000002721AAA,006000000000898AAA,01t000000000002AAA,790,185.21,0.0656,173.06,146315.9,136717.4,110.39,87208.1,49509.3,0.362129,false,USD
00k000000002722AAA,006000000000898AAA,01t000000000015AAA,537,302.76,0.0522,286.96,162582.12,154097.52,163.01,87536.37,66561.15,0.431942,false,USD
00k000000002723AAA,006000000000898AAA,01t000000000053AAA,382,250.18,0.0375,240.8,95568.76,91985.6,153.31,58564.42,33421.18,0.363331,false,USD
00k000000002724AAA,006000000000899AAA,01t000000000052AAA,8115,102.9,0.0822,94.44,835033.5,766380.6,62.85,510027.75,256352.85,0.334498,false,USD
00k000000002725AAA,006000000000900AAA,01t000000000028AAA,6111,192.32,0.0899,175.03,1175267.52,1069608.33,110.67,676304.37,393303.96,0.367708,false,USD
00k000000002726AAA,006000000000900AAA,01t000000000004AAA,1759,402.11,0.0905,365.72,707311.49,643301.48,267.02,469688.18,173613.3,0.269879,false,USD
00k000000002727AAA,006000000000900AAA,01t000000000025AAA,14272,76.25,0.1086,67.97,1088240,970067.84,51.29,732010.88,238056.96,0.245402,false,USD
00k000000002728AAA,006000000000901AAA,01t000000000052AAA,3125,105.51,0.0683,98.3,329718.75,307187.5,60.96,190500,116687.5,0.379858,false,USD
00k000000002729AAA,006000000000901AAA,01t000000000029AAA,1217,212.47,0.0623,199.23,258575.99,242462.91,148.49,180712.33,61750.58,0.254681,false,USD
00k000000002730AAA,006000000000901AAA,01t000000000068AAA,823,432.58,0.0597,406.75,356013.34,334755.25,294.3,242208.9,92546.35,0.27646,false,USD
00k000000002731AAA,006000000000901AAA,01t000000000019AAA,857,344.64,0.0668,321.62,295356.48,275628.34,222.01,190262.57,85365.77,0.309713,false,USD
00k000000002732AAA,006000000000902AAA,01t000000000038AAA,4236,208.65,0.0237,203.7,883841.4,862873.2,127.14,538565.04,324308.16,0.375847,false,USD
00k000000002733AAA,006000000000903AAA,01t000000000062AAA,2528,189.94,0.0809,174.57,480168.32,441312.96,121.05,306014.4,135298.56,0.306582,false,USD
00k000000002734AAA,006000000000903AAA,01t000000000004AAA,946,389.22,0.0544,368.05,368202.12,348175.3,267.02,252600.92,95574.38,0.274501,false,USD
00k000000002735AAA,006000000000904AAA,01t000000000016AAA,839,350.24,0.1067,312.87,293851.36,262497.93,212.59,178363.01,84134.92,0.320517,false,USD
00k000000002736AAA,006000000000904AAA,01t000000000039AAA,1556,126.38,0.0854,115.59,196647.28,179858.04,75.62,117664.72,62193.32,0.345791,false,USD
00k000000002737AAA,006000000000904AAA,01t000000000022AAA,685,361.14,0.0511,342.69,247380.9,234742.65,241.05,165119.25,69623.4,0.296595,false,USD
00k000000002738AAA,006000000000905AAA,01t000000000038AAA,5016,205.45,0.0753,189.98,1030537.2,952939.68,127.14,637734.24,315205.44,0.330772,false,USD
00k000000002739AAA,006000000000905AAA,01t000000000058AAA,6799,245.87,0.1254,215.04,1671670.13,1462056.96,167.27,1137268.73,324788.23,0.222145,false,USD
00k000000002740AAA,006000000000906AAA,01t000000000020AAA,118,374.91,0.0462,357.59,44239.38,42195.62,211.79,24991.22,17204.4,0.40773,false,USD
00k000000002741AAA,006000000000906AAA,01t000000000035AAA,114,388.64,0.0592,365.63,44304.96,41681.82,230.62,26290.68,15391.14,0.369253,false,USD
00k000000002742AAA,006000000000906AAA,01t000000000043AAA,315,229.78,0.0484,218.66,72380.7,68877.9,125.04,39387.6,29490.3,0.428153,false,USD
00k000000002743AAA,006000000000906AAA,01t000000000003AAA,331,207.38,0.0959,187.49,68642.78,62059.19,121.74,40295.94,21763.25,0.350685,false,USD
00k000000002744AAA,006000000000907AAA,01t000000000072AAA,702,584.46,0.0764,539.81,410290.92,378946.62,412.18,289350.36,89596.26,0.236435,false,USD
00k000000002745AAA,006000000000907AAA,01t000000000023AAA,1905,340.23,0.1119,302.16,648138.15,575614.8,222.39,423652.95,151961.85,0.263999,false,USD
00k000000002746AAA,006000000000907AAA,01t000000000064AAA,2238,232.32,0.0816,213.36,519932.16,477499.68,161.48,361392.24,116107.44,0.243157,false,USD
00k000000002747AAA,006000000000908AAA,01t000000000037AAA,467,371.41,0.0262,361.68,173448.47,168904.56,244.43,114148.81,54755.75,0.324182,false,USD
00k000000002748AAA,006000000000908AAA,01t000000000067AAA,787,208.48,0.0629,195.37,164073.76,153756.19,130.51,102711.37,51044.82,0.331985,false,USD
00k000000002749AAA,006000000000909AAA,01t000000000021AAA,575,328.26,0.0731,304.26,188749.5,174949.5,239.32,137609,37340.5,0.213436,false,USD
00k000000002750AAA,006000000000909AAA,01t000000000069AAA,513,346.5,0.0953,313.48,177754.5,160815.24,218.13,111900.69,48914.55,0.304166,false,USD
00k000000002751AAA,006000000000910AAA,01t000000000027AAA,440,411.86,0.0847,376.98,181218.4,165871.2,251.82,110800.8,55070.4,0.332007,false,USD
00k000000002752AAA,006000000000910AAA,01t000000000035AAA,420,401.11,0.0807,368.74,168466.2,154870.8,237.75,99855,55015.8,0.355237,false,USD
00k000000002753AAA,006000000000910AAA,01t000000000017AAA,876,190.25,0.0699,176.95,166659,155008.2,126.45,110770.2,44238,0.285391,false,USD
00k000000002754AAA,006000000000911AAA,01t000000000060AAA,914,245.11,0.0793,225.67,224030.54,206262.38,164.46,150316.44,55945.94,0.271237,false,USD
00k000000002755AAA,006000000000911AAA,01t000000000038AAA,953,214.14,0.0683,199.51,204075.42,190133.03,127.14,121164.42,68968.61,0.362739,false,USD
00k000000002756AAA,006000000000911AAA,01t000000000055AAA,908,236.78,0.0484,225.32,214996.24,204590.56,130.02,118058.16,86532.4,0.422954,false,USD
00k000000002757AAA,006000000000912AAA,01t000000000037AAA,1863,386.78,0.0823,354.95,720571.14,661271.85,244.43,455373.09,205898.76,0.311368,false,USD
00k000000002758AAA,006000000000913AAA,01t000000000073AAA,2294,226.34,0.0875,206.54,519223.96,473802.76,136.74,313681.56,160121.2,0.337949,false,USD
00k000000002759AAA,006000000000913AAA,01t000000000023AAA,1547,357.21,0.0834,327.42,552603.87,506518.74,222.39,344037.33,162481.41,0.320781,false,USD
00k000000002760AAA,006000000000914AAA,01t000000000014AAA,4937,123.44,0.0456,117.81,609423.28,581627.97,78.62,388146.94,193481.03,0.332654,false,USD
00k000000002761AAA,006000000000914AAA,01t000000000029AAA,3028,221.9,0.0496,210.89,671913.2,638574.92,148.49,449627.72,188947.2,0.295889,false,USD
00k000000002762AAA,006000000000914AAA,01t000000000043AAA,2726,218.72,0.0522,207.3,596230.72,565099.8,125.04,340859.04,224240.76,0.396816,false,USD
00k000000002763AAA,006000000000915AAA,01t000000000031AAA,332,391.61,0.0792,360.59,130014.52,119715.88,237.31,78786.92,40928.96,0.341884,false,USD
00k000000002764AAA,006000000000915AAA,01t000000000058AAA,735,251.71,0.0675,234.72,185006.85,172519.2,167.27,122943.45,49575.75,0.287364,false,USD
00k000000002765AAA,006000000000915AAA,01t000000000062AAA,967,196.04,0.0964,177.14,189570.68,171294.38,121.05,117055.35,54239.03,0.316642,false,USD
00k000000002766AAA,006000000000916AAA,01t000000000033AAA,857,400.44,0.0546,378.58,343177.08,324443.06,280.14,240079.98,84363.08,0.260024,false,USD
00k000000002767AAA,006000000000916AAA,01t000000000008AAA,2575,259.34,0.1016,232.99,667800.5,599949.25,179.17,461362.75,138586.5,0.230997,false,USD
00k000000002768AAA,006000000000916AAA,01t000000000006AAA,1233,483.73,0.1013,434.73,596439.09,536022.09,301.3,371502.9,164519.19,0.306926,false,USD
00k000000002769AAA,006000000000916AAA,01t000000000037AAA,1343,354.66,0.0409,340.15,476308.38,456821.45,244.43,328269.49,128551.96,0.281405,false,USD
00k000000002770AAA,006000000000917AAA,01t000000000047AAA,1276,310.98,0.1545,262.93,396810.48,335498.68,213.19,272030.44,63468.24,0.189176,false,USD
00k000000002771AAA,006000000000917AAA,01t000000000039AAA,2263,116.59,0.0249,113.69,263843.17,257280.47,75.62,171128.06,86152.41,0.334858,false,USD
00k000000002772AAA,006000000000917AAA,01t000000000042AAA,1342,275.7,0.104,247.03,369989.4,331514.26,174.39,234031.38,97482.88,0.294053,false,USD
00k000000002773AAA,006000000000917AAA,01t000000000050AAA,5972,78.19,0.0846,71.58,466950.68,427475.76,51.06,304930.32,122545.44,0.286672,false,USD
00k000000002774AAA,006000000000917AAA,01t000000000022AAA,1367,356.84,0.0794,328.51,487800.28,449073.17,241.05,329515.35,119557.82,0.266232,false,USD
00k000000002775AAA,006000000000918AAA,01t000000000003AAA,2059,202.33,0.1112,179.83,416597.47,370269.97,125.5,258404.5,111865.47,0.302119,false,USD
00k000000002776AAA,006000000000918AAA,01t000000000015AAA,1425,311.92,0.0739,288.87,444486,411639.75,168.05,239471.25,172168.5,0.41825,false,USD
00k000000002777AAA,006000000000919AAA,01t000000000041AAA,415,257.42,0.0202,252.22,106829.3,104671.3,152.9,63453.5,41217.8,0.393783,false,USD
00k000000002778AAA,006000000000919AAA,01t000000000033AAA,299,396.44,0.1089,353.27,118535.56,105627.73,280.14,83761.86,21865.87,0.207009,false,USD
00k000000002779AAA,006000000000919AAA,01t000000000054AAA,689,133.18,0.0702,123.83,91761.02,85318.87,80.43,55416.27,29902.6,0.35048,false,USD
00k000000002780AAA,006000000000919AAA,01t000000000006AAA,320,450.95,0.0339,435.66,144304,139411.2,301.3,96416,42995.2,0.308406,false,USD
00k000000002781AAA,006000000000920AAA,01t000000000020AAA,908,385.86,0.0894,351.36,350360.88,319034.88,218.34,198252.72,120782.16,0.378586,false,USD
00k000000002782AAA,006000000000920AAA,01t000000000048AAA,1505,417.17,0.0801,383.75,627840.85,577543.75,264.11,397485.55,180058.2,0.311765,false,USD
00k000000002783AAA,006000000000920AAA,01t000000000024AAA,1255,328.02,0.1067,293.02,411665.1,367740.1,221.7,278233.5,89506.6,0.243396,false,USD
00k000000002784AAA,006000000000921AAA,01t000000000047AAA,352,325.62,0.0536,308.17,114618.24,108475.84,213.19,75042.88,33432.96,0.308207,false,USD
00k000000002785AAA,006000000000921AAA,01t000000000068AAA,172,430.08,0.1009,386.68,73973.76,66508.96,303.4,52184.8,14324.16,0.215372,false,USD
00k000000002786AAA,006000000000921AAA,01t000000000057AAA,881,130.53,0.0775,120.41,114996.93,106081.21,72.85,64180.85,41900.36,0.394984,false,USD
00k000000002787AAA,006000000000921AAA,01t000000000013AAA,199,332.24,0.0551,313.93,66115.76,62472.07,195.82,38968.18,23503.89,0.37623,false,USD
00k000000002788AAA,006000000000922AAA,01t000000000016AAA,413,363.33,0.106,324.82,150055.29,134150.66,212.59,87799.67,46350.99,0.345514,false,USD
00k000000002789AAA,006000000000922AAA,01t000000000046AAA,1232,82.83,0.1129,73.48,102046.56,90527.36,53.15,65480.8,25046.56,0.276674,false,USD
00k000000002790AAA,006000000000923AAA,01t000000000045AAA,8182,105.14,0.1186,92.67,860255.48,758225.94,59.87,489856.34,268369.6,0.353944,false,USD
00k000000002791AAA,006000000000924AAA,01t000000000034AAA,551,235.03,0.1392,202.31,129501.53,111472.81,148.57,81862.07,29610.74,0.265632,false,USD
00k000000002792AAA,006000000000924AAA,01t000000000071AAA,183,440.65,0.0465,420.16,80638.95,76889.28,299.11,54737.13,22152.15,0.288105,false,USD
00k000000002793AAA,006000000000924AAA,01t000000000044AAA,323,394.92,0.1007,355.15,127559.16,114713.45,243.46,78637.58,36075.87,0.314487,false,USD
00k000000002794AAA,006000000000925AAA,01t000000000008AAA,320,269.72,0.0548,254.94,86310.4,81580.8,179.17,57334.4,24246.4,0.297207,false,USD
00k000000002795AAA,006000000000925AAA,01t000000000019AAA,163,344.12,0.0855,314.7,56091.56,51296.1,228.88,37307.44,13988.66,0.272704,false,USD
00k000000002796AAA,006000000000925AAA,01t000000000020AAA,276,381.37,0.0914,346.51,105258.12,95636.76,218.34,60261.84,35374.92,0.369888,false,USD
00k000000002797AAA,006000000000925AAA,01t000000000014AAA,830,120.01,0.1093,106.89,99608.3,88718.7,81.05,67271.5,21447.2,0.241744,false,USD
00k000000002798AAA,006000000000926AAA,01t000000000048AAA,263,398.22,0.0995,358.6,104731.86,94311.8,264.11,69460.93,24850.87,0.263497,false,USD
00k000000002799AAA,006000000000926AAA,01t000000000053AAA,692,236,0.0617,221.44,163312,153236.48,158.05,109370.6,43865.88,0.286263,false,USD
00k000000002800AAA,006000000000927AAA,01t000000000063AAA,477,463.2,0.0918,420.68,220946.4,200664.36,264.31,126075.87,74588.49,0.371708,false,USD
00k000000002801AAA,006000000000927AAA,01t000000000018AAA,1549,149.87,0.095,135.63,232148.63,210090.87,92.07,142616.43,67474.44,0.321168,false,USD
00k000000002802AAA,006000000000928AAA,01t000000000053AAA,3239,235.15,0.0392,225.93,761650.85,731787.27,158.05,511923.95,219863.32,0.300447,false,USD
00k000000002803AAA,006000000000928AAA,01t000000000003AAA,3382,205.96,0.0292,199.95,696556.72,676230.9,125.5,424441,251789.9,0.372343,false,USD
00k000000002804AAA,006000000000929AAA,01t000000000038AAA,2060,214.64,0.0623,201.27,442158.4,414616.2,127.14,261908.4,152707.8,0.368311,false,USD
00k000000002805AAA,006000000000929AAA,01t000000000029AAA,1710,228.65,0.0911,207.82,390991.5,355372.2,153.08,261766.8,93605.4,0.263401,false,USD
00k000000002806AAA,006000000000930AAA,01t000000000016AAA,2368,366.77,0.0407,351.84,868511.36,833157.12,212.59,503413.12,329744,0.395776,false,USD
00k000000002807AAA,006000000000931AAA,01t000000000064AAA,244,233.74,0.0663,218.24,57032.56,53250.56,161.48,39401.12,13849.44,0.260081,false,USD
00k000000002808AAA,006000000000931AAA,01t000000000021AAA,250,323.89,0.1109,287.97,80972.5,71992.5,239.32,59830,12162.5,0.168941,false,USD
00k000000002809AAA,006000000000931AAA,01t000000000070AAA,121,599.98,0.0303,581.8,72597.58,70397.8,339.31,41056.51,29341.29,0.416793,false,USD
00k000000002810AAA,006000000000931AAA,01t000000000056AAA,447,209.03,0.0327,202.19,93436.41,90378.93,130.96,58539.12,31839.81,0.352292,false,USD
00k000000002811AAA,006000000000932AAA,01t000000000060AAA,1154,249.5,0.0621,234.01,287923,270047.54,164.46,189786.84,80260.7,0.29721,false,USD
00k000000002812AAA,006000000000932AAA,01t000000000008AAA,1220,267.27,0.1284,232.95,326069.4,284199,179.17,218587.4,65611.6,0.230865,false,USD
00k000000002813AAA,006000000000932AAA,01t000000000001AAA,757,339.97,0.0917,308.79,257357.29,233754.03,209.3,158440.1,75313.93,0.322193,false,USD
00k000000002814AAA,006000000000933AAA,01t000000000006AAA,1021,454.92,0.0807,418.21,464473.32,426992.41,301.3,307627.3,119365.11,0.279549,false,USD
00k000000002815AAA,006000000000933AAA,01t000000000061AAA,1657,205.4,0.0487,195.4,340347.8,323777.8,138.34,229229.38,94548.42,0.292016,false,USD
00k000000002816AAA,006000000000934AAA,01t000000000022AAA,877,361.5,0.0203,354.16,317035.5,310598.32,241.05,211400.85,99197.47,0.319375,false,USD
00k000000002817AAA,006000000000935AAA,01t000000000038AAA,729,208.55,0.056,196.87,152032.95,143518.23,127.14,92685.06,50833.17,0.354193,false,USD
00k000000002818AAA,006000000000935AAA,01t000000000048AAA,365,406.47,0.0233,397,148361.55,144905,264.11,96400.15,48504.85,0.334736,false,USD
00k000000002819AAA,006000000000935AAA,01t000000000052AAA,1470,105.27,0.0825,96.59,154746.9,141987.3,62.85,92389.5,49597.8,0.349312,false,USD
00k000000002820AAA,006000000000935AAA,01t000000000027AAA,382,412.55,0.0912,374.93,157594.1,143223.26,251.82,96195.24,47028.02,0.328355,false,USD
00k000000002821AAA,006000000000935AAA,01t000000000045AAA,1056,103.59,0.0876,94.52,109391.04,99813.12,59.87,63222.72,36590.4,0.366589,false,USD
00k000000002822AAA,006000000000936AAA,01t000000000056AAA,1165,201.12,0.0435,192.37,234304.8,224111.05,130.96,152568.4,71542.65,0.319229,false,USD
00k000000002823AAA,006000000000936AAA,01t000000000026AAA,1087,293.38,0.0639,274.63,318904.06,298522.81,198.27,215519.49,83003.32,0.278047,false,USD
00k000000002824AAA,006000000000937AAA,01t000000000071AAA,304,467.72,0.04,449.01,142186.88,136499.04,299.11,90929.44,45569.6,0.333846,false,USD
00k000000002825AAA,006000000000937AAA,01t000000000044AAA,352,402.65,0.0863,367.9,141732.8,129500.8,243.46,85697.92,43802.88,0.338244,false,USD
00k000000002826AAA,006000000000937AAA,01t000000000062AAA,459,208.47,0.047,198.67,95687.73,91189.53,121.05,55561.95,35627.58,0.390698,false,USD
00k000000002827AAA,006000000000938AAA,01t000000000040AAA,2231,230.9,0.1002,207.76,515137.9,463512.56,142.61,318162.91,145349.65,0.313583,false,USD
00k000000002828AAA,006000000000938AAA,01t000000000027AAA,1332,421.43,0.083,386.45,561344.76,514751.4,251.82,335424.24,179327.16,0.348376,false,USD
00k000000002829AAA,006000000000938AAA,01t000000000016AAA,1097,367.59,0.1049,329.03,403246.23,360945.91,212.59,233211.23,127734.68,0.353889,false,USD
00k000000002830AAA,006000000000939AAA,01t000000000040AAA,1950,220.51,0.1019,198.04,429994.5,386178,142.61,278089.5,108088.5,0.279893,false,USD
00k000000002831AAA,006000000000939AAA,01t000000000027AAA,612,402.72,0.0793,370.78,246464.64,226917.36,251.82,154113.84,72803.52,0.320837,false,USD
00k000000002832AAA,006000000000939AAA,01t000000000037AAA,781,385.92,0.0474,367.63,301403.52,287119.03,244.43,190899.83,96219.2,0.33512,false,USD
00k000000002833AAA,006000000000939AAA,01t000000000056AAA,1164,205.67,0.0208,201.39,239399.88,234417.96,130.96,152437.44,81980.52,0.349719,false,USD
00k000000002834AAA,006000000000939AAA,01t000000000005AAA,1044,383.19,0.0616,359.59,400050.36,375411.96,272.07,284041.08,91370.88,0.243388,false,USD
00k000000002835AAA,006000000000940AAA,01t000000000029AAA,1278,228.06,0.0652,213.19,291460.68,272456.82,153.08,195636.24,76820.58,0.281955,false,USD
00k000000002836AAA,006000000000941AAA,01t000000000016AAA,401,350.96,0.0531,332.32,140734.96,133260.32,212.59,85248.59,48011.73,0.360285,false,USD
00k000000002837AAA,006000000000941AAA,01t000000000043AAA,792,225.81,0.0571,212.92,178841.52,168632.64,128.91,102096.72,66535.92,0.394561,false,USD
00k000000002838AAA,006000000000942AAA,01t000000000038AAA,6470,207.91,0.0609,195.25,1345177.7,1263267.5,127.14,822595.8,440671.7,0.348835,false,USD
00k000000002839AAA,006000000000943AAA,01t000000000012AAA,716,400.51,0.0019,399.75,286765.16,286221,249.67,178763.72,107457.28,0.375435,false,USD
00k000000002840AAA,006000000000943AAA,01t000000000013AAA,1487,325.02,0.0509,308.48,483304.74,458709.76,195.82,291184.34,167525.42,0.36521,false,USD
00k000000002841AAA,006000000000944AAA,01t000000000038AAA,1602,211.28,0.0466,201.43,338470.56,322690.86,127.14,203678.28,119012.58,0.368813,false,USD
00k000000002842AAA,006000000000944AAA,01t000000000004AAA,1346,397.89,0.0871,363.23,535559.94,488907.58,267.02,359408.92,129498.66,0.264873,false,USD
00k000000002843AAA,006000000000945AAA,01t000000000033AAA,565,432.09,0.0646,404.18,244130.85,228361.7,280.14,158279.1,70082.6,0.306893,false,USD
00k000000002844AAA,006000000000945AAA,01t000000000051AAA,4567,69.26,0.0257,67.48,316310.42,308181.16,51.08,233282.36,74898.8,0.243035,false,USD
00k000000002845AAA,006000000000945AAA,01t000000000020AAA,618,377.47,0.126,329.91,233276.46,203884.38,218.34,134934.12,68950.26,0.338183,false,USD
00k000000002846AAA,006000000000946AAA,01t000000000020AAA,858,387.22,0.0797,356.36,332234.76,305756.88,218.34,187335.72,118421.16,0.387305,false,USD
00k000000002847AAA,006000000000946AAA,01t000000000070AAA,521,583.11,0.0536,551.86,303800.31,287519.06,339.31,176780.51,110738.55,0.385152,false,USD
00k000000002848AAA,006000000000946AAA,01t000000000009AAA,986,354.43,0.112,314.73,349467.98,310323.78,203.75,200897.5,109426.28,0.35262,false,USD
00k000000002849AAA,006000000000946AAA,01t000000000026AAA,676,301.88,0.1069,269.61,204070.88,182256.36,198.27,134030.52,48225.84,0.264604,false,USD
00k000000002850AAA,006000000000946AAA,01t000000000048AAA,572,401.09,0.089,365.39,229423.48,209003.08,264.11,151070.92,57932.16,0.277183,false,USD
00k000000002851AAA,006000000000947AAA,01t000000000019AAA,157,354.62,0.0436,339.16,55675.34,53248.12,228.88,35934.16,17313.96,0.325156,false,USD
00k000000002852AAA,006000000000947AAA,01t000000000060AAA,225,239.54,0.0813,220.07,53896.5,49515.75,164.46,37003.5,12512.25,0.252692,false,USD
00k000000002853AAA,006000000000947AAA,01t000000000047AAA,215,333.1,0.1266,290.93,71616.5,62549.95,213.19,45835.85,16714.1,0.267212,false,USD
00k000000002854AAA,006000000000947AAA,01t000000000045AAA,694,102.56,0.0718,95.2,71176.64,66068.8,59.87,41549.78,24519.02,0.371113,false,USD
00k000000002855AAA,006000000000948AAA,01t000000000003AAA,1515,202.35,0.0798,186.2,306560.25,282093,121.74,184436.1,97656.9,0.346187,false,USD
00k000000002856AAA,006000000000948AAA,01t000000000052AAA,3285,105.14,0.0893,95.75,345384.9,314538.75,60.96,200253.6,114285.15,0.363342,false,USD
00k000000002857AAA,006000000000948AAA,01t000000000018AAA,2850,151.33,0.0573,142.66,431290.5,406581,89.31,254533.5,152047.5,0.373966,false,USD
00k000000002858AAA,006000000000948AAA,01t000000000050AAA,5561,79.32,0.0745,73.41,441098.52,408233.01,49.53,275436.33,132796.68,0.325296,false,USD
00k000000002859AAA,006000000000949AAA,01t000000000003AAA,556,210,0.0726,194.75,116760,108281,125.5,69778,38503,0.355584,false,USD
00k000000002860AAA,006000000000949AAA,01t000000000033AAA,269,406.45,0.0803,373.81,109335.05,100554.89,280.14,75357.66,25197.23,0.250582,false,USD
00k000000002861AAA,006000000000949AAA,01t000000000011AAA,268,303.98,0.0902,276.56,81466.64,74118.08,204.74,54870.32,19247.76,0.25969,false,USD
00k000000002862AAA,006000000000950AAA,01t000000000059AAA,469,208.49,0.0145,205.47,97781.81,96365.43,132.18,61992.42,34373.01,0.356694,false,USD
00k000000002863AAA,006000000000950AAA,01t000000000006AAA,223,468.97,0.0499,445.57,104580.31,99362.11,292.26,65173.98,34188.13,0.344076,false,USD
00k000000002864AAA,006000000000950AAA,01t000000000023AAA,265,346.53,0.0371,333.67,91830.45,88422.55,215.72,57165.8,31256.75,0.353493,false,USD
00k000000002865AAA,006000000000950AAA,01t000000000042AAA,281,268.22,0.0374,258.19,75369.82,72551.39,169.16,47533.96,25017.43,0.344824,false,USD
00k000000002866AAA,006000000000950AAA,01t000000000031AAA,147,383.82,0.0337,370.89,56421.54,54520.83,230.19,33837.93,20682.9,0.379358,false,USD
00k000000002867AAA,006000000000951AAA,01t000000000049AAA,259,364.16,0.0865,332.66,94317.44,86158.94,244.93,63436.87,22722.07,0.263723,false,USD
00k000000002868AAA,006000000000951AAA,01t000000000029AAA,330,219.81,0.0617,206.25,72537.3,68062.5,153.08,50516.4,17546.1,0.257794,false,USD
00k000000002869AAA,006000000000951AAA,01t000000000043AAA,436,211.69,0.0508,200.94,92296.84,87609.84,128.91,56204.76,31405.08,0.358465,false,USD
00k000000002870AAA,006000000000952AAA,01t000000000053AAA,1706,241.28,0.0579,227.31,411623.68,387790.86,153.31,261546.86,126244,0.325547,false,USD
00k000000002871AAA,006000000000952AAA,01t000000000029AAA,2236,225.81,0.0781,208.17,504911.16,465468.12,148.49,332023.64,133444.48,0.286689,false,USD
00k000000002872AAA,006000000000952AAA,01t000000000009AAA,1315,349.84,0.0454,333.96,460039.6,439157.4,197.64,259896.6,179260.8,0.408193,false,USD
00k000000002873AAA,006000000000952AAA,01t000000000024AAA,1306,314.32,0.0415,301.28,410501.92,393471.68,215.05,280855.3,112616.38,0.286212,false,USD
00k000000002874AAA,006000000000952AAA,01t000000000050AAA,5949,77,0.0603,72.36,458073,430469.64,49.53,294653.97,135815.67,0.315506,false,USD
00k000000002875AAA,006000000000953AAA,01t000000000004AAA,1427,407.31,0.0903,370.53,581231.37,528746.31,267.02,381037.54,147708.77,0.279357,false,USD
00k000000002876AAA,006000000000953AAA,01t000000000028AAA,3707,200.76,0.0773,185.24,744217.32,686684.68,110.67,410253.69,276430.99,0.402559,false,USD
00k000000002877AAA,006000000000953AAA,01t000000000060AAA,1848,245.93,0.0826,225.62,454478.64,416945.76,164.46,303922.08,113023.68,0.271075,false,USD
00k000000002878AAA,006000000000954AAA,01t000000000032AAA,432,338.86,0.0456,323.41,146387.52,139713.12,199.36,86123.52,53589.6,0.383569,false,USD
00k000000002879AAA,006000000000954AAA,01t000000000064AAA,474,240.08,0.0721,222.77,113797.92,105592.98,161.48,76541.52,29051.46,0.275127,false,USD
00k000000002880AAA,006000000000955AAA,01t000000000061AAA,466,200.65,0.0901,182.57,93502.9,85077.62,138.34,64466.44,20611.18,0.242263,false,USD
00k000000002881AAA,006000000000955AAA,01t000000000004AAA,356,403.31,0.024,393.63,143578.36,140132.28,267.02,95059.12,45073.16,0.321647,false,USD
00k000000002882AAA,006000000000955AAA,01t000000000010AAA,292,437.41,0.0751,404.56,127723.72,118131.52,280.72,81970.24,36161.28,0.30611,false,USD
00k000000002883AAA,006000000000955AAA,01t000000000005AAA,392,370.28,0.0766,341.92,145149.76,134032.64,272.07,106651.44,27381.2,0.204288,false,USD
00k000000002884AAA,006000000000956AAA,01t000000000073AAA,598,221.16,0.0379,212.78,132253.68,127242.44,136.74,81770.52,45471.92,0.357364,false,USD
00k000000002885AAA,006000000000956AAA,01t000000000053AAA,281,243.05,0.0503,230.82,68297.05,64860.42,158.05,44412.05,20448.37,0.315267,false,USD
00k000000002886AAA,006000000000956AAA,01t000000000034AAA,345,237.11,0.0538,224.35,81802.95,77400.75,148.57,51256.65,26144.1,0.337776,false,USD
00k000000002887AAA,006000000000956AAA,01t000000000037AAA,282,362.78,0.0689,337.78,102303.96,95253.96,244.43,68929.26,26324.7,0.276363,false,USD
00k000000002888AAA,006000000000957AAA,01t000000000029AAA,509,228.46,0.0392,219.5,116286.14,111725.5,153.08,77917.72,33807.78,0.302597,false,USD
00k000000002889AAA,006000000000957AAA,01t000000000037AAA,373,363.32,0.0458,346.68,135518.36,129311.64,244.43,91172.39,38139.25,0.294941,false,USD
00k000000002890AAA,006000000000958AAA,01t000000000007AAA,375,198.16,0.0952,179.3,74310,67237.5,120.99,45371.25,21866.25,0.325209,false,USD
00k000000002891AAA,006000000000958AAA,01t000000000002AAA,382,177,0.0669,165.16,67614,63091.12,113.8,43471.6,19619.52,0.310971,false,USD
00k000000002892AAA,006000000000959AAA,01t000000000027AAA,94,420.4,0.0795,386.98,39517.6,36376.12,251.82,23671.08,12705.04,0.349269,false,USD
00k000000002893AAA,006000000000959AAA,01t000000000010AAA,110,437.15,0.0362,421.33,48086.5,46346.3,280.72,30879.2,15467.1,0.333729,false,USD
00k000000002894AAA,006000000000959AAA,01t000000000009AAA,86,342.55,0.0369,329.91,29459.3,28372.26,203.75,17522.5,10849.76,0.382407,false,USD
00k000000002895AAA,006000000000960AAA,01t000000000062AAA,1590,199.5,0.0747,184.6,317205,293514,121.05,192469.5,101044.5,0.344258,false,USD
00k000000002896AAA,006000000000960AAA,01t000000000025AAA,4255,76.42,0.0697,71.09,325167.1,302487.95,51.29,218238.95,84249,0.27852,false,USD
00k000000002897AAA,006000000000960AAA,01t000000000059AAA,1560,207.44,0.1006,186.57,323606.4,291049.2,136.27,212581.2,78468,0.269604,false,USD
00k000000002898AAA,006000000000960AAA,01t000000000014AAA,2386,119.19,0.1261,104.16,284387.34,248525.76,81.05,193385.3,55140.46,0.22187,false,USD
00k000000002899AAA,006000000000961AAA,01t000000000044AAA,546,408.99,0.0833,374.92,223308.54,204706.32,236.16,128943.36,75762.96,0.370106,false,USD
00k000000002900AAA,006000000000961AAA,01t000000000018AAA,2748,153.31,0.0889,139.68,421295.88,383840.64,89.31,245423.88,138416.76,0.36061,false,USD
00k000000002901AAA,006000000000961AAA,01t000000000028AAA,1281,194.63,0.0662,181.75,249321.03,232821.75,107.35,137515.35,95306.4,0.409354,false,USD
00k000000002902AAA,006000000000961AAA,01t000000000060AAA,1453,261.09,0.0795,240.33,379363.77,349199.49,159.53,231797.09,117402.4,0.336204,false,USD
00k000000002903AAA,006000000000962AAA,01t000000000020AAA,653,377.16,0.0702,350.68,246285.48,228994.04,218.34,142576.02,86418.02,0.377381,false,USD
00k000000002904AAA,006000000000962AAA,01t000000000067AAA,885,201.4,0.0415,193.04,178239,170840.4,130.51,115501.35,55339.05,0.323923,false,USD
00k000000002905AAA,006000000000962AAA,01t000000000038AAA,1105,213.86,0.0793,196.9,236315.3,217574.5,127.14,140489.7,77084.8,0.354292,false,USD
00k000000002906AAA,006000000000963AAA,01t000000000068AAA,262,462.95,0.0756,427.95,121292.9,112122.9,294.3,77106.6,35016.3,0.312303,false,USD
00k000000002907AAA,006000000000963AAA,01t000000000031AAA,303,381.18,0.0387,366.43,115497.54,111028.29,230.19,69747.57,41280.72,0.371804,false,USD
00k000000002908AAA,006000000000963AAA,01t000000000044AAA,305,411.43,0.0533,389.5,125486.15,118797.5,236.16,72028.8,46768.7,0.393684,false,USD
00k000000002909AAA,006000000000963AAA,01t000000000052AAA,1367,111.52,0.0696,103.76,152447.84,141839.92,60.96,83332.32,58507.6,0.41249,false,USD
00k000000002910AAA,006000000000964AAA,01t000000000038AAA,2567,222.29,0.0307,215.47,570618.43,553111.49,127.14,326368.38,226743.11,0.409941,false,USD
00k000000002911AAA,006000000000964AAA,01t000000000034AAA,1797,240.52,0.0679,224.19,432214.44,402869.43,148.57,266980.29,135889.14,0.337303,false,USD
00k000000002912AAA,006000000000965AAA,01t000000000029AAA,235,231.03,0.0081,229.16,54292.05,53852.6,153.08,35973.8,17878.8,0.331995,false,USD
00k000000002913AAA,006000000000965AAA,01t000000000027AAA,133,404.44,0.0359,389.92,53790.52,51859.36,251.82,33492.06,18367.3,0.354175,false,USD
00k000000002914AAA,006000000000965AAA,01t000000000008AAA,333,282.79,0.0294,274.48,94169.07,91401.84,179.17,59663.61,31738.23,0.347238,false,USD
00k000000002915AAA,006000000000965AAA,01t000000000036AAA,468,142.98,0.1079,127.55,66914.64,59693.4,95.18,44544.24,15149.16,0.253783,false,USD
00k000000002916AAA,006000000000966AAA,01t000000000022AAA,1437,348.3,0.1079,310.72,500507.1,446504.64,241.05,346388.85,100115.79,0.224221,false,USD
00k000000002917AAA,006000000000966AAA,01t000000000023AAA,824,337.19,0.0397,323.8,277844.56,266811.2,222.39,183249.36,83561.84,0.313187,false,USD
00k000000002918AAA,006000000000966AAA,01t000000000037AAA,1427,360.34,0.0688,335.55,514205.18,478829.85,244.43,348801.61,130028.24,0.271554,false,USD
00k000000002919AAA,006000000000967AAA,01t000000000062AAA,1091,193.03,0.045,184.34,210595.73,201114.94,121.05,132065.55,69049.39,0.343333,false,USD
00k000000002920AAA,006000000000967AAA,01t000000000053AAA,629,234.53,0.1007,210.91,147519.37,132662.39,158.05,99413.45,33248.94,0.250628,false,USD
00k000000002921AAA,006000000000968AAA,01t000000000022AAA,377,369.27,0.0548,349.03,139214.79,131584.31,241.05,90875.85,40708.46,0.309372,false,USD
00k000000002922AAA,006000000000968AAA,01t000000000056AAA,518,201.39,0.0717,186.95,104320.02,96840.1,130.96,67837.28,29002.82,0.299492,false,USD
00k000000002923AAA,006000000000968AAA,01t000000000046AAA,1143,81.76,0.0291,79.38,93451.68,90731.34,53.15,60750.45,29980.89,0.330436,false,USD
00k000000002924AAA,006000000000968AAA,01t000000000014AAA,636,121.38,0.0611,113.96,77197.68,72478.56,81.05,51547.8,20930.76,0.288786,false,USD
00k000000002925AAA,006000000000969AAA,01t000000000058AAA,373,239.35,0.0684,222.98,89277.55,83171.54,162.25,60519.25,22652.29,0.272356,false,USD
00k000000002926AAA,006000000000969AAA,01t000000000014AAA,1333,120.46,0.0677,112.3,160573.18,149695.9,78.62,104800.46,44895.44,0.299911,false,USD
00k000000002927AAA,006000000000969AAA,01t000000000029AAA,596,222.17,0.0347,214.46,132413.32,127818.16,148.49,88500.04,39318.12,0.30761,false,USD
00k000000002928AAA,006000000000969AAA,01t000000000063AAA,235,455.63,0.0825,418.04,107073.05,98239.4,256.38,60249.3,37990.1,0.386709,false,USD
00k000000002929AAA,006000000000969AAA,01t000000000009AAA,265,339.39,0.0738,314.34,89938.35,83300.1,197.64,52374.6,30925.5,0.371254,false,USD
00k000000002930AAA,006000000000970AAA,01t000000000037AAA,1473,361.37,0.0746,334.41,532298.01,492585.93,244.43,360045.39,132540.54,0.269071,false,USD
00k000000002931AAA,006000000000970AAA,01t000000000024AAA,993,321.36,0.085,294.04,319110.48,291981.72,221.7,220148.1,71833.62,0.246021,false,USD
00k000000002932AAA,006000000000971AAA,01t000000000021AAA,1252,321.49,0.0889,292.91,402505.48,366723.32,239.32,299628.64,67094.68,0.182957,false,USD
00k000000002933AAA,006000000000971AAA,01t000000000037AAA,821,368.87,0.0395,354.3,302842.27,290880.3,244.43,200677.03,90203.27,0.310104,false,USD
00k000000002934AAA,006000000000971AAA,01t000000000035AAA,906,382.92,0.0604,359.79,346925.52,325969.74,237.75,215401.5,110568.24,0.339198,false,USD
00k000000002935AAA,006000000000971AAA,01t000000000070AAA,661,616.52,0.0763,569.48,407519.72,376426.28,339.31,224283.91,152142.37,0.404176,false,USD
00k000000002936AAA,006000000000972AAA,01t000000000067AAA,1347,205.36,0.0861,187.68,276619.92,252804.96,130.51,175796.97,77007.99,0.304614,false,USD
00k000000002937AAA,006000000000972AAA,01t000000000047AAA,929,315.36,0.0884,287.48,292969.44,267068.92,213.19,198053.51,69015.41,0.258418,false,USD
00k000000002938AAA,006000000000972AAA,01t000000000031AAA,803,380.86,0.0696,354.35,305830.58,284543.05,237.31,190559.93,93983.12,0.330295,false,USD
00k000000002939AAA,006000000000973AAA,01t000000000038AAA,1488,213.78,0.0729,198.2,318104.64,294921.6,127.14,189184.32,105737.28,0.358527,false,USD
00k000000002940AAA,006000000000973AAA,01t000000000045AAA,3340,106.9,0.0193,104.84,357046,350165.6,59.87,199965.8,150199.8,0.428939,false,USD
00k000000002941AAA,006000000000974AAA,01t000000000020AAA,684,381.43,0.0938,345.65,260898.12,236424.6,218.34,149344.56,87080.04,0.368321,false,USD
00k000000002942AAA,006000000000975AAA,01t000000000067AAA,2786,197.81,0.0952,178.98,551098.66,498638.28,130.51,363600.86,135037.42,0.270812,false,USD
00k000000002943AAA,006000000000975AAA,01t000000000047AAA,1298,315.26,0.069,293.51,409207.48,380975.98,213.19,276720.62,104255.36,0.273653,false,USD
00k000000002944AAA,006000000000976AAA,01t000000000013AAA,4367,327.27,0.0956,295.98,1429188.09,1292544.66,195.82,855145.94,437398.72,0.338401,false,USD
00k000000002945AAA,006000000000977AAA,01t000000000046AAA,2905,84.14,0.0874,76.79,244426.7,223074.95,53.15,154400.75,68674.2,0.307853,false,USD
00k000000002946AAA,006000000000977AAA,01t000000000052AAA,1775,108.6,0.025,105.89,192765,187954.75,62.85,111558.75,76396,0.40646,false,USD
00k000000002947AAA,006000000000977AAA,01t000000000009AAA,630,361.67,0.0408,346.91,227852.1,218553.3,203.75,128362.5,90190.8,0.412672,false,USD
00k000000002948AAA,006000000000978AAA,01t000000000024AAA,370,328.51,0.0558,310.18,121548.7,114766.6,221.7,82029,32737.6,0.285254,false,USD
00k000000002949AAA,006000000000978AAA,01t000000000018AAA,647,148.13,0.0345,143.02,95840.11,92533.94,92.07,59569.29,32964.65,0.356244,false,USD
00k000000002950AAA,006000000000978AAA,01t000000000039AAA,813,121.88,0.0863,111.36,99088.44,90535.68,75.62,61479.06,29056.62,0.320941,false,USD
00k000000002951AAA,006000000000979AAA,01t000000000038AAA,933,214.46,0.0767,198.01,200091.18,184743.33,127.14,118621.62,66121.71,0.357911,false,USD
00k000000002952AAA,006000000000979AAA,01t000000000018AAA,1783,156.03,0.0301,151.33,278201.49,269821.39,92.07,164160.81,105660.58,0.391595,false,USD
00k000000002953AAA,006000000000979AAA,01t000000000033AAA,594,418.44,0.078,385.8,248553.36,229165.2,280.14,166403.16,62762.04,0.273872,false,USD
00k000000002954AAA,006000000000980AAA,01t000000000070AAA,2376,574.49,0.0188,563.69,1364988.24,1339327.44,339.31,806200.56,533126.88,0.398056,false,USD
00k000000002955AAA,006000000000981AAA,01t000000000047AAA,769,313.58,0.0494,298.09,241143.02,229231.21,206.79,159021.51,70209.7,0.306283,false,USD
00k000000002956AAA,006000000000981AAA,01t000000000026AAA,1092,299.2,0.0789,275.59,326726.4,300944.28,192.32,210013.44,90930.84,0.302152,false,USD
00k000000002957AAA,006000000000981AAA,01t000000000062AAA,872,197.06,0.0252,192.09,171836.32,167502.48,117.42,102390.24,65112.24,0.388724,false,USD
00k000000002958AAA,006000000000981AAA,01t000000000031AAA,483,370.76,0.0275,360.56,179077.08,174150.48,230.19,111181.77,62968.71,0.361576,false,USD
00k000000002959AAA,006000000000982AAA,01t000000000024AAA,419,324.7,0.0393,311.94,136049.3,130702.86,221.7,92892.3,37810.56,0.289286,false,USD
00k000000002960AAA,006000000000982AAA,01t000000000047AAA,515,318.84,0.0723,295.79,164202.6,152331.85,213.19,109792.85,42539,0.279252,false,USD
00k000000002961AAA,006000000000982AAA,01t000000000043AAA,712,216.34,0.1298,188.26,154034.08,134041.12,128.91,91783.92,42257.2,0.315255,false,USD
00k000000002962AAA,006000000000982AAA,01t000000000064AAA,589,242.51,0.0511,230.12,142838.39,135540.68,161.48,95111.72,40428.96,0.298279,false,USD
00k000000002963AAA,006000000000983AAA,01t000000000057AAA,3040,122.46,0.086,111.93,372278.4,340267.2,72.85,221464,118803.2,0.349147,false,USD
00k000000002964AAA,006000000000983AAA,01t000000000054AAA,2186,139.57,0.0637,130.68,305100.02,285666.48,80.43,175819.98,109846.5,0.384527,false,USD
00k000000002965AAA,006000000000983AAA,01t000000000005AAA,1003,373.05,0.0386,358.65,374169.15,359725.95,272.07,272886.21,86839.74,0.241405,false,USD
00k000000002966AAA,006000000000983AAA,01t000000000056AAA,1128,202.13,0.0615,189.7,228002.64,213981.6,130.96,147722.88,66258.72,0.309647,false,USD
00k000000002967AAA,006000000000984AAA,01t000000000029AAA,1024,238.54,0.1391,205.36,244264.96,210288.64,153.08,156753.92,53534.72,0.254577,false,USD
00k000000002968AAA,006000000000984AAA,01t000000000052AAA,2368,107.35,0.0154,105.7,254204.8,250297.6,62.85,148828.8,101468.8,0.405393,false,USD
00k000000002969AAA,006000000000984AAA,01t000000000023AAA,779,349.42,0.0678,325.73,272198.18,253743.67,222.39,173241.81,80501.86,0.317257,false,USD
00k000000002970AAA,006000000000984AAA,01t000000000062AAA,1167,202.03,0.027,196.58,235769.01,229408.86,121.05,141265.35,88143.51,0.38422,false,USD
00k000000002971AAA,006000000000985AAA,01t000000000039AAA,3370,126.74,0.055,119.77,427113.8,403624.9,73.35,247189.5,156435.4,0.387576,false,USD
00k000000002972AAA,006000000000985AAA,01t000000000016AAA,907,356.5,0.0397,342.35,323345.5,310511.45,206.21,187032.47,123478.98,0.397663,false,USD
00k000000002973AAA,006000000000985AAA,01t000000000058AAA,1633,247.15,0.0346,238.6,403595.95,389633.8,162.25,264954.25,124679.55,0.319992,false,USD
00k000000002974AAA,006000000000985AAA,01t000000000002AAA,2708,184.54,0.0719,171.27,499734.32,463799.16,110.39,298936.12,164863.04,0.355462,false,USD
00k000000002975AAA,006000000000986AAA,01t000000000035AAA,1386,390.15,0.1002,351.06,540747.9,486569.16,237.75,329521.5,157047.66,0.322765,false,USD
00k000000002976AAA,006000000000986AAA,01t000000000047AAA,1159,313.53,0.0423,300.27,363381.27,348012.93,213.19,247087.21,100925.72,0.290006,false,USD
00k000000002977AAA,006000000000986AAA,01t000000000075AAA,690,583.09,0.0449,556.91,402332.1,384267.9,356.45,245950.5,138317.4,0.35995,false,USD
00k000000002978AAA,006000000000987AAA,01t000000000070AAA,500,580.86,0.0865,530.62,290430,265310,339.31,169655,95655,0.36054,false,USD
00k000000002979AAA,006000000000987AAA,01t000000000068AAA,833,440.94,0.0485,419.55,367303.02,349485.15,303.4,252732.2,96752.95,0.276844,false,USD
00k000000002980AAA,006000000000988AAA,01t000000000047AAA,638,311.61,0.0706,289.61,198807.18,184771.18,213.19,136015.22,48755.96,0.263872,false,USD
00k000000002981AAA,006000000000988AAA,01t000000000007AAA,915,199.58,0.069,185.81,182615.7,170016.15,120.99,110705.85,59310.3,0.348851,false,USD
00k000000002982AAA,006000000000988AAA,01t000000000051AAA,3627,69.13,0.0779,63.74,250734.51,231184.98,51.08,185267.16,45917.82,0.198619,false,USD
00k000000002983AAA,006000000000989AAA,01t000000000015AAA,348,313.52,0.0728,290.7,109104.96,101163.6,168.05,58481.4,42682.2,0.421913,false,USD
00k000000002984AAA,006000000000989AAA,01t000000000003AAA,820,206.29,0.0492,196.14,169157.8,160834.8,125.5,102910,57924.8,0.360151,false,USD
00k000000002985AAA,006000000000989AAA,01t000000000053AAA,358,238.52,0.0569,224.95,85390.16,80532.1,158.05,56581.9,23950.2,0.297399,false,USD
00k000000002986AAA,006000000000989AAA,01t000000000027AAA,347,412.73,0.0475,393.13,143217.31,136416.11,251.82,87381.54,49034.57,0.359449,false,USD
00k000000002987AAA,006000000000989AAA,01t000000000025AAA,1981,73.01,0.0618,68.5,144632.81,135698.5,51.29,101605.49,34093.01,0.251241,false,USD
00k000000002988AAA,006000000000990AAA,01t000000000066AAA,583,432.51,0.1109,384.54,252153.33,224186.82,251.52,146636.16,77550.66,0.34592,false,USD
00k000000002989AAA,006000000000990AAA,01t000000000067AAA,914,196.36,0.114,173.97,179473.04,159008.58,130.51,119286.14,39722.44,0.249813,false,USD
00k000000002990AAA,006000000000990AAA,01t000000000070AAA,313,600.93,0.0266,584.95,188091.09,183089.35,339.31,106204.03,76885.32,0.419933,false,USD
00k000000002991AAA,006000000000991AAA,01t000000000041AAA,1044,274.74,0.0909,249.77,286828.56,260759.88,152.9,159627.6,101132.28,0.387837,false,USD
00k000000002992AAA,006000000000991AAA,01t000000000045AAA,3223,103.61,0.0938,93.89,333935.03,302607.47,59.87,192961.01,109646.46,0.362339,false,USD
00k000000002993AAA,006000000000991AAA,01t000000000062AAA,1692,193.4,0.0843,177.1,327232.8,299653.2,121.05,204816.6,94836.6,0.316488,false,USD
00k000000002994AAA,006000000000992AAA,01t000000000003AAA,676,213.34,0.0617,200.18,144217.84,135321.68,121.74,82296.24,53025.44,0.391847,false,USD
00k000000002995AAA,006000000000992AAA,01t000000000021AAA,332,331.44,0.0466,315.99,110038.08,104908.68,232.14,77070.48,27838.2,0.265356,false,USD
00k000000002996AAA,006000000000992AAA,01t000000000063AAA,330,443.51,0.0535,419.78,146358.3,138527.4,256.38,84605.4,53922,0.389252,false,USD
00k000000002997AAA,006000000000992AAA,01t000000000052AAA,1528,108.22,0.0949,97.95,165360.16,149667.6,60.96,93146.88,56520.72,0.377642,false,USD
00k000000002998AAA,006000000000993AAA,01t000000000007AAA,301,191.36,0.0627,179.36,57599.36,53987.36,120.99,36417.99,17569.37,0.325435,false,USD
00k000000002999AAA,006000000000993AAA,01t000000000025AAA,727,75.4,0.0759,69.68,54815.8,50657.36,51.29,37287.83,13369.53,0.263921,false,USD
00k000000003000AAA,006000000000993AAA,01t000000000049AAA,234,348.18,0.0344,336.2,81474.12,78670.8,244.93,57313.62,21357.18,0.271475,false,USD
00k000000003001AAA,006000000000994AAA,01t000000000072AAA,992,557.24,0.0685,519.07,552782.08,514917.44,412.18,408882.56,106034.88,0.205926,false,USD
00k000000003002AAA,006000000000994AAA,01t000000000004AAA,2304,397.9,0.1446,340.36,916761.6,784189.44,267.02,615214.08,168975.36,0.215478,false,USD
00k000000003003AAA,006000000000994AAA,01t000000000043AAA,3683,219.87,0.0609,206.48,809781.21,760465.84,128.91,474775.53,285690.31,0.375678,false,USD
00k000000003004AAA,006000000000995AAA,01t000000000056AAA,786,201.8,0.0698,187.71,158614.8,147540.06,130.96,102934.56,44605.5,0.302328,false,USD
00k000000003005AAA,006000000000995AAA,01t000000000039AAA,1103,117.81,0.1391,101.42,129944.43,111866.26,75.62,83408.86,28457.4,0.254388,false,USD
00k000000003006AAA,006000000000996AAA,01t000000000010AAA,177,454.13,0.117,401,80381.01,70977,280.72,49687.44,21289.56,0.29995,false,USD
00k000000003007AAA,006000000000996AAA,01t000000000004AAA,196,405.3,0.0646,379.12,79438.8,74307.52,267.02,52335.92,21971.6,0.295685,false,USD
00k000000003008AAA,006000000000996AAA,01t000000000022AAA,151,384.01,0.0984,346.22,57985.51,52279.22,241.05,36398.55,15880.67,0.303766,false,USD
00k000000003009AAA,006000000000997AAA,01t000000000030AAA,880,155.56,0.0958,140.66,136892.8,123780.8,108.56,95532.8,28248,0.22821,false,USD
00k000000003010AAA,006000000000997AAA,01t000000000073AAA,768,208.24,0.083,190.96,159928.32,146657.28,136.74,105016.32,41640.96,0.283934,false,USD
00k000000003011AAA,006000000000997AAA,01t000000000053AAA,528,240.47,0.0421,230.35,126968.16,121624.8,158.05,83450.4,38174.4,0.31387,false,USD
00k000000003012AAA,006000000000997AAA,01t000000000049AAA,342,365.37,0.1027,327.85,124956.54,112124.7,244.93,83766.06,28358.64,0.252921,false,USD
00k000000003013AAA,006000000000998AAA,01t000000000065AAA,539,328.72,0.0642,307.62,177180.08,165807.18,228.94,123398.66,42408.52,0.25577,false,USD
00k000000003014AAA,006000000000998AAA,01t000000000060AAA,647,249.26,0.0665,232.68,161271.22,150543.96,164.46,106405.62,44138.34,0.293192,false,USD
00k000000003015AAA,006000000000998AAA,01t000000000058AAA,529,229.67,0.0553,216.97,121495.43,114777.13,167.27,88485.83,26291.3,0.229064,false,USD
00k000000003016AAA,006000000000998AAA,01t000000000069AAA,284,343.89,0.1092,306.34,97664.76,87000.56,218.13,61948.92,25051.64,0.287948,false,USD
00k000000003017AAA,006000000000999AAA,01t000000000044AAA,203,420.52,0.0539,397.85,85365.56,80763.55,243.46,49422.38,31341.17,0.388061,false,USD
00k000000003018AAA,006000000000999AAA,01t000000000023AAA,213,336.32,0.0952,304.3,71636.16,64815.9,222.39,47369.07,17446.83,0.269175,false,USD
00k000000003019AAA,006000000000999AAA,01t000000000021AAA,345,329.73,0.0663,307.87,113756.85,106215.15,239.32,82565.4,23649.75,0.222659,false,USD
00k000000003020AAA,006000000001000AAA,01t000000000060AAA,1322,245.05,0.1195,215.77,323956.1,285247.94,164.46,217416.12,67831.82,0.2378,false,USD
00k000000003021AAA,006000000001000AAA,01t000000000011AAA,1238,312.79,0.0907,284.42,387234.02,352111.96,204.74,253468.12,98643.84,0.280149,false,USD
00k000000003022AAA,006000000001000AAA,01t000000000045AAA,3899,108.91,0.0679,101.52,424640.09,395826.48,59.87,233433.13,162393.35,0.410264,false,USD
00k000000003023AAA,006000000001001AAA,01t000000000001AAA,3379,325.71,0.0781,300.27,1100574.09,1014612.33,209.3,707224.7,307387.63,0.302961,false,USD
00k000000003024AAA,006000000001001AAA,01t000000000008AAA,3234,267.26,0.0673,249.27,864318.84,806139.18,179.17,579435.78,226703.4,0.281221,false,USD
00k000000003025AAA,006000000001002AAA,01t000000000045AAA,651,103.46,0.0905,94.1,67352.46,61259.1,59.87,38975.37,22283.73,0.363762,false,USD
00k000000003026AAA,006000000001002AAA,01t000000000052AAA,339,107.08,0.0437,102.4,36300.12,34713.6,62.85,21306.15,13407.45,0.38623,false,USD
00k000000003027AAA,006000000001002AAA,01t000000000060AAA,283,253.73,0.0775,234.07,71805.59,66241.81,164.46,46542.18,19699.63,0.29739,false,USD
00k000000003028AAA,006000000001002AAA,01t000000000050AAA,901,78.57,0.0699,73.08,70791.57,65845.08,51.06,46005.06,19840.02,0.301314,false,USD
00k000000003029AAA,006000000001003AAA,01t000000000025AAA,13083,72.46,0.0793,66.71,947994.18,872766.93,51.29,671027.07,201739.86,0.23115,false,USD
00k000000003030AAA,006000000001003AAA,01t000000000044AAA,1996,395.58,0.0852,361.88,789577.68,722312.48,243.46,485946.16,236366.32,0.327236,false,USD
00k000000003031AAA,006000000001003AAA,01t000000000015AAA,2171,302.33,0.1022,271.43,656358.43,589274.53,168.05,364836.55,224437.98,0.380872,false,USD
00k000000003032AAA,006000000001003AAA,01t000000000013AAA,2536,334.36,0.0406,320.78,847936.96,813498.08,195.82,496599.52,316898.56,0.38955,false,USD
00k000000003033AAA,006000000001004AAA,01t000000000004AAA,221,408.42,0.0488,388.49,90260.82,85856.29,267.02,59011.42,26844.87,0.312672,false,USD
00k000000003034AAA,006000000001004AAA,01t000000000038AAA,417,211.72,0.0846,193.81,88287.24,80818.77,127.14,53017.38,27801.39,0.343997,false,USD
00k000000003035AAA,006000000001004AAA,01t000000000054AAA,424,130.25,0.0627,122.08,55226,51761.92,80.43,34102.32,17659.6,0.34117,false,USD
00k000000003036AAA,006000000001005AAA,01t000000000061AAA,598,202.16,0.0728,187.44,120891.68,112089.12,134.19,80245.62,31843.5,0.284091,false,USD
00k000000003037AAA,006000000001005AAA,01t000000000009AAA,416,349.31,0.0283,339.42,145312.96,141198.72,197.64,82218.24,58980.48,0.417713,false,USD
00k000000003038AAA,006000000001005AAA,01t000000000025AAA,1232,70.63,0.0605,66.36,87016.16,81755.52,49.75,61292,20463.52,0.250301,false,USD
00k000000003039AAA,006000000001005AAA,01t000000000064AAA,605,240.74,0.0776,222.06,145647.7,134346.3,156.64,94767.2,39579.1,0.294605,false,USD
00k000000003040AAA,006000000001005AAA,01t000000000043AAA,537,217.61,0.0806,200.07,116856.57,107437.59,125.04,67146.48,40291.11,0.375019,false,USD
00k000000003041AAA,006000000001006AAA,01t000000000029AAA,334,221.36,0.0668,206.57,73934.24,68994.38,153.08,51128.72,17865.66,0.258944,false,USD
00k000000003042AAA,006000000001006AAA,01t000000000006AAA,174,467.13,0.0498,443.87,81280.62,77233.38,301.3,52426.2,24807.18,0.321198,false,USD
00k000000003043AAA,006000000001006AAA,01t000000000008AAA,384,271.18,0.1241,237.53,104133.12,91211.52,179.17,68801.28,22410.24,0.245695,false,USD
00k000000003044AAA,006000000001007AAA,01t000000000021AAA,232,310.08,0.0437,296.53,71938.56,68794.96,232.14,53856.48,14938.48,0.217145,false,USD
00k000000003045AAA,006000000001007AAA,01t000000000055AAA,553,233.67,0.0673,217.94,129219.51,120520.82,126.12,69744.36,50776.46,0.421309,false,USD
00k000000003046AAA,006000000001007AAA,01t000000000011AAA,428,303.72,0.0523,287.84,129992.16,123195.52,198.6,85000.8,38194.72,0.310033,false,USD
00k000000003047AAA,006000000001007AAA,01t000000000038AAA,625,215.38,0.0595,202.56,134612.5,126600,123.33,77081.25,49518.75,0.391143,false,USD
00k000000003048AAA,006000000001008AAA,01t000000000047AAA,1331,319.3,0.1053,285.68,424988.3,380240.08,213.19,283755.89,96484.19,0.253745,false,USD
00k000000003049AAA,006000000001008AAA,01t000000000057AAA,4094,129.26,0.0833,118.49,529190.44,485098.06,72.85,298247.9,186850.16,0.38518,false,USD
00k000000003050AAA,006000000001008AAA,01t000000000003AAA,1700,205.38,0.0531,194.47,349146,330599,125.5,213350,117249,0.354656,false,USD
00k000000003051AAA,006000000001009AAA,01t000000000069AAA,729,346.62,0.064,324.44,252685.98,236516.76,218.13,159016.77,77499.99,0.327672,false,USD
00k000000003052AAA,006000000001010AAA,01t000000000024AAA,1154,312.15,0.1329,270.67,360221.1,312353.18,221.7,255841.8,56511.38,0.180921,false,USD
00k000000003053AAA,006000000001010AAA,01t000000000012AAA,867,387.7,0.0552,366.3,336135.9,317582.1,249.67,216463.89,101118.21,0.3184,false,USD
00k000000003054AAA,006000000001010AAA,01t000000000049AAA,1418,356.28,0.0967,321.83,505205.04,456354.94,244.93,347310.74,109044.2,0.238946,false,USD
00k000000003055AAA,006000000001010AAA,01t000000000057AAA,5297,130.47,0.1118,115.88,691099.59,613816.36,72.85,385886.45,227929.91,0.371332,false,USD
00k000000003056AAA,006000000001011AAA,01t000000000050AAA,1940,80.07,0.0514,75.95,155335.8,147343,51.06,99056.4,48286.6,0.327716,false,USD
00k000000003057AAA,006000000001011AAA,01t000000000049AAA,373,369.82,0.0833,339.01,137942.86,126450.73,244.93,91358.89,35091.84,0.277514,false,USD
00k000000003058AAA,006000000001011AAA,01t000000000061AAA,539,197.54,0.0759,182.55,106474.06,98394.45,138.34,74565.26,23829.19,0.24218,false,USD
00k000000003059AAA,006000000001011AAA,01t000000000041AAA,504,265.36,0.073,245.99,133741.44,123978.96,152.9,77061.6,46917.36,0.37843,false,USD
00k000000003060AAA,006000000001012AAA,01t000000000061AAA,588,201.3,0.0432,192.6,118364.4,113248.8,138.34,81343.92,31904.88,0.281724,false,USD
00k000000003061AAA,006000000001012AAA,01t000000000025AAA,1488,75.7,0.0359,72.98,112641.6,108594.24,51.29,76319.52,32274.72,0.297205,false,USD
00k000000003062AAA,006000000001012AAA,01t000000000006AAA,264,477.86,0.0268,465.05,126155.04,122773.2,301.3,79543.2,43230,0.352113,false,USD
00k000000003063AAA,006000000001013AAA,01t000000000002AAA,3724,185.46,0.0915,168.49,690653.04,627456.76,113.8,423791.2,203665.56,0.324589,false,USD
00k000000003064AAA,006000000001014AAA,01t000000000037AAA,311,376.53,0.0711,349.76,117100.83,108775.36,244.43,76017.73,32757.63,0.301149,false,USD
00k000000003065AAA,006000000001014AAA,01t000000000034AAA,447,235.07,0.1001,211.54,105076.29,94558.38,148.57,66410.79,28147.59,0.297674,false,USD
00k000000003066AAA,006000000001014AAA,01t000000000068AAA,395,452.77,0.0679,422.03,178844.15,166701.85,303.4,119843,46858.85,0.281094,false,USD
00k000000003067AAA,006000000001014AAA,01t000000000067AAA,722,207.26,0.0547,195.92,149641.72,141454.24,130.51,94228.22,47226.02,0.333861,false,USD
00k000000003068AAA,006000000001015AAA,01t000000000039AAA,286,126.54,0.0335,122.3,36190.44,34977.8,75.62,21627.32,13350.48,0.381684,false,USD
00k000000003069AAA,006000000001015AAA,01t000000000062AAA,253,195.28,0.0824,179.19,49405.84,45335.07,121.05,30625.65,14709.42,0.32446,false,USD
00k000000003070AAA,006000000001015AAA,01t000000000043AAA,234,221.27,0.0711,205.54,51777.18,48096.36,128.91,30164.94,17931.42,0.372823,false,USD
00k000000003071AAA,006000000001015AAA,01t000000000033AAA,96,420.82,0.0855,384.84,40398.72,36944.64,280.14,26893.44,10051.2,0.272061,false,USD
00k000000003072AAA,006000000001016AAA,01t000000000027AAA,254,404.02,0.0206,395.7,102621.08,100507.8,251.82,63962.28,36545.52,0.363609,false,USD
00k000000003073AAA,006000000001016AAA,01t000000000029AAA,392,230.99,0.0973,208.51,90548.08,81735.92,153.08,60007.36,21728.56,0.265839,false,USD
00k000000003074AAA,006000000001016AAA,01t000000000043AAA,417,218.09,0.0722,202.34,90943.53,84375.78,128.91,53755.47,30620.31,0.362904,false,USD
00k000000003075AAA,006000000001017AAA,01t000000000026AAA,1598,281.59,0.0858,257.43,449980.82,411373.14,192.32,307327.36,104045.78,0.252923,false,USD
00k000000003076AAA,006000000001017AAA,01t000000000047AAA,1423,305.04,0.0638,285.58,434071.92,406380.34,206.79,294262.17,112118.17,0.275895,false,USD
00k000000003077AAA,006000000001017AAA,01t000000000004AAA,2048,404.66,0.0448,386.53,828743.68,791613.44,259.01,530452.48,261160.96,0.32991,false,USD
00k000000003078AAA,006000000001017AAA,01t000000000071AAA,1756,459.54,0.0643,429.99,806952.24,755062.44,290.14,509485.84,245576.6,0.32524,false,USD
00k000000003079AAA,006000000001018AAA,01t000000000026AAA,575,307.2,0.0948,278.08,176640,159896,198.27,114005.25,45890.75,0.287004,false,USD
00k000000003080AAA,006000000001018AAA,01t000000000063AAA,443,451.7,0.0164,444.29,200103.1,196820.47,264.31,117089.33,79731.14,0.405096,false,USD
00k000000003081AAA,006000000001019AAA,01t000000000029AAA,5333,234.47,0.0846,214.63,1250428.51,1144621.79,153.08,816375.64,328246.15,0.286773,false,USD
00k000000003082AAA,006000000001019AAA,01t000000000007AAA,5182,192.01,0.0944,173.88,994995.82,901046.16,120.99,626970.18,274075.98,0.304175,false,USD
00k000000003083AAA,006000000001020AAA,01t000000000058AAA,1635,241.44,0.088,220.19,394754.4,360010.65,167.27,273486.45,86524.2,0.240338,false,USD
00k000000003084AAA,006000000001020AAA,01t000000000037AAA,873,364.78,0.0615,342.35,318452.94,298871.55,244.43,213387.39,85484.16,0.286023,false,USD
00k000000003085AAA,006000000001021AAA,01t000000000028AAA,3710,203.77,0.0679,189.93,755986.7,704640.3,110.67,410585.7,294054.6,0.417312,false,USD
00k000000003086AAA,006000000001021AAA,01t000000000036AAA,5556,146.29,0.1237,128.19,812787.24,712223.64,95.18,528820.08,183403.56,0.257508,false,USD
00k000000003087AAA,006000000001022AAA,01t000000000060AAA,281,253.34,0.1048,226.79,71188.54,63727.99,164.46,46213.26,17514.73,0.274836,false,USD
00k000000003088AAA,006000000001022AAA,01t000000000065AAA,283,333.27,0.073,308.94,94315.41,87430.02,228.94,64790.02,22640,0.25895,false,USD
00k000000003089AAA,006000000001022AAA,01t000000000029AAA,505,229.03,0.0519,217.14,115660.15,109655.7,153.08,77305.4,32350.3,0.295017,false,USD
00k000000003090AAA,006000000001023AAA,01t000000000047AAA,160,313.27,0.0139,308.92,50123.2,49427.2,213.19,34110.4,15316.8,0.309886,false,USD
00k000000003091AAA,006000000001023AAA,01t000000000054AAA,332,134.98,0.0937,122.33,44813.36,40613.56,80.43,26702.76,13910.8,0.342516,false,USD
00k000000003092AAA,006000000001023AAA,01t000000000073AAA,291,210.12,0.0552,198.52,61144.92,57769.32,136.74,39791.34,17977.98,0.311203,false,USD
00k000000003093AAA,006000000001023AAA,01t000000000003AAA,165,198.46,0.0609,186.37,32745.9,30751.05,125.5,20707.5,10043.55,0.326608,false,USD
00k000000003094AAA,006000000001024AAA,01t000000000044AAA,187,422.59,0.0535,399.98,79024.33,74796.26,243.46,45527.02,29269.24,0.39132,false,USD
00k000000003095AAA,006000000001024AAA,01t000000000029AAA,438,222.32,0.0579,209.45,97376.16,91739.1,153.08,67049.04,24690.06,0.269133,false,USD
00k000000003096AAA,006000000001024AAA,01t000000000054AAA,1077,134.79,0.0755,124.61,145168.83,134204.97,80.43,86623.11,47581.86,0.354546,false,USD
00k000000003097AAA,006000000001025AAA,01t000000000052AAA,2534,106.44,0.0374,102.46,269718.96,259633.64,62.85,159261.9,100371.74,0.38659,false,USD
00k000000003098AAA,006000000001025AAA,01t000000000026AAA,1032,291.57,0.0318,282.3,300900.24,291333.6,198.27,204614.64,86718.96,0.297662,false,USD
00k000000003099AAA,006000000001025AAA,01t000000000056AAA,1139,202.33,0.032,195.86,230453.87,223084.54,130.96,149163.44,73921.1,0.331359,false,USD
00k000000003100AAA,006000000001026AAA,01t000000000064AAA,549,239.41,0.0709,222.44,131436.09,122119.56,161.48,88652.52,33467.04,0.274051,false,USD
00k000000003101AAA,006000000001026AAA,01t000000000054AAA,727,130.97,0.103,117.48,95215.19,85407.96,80.43,58472.61,26935.35,0.315373,false,USD
00k000000003102AAA,006000000001027AAA,01t000000000037AAA,132,354.98,0.0954,321.11,46857.36,42386.52,244.43,32264.76,10121.76,0.238797,false,USD
00k000000003103AAA,006000000001027AAA,01t000000000048AAA,188,398.91,0.0713,370.47,74995.08,69648.36,264.11,49652.68,19995.68,0.287095,false,USD
00k000000003104AAA,006000000001027AAA,01t000000000033AAA,185,427.16,0.0841,391.24,79024.6,72379.4,280.14,51825.9,20553.5,0.283969,false,USD
00k000000003105AAA,006000000001027AAA,01t000000000062AAA,316,202.97,0.0424,194.36,64138.52,61417.76,121.05,38251.8,23165.96,0.377187,false,USD
00k000000003106AAA,006000000001028AAA,01t000000000066AAA,536,436.4,0.0721,404.94,233910.4,217047.84,251.52,134814.72,82233.12,0.378871,false,USD
00k000000003107AAA,006000000001028AAA,01t000000000064AAA,1374,245.89,0.1663,205,337852.86,281670,161.48,221873.52,59796.48,0.212293,false,USD
00k000000003108AAA,006000000001028AAA,01t000000000071AAA,544,465.17,0.0656,434.65,253052.48,236449.6,299.11,162715.84,73733.76,0.311837,false,USD
00k000000003109AAA,006000000001028AAA,01t000000000035AAA,543,390.86,0.0296,379.29,212236.98,205954.47,237.75,129098.25,76856.22,0.373171,false,USD
00k000000003110AAA,006000000001029AAA,01t000000000044AAA,2193,391.09,0.0135,385.81,857660.37,846081.33,243.46,533907.78,312173.55,0.368964,false,USD
00k000000003111AAA,006000000001029AAA,01t000000000074AAA,3457,345.02,0.0115,341.05,1192734.14,1179009.85,224.7,776787.9,402221.95,0.341152,false,USD
00k000000003112AAA,006000000001030AAA,01t000000000067AAA,1646,200.18,0.079,184.37,329496.28,303473.02,130.51,214819.46,88653.56,0.29213,false,USD
00k000000003113AAA,006000000001030AAA,01t000000000003AAA,1649,209.33,0.0846,191.62,345185.17,315981.38,125.5,206949.5,109031.88,0.345058,false,USD
00k000000003114AAA,006000000001030AAA,01t000000000072AAA,418,583.67,0.0574,550.17,243974.06,229971.06,412.18,172291.24,57679.82,0.250813,false,USD
00k000000003115AAA,006000000001031AAA,01t000000000019AAA,1515,349.15,0.0962,315.56,528962.25,478073.4,228.88,346753.2,131320.2,0.274686,false,USD
00k000000003116AAA,006000000001031AAA,01t000000000053AAA,1327,247.95,0.0519,235.08,329029.65,311951.16,158.05,209732.35,102218.81,0.327676,false,USD
00k000000003117AAA,006000000001031AAA,01t000000000004AAA,980,401.7,0.0398,385.71,393666,377995.8,267.02,261679.6,116316.2,0.307718,false,USD
00k000000003118AAA,006000000001031AAA,01t000000000047AAA,1575,325.04,0.0571,306.48,511938,482706,213.19,335774.25,146931.75,0.304392,false,USD
00k000000003119AAA,006000000001032AAA,01t000000000058AAA,1282,244.89,0.0325,236.93,313948.98,303744.26,167.27,214440.14,89304.12,0.294011,false,USD
00k000000003120AAA,006000000001032AAA,01t000000000071AAA,805,457.29,0.0915,415.45,368118.45,334437.25,299.11,240783.55,93653.7,0.280034,false,USD
00k000000003121AAA,006000000001032AAA,01t000000000057AAA,4373,134.96,0.1051,120.78,590180.08,528170.94,72.85,318573.05,209597.89,0.396837,false,USD
00k000000003122AAA,006000000001033AAA,01t000000000029AAA,2296,230.3,0.0397,221.16,528768.8,507783.36,148.49,340933.04,166850.32,0.328586,false,USD
00k000000003123AAA,006000000001033AAA,01t000000000075AAA,1497,637.57,0.0341,615.83,954442.29,921897.51,345.76,517602.72,404294.79,0.438546,false,USD
00k000000003124AAA,006000000001033AAA,01t000000000003AAA,4522,203.21,0.0134,200.49,918915.62,906615.78,121.74,550508.28,356107.5,0.392788,false,USD
00k000000003125AAA,006000000001033AAA,01t000000000061AAA,4263,192.37,0.0606,180.71,820073.31,770366.73,134.19,572051.97,198314.76,0.257429,false,USD
00k000000003126AAA,006000000001033AAA,01t000000000047AAA,1945,327.79,0.037,315.66,637551.55,613958.7,206.79,402206.55,211752.15,0.344896,false,USD
00k000000003127AAA,006000000001034AAA,01t000000000006AAA,351,465.61,0.0591,438.09,163429.11,153769.59,292.26,102583.26,51186.33,0.332877,false,USD
00k000000003128AAA,006000000001034AAA,01t000000000049AAA,456,376.56,0.0582,354.64,171711.36,161715.84,237.58,108336.48,53379.36,0.330081,false,USD
00k000000003129AAA,006000000001034AAA,01t000000000054AAA,1260,133.07,0.0548,125.78,167668.2,158482.8,78.02,98305.2,60177.6,0.379711,false,USD
00k000000003130AAA,006000000001035AAA,01t000000000015AAA,248,302.97,0.0278,294.55,75136.56,73048.4,168.05,41676.4,31372,0.429469,false,USD
00k000000003131AAA,006000000001035AAA,01t000000000022AAA,188,362.68,0.0839,332.25,68183.84,62463,241.05,45317.4,17145.6,0.274492,false,USD
00k000000003132AAA,006000000001035AAA,01t000000000033AAA,184,395.91,0.0905,360.08,72847.44,66254.72,280.14,51545.76,14708.96,0.222006,false,USD
00k000000003133AAA,006000000001035AAA,01t000000000049AAA,175,364.34,0.0624,341.61,63759.5,59781.75,244.93,42862.75,16919,0.283013,false,USD
00k000000003134AAA,006000000001036AAA,01t000000000020AAA,320,381.6,0.0668,356.11,122112,113955.2,218.34,69868.8,44086.4,0.386875,false,USD
00k000000003135AAA,006000000001036AAA,01t000000000026AAA,560,297.86,0.0826,273.26,166801.6,153025.6,198.27,111031.2,41994.4,0.274427,false,USD
00k000000003136AAA,006000000001036AAA,01t000000000025AAA,1544,74.54,0.0704,69.29,115089.76,106983.76,51.29,79191.76,27792,0.259778,false,USD
00k000000003137AAA,006000000001037AAA,01t000000000037AAA,426,374.15,0.0565,353.01,159387.9,150382.26,244.43,104127.18,46255.08,0.307583,false,USD
00k000000003138AAA,006000000001037AAA,01t000000000044AAA,353,428.61,0.0822,393.38,151299.33,138863.14,243.46,85941.38,52921.76,0.381107,false,USD
00k000000003139AAA,006000000001037AAA,01t000000000052AAA,1166,103.23,0.0708,95.92,120366.18,111842.72,62.85,73283.1,38559.62,0.344766,false,USD
00k000000003140AAA,006000000001038AAA,01t000000000004AAA,476,399.18,0.0812,366.77,190009.68,174582.52,267.02,127101.52,47481,0.271969,false,USD
00k000000003141AAA,006000000001038AAA,01t000000000021AAA,490,333.93,0.0836,306.01,163625.7,149944.9,239.32,117266.8,32678.1,0.217934,false,USD
00k000000003142AAA,006000000001038AAA,01t000000000020AAA,644,381.34,0.1077,340.27,245582.96,219133.88,218.34,140610.96,78522.92,0.358333,false,USD
00k000000003143AAA,006000000001038AAA,01t000000000035AAA,707,392.57,0.0608,368.7,277546.99,260670.9,237.75,168089.25,92581.65,0.355167,false,USD
00k000000003144AAA,006000000001039AAA,01t000000000048AAA,505,410.17,0.095,371.2,207135.85,187456,264.11,133375.55,54080.45,0.288497,false,USD
00k000000003145AAA,006000000001039AAA,01t000000000023AAA,541,344.13,0.075,318.32,186174.33,172211.12,222.39,120312.99,51898.13,0.301363,false,USD
00k000000003146AAA,006000000001039AAA,01t000000000013AAA,659,340.52,0.132,295.57,224402.68,194780.63,195.82,129045.38,65735.25,0.337484,false,USD
00k000000003147AAA,006000000001039AAA,01t000000000046AAA,2625,84.05,0.1035,75.35,220631.25,197793.75,53.15,139518.75,58275,0.294625,false,USD
00k000000003148AAA,006000000001040AAA,01t000000000074AAA,373,343.61,0.0527,325.5,128166.53,121411.5,224.7,83813.1,37598.4,0.309677,false,USD
00k000000003149AAA,006000000001040AAA,01t000000000021AAA,580,321.93,0.0824,295.4,186719.4,171332,239.32,138805.6,32526.4,0.189844,false,USD
00k000000003150AAA,006000000001040AAA,01t000000000067AAA,783,209.44,0.0834,191.97,163991.52,150312.51,130.51,102189.33,48123.18,0.320154,false,USD
00k000000003151AAA,006000000001041AAA,01t000000000019AAA,1259,360.19,0.0394,346,453479.21,435614,222.01,279510.59,156103.41,0.358353,false,USD
00k000000003152AAA,006000000001041AAA,01t000000000041AAA,1020,272.66,0.0479,259.6,278113.2,264792,148.31,151276.2,113515.8,0.428698,false,USD
00k000000003153AAA,006000000001041AAA,01t000000000052AAA,4829,107.57,0.0855,98.37,519455.53,475028.73,60.96,294375.84,180652.89,0.380299,false,USD
00k000000003154AAA,006000000001041AAA,01t000000000033AAA,711,403.9,0.0957,365.25,287172.9,259692.75,271.74,193207.14,66485.61,0.256016,false,USD
00k000000003155AAA,006000000001042AAA,01t000000000014AAA,2234,127.04,0.0385,122.15,283807.36,272883.1,81.05,181065.7,91817.4,0.336472,false,USD
00k000000003156AAA,006000000001042AAA,01t000000000063AAA,536,458.15,0.0841,419.62,245568.4,224916.32,264.31,141670.16,83246.16,0.370121,false,USD
00k000000003157AAA,006000000001043AAA,01t000000000056AAA,1700,201.17,0.0567,189.76,341989,322592,127.03,215951,106641,0.330575,false,USD
00k000000003158AAA,006000000001043AAA,01t000000000018AAA,1650,149.32,0.0456,142.51,246378,235141.5,89.31,147361.5,87780,0.373307,false,USD
00k000000003159AAA,006000000001043AAA,01t000000000071AAA,444,465.05,0.0868,424.68,206482.2,188557.92,290.14,128822.16,59735.76,0.316803,false,USD
00k000000003160AAA,006000000001043AAA,01t000000000029AAA,1594,239.26,0.0346,230.98,381380.44,368182.12,148.49,236693.06,131489.06,0.35713,false,USD
00k000000003161AAA,006000000001043AAA,01t000000000049AAA,686,368.5,0.0271,358.51,252791,245937.86,237.58,162979.88,82957.98,0.337313,false,USD
00k000000003162AAA,006000000001044AAA,01t000000000048AAA,113,401.01,0.0266,390.34,45314.13,44108.42,256.19,28949.47,15158.95,0.343675,false,USD
00k000000003163AAA,006000000001044AAA,01t000000000028AAA,386,187.54,0.0713,174.17,72390.44,67229.62,107.35,41437.1,25792.52,0.383648,false,USD
00k000000003164AAA,006000000001044AAA,01t000000000018AAA,460,153.66,0.0443,146.85,70683.6,67551,89.31,41082.6,26468.4,0.391828,false,USD
00k000000003165AAA,006000000001044AAA,01t000000000001AAA,274,328.6,0.0411,315.09,90036.4,86334.66,203.02,55627.48,30707.18,0.355676,false,USD
00k000000003166AAA,006000000001045AAA,01t000000000003AAA,706,207.31,0.0348,200.1,146360.86,141270.6,125.5,88603,52667.6,0.372814,false,USD
00k000000003167AAA,006000000001045AAA,01t000000000035AAA,346,374.13,0.1149,331.14,129448.98,114574.44,237.75,82261.5,32312.94,0.282026,false,USD
00k000000003168AAA,006000000001045AAA,01t000000000053AAA,380,238.22,0.1009,214.18,90523.6,81388.4,158.05,60059,21329.4,0.262069,false,USD
00k000000003169AAA,006000000001045AAA,01t000000000002AAA,825,182.51,0.0613,171.32,150570.75,141339,113.8,93885,47454,0.335746,false,USD
00k000000003170AAA,006000000001046AAA,01t000000000056AAA,218,207.67,0.0846,190.1,45272.06,41441.8,130.96,28549.28,12892.52,0.311099,false,USD
00k000000003171AAA,006000000001046AAA,01t000000000053AAA,235,249.9,0.0529,236.68,58726.5,55619.8,158.05,37141.75,18478.05,0.332221,false,USD
00k000000003172AAA,006000000001046AAA,01t000000000047AAA,100,328.31,0.0587,309.04,32831,30904,213.19,21319,9585,0.310154,false,USD
00k000000003173AAA,006000000001047AAA,01t000000000066AAA,2265,440.6,0.0734,408.26,997959,924708.9,251.52,569692.8,355016.1,0.383922,false,USD
00k000000003174AAA,006000000001047AAA,01t000000000019AAA,3355,346.51,0.0743,320.76,1162541.05,1076149.8,228.88,767892.4,308257.4,0.286445,false,USD
00k000000003175AAA,006000000001048AAA,01t000000000061AAA,402,210.18,0.039,201.98,84492.36,81195.96,138.34,55612.68,25583.28,0.315081,false,USD
00k000000003176AAA,006000000001048AAA,01t000000000013AAA,248,333.64,0.1095,297.11,82742.72,73683.28,195.82,48563.36,25119.92,0.340918,false,USD
00k000000003177AAA,006000000001048AAA,01t000000000059AAA,280,207.42,0.0641,194.12,58077.6,54353.6,136.27,38155.6,16198,0.298012,false,USD
00k000000003178AAA,006000000001048AAA,01t000000000020AAA,194,383.59,0.1009,344.89,74416.46,66908.66,218.34,42357.96,24550.7,0.366929,false,USD
00k000000003179AAA,006000000001049AAA,01t000000000062AAA,2532,196.02,0.1177,172.95,496322.64,437909.4,121.05,306498.6,131410.8,0.300087,false,USD
00k000000003180AAA,006000000001049AAA,01t000000000059AAA,2378,210.7,0.0837,193.06,501044.6,459096.68,136.27,324050.06,135046.62,0.294157,false,USD
00k000000003181AAA,006000000001049AAA,01t000000000001AAA,1988,323.54,0.0679,301.57,643197.52,599521.16,209.3,416088.4,183432.76,0.305965,false,USD
00k000000003182AAA,006000000001050AAA,01t000000000026AAA,2250,294.42,0.0664,274.87,662445,618457.5,198.27,446107.5,172350,0.278677,false,USD
00k000000003183AAA,006000000001050AAA,01t000000000046AAA,7799,84.8,0.0619,79.55,661355.2,620410.45,53.15,414516.85,205893.6,0.331867,false,USD
00k000000003184AAA,006000000001050AAA,01t000000000018AAA,3385,142.9,0.0639,133.77,483716.5,452811.45,92.07,311656.95,141154.5,0.311729,false,USD
00k000000003185AAA,006000000001051AAA,01t000000000037AAA,488,379.31,0.0789,349.38,185103.28,170497.44,244.43,119281.84,51215.6,0.300389,false,USD
00k000000003186AAA,006000000001051AAA,01t000000000013AAA,582,314.92,0.0377,303.05,183283.44,176375.1,195.82,113967.24,62407.86,0.353836,false,USD
00k000000003187AAA,006000000001052AAA,01t000000000015AAA,317,319.25,0.0568,301.12,101202.25,95455.04,168.05,53271.85,42183.19,0.441917,false,USD
00k000000003188AAA,006000000001052AAA,01t000000000045AAA,708,107.27,0.0767,99.04,75947.16,70120.32,59.87,42387.96,27732.36,0.395497,false,USD
00k000000003189AAA,006000000001052AAA,01t000000000054AAA,786,126.4,0.0624,118.51,99350.4,93148.86,80.43,63217.98,29930.88,0.321323,false,USD
00k000000003190AAA,006000000001052AAA,01t000000000048AAA,276,424.01,0.0787,390.64,117026.76,107816.64,264.11,72894.36,34922.28,0.323904,false,USD
00k000000003191AAA,006000000001053AAA,01t000000000039AAA,725,125.65,0.0876,114.64,91096.25,83114,75.62,54824.5,28289.5,0.34037,false,USD
00k000000003192AAA,006000000001053AAA,01t000000000057AAA,756,130.8,0.0654,122.25,98884.8,92421,72.85,55074.6,37346.4,0.40409,false,USD
00k000000003193AAA,006000000001053AAA,01t000000000011AAA,217,307.58,0.0623,288.42,66744.86,62587.14,204.74,44428.58,18158.56,0.290132,false,USD
00k000000003194AAA,006000000001053AAA,01t000000000059AAA,303,211.83,0.0944,191.83,64184.49,58124.49,136.27,41289.81,16834.68,0.289631,false,USD
00k000000003195AAA,006000000001054AAA,01t000000000013AAA,377,315.28,0.0407,302.45,118860.56,114023.65,195.82,73824.14,40199.51,0.352554,false,USD
00k000000003196AAA,006000000001054AAA,01t000000000021AAA,518,341.74,0.0708,317.54,177021.32,164485.72,239.32,123967.76,40517.96,0.246331,false,USD
00k000000003197AAA,006000000001054AAA,01t000000000030AAA,1387,155.3,0.0508,147.41,215401.1,204457.67,108.56,150572.72,53884.95,0.263551,false,USD
00k000000003198AAA,006000000001055AAA,01t000000000060AAA,1566,246.75,0.0715,229.11,386410.5,358786.26,164.46,257544.36,101241.9,0.282179,false,USD
00k000000003199AAA,006000000001055AAA,01t000000000045AAA,2540,105.38,0.0899,95.91,267665.2,243611.4,59.87,152069.8,91541.6,0.375769,false,USD
00k000000003200AAA,006000000001056AAA,01t000000000011AAA,789,311.88,0.0503,296.19,246073.32,233693.91,204.74,161539.86,72154.05,0.308755,false,USD
00k000000003201AAA,006000000001056AAA,01t000000000054AAA,1814,137.42,0.0361,132.46,249279.88,240282.44,80.43,145900.02,94382.42,0.392798,false,USD
00k000000003202AAA,006000000001056AAA,01t000000000029AAA,1097,230.69,0.0586,217.17,253066.93,238235.49,153.08,167928.76,70306.73,0.295114,false,USD
00k000000003203AAA,006000000001057AAA,01t000000000064AAA,679,238.36,0.1109,211.93,161846.44,143900.47,161.48,109644.92,34255.55,0.23805,false,USD
00k000000003204AAA,006000000001057AAA,01t000000000073AAA,369,216.21,0.0654,202.07,79781.49,74563.83,136.74,50457.06,24106.77,0.323304,false,USD
00k000000003205AAA,006000000001057AAA,01t000000000004AAA,413,399.3,0.1202,351.3,164910.9,145086.9,267.02,110279.26,34807.64,0.239909,false,USD
00k000000003206AAA,006000000001058AAA,01t000000000017AAA,356,177.84,0.0376,171.15,63311.04,60929.4,126.45,45016.2,15913.2,0.261174,false,USD
00k000000003207AAA,006000000001058AAA,01t000000000020AAA,195,395.67,0.0446,378.02,77155.65,73713.9,218.34,42576.3,31137.6,0.422412,false,USD
00k000000003208AAA,006000000001059AAA,01t000000000033AAA,1836,398.36,0.0571,375.61,731388.96,689619.96,280.14,514337.04,175282.92,0.254173,false,USD
00k000000003209AAA,006000000001059AAA,01t000000000057AAA,4424,133.73,0.0782,123.27,591621.52,545346.48,72.85,322288.4,223058.08,0.409021,false,USD
00k000000003210AAA,006000000001059AAA,01t000000000003AAA,2052,194.86,0.0695,181.32,399852.72,372068.64,125.5,257526,114542.64,0.307854,false,USD
00k000000003211AAA,006000000001060AAA,01t000000000074AAA,768,346.19,0.0601,325.38,265873.92,249891.84,224.7,172569.6,77322.24,0.309423,false,USD
00k000000003212AAA,006000000001060AAA,01t000000000061AAA,646,202.59,0.0663,189.16,130873.14,122197.36,138.34,89367.64,32829.72,0.268661,false,USD
00k000000003213AAA,006000000001060AAA,01t000000000075AAA,332,604.23,0.0851,552.81,200604.36,183532.92,356.45,118341.4,65191.52,0.355203,false,USD
00k000000003214AAA,006000000001060AAA,01t000000000058AAA,888,242.08,0.0411,232.13,214967.04,206131.44,167.27,148535.76,57595.68,0.279412,false,USD
00k000000003215AAA,006000000001061AAA,01t000000000029AAA,1279,229.27,0.0982,206.76,293236.33,264446.04,153.08,195789.32,68656.72,0.259625,false,USD
00k000000003216AAA,006000000001061AAA,01t000000000053AAA,1348,232.02,0.063,217.4,312762.96,293055.2,158.05,213051.4,80003.8,0.272999,false,USD
00k000000003217AAA,006000000001061AAA,01t000000000011AAA,1352,310.89,0.071,288.82,420323.28,390484.64,204.74,276808.48,113676.16,0.291116,false,USD
00k000000003218AAA,006000000001061AAA,01t000000000033AAA,760,415.84,0.0993,374.55,316038.4,284658,280.14,212906.4,71751.6,0.252062,false,USD
00k000000003219AAA,006000000001061AAA,01t000000000009AAA,1197,345.36,0.0776,318.56,413395.92,381316.32,203.75,243888.75,137427.57,0.360403,false,USD
00k000000003220AAA,006000000001062AAA,01t000000000030AAA,882,153.81,0.0353,148.38,135660.42,130871.16,108.56,95749.92,35121.24,0.268365,false,USD
00k000000003221AAA,006000000001062AAA,01t000000000021AAA,477,324.61,0.0911,295.04,154838.97,140734.08,239.32,114155.64,26578.44,0.188856,false,USD
00k000000003222AAA,006000000001062AAA,01t000000000062AAA,655,199.46,0.0601,187.47,130646.3,122792.85,121.05,79287.75,43505.1,0.354297,false,USD
00k000000003223AAA,006000000001063AAA,01t000000000042AAA,394,273.99,0.0604,257.44,107952.06,101431.36,174.39,68709.66,32721.7,0.322599,false,USD
00k000000003224AAA,006000000001063AAA,01t000000000036AAA,944,138.16,0.0826,126.75,130423.04,119652,95.18,89849.92,29802.08,0.249073,false,USD
00k000000003225AAA,006000000001063AAA,01t000000000022AAA,431,376.73,0.0715,349.79,162370.63,150759.49,241.05,103892.55,46866.94,0.310872,false,USD
00k000000003226AAA,006000000001063AAA,01t000000000029AAA,431,222.3,0.0776,205.05,95811.3,88376.55,153.08,65977.48,22399.07,0.25345,false,USD
00k000000003227AAA,006000000001063AAA,01t000000000014AAA,1325,116.69,0.0839,106.9,154614.25,141642.5,81.05,107391.25,34251.25,0.241815,false,USD
00k000000003228AAA,006000000001064AAA,01t000000000053AAA,1164,245.74,0.0461,234.41,286041.36,272853.24,153.31,178452.84,94400.4,0.345975,false,USD
00k000000003229AAA,006000000001064AAA,01t000000000045AAA,2807,106.84,0.0669,99.69,299899.88,279829.83,58.07,163002.49,116827.34,0.417494,false,USD
00k000000003230AAA,006000000001064AAA,01t000000000035AAA,725,397.5,0.0405,381.4,288187.5,276515,230.62,167199.5,109315.5,0.395333,false,USD
00k000000003231AAA,006000000001064AAA,01t000000000024AAA,1448,327.13,0.0511,310.41,473684.24,449473.68,215.05,311392.4,138081.28,0.307207,false,USD
00k000000003232AAA,006000000001065AAA,01t000000000070AAA,2079,576.2,0.0724,534.48,1197919.8,1111183.92,339.31,705425.49,405758.43,0.365159,false,USD
00k000000003233AAA,006000000001065AAA,01t000000000055AAA,3096,230.74,0.1074,205.96,714371.04,637652.16,130.02,402541.92,235110.24,0.368712,false,USD
00k000000003234AAA,006000000001065AAA,01t000000000034AAA,4159,234.79,0.1033,210.54,976491.61,875635.86,148.57,617902.63,257733.23,0.294338,false,USD
00k000000003235AAA,006000000001066AAA,01t000000000046AAA,1270,83.95,0.0032,83.68,106616.5,106273.6,53.15,67500.5,38773.1,0.364842,false,USD
00k000000003236AAA,006000000001066AAA,01t000000000035AAA,225,388,0.0485,369.18,87300,83065.5,237.75,53493.75,29571.75,0.356005,false,USD
00k000000003237AAA,006000000001066AAA,01t000000000012AAA,335,388.78,0.0848,355.81,130241.3,119196.35,249.67,83639.45,35556.9,0.298305,false,USD
00k000000003238AAA,006000000001066AAA,01t000000000058AAA,426,254.71,0.0694,237.03,108506.46,100974.78,167.27,71257.02,29717.76,0.294309,false,USD
00k000000003239AAA,006000000001067AAA,01t000000000073AAA,216,219,0.037,210.9,47304,45554.4,136.74,29535.84,16018.56,0.351636,false,USD
00k000000003240AAA,006000000001067AAA,01t000000000074AAA,259,339.89,0.0562,320.79,88031.51,83084.61,224.7,58197.3,24887.31,0.299542,false,USD
00k000000003241AAA,006000000001068AAA,01t000000000056AAA,1882,197.02,0.1061,176.12,370791.64,331457.84,130.96,246466.72,84991.12,0.256416,false,USD
00k000000003242AAA,006000000001068AAA,01t000000000014AAA,3607,122.71,0.0865,112.1,442614.97,404344.7,81.05,292347.35,111997.35,0.276985,false,USD
00k000000003243AAA,006000000001068AAA,01t000000000074AAA,887,334.67,0.0857,305.99,296852.29,271413.13,224.7,199308.9,72104.23,0.265662,false,USD
00k000000003244AAA,006000000001069AAA,01t000000000018AAA,506,151.8,0.0673,141.58,76810.8,71639.48,89.31,45190.86,26448.62,0.369191,false,USD
00k000000003245AAA,006000000001069AAA,01t000000000054AAA,687,128.55,0.0593,120.93,88313.85,83078.91,78.02,53599.74,29479.17,0.354833,false,USD
00k000000003246AAA,006000000001069AAA,01t000000000072AAA,153,574.2,0.0189,563.35,87852.6,86192.55,399.81,61170.93,25021.62,0.290299,false,USD
00k000000003247AAA,006000000001069AAA,01t000000000009AAA,237,341.18,0.0624,319.89,80859.66,75813.93,197.64,46840.68,28973.25,0.382163,false,USD
00k000000003248AAA,006000000001070AAA,01t000000000049AAA,645,357.41,0.0821,328.07,230529.45,211605.15,244.93,157979.85,53625.3,0.253422,false,USD
00k000000003249AAA,006000000001070AAA,01t000000000012AAA,820,385.07,0.0468,367.05,315757.4,300981,249.67,204729.4,96251.6,0.319793,false,USD
00k000000003250AAA,006000000001071AAA,01t000000000027AAA,525,423.73,0.0879,386.48,222458.25,202902,251.82,132205.5,70696.5,0.348427,false,USD
00k000000003251AAA,006000000001071AAA,01t000000000043AAA,784,219.14,0.0933,198.69,171805.76,155772.96,128.91,101065.44,54707.52,0.3512,false,USD
00k000000003252AAA,006000000001071AAA,01t000000000028AAA,1258,194.82,0.0462,185.82,245083.56,233761.56,110.67,139222.86,94538.7,0.404424,false,USD
00k000000003253AAA,006000000001072AAA,01t000000000060AAA,493,242.72,0.0756,224.37,119660.96,110614.41,164.46,81078.78,29535.63,0.267014,false,USD
00k000000003254AAA,006000000001072AAA,01t000000000013AAA,358,325.72,0.0344,314.52,116607.76,112598.16,195.82,70103.56,42494.6,0.3774,false,USD
00k000000003255AAA,006000000001072AAA,01t000000000032AAA,383,332.68,0.0918,302.14,127416.44,115719.62,199.36,76354.88,39364.74,0.340173,false,USD
00k000000003256AAA,006000000001073AAA,01t000000000041AAA,204,273.19,0.047,260.35,55730.76,53111.4,152.9,31191.6,21919.8,0.412714,false,USD
00k000000003257AAA,006000000001073AAA,01t000000000054AAA,783,131.42,0.0853,120.21,102901.86,94124.43,80.43,62976.69,31147.74,0.330921,false,USD
00k000000003258AAA,006000000001074AAA,01t000000000055AAA,2407,243.82,0.083,223.58,586874.74,538157.06,130.02,312958.14,225198.92,0.418463,false,USD
00k000000003259AAA,006000000001075AAA,01t000000000043AAA,2711,230.86,0.0988,208.05,625861.46,564023.55,128.91,349475.01,214548.54,0.380389,false,USD
00k000000003260AAA,006000000001075AAA,01t000000000046AAA,7415,85.66,0.0851,78.37,635168.9,581113.55,53.15,394107.25,187006.3,0.321807,false,USD
00k000000003261AAA,006000000001076AAA,01t000000000031AAA,1552,384.33,0.0335,371.45,596480.16,576490.4,237.31,368305.12,208185.28,0.361125,false,USD
00k000000003262AAA,006000000001077AAA,01t000000000019AAA,418,342.84,0.059,322.61,143307.12,134850.98,228.88,95671.84,39179.14,0.290537,false,USD
00k000000003263AAA,006000000001077AAA,01t000000000028AAA,590,193.44,0.1039,173.34,114129.6,102270.6,110.67,65295.3,36975.3,0.361544,false,USD
00k000000003264AAA,006000000001077AAA,01t000000000048AAA,368,428.71,0.0756,396.3,157765.28,145838.4,264.11,97192.48,48645.92,0.33356,false,USD
00k000000003265AAA,006000000001078AAA,01t000000000046AAA,5938,81.49,0.1155,72.08,483887.62,428011.04,53.15,315604.7,112406.34,0.262625,false,USD
00k000000003266AAA,006000000001078AAA,01t000000000059AAA,1568,209.94,0.0855,191.99,329185.92,301040.32,136.27,213671.36,87368.96,0.290223,false,USD
00k000000003267AAA,006000000001078AAA,01t000000000040AAA,1650,229.97,0.0614,215.85,379450.5,356152.5,142.61,235306.5,120846,0.33931,false,USD
00k000000003268AAA,006000000001079AAA,01t000000000011AAA,672,302.42,0.0805,278.08,203226.24,186869.76,204.74,137585.28,49284.48,0.263737,false,USD
00k000000003269AAA,006000000001079AAA,01t000000000024AAA,503,314.87,0.0569,296.95,158379.61,149365.85,221.7,111515.1,37850.75,0.25341,false,USD
00k000000003270AAA,006000000001079AAA,01t000000000046AAA,1621,79.81,0.1108,70.97,129372.01,115042.37,53.15,86156.15,28886.22,0.251092,false,USD
00k000000003271AAA,006000000001079AAA,01t000000000012AAA,361,393.94,0.0465,375.62,142212.34,135598.82,249.67,90130.87,45467.95,0.335312,false,USD
00k000000003272AAA,006000000001080AAA,01t000000000048AAA,817,429.95,0.0943,389.41,351269.15,318147.97,264.11,215777.87,102370.1,0.321769,false,USD
00k000000003273AAA,006000000001080AAA,01t000000000056AAA,1222,202.5,0.0883,184.62,247455,225605.64,130.96,160033.12,65572.52,0.290651,false,USD
00k000000003274AAA,006000000001081AAA,01t000000000038AAA,943,216.22,0.0553,204.26,203895.46,192617.18,127.14,119893.02,72724.16,0.377558,false,USD
00k000000003275AAA,006000000001081AAA,01t000000000040AAA,920,231.77,0.0676,216.1,213228.4,198812,142.61,131201.2,67610.8,0.340074,false,USD
00k000000003276AAA,006000000001082AAA,01t000000000019AAA,569,352.57,0.0984,317.88,200612.33,180873.72,228.88,130232.72,50641,0.27998,false,USD
00k000000003277AAA,006000000001082AAA,01t000000000065AAA,569,342.62,0.0626,321.17,194950.78,182745.73,228.94,130266.86,52478.87,0.287169,false,USD
00k000000003278AAA,006000000001083AAA,01t000000000074AAA,969,341.62,0.0785,314.8,331029.78,305041.2,224.7,217734.3,87306.9,0.286213,false,USD
00k000000003279AAA,006000000001083AAA,01t000000000038AAA,1226,213.43,0.0276,207.54,261665.18,254444.04,127.14,155873.64,98570.4,0.387395,false,USD
00k000000003280AAA,006000000001083AAA,01t000000000019AAA,719,341.61,0.0359,329.35,245617.59,236802.65,228.88,164564.72,72237.93,0.305055,false,USD
00k000000003281AAA,006000000001084AAA,01t000000000062AAA,830,198.77,0.0442,189.98,164979.1,157683.4,121.05,100471.5,57211.9,0.362828,false,USD
00k000000003282AAA,006000000001084AAA,01t000000000023AAA,354,339.52,0.0698,315.82,120190.08,111800.28,222.39,78726.06,33074.22,0.295833,false,USD
00k000000003283AAA,006000000001085AAA,01t000000000055AAA,1224,241.41,0.0426,231.13,295485.84,282903.12,130.02,159144.48,123758.64,0.437459,false,USD
00k000000003284AAA,006000000001086AAA,01t000000000010AAA,1439,442.82,0.0646,414.21,637217.98,596048.19,280.72,403956.08,192092.11,0.322276,false,USD
00k000000003285AAA,006000000001086AAA,01t000000000047AAA,1748,303.7,0.0893,276.58,530867.6,483461.84,213.19,372656.12,110805.72,0.229192,false,USD
00k000000003286AAA,006000000001087AAA,01t000000000048AAA,251,425.65,0.0787,392.15,106838.15,98429.65,264.11,66291.61,32138.04,0.326508,false,USD
00k000000003287AAA,006000000001087AAA,01t000000000066AAA,249,437.74,0.087,399.66,108997.26,99515.34,251.52,62628.48,36886.86,0.370665,false,USD
00k000000003288AAA,006000000001087AAA,01t000000000063AAA,215,470.91,0.0886,429.19,101245.65,92275.85,264.31,56826.65,35449.2,0.384166,false,USD
00k000000003289AAA,006000000001087AAA,01t000000000075AAA,139,612.12,0.0448,584.7,85084.68,81273.3,356.45,49546.55,31726.75,0.390371,false,USD
00k000000003290AAA,006000000001088AAA,01t000000000066AAA,632,420.79,0.068,392.18,265939.28,247857.76,251.52,158960.64,88897.12,0.358662,false,USD
00k000000003291AAA,006000000001088AAA,01t000000000068AAA,683,447.35,0.1033,401.14,305540.05,273978.62,303.4,207222.2,66756.42,0.243656,false,USD
00k000000003292AAA,006000000001088AAA,01t000000000003AAA,1340,201.81,0.0369,194.36,270425.4,260442.4,125.5,168170,92272.4,0.354291,false,USD
00k000000003293AAA,006000000001088AAA,01t000000000075AAA,384,609.47,0.0512,578.27,234036.48,222055.68,356.45,136876.8,85178.88,0.383592,false,USD
00k000000003294AAA,006000000001089AAA,01t000000000001AAA,140,322.86,0.0343,311.79,45200.4,43650.6,209.3,29302,14348.6,0.328715,false,USD
00k000000003295AAA,006000000001089AAA,01t000000000061AAA,262,204.71,0.0718,190.01,53634.02,49782.62,138.34,36245.08,13537.54,0.271933,false,USD
00k000000003296AAA,006000000001089AAA,01t000000000046AAA,916,84.35,0.0564,79.59,77264.6,72904.44,53.15,48685.4,24219.04,0.332203,false,USD
00k000000003297AAA,006000000001090AAA,01t000000000041AAA,863,272.28,0.0537,257.66,234977.64,222360.58,152.9,131952.7,90407.88,0.406582,false,USD
00k000000003298AAA,006000000001090AAA,01t000000000028AAA,1273,197.16,0.1277,171.98,250984.68,218930.54,110.67,140882.91,78047.63,0.356495,false,USD
00k000000003299AAA,006000000001091AAA,01t000000000021AAA,559,330.15,0.0824,302.95,184553.85,169349.05,239.32,133779.88,35569.17,0.210035,false,USD
00k000000003300AAA,006000000001091AAA,01t000000000039AAA,1791,124.7,0.068,116.22,223337.7,208150.02,75.62,135435.42,72714.6,0.349337,false,USD
00k000000003301AAA,006000000001091AAA,01t000000000025AAA,2386,75.72,0.0741,70.11,180667.92,167282.46,51.29,122377.94,44904.52,0.268435,false,USD
00k000000003302AAA,006000000001092AAA,01t000000000008AAA,641,264.33,0.0877,241.15,169435.53,154577.15,179.17,114847.97,39729.18,0.257018,false,USD
00k000000003303AAA,006000000001092AAA,01t000000000002AAA,1039,170.51,0.0245,166.33,177159.89,172816.87,113.8,118238.2,54578.67,0.315818,false,USD
00k000000003304AAA,006000000001092AAA,01t000000000028AAA,777,199.97,0.0777,184.43,155376.69,143302.11,110.67,85990.59,57311.52,0.399935,false,USD
00k000000003305AAA,006000000001093AAA,01t000000000043AAA,2709,218.37,0.0639,204.42,591564.33,553773.78,128.91,349217.19,204556.59,0.369387,false,USD
00k000000003306AAA,006000000001094AAA,01t000000000046AAA,1897,84.09,0.0243,82.05,159518.73,155648.85,53.15,100825.55,54823.3,0.352224,false,USD
00k000000003307AAA,006000000001094AAA,01t000000000035AAA,403,393.03,0.0902,357.58,158391.09,144104.74,237.75,95813.25,48291.49,0.335114,false,USD
00k000000003308AAA,006000000001095AAA,01t000000000056AAA,3065,206.53,0.0632,193.48,633014.45,593016.2,127.03,389346.95,203669.25,0.343446,false,USD
00k000000003309AAA,006000000001095AAA,01t000000000023AAA,1634,335.88,0.06,315.73,548827.92,515902.82,215.72,352486.48,163416.34,0.316758,false,USD
00k000000003310AAA,006000000001095AAA,01t000000000041AAA,2353,268.48,0.0569,253.2,631733.44,595779.6,148.31,348973.43,246806.17,0.414258,false,USD
00k000000003311AAA,006000000001095AAA,01t000000000004AAA,1010,394.69,0.0279,383.68,398636.9,387516.8,259.01,261600.1,125916.7,0.324932,false,USD
00k000000003312AAA,006000000001096AAA,01t000000000048AAA,996,406.59,0.0585,382.8,404963.64,381268.8,264.11,263053.56,118215.24,0.310057,false,USD
00k000000003313AAA,006000000001096AAA,01t000000000035AAA,1094,383.44,0.0589,360.86,419483.36,394780.84,237.75,260098.5,134682.34,0.341157,false,USD
00k000000003314AAA,006000000001097AAA,01t000000000038AAA,1588,212.01,0.0225,207.24,336671.88,329097.12,127.14,201898.32,127198.8,0.386508,false,USD
00k000000003315AAA,006000000001097AAA,01t000000000054AAA,2100,134.09,0.0409,128.61,281589,270081,80.43,168903,101178,0.374621,false,USD
00k000000003316AAA,006000000001097AAA,01t000000000047AAA,1633,320.29,0.0525,303.47,523033.57,495566.51,213.19,348139.27,147427.24,0.297492,false,USD
00k000000003317AAA,006000000001098AAA,01t000000000018AAA,1777,149.19,0.0507,141.63,265110.63,251676.51,92.07,163608.39,88068.12,0.349926,false,USD
00k000000003318AAA,006000000001098AAA,01t000000000004AAA,1069,419.71,0.0815,385.5,448669.99,412099.5,267.02,285444.38,126655.12,0.307341,false,USD
00k000000003319AAA,006000000001098AAA,01t000000000014AAA,3153,124.41,0.0642,116.42,392264.73,367072.26,81.05,255550.65,111521.61,0.303814,false,USD
00k000000003320AAA,006000000001099AAA,01t000000000044AAA,996,399.86,0.0444,382.11,398260.56,380581.56,236.16,235215.36,145366.2,0.381958,false,USD
00k000000003321AAA,006000000001099AAA,01t000000000052AAA,3959,101.91,0.0475,97.07,403461.69,384300.13,60.96,241340.64,142959.49,0.372,false,USD
00k000000003322AAA,006000000001099AAA,01t000000000013AAA,793,319.43,0.0608,300.01,253307.99,237907.93,189.95,150630.35,87277.58,0.366854,false,USD
00k000000003323AAA,006000000001099AAA,01t000000000037AAA,958,376.95,0.1008,338.95,361118.1,324714.1,237.1,227141.8,97572.3,0.300487,false,USD
00k000000003324AAA,006000000001099AAA,01t000000000065AAA,1334,332.84,0.0691,309.84,444008.56,413326.56,222.07,296241.38,117085.18,0.283275,false,USD
00k000000003325AAA,006000000001100AAA,01t000000000017AAA,1797,188.26,0.1,169.43,338303.22,304465.71,126.45,227230.65,77235.06,0.253674,false,USD
00k000000003326AAA,006000000001100AAA,01t000000000024AAA,755,317.89,0.0762,293.67,240006.95,221720.85,221.7,167383.5,54337.35,0.245071,false,USD
00k000000003327AAA,006000000001100AAA,01t000000000005AAA,731,366.41,0.0636,343.11,267845.71,250813.41,272.07,198883.17,51930.24,0.207047,false,USD
00k000000003328AAA,006000000001101AAA,01t000000000074AAA,574,345.99,0.046,330.07,198598.26,189460.18,224.7,128977.8,60482.38,0.319235,false,USD
00k000000003329AAA,006000000001101AAA,01t000000000034AAA,1175,225.54,0.0726,209.17,265009.5,245774.75,148.57,174569.75,71205,0.289716,false,USD
00k000000003330AAA,006000000001101AAA,01t000000000028AAA,766,196.43,0.0708,182.52,150465.38,139810.32,110.67,84773.22,55037.1,0.393655,false,USD
00k000000003331AAA,006000000001101AAA,01t000000000009AAA,661,343.01,0.0671,319.99,226729.61,211513.39,203.75,134678.75,76834.64,0.363261,false,USD
00k000000003332AAA,006000000001102AAA,01t000000000074AAA,233,330.52,0.0629,309.73,77011.16,72167.09,224.7,52355.1,19811.99,0.274529,false,USD
00k000000003333AAA,006000000001102AAA,01t000000000014AAA,1206,116.26,0.0423,111.34,140209.56,134276.04,81.05,97746.3,36529.74,0.27205,false,USD
00k000000003334AAA,006000000001103AAA,01t000000000043AAA,1733,214.72,0.0929,194.77,372109.76,337536.41,128.91,223401.03,114135.38,0.338142,false,USD
00k000000003335AAA,006000000001103AAA,01t000000000018AAA,2227,146.43,0.0388,140.75,326099.61,313450.25,92.07,205039.89,108410.36,0.345861,false,USD
00k000000003336AAA,006000000001104AAA,01t000000000018AAA,1267,147.21,0.09,133.96,186515.07,169727.32,92.07,116652.69,53074.63,0.312705,false,USD
00k000000003337AAA,006000000001104AAA,01t000000000009AAA,628,344.28,0.1036,308.61,216207.84,193807.08,203.75,127955,65852.08,0.339782,false,USD
00k000000003338AAA,006000000001104AAA,01t000000000042AAA,652,268.94,0.0692,250.33,175348.88,163215.16,174.39,113702.28,49512.88,0.30336,false,USD
00k000000003339AAA,006000000001104AAA,01t000000000007AAA,565,196.08,0.0732,181.73,110785.2,102677.45,120.99,68359.35,34318.1,0.334232,false,USD
00k000000003340AAA,006000000001105AAA,01t000000000031AAA,779,377.21,0.0658,352.39,293846.59,274511.81,237.31,184864.49,89647.32,0.32657,false,USD
00k000000003341AAA,006000000001105AAA,01t000000000043AAA,1804,229.02,0.0687,213.29,413152.08,384775.16,128.91,232553.64,152221.52,0.395612,false,USD
00k000000003342AAA,006000000001105AAA,01t000000000014AAA,3694,123.05,0.097,111.11,454546.7,410440.34,81.05,299398.7,111041.64,0.270543,false,USD
00k000000003343AAA,006000000001106AAA,01t000000000025AAA,8083,74.96,0.1001,67.46,605901.68,545279.18,51.29,414577.07,130702.11,0.239698,false,USD
00k000000003344AAA,006000000001106AAA,01t000000000016AAA,1646,359.41,0.0888,327.49,591588.86,539048.54,212.59,349923.14,189125.4,0.35085,false,USD
00k000000003345AAA,006000000001106AAA,01t000000000050AAA,4788,79.82,0.0778,73.61,382178.16,352444.68,51.06,244475.28,107969.4,0.306344,false,USD
00k000000003346AAA,006000000001107AAA,01t000000000066AAA,230,447.34,0.0436,427.84,102888.2,98403.2,243.97,56113.1,42290.1,0.429763,false,USD
00k000000003347AAA,006000000001107AAA,01t000000000038AAA,375,210.71,0.062,197.65,79016.25,74118.75,123.33,46248.75,27870,0.376018,false,USD
00k000000003348AAA,006000000001107AAA,01t000000000013AAA,164,323.06,0.0523,306.16,52981.84,50210.24,189.95,31151.8,19058.44,0.379573,false,USD
00k000000003349AAA,006000000001107AAA,01t000000000052AAA,739,100.92,0.0438,96.5,74579.88,71313.5,60.96,45049.44,26264.06,0.36829,false,USD
00k000000003350AAA,006000000001108AAA,01t000000000034AAA,1373,227.57,0.0521,215.71,312453.61,296169.83,148.57,203986.61,92183.22,0.311251,false,USD
00k000000003351AAA,006000000001108AAA,01t000000000055AAA,1933,238.74,0.066,222.98,461484.42,431020.34,130.02,251328.66,179691.68,0.416898,false,USD
00k000000003352AAA,006000000001108AAA,01t000000000048AAA,782,417.23,0.1157,368.96,326273.86,288526.72,264.11,206534.02,81992.7,0.284177,false,USD
00k000000003353AAA,006000000001109AAA,01t000000000016AAA,471,348.95,0.0853,319.18,164355.45,150333.78,212.59,100129.89,50203.89,0.333949,false,USD
00k000000003354AAA,006000000001109AAA,01t000000000036AAA,738,149.43,0.0489,142.12,110279.34,104884.56,95.18,70242.84,34641.72,0.330284,false,USD
00k000000003355AAA,006000000001109AAA,01t000000000026AAA,541,300.74,0.0428,287.87,162700.34,155737.67,198.27,107264.07,48473.6,0.311252,false,USD
00k000000003356AAA,006000000001110AAA,01t000000000035AAA,233,390.92,0.0813,359.14,91084.36,83679.62,237.75,55395.75,28283.87,0.338002,false,USD
00k000000003357AAA,006000000001110AAA,01t000000000071AAA,182,453.4,0.0596,426.38,82518.8,77601.16,299.11,54438.02,23163.14,0.29849,false,USD
00k000000003358AAA,006000000001110AAA,01t000000000055AAA,374,241.51,0.0378,232.38,90324.74,86910.12,130.02,48627.48,38282.64,0.440485,false,USD
00k000000003359AAA,006000000001110AAA,01t000000000065AAA,259,333.82,0.0856,305.25,86459.38,79059.75,228.94,59295.46,19764.29,0.249992,false,USD
00k000000003360AAA,006000000001111AAA,01t000000000004AAA,278,391.82,0.0814,359.93,108925.96,100060.54,259.01,72004.78,28055.76,0.280388,false,USD
00k000000003361AAA,006000000001111AAA,01t000000000031AAA,205,390.35,0.0755,360.88,80021.75,73980.4,230.19,47188.95,26791.45,0.362143,false,USD
00k000000003362AAA,006000000001111AAA,01t000000000050AAA,1076,79.7,0.0489,75.8,85757.2,81560.8,49.53,53294.28,28266.52,0.34657,false,USD
00k000000003363AAA,006000000001111AAA,01t000000000016AAA,334,361.82,0.0459,345.21,120847.88,115300.14,206.21,68874.14,46426,0.402653,false,USD
00k000000003364AAA,006000000001112AAA,01t000000000014AAA,2148,117.61,0.0987,106,252626.28,227688,81.05,174095.4,53592.6,0.235377,false,USD
00k000000003365AAA,006000000001112AAA,01t000000000048AAA,645,397.91,0.0653,371.93,256651.95,239894.85,264.11,170350.95,69543.9,0.289893,false,USD
00k000000003366AAA,006000000001113AAA,01t000000000022AAA,2422,348.74,0.0676,325.17,844648.28,787561.74,241.05,583823.1,203738.64,0.258695,false,USD
00k000000003367AAA,006000000001113AAA,01t000000000054AAA,8692,139.9,0.0695,130.18,1216010.8,1131524.56,80.43,699097.56,432427,0.382163,false,USD
00k000000003368AAA,006000000001113AAA,01t000000000006AAA,1957,491.64,0.0358,474.04,962139.48,927696.28,301.3,589644.1,338052.18,0.3644,false,USD
00k000000003369AAA,006000000001114AAA,01t000000000026AAA,864,294.61,0.0491,280.14,254543.04,242040.96,198.27,171305.28,70735.68,0.292247,false,USD
00k000000003370AAA,006000000001114AAA,01t000000000019AAA,538,354.4,0.0964,320.24,190667.2,172289.12,228.88,123137.44,49151.68,0.285286,false,USD
00k000000003371AAA,006000000001114AAA,01t000000000052AAA,3041,106.08,0.0548,100.27,322589.28,304921.07,62.85,191126.85,113794.22,0.373192,false,USD
00k000000003372AAA,006000000001115AAA,01t000000000048AAA,444,405,0.0499,384.79,179820,170846.76,264.11,117264.84,53581.92,0.313626,false,USD
00k000000003373AAA,006000000001115AAA,01t000000000029AAA,897,216.87,0.076,200.39,194532.39,179749.83,153.08,137312.76,42437.07,0.23609,false,USD
00k000000003374AAA,006000000001115AAA,01t000000000050AAA,2168,80.56,0.0779,74.28,174654.08,161039.04,51.06,110698.08,50340.96,0.312601,false,USD
00k000000003375AAA,006000000001116AAA,01t000000000035AAA,639,386.46,0.0754,357.32,246947.94,228327.48,237.75,151922.25,76405.23,0.33463,false,USD
00k000000003376AAA,006000000001116AAA,01t000000000044AAA,780,400.88,0.0504,380.68,312686.4,296930.4,243.46,189898.8,107031.6,0.36046,false,USD
00k000000003377AAA,006000000001116AAA,01t000000000057AAA,3173,130.72,0.0874,119.3,414774.56,378538.9,72.85,231153.05,147385.85,0.389355,false,USD
00k000000003378AAA,006000000001117AAA,01t000000000007AAA,1632,200.79,0.045,191.75,327689.28,312936,120.99,197455.68,115480.32,0.369022,false,USD
00k000000003379AAA,006000000001117AAA,01t000000000001AAA,1015,343.21,0.1113,305.01,348358.15,309585.15,209.3,212439.5,97145.65,0.313793,false,USD
00k000000003380AAA,006000000001118AAA,01t000000000015AAA,316,300.83,0.0286,292.23,95062.28,92344.68,168.05,53103.8,39240.88,0.424939,false,USD
00k000000003381AAA,006000000001118AAA,01t000000000027AAA,219,406.3,0.0871,370.91,88979.7,81229.29,251.82,55148.58,26080.71,0.321075,false,USD
00k000000003382AAA,006000000001119AAA,01t000000000047AAA,167,321.95,0.0651,300.99,53765.65,50265.33,213.19,35602.73,14662.6,0.291704,false,USD
00k000000003383AAA,006000000001119AAA,01t000000000020AAA,173,372.89,0.0864,340.67,64509.97,58935.91,218.34,37772.82,21163.09,0.359087,false,USD
00k000000003384AAA,006000000001119AAA,01t000000000058AAA,356,245.84,0.0379,236.52,87519.04,84201.12,167.27,59548.12,24653,0.292787,false,USD
00k000000003385AAA,006000000001119AAA,01t000000000056AAA,330,199.45,0.081,183.29,65818.5,60485.7,130.96,43216.8,17268.9,0.285504,false,USD
00k000000003386AAA,006000000001119AAA,01t000000000003AAA,471,205.68,0.1134,182.36,96875.28,85891.56,125.5,59110.5,26781.06,0.311801,false,USD
00k000000003387AAA,006000000001120AAA,01t000000000010AAA,902,427.66,0.0492,406.62,385749.32,366771.24,280.72,253209.44,113561.8,0.309626,false,USD
00k000000003388AAA,006000000001120AAA,01t000000000055AAA,1063,233.02,0.0201,228.34,247700.26,242725.42,130.02,138211.26,104514.16,0.430586,false,USD
00k000000003389AAA,006000000001121AAA,01t000000000041AAA,868,262.92,0.087,240.05,228214.56,208363.4,148.31,128733.08,79630.32,0.38217,false,USD
00k000000003390AAA,006000000001121AAA,01t000000000037AAA,994,373.92,0.059,351.86,371676.48,349748.84,237.1,235677.4,114071.44,0.326152,false,USD
00k000000003391AAA,006000000001121AAA,01t000000000012AAA,575,394.02,0.0507,374.04,226561.5,215073,242.18,139253.5,75819.5,0.352529,false,USD
00k000000003392AAA,006000000001122AAA,01t000000000053AAA,1446,253.05,0.0927,229.59,365910.3,331987.14,158.05,228540.3,103446.84,0.311599,false,USD
00k000000003393AAA,006000000001122AAA,01t000000000023AAA,717,335.76,0.0173,329.95,240739.92,236574.15,222.39,159453.63,77120.52,0.325989,false,USD
00k000000003394AAA,006000000001122AAA,01t000000000025AAA,4212,72.78,0.0652,68.03,306549.36,286542.36,51.29,216033.48,70508.88,0.246068,false,USD
00k000000003395AAA,006000000001123AAA,01t000000000047AAA,1219,316.24,0.0414,303.15,385496.56,369539.85,206.79,252077.01,117462.84,0.317862,false,USD
00k000000003396AAA,006000000001123AAA,01t000000000022AAA,1025,356.26,0.0314,345.07,365166.5,353696.75,233.82,239665.5,114031.25,0.322398,false,USD
00k000000003397AAA,006000000001123AAA,01t000000000053AAA,1662,243.34,0.0368,234.39,404431.08,389556.18,153.31,254801.22,134754.96,0.345919,false,USD
00k000000003398AAA,006000000001123AAA,01t000000000013AAA,756,335.23,0.0291,325.47,253433.88,246055.32,189.95,143602.2,102453.12,0.416382,false,USD
00k000000003399AAA,006000000001124AAA,01t000000000026AAA,480,300.07,0.0641,280.84,144033.6,134803.2,198.27,95169.6,39633.6,0.294011,false,USD
00k000000003400AAA,006000000001124AAA,01t000000000068AAA,554,449.35,0.1034,402.89,248939.9,223201.06,303.4,168083.6,55117.46,0.246941,false,USD
00k000000003401AAA,006000000001124AAA,01t000000000065AAA,516,329.64,0.0794,303.47,170094.24,156590.52,228.94,118133.04,38457.48,0.245593,false,USD
00k000000003402AAA,006000000001125AAA,01t000000000031AAA,752,381.05,0.089,347.14,286549.6,261049.28,237.31,178457.12,82592.16,0.316385,false,USD
00k000000003403AAA,006000000001125AAA,01t000000000048AAA,705,422.67,0.0692,393.42,297982.35,277361.1,264.11,186197.55,91163.55,0.328682,false,USD
00k000000003404AAA,006000000001125AAA,01t000000000059AAA,1124,213.91,0.0951,193.57,240434.84,217572.68,136.27,153167.48,64405.2,0.296017,false,USD
00k000000003405AAA,006000000001125AAA,01t000000000060AAA,1220,250.99,0.0815,230.53,306207.8,281246.6,164.46,200641.2,80605.4,0.2866,false,USD
00k000000003406AAA,006000000001126AAA,01t000000000075AAA,524,598.99,0.0337,578.8,313870.76,303291.2,356.45,186779.8,116511.4,0.384157,false,USD
00k000000003407AAA,006000000001126AAA,01t000000000055AAA,802,236.9,0.0772,218.61,189993.8,175325.22,130.02,104276.04,71049.18,0.405242,false,USD
00k000000003408AAA,006000000001126AAA,01t000000000049AAA,689,370.75,0.0685,345.35,255446.75,237946.15,244.93,168756.77,69189.38,0.290777,false,USD
00k000000003409AAA,006000000001126AAA,01t000000000064AAA,1178,242.37,0.0335,234.25,285511.86,275946.5,161.48,190223.44,85723.06,0.310651,false,USD
00k000000003410AAA,006000000001127AAA,01t000000000055AAA,847,241.96,0.0606,227.3,204940.12,192523.1,130.02,110126.94,82396.16,0.427981,false,USD
00k000000003411AAA,006000000001127AAA,01t000000000048AAA,307,405.19,0.0441,387.32,124393.33,118907.24,264.11,81081.77,37825.47,0.318109,false,USD
00k000000003412AAA,006000000001128AAA,01t000000000060AAA,1440,258.77,0.0993,233.07,372628.8,335620.8,164.46,236822.4,98798.4,0.294375,false,USD
00k000000003413AAA,006000000001128AAA,01t000000000038AAA,1632,212.5,0.1003,191.19,346800,312022.08,127.14,207492.48,104529.6,0.335007,false,USD
00k000000003414AAA,006000000001129AAA,01t000000000062AAA,1360,193.83,0.0231,189.35,263608.8,257516,117.42,159691.2,97824.8,0.379879,false,USD
00k000000003415AAA,006000000001129AAA,01t000000000016AAA,527,347.59,0.0294,337.37,183179.93,177793.99,206.21,108672.67,69121.32,0.388772,false,USD
00k000000003416AAA,006000000001129AAA,01t000000000046AAA,2838,80.15,0.0584,75.47,227465.7,214183.86,51.56,146327.28,67856.58,0.316815,false,USD
00k000000003417AAA,006000000001130AAA,01t000000000014AAA,4900,123.23,0.0445,117.75,603827,576975,78.62,385238,191737,0.332314,false,USD
00k000000003418AAA,006000000001130AAA,01t000000000056AAA,4819,203.45,0.0565,191.96,980425.55,925055.24,127.03,612157.57,312897.67,0.338248,false,USD
00k000000003419AAA,006000000001130AAA,01t000000000028AAA,3304,207.72,0.054,196.5,686306.88,649236,107.35,354684.4,294551.6,0.45369,false,USD
00k000000003420AAA,006000000001130AAA,01t000000000066AAA,1683,435.13,0.0538,411.72,732323.79,692924.76,243.97,410601.51,282323.25,0.407437,false,USD
00k000000003421AAA,006000000001131AAA,01t000000000028AAA,2717,191.94,0.0774,177.08,521500.98,481126.36,107.35,291669.95,189456.41,0.393777,false,USD
00k000000003422AAA,006000000001131AAA,01t000000000023AAA,1810,333.92,0.0282,324.5,604395.2,587345,215.72,390453.2,196891.8,0.335223,false,USD
00k000000003423AAA,006000000001131AAA,01t000000000043AAA,2396,220.86,0.0481,210.24,529180.56,503735.04,125.04,299595.84,204139.2,0.405251,false,USD
00k000000003424AAA,006000000001131AAA,01t000000000054AAA,3691,127.36,0.0415,122.07,470085.76,450560.37,78.02,287971.82,162588.55,0.360859,false,USD
00k000000003425AAA,006000000001131AAA,01t000000000004AAA,1784,396.99,0.0456,378.89,708230.16,675939.76,259.01,462073.84,213865.92,0.316398,false,USD
00k000000003426AAA,006000000001132AAA,01t000000000044AAA,1797,409.19,0.0565,386.07,735314.43,693767.79,243.46,437497.62,256270.17,0.369389,false,USD
00k000000003427AAA,006000000001132AAA,01t000000000019AAA,1301,349.5,0.0859,319.48,454699.5,415643.48,228.88,297772.88,117870.6,0.283586,false,USD
00k000000003428AAA,006000000001132AAA,01t000000000037AAA,2496,369.98,0.1178,326.4,923470.08,814694.4,244.43,610097.28,204597.12,0.251134,false,USD
00k000000003429AAA,006000000001133AAA,01t000000000041AAA,2169,271.9,0.0998,244.76,589751.1,530884.44,152.9,331640.1,199244.34,0.375306,false,USD
00k000000003430AAA,006000000001133AAA,01t000000000051AAA,8502,69.91,0.0569,65.93,594374.82,560536.86,51.08,434282.16,126254.7,0.225239,false,USD
00k000000003431AAA,006000000001133AAA,01t000000000056AAA,2455,204.34,0.0872,186.52,501654.7,457906.6,130.96,321506.8,136399.8,0.297877,false,USD
00k000000003432AAA,006000000001133AAA,01t000000000050AAA,4756,77.08,0.0652,72.05,366592.48,342669.8,51.06,242841.36,99828.44,0.291325,false,USD
00k000000003433AAA,006000000001133AAA,01t000000000049AAA,1156,378.47,0.0212,370.45,437511.32,428240.2,244.93,283139.08,145101.12,0.338831,false,USD
00k000000003434AAA,006000000001134AAA,01t000000000052AAA,1261,103.59,0.0814,95.16,130626.99,119996.76,62.85,79253.85,40742.91,0.339533,false,USD
00k000000003435AAA,006000000001134AAA,01t000000000075AAA,252,597.84,0.0637,559.76,150655.68,141059.52,356.45,89825.4,51234.12,0.363209,false,USD
00k000000003436AAA,006000000001134AAA,01t000000000031AAA,418,377.47,0.106,337.46,157782.46,141058.28,237.31,99195.58,41862.7,0.296776,false,USD
00k000000003437AAA,006000000001134AAA,01t000000000025AAA,1727,73.93,0.0667,69,127677.11,119163,51.29,88577.83,30585.17,0.256667,false,USD
00k000000003438AAA,006000000001134AAA,01t000000000062AAA,615,190.41,0.0392,182.95,117102.15,112514.25,121.05,74445.75,38068.5,0.338344,false,USD
00k000000003439AAA,006000000001135AAA,01t000000000008AAA,348,283.21,0.0722,262.76,98557.08,91440.48,179.17,62351.16,29089.32,0.318123,false,USD
00k000000003440AAA,006000000001135AAA,01t000000000029AAA,340,225.73,0.1049,202.05,76748.2,68697,153.08,52047.2,16649.8,0.242366,false,USD
00k000000003441AAA,006000000001135AAA,01t000000000048AAA,163,406.17,0.1007,365.27,66205.71,59539.01,264.11,43049.93,16489.08,0.276946,false,USD
00k000000003442AAA,006000000001136AAA,01t000000000046AAA,961,88.24,0.0933,80.01,84798.64,76889.61,53.15,51077.15,25812.46,0.335708,false,USD
00k000000003443AAA,006000000001136AAA,01t000000000005AAA,251,380.82,0.0822,349.52,95585.82,87729.52,272.07,68289.57,19439.95,0.22159,false,USD
00k000000003444AAA,006000000001136AAA,01t000000000050AAA,1825,79.8,0.0605,74.97,145635,136820.25,51.06,93184.5,43635.75,0.318928,false,USD
00k000000003445AAA,006000000001136AAA,01t000000000024AAA,418,321.87,0.0572,303.46,134541.66,126846.28,221.7,92670.6,34175.68,0.269426,false,USD
00k000000003446AAA,006000000001136AAA,01t000000000054AAA,1081,124.25,0.091,112.94,134314.25,122088.14,80.43,86944.83,35143.31,0.287852,false,USD
00k000000003447AAA,006000000001137AAA,01t000000000054AAA,1009,135.49,0.0494,128.8,136709.41,129959.2,78.02,78722.18,51237.02,0.394255,false,USD
00k000000003448AAA,006000000001137AAA,01t000000000004AAA,466,401.59,0.035,387.53,187140.94,180588.98,259.01,120698.66,59890.32,0.331639,false,USD
00k000000003449AAA,006000000001137AAA,01t000000000066AAA,254,428.6,0.0646,400.91,108864.4,101831.14,243.97,61968.38,39862.76,0.391459,false,USD
00k000000003450AAA,006000000001137AAA,01t000000000043AAA,889,219.81,0.0054,218.62,195411.09,194353.18,125.04,111160.56,83192.62,0.428049,false,USD
00k000000003451AAA,006000000001138AAA,01t000000000044AAA,320,409.6,0.0794,377.08,131072,120665.6,243.46,77907.2,42758.4,0.354355,false,USD
00k000000003452AAA,006000000001138AAA,01t000000000016AAA,387,357.76,0.0625,335.4,138453.12,129799.8,212.59,82272.33,47527.47,0.36616,false,USD
00k000000003453AAA,006000000001138AAA,01t000000000055AAA,742,232.72,0.0453,222.18,172678.24,164857.56,130.02,96474.84,68382.72,0.414799,false,USD
00k000000003454AAA,006000000001139AAA,01t000000000017AAA,703,180.43,0.0518,171.08,126842.29,120269.24,126.45,88894.35,31374.89,0.260872,false,USD
00k000000003455AAA,006000000001139AAA,01t000000000051AAA,2140,69.04,0.1238,60.49,147745.6,129448.6,51.08,109311.2,20137.4,0.155563,false,USD
00k000000003456AAA,006000000001139AAA,01t000000000022AAA,348,372.25,0.1215,327.02,129543,113802.96,241.05,83885.4,29917.56,0.262889,false,USD
00k000000003457AAA,006000000001139AAA,01t000000000011AAA,629,325.04,0.1073,290.16,204450.16,182510.64,204.74,128781.46,53729.18,0.294389,false,USD
00k000000003458AAA,006000000001140AAA,01t000000000006AAA,1488,470.3,0.0855,430.09,699806.4,639973.92,301.3,448334.4,191639.52,0.299449,false,USD
00k000000003459AAA,006000000001141AAA,01t000000000070AAA,546,577.04,0.0316,558.81,315063.84,305110.26,339.31,185263.26,119847,0.392799,false,USD
00k000000003460AAA,006000000001142AAA,01t000000000048AAA,432,419.15,0.0582,394.76,181072.8,170536.32,256.19,110674.08,59862.24,0.351023,false,USD
00k000000003461AAA,006000000001142AAA,01t000000000023AAA,602,331.61,0.0527,314.13,199629.22,189106.26,215.72,129863.44,59242.82,0.313278,false,USD
00k000000003462AAA,006000000001142AAA,01t000000000031AAA,365,386.88,0.0559,365.25,141211.2,133316.25,230.19,84019.35,49296.9,0.369774,false,USD
00k000000003463AAA,006000000001142AAA,01t000000000060AAA,702,257.2,0.1014,231.12,180554.4,162246.24,159.53,111990.06,50256.18,0.309753,false,USD
00k000000003464AAA,006000000001142AAA,01t000000000002AAA,1055,182.54,0.0711,169.56,192579.7,178885.8,110.39,116461.45,62424.35,0.348962,false,USD
00k000000003465AAA,006000000001143AAA,01t000000000059AAA,1189,216.53,0.0499,205.73,257454.17,244612.97,136.27,162025.03,82587.94,0.337627,false,USD
00k000000003466AAA,006000000001143AAA,01t000000000016AAA,505,369.75,0.0681,344.57,186723.75,174007.85,212.59,107357.95,66649.9,0.383028,false,USD
00k000000003467AAA,006000000001143AAA,01t000000000011AAA,961,308.71,0.0837,282.87,296670.31,271838.07,204.74,196755.14,75082.93,0.276205,false,USD
00k000000003468AAA,006000000001144AAA,01t000000000054AAA,2802,129.6,0.0791,119.35,363139.2,334418.7,80.43,225364.86,109053.84,0.3261,false,USD
00k000000003469AAA,006000000001144AAA,01t000000000015AAA,802,312.08,0.1074,278.56,250288.16,223405.12,168.05,134776.1,88629.02,0.396719,false,USD
00k000000003470AAA,006000000001144AAA,01t000000000020AAA,662,370.03,0.0769,341.57,244959.86,226119.34,218.34,144541.08,81578.26,0.360775,false,USD
00k000000003471AAA,006000000001145AAA,01t000000000017AAA,348,181.98,0.0342,175.76,63329.04,61164.48,126.45,44004.6,17159.88,0.280553,false,USD
00k000000003472AAA,006000000001145AAA,01t000000000043AAA,622,229.87,0.1456,196.4,142979.14,122160.8,128.91,80182.02,41978.78,0.343635,false,USD
00k000000003473AAA,006000000001146AAA,01t000000000038AAA,702,211.86,0.1141,187.69,148725.72,131758.38,127.14,89252.28,42506.1,0.322606,false,USD
00k000000003474AAA,006000000001146AAA,01t000000000014AAA,1832,122.94,0.1085,109.6,225226.08,200787.2,81.05,148483.6,52303.6,0.260493,false,USD
00k000000003475AAA,006000000001146AAA,01t000000000009AAA,538,337.16,0.0935,305.64,181392.08,164434.32,203.75,109617.5,54816.82,0.333366,false,USD
00k000000003476AAA,006000000001146AAA,01t000000000002AAA,1222,176.74,0.0503,167.85,215976.28,205112.7,113.8,139063.6,66049.1,0.322014,false,USD
00k000000003477AAA,006000000001147AAA,01t000000000044AAA,997,425.26,0.0422,407.31,423984.22,406088.07,243.46,242729.62,163358.45,0.402273,false,USD
00k000000003478AAA,006000000001147AAA,01t000000000030AAA,2920,155.08,0.0666,144.75,452833.6,422670,108.56,316995.2,105674.8,0.250017,false,USD
00k000000003479AAA,006000000001147AAA,01t000000000062AAA,1560,195.89,0.046,186.88,305588.4,291532.8,121.05,188838,102694.8,0.352258,false,USD
00k000000003480AAA,006000000001148AAA,01t000000000016AAA,131,369.73,0.0563,348.91,48434.63,45707.21,212.59,27849.29,17857.92,0.390702,false,USD
00k000000003481AAA,006000000001148AAA,01t000000000058AAA,283,241.69,0.0789,222.62,68398.27,63001.46,167.27,47337.41,15664.05,0.24863,false,USD
00k000000003482AAA,006000000001148AAA,01t000000000007AAA,406,195.52,0.0756,180.74,79381.12,73380.44,120.99,49121.94,24258.5,0.330585,false,USD
00k000000003483AAA,006000000001148AAA,01t000000000021AAA,181,320.53,0.0706,297.9,58015.93,53919.9,239.32,43316.92,10602.98,0.196643,false,USD
00k000000003484AAA,006000000001149AAA,01t000000000021AAA,495,330.39,0.0903,300.56,163543.05,148777.2,239.32,118463.4,30313.8,0.203753,false,USD
00k000000003485AAA,006000000001149AAA,01t000000000040AAA,989,229.7,0.0829,210.66,227173.3,208342.74,142.61,141041.29,67301.45,0.323032,false,USD
00k000000003486AAA,006000000001149AAA,01t000000000003AAA,1050,212.68,0.0806,195.54,223314,205317,125.5,131775,73542,0.358188,false,USD
00k000000003487AAA,006000000001149AAA,01t000000000019AAA,651,352.98,0.0718,327.64,229789.98,213293.64,228.88,149000.88,64292.76,0.301428,false,USD
00k000000003488AAA,006000000001150AAA,01t000000000036AAA,1875,139.97,0.0689,130.33,262443.75,244368.75,95.18,178462.5,65906.25,0.2697,false,USD
00k000000003489AAA,006000000001150AAA,01t000000000046AAA,4117,81.97,0.0904,74.56,337470.49,306963.52,53.15,218818.55,88144.97,0.287151,false,USD
00k000000003490AAA,006000000001150AAA,01t000000000010AAA,830,446.82,0.0905,406.38,370860.6,337295.4,280.72,232997.6,104297.8,0.309218,false,USD
00k000000003491AAA,006000000001151AAA,01t000000000062AAA,1021,202.49,0.0961,183.03,206742.29,186873.63,121.05,123592.05,63281.58,0.338633,false,USD
00k000000003492AAA,006000000001152AAA,01t000000000024AAA,215,319.26,0.0773,294.58,68640.9,63334.7,215.05,46235.75,17098.95,0.269978,false,USD
00k000000003493AAA,006000000001152AAA,01t000000000067AAA,453,209.05,0.0512,198.35,94699.65,89852.55,126.59,57345.27,32507.28,0.361785,false,USD
00k000000003494AAA,006000000001152AAA,01t000000000009AAA,355,352.84,0.0494,335.41,125258.2,119070.55,197.64,70162.2,48908.35,0.410751,false,USD
00k000000003495AAA,006000000001152AAA,01t000000000043AAA,529,233.31,0.0526,221.04,123420.99,116930.16,125.04,66146.16,50784,0.434311,false,USD
00k000000003496AAA,006000000001153AAA,01t000000000021AAA,333,326.04,0.0865,297.84,108571.32,99180.72,239.32,79693.56,19487.16,0.196481,false,USD
00k000000003497AAA,006000000001153AAA,01t000000000055AAA,375,239.9,0.09,218.31,89962.5,81866.25,130.02,48757.5,33108.75,0.404425,false,USD
00k000000003498AAA,006000000001153AAA,01t000000000060AAA,341,245.86,0.0757,227.25,83838.26,77492.25,164.46,56080.86,21411.39,0.276304,false,USD
00k000000003499AAA,006000000001153AAA,01t000000000029AAA,534,226.41,0.0398,217.4,120902.94,116091.6,153.08,81744.72,34346.88,0.29586,false,USD
00k000000003500AAA,006000000001154AAA,01t000000000003AAA,903,208.07,0.0389,199.98,187887.21,180581.94,125.5,113326.5,67255.44,0.372437,false,USD
00k000000003501AAA,006000000001154AAA,01t000000000026AAA,370,292.29,0.0747,270.46,108147.3,100070.2,198.27,73359.9,26710.3,0.266916,false,USD
00k000000003502AAA,006000000001154AAA,01t000000000053AAA,556,242.28,0.0564,228.62,134707.68,127112.72,158.05,87875.8,39236.92,0.308678,false,USD
00k000000003503AAA,006000000001155AAA,01t000000000020AAA,270,393.11,0.087,358.91,106139.7,96905.7,218.34,58951.8,37953.9,0.391658,false,USD
00k000000003504AAA,006000000001155AAA,01t000000000001AAA,213,332.51,0.0923,301.82,70824.63,64287.66,209.3,44580.9,19706.76,0.30654,false,USD
00k000000003505AAA,006000000001155AAA,01t000000000057AAA,595,129.61,0.0071,128.69,77117.95,76570.55,72.85,43345.75,33224.8,0.433911,false,USD
00k000000003506AAA,006000000001155AAA,01t000000000011AAA,212,315.99,0.0195,309.83,66989.88,65683.96,204.74,43404.88,22279.08,0.339186,false,USD
00k000000003507AAA,006000000001156AAA,01t000000000041AAA,372,276.86,0.0745,256.23,102991.92,95317.56,152.9,56878.8,38438.76,0.40327,false,USD
00k000000003508AAA,006000000001156AAA,01t000000000019AAA,230,360.29,0.0592,338.96,82866.7,77960.8,228.88,52642.4,25318.4,0.324758,false,USD
00k000000003509AAA,006000000001156AAA,01t000000000038AAA,427,211.39,0.1098,188.18,90263.53,80352.86,127.14,54288.78,26064.08,0.32437,false,USD
00k000000003510AAA,006000000001156AAA,01t000000000029AAA,325,227.7,0.1073,203.27,74002.5,66062.75,153.08,49751,16311.75,0.246913,false,USD
00k000000003511AAA,006000000001157AAA,01t000000000056AAA,468,210.03,0.0724,194.82,98294.04,91175.76,130.96,61289.28,29886.48,0.32779,false,USD
00k000000003512AAA,006000000001157AAA,01t000000000029AAA,359,230.1,0.0434,220.11,82605.9,79019.49,153.08,54955.72,24063.77,0.30453,false,USD
00k000000003513AAA,006000000001157AAA,01t000000000018AAA,470,158.18,0.0915,143.71,74344.6,67543.7,92.07,43272.9,24270.8,0.359335,false,USD
00k000000003514AAA,006000000001158AAA,01t000000000002AAA,643,180.44,0,180.44,116022.92,116022.92,113.8,73173.4,42849.52,0.369319,false,USD
00k000000003515AAA,006000000001158AAA,01t000000000023AAA,327,339.55,0.1192,299.08,111032.85,97799.16,222.39,72721.53,25077.63,0.25642,false,USD
00k000000003516AAA,006000000001159AAA,01t000000000054AAA,3814,140.11,0.0185,137.52,534379.54,524501.28,80.43,306760.02,217741.26,0.41514,false,USD
00k000000003517AAA,006000000001159AAA,01t000000000072AAA,1394,604.41,0.0945,547.29,842547.54,762922.26,412.18,574578.92,188343.34,0.246871,false,USD
00k000000003518AAA,006000000001159AAA,01t000000000009AAA,2000,345,0.0853,315.57,690000,631140,203.75,407500,223640,0.354343,false,USD
00k000000003519AAA,006000000001159AAA,01t000000000064AAA,2081,231.89,0.0861,211.92,482563.09,441005.52,161.48,336039.88,104965.64,0.238014,false,USD
00k000000003520AAA,006000000001160AAA,01t000000000057AAA,1425,131.91,0.0573,124.35,187971.75,177198.75,72.85,103811.25,73387.5,0.414154,false,USD
00k000000003521AAA,006000000001160AAA,01t000000000069AAA,547,356.66,0.0793,328.38,195093.02,179623.86,218.13,119317.11,60306.75,0.335739,false,USD
00k000000003522AAA,006000000001160AAA,01t000000000063AAA,462,466.19,0.0877,425.31,215379.78,196493.22,264.31,122111.22,74382,0.378547,false,USD
00k000000003523AAA,006000000001160AAA,01t000000000071AAA,437,471.88,0.0647,441.35,206211.56,192869.95,299.11,130711.07,62158.88,0.322284,false,USD
00k000000003524AAA,006000000001161AAA,01t000000000013AAA,1052,333.4,0.0405,319.9,350736.8,336534.8,195.82,206002.64,130532.16,0.387871,false,USD
00k000000003525AAA,006000000001161AAA,01t000000000055AAA,1837,243.07,0.0946,220.08,446519.59,404286.96,130.02,238846.74,165440.22,0.409215,false,USD
00k000000003526AAA,006000000001161AAA,01t000000000028AAA,2546,198.19,0.0396,190.34,504591.74,484605.64,110.67,281765.82,202839.82,0.418567,false,USD
00k000000003527AAA,006000000001162AAA,01t000000000017AAA,550,193.97,0.0882,176.86,106683.5,97273,126.45,69547.5,27725.5,0.285028,false,USD
00k000000003528AAA,006000000001162AAA,01t000000000033AAA,220,412.05,0.0646,385.43,90651,84794.6,280.14,61630.8,23163.8,0.273175,false,USD
00k000000003529AAA,006000000001162AAA,01t000000000053AAA,468,246.02,0.0247,239.94,115137.36,112291.92,158.05,73967.4,38324.52,0.341294,false,USD
00k000000003530AAA,006000000001163AAA,01t000000000066AAA,4476,414.88,0.1037,371.86,1857002.88,1664445.36,251.52,1125803.52,538641.84,0.323616,false,USD
00k000000003531AAA,006000000001163AAA,01t000000000054AAA,11154,135.68,0.1036,121.62,1513374.72,1356549.48,80.43,897116.22,459433.26,0.338678,false,USD
00k000000003532AAA,006000000001164AAA,01t000000000020AAA,639,375.87,0.0846,344.07,240180.93,219860.73,218.34,139519.26,80341.47,0.36542,false,USD
00k000000003533AAA,006000000001164AAA,01t000000000053AAA,930,251.52,0.0846,230.24,233913.6,214123.2,158.05,146986.5,67136.7,0.313542,false,USD
00k000000003534AAA,006000000001164AAA,01t000000000014AAA,1364,127.48,0.0738,118.07,173882.72,161047.48,81.05,110552.2,50495.28,0.313543,false,USD
00k000000003535AAA,006000000001165AAA,01t000000000015AAA,4729,304.81,0.0839,279.24,1441446.49,1320525.96,168.05,794708.45,525817.51,0.398188,false,USD
00k000000003536AAA,006000000001165AAA,01t000000000050AAA,14818,80.58,0.0702,74.92,1194034.44,1110164.56,51.06,756607.08,353557.48,0.318473,false,USD
00k000000003537AAA,006000000001165AAA,01t000000000031AAA,2360,384.74,0.1181,339.3,907986.4,800748,237.31,560051.6,240696.4,0.300589,false,USD
00k000000003538AAA,006000000001166AAA,01t000000000020AAA,877,390.4,0.0971,352.49,342380.8,309133.73,218.34,191484.18,117649.55,0.380578,false,USD
00k000000003539AAA,006000000001166AAA,01t000000000055AAA,1379,237.54,0.0481,226.11,327567.66,311805.69,130.02,179297.58,132508.11,0.42497,false,USD
00k000000003540AAA,006000000001166AAA,01t000000000016AAA,1242,366.29,0.0657,342.22,454932.18,425037.24,212.59,264036.78,161000.46,0.378791,false,USD
00k000000003541AAA,006000000001167AAA,01t000000000058AAA,1526,242.23,0.0953,219.15,369642.98,334422.9,167.27,255254.02,79168.88,0.236733,false,USD
00k000000003542AAA,006000000001167AAA,01t000000000031AAA,989,379.58,0.0442,362.8,375404.62,358809.2,237.31,234699.59,124109.61,0.345893,false,USD
00k000000003543AAA,006000000001167AAA,01t000000000012AAA,1102,398.7,0.0588,375.26,439367.4,413536.52,249.67,275136.34,138400.18,0.334675,false,USD
00k000000003544AAA,006000000001167AAA,01t000000000060AAA,2001,243.58,0.0801,224.07,487403.58,448364.07,164.46,329084.46,119279.61,0.266033,false,USD
00k000000003545AAA,006000000001167AAA,01t000000000047AAA,1482,310.92,0.0864,284.06,460783.44,420976.92,213.19,315947.58,105029.34,0.24949,false,USD
00k000000003546AAA,006000000001168AAA,01t000000000012AAA,2176,401.58,0.0668,374.75,873838.08,815456,249.67,543281.92,272174.08,0.333769,false,USD
00k000000003547AAA,006000000001169AAA,01t000000000044AAA,1058,390.42,0.129,340.06,413064.36,359783.48,243.46,257580.68,102202.8,0.284068,false,USD
00k000000003548AAA,006000000001169AAA,01t000000000034AAA,1079,231.41,0.0785,213.24,249691.39,230085.96,148.57,160307.03,69778.93,0.303273,false,USD
00k000000003549AAA,006000000001170AAA,01t000000000011AAA,377,294.3,0.035,284,110951.1,107068,204.74,77186.98,29881.02,0.279085,false,USD
00k000000003550AAA,006000000001170AAA,01t000000000040AAA,433,230.86,0.056,217.93,99962.38,94363.69,142.61,61750.13,32613.56,0.345616,false,USD
00k000000003551AAA,006000000001170AAA,01t000000000057AAA,829,134.68,0.0168,132.42,111649.72,109776.18,72.85,60392.65,49383.53,0.449857,false,USD
00k000000003552AAA,006000000001171AAA,01t000000000023AAA,722,340.79,0.0383,327.74,246050.38,236628.28,215.72,155749.84,80878.44,0.341795,false,USD
00k000000003553AAA,006000000001171AAA,01t000000000059AAA,798,205.67,0.0419,197.05,164124.66,157245.9,132.18,105479.64,51766.26,0.329206,false,USD
00k000000003554AAA,006000000001171AAA,01t000000000029AAA,786,221.32,0.0748,204.77,173957.52,160949.22,148.49,116713.14,44236.08,0.274845,false,USD
00k000000003555AAA,006000000001171AAA,01t000000000045AAA,2363,106.58,0.0843,97.6,251848.54,230628.8,58.07,137219.41,93409.39,0.40502,false,USD
00k000000003556AAA,006000000001171AAA,01t000000000008AAA,864,257.53,0.0602,242.03,222505.92,209113.92,173.79,150154.56,58959.36,0.281949,false,USD
00k000000003557AAA,006000000001172AAA,01t000000000072AAA,105,582.06,0.0911,529.03,61116.3,55548.15,412.18,43278.9,12269.25,0.220876,false,USD
00k000000003558AAA,006000000001172AAA,01t000000000071AAA,153,446.87,0.0532,423.1,68371.11,64734.3,299.11,45763.83,18970.47,0.293051,false,USD
00k000000003559AAA,006000000001172AAA,01t000000000003AAA,304,198.11,0.0194,194.27,60225.44,59058.08,125.5,38152,20906.08,0.353992,false,USD
00k000000003560AAA,006000000001172AAA,01t000000000064AAA,455,237.86,0.1041,213.1,108226.3,96960.5,161.48,73473.4,23487.1,0.242234,false,USD
00k000000003561AAA,006000000001172AAA,01t000000000020AAA,220,390.22,0.07,362.9,85848.4,79838,218.34,48034.8,31803.2,0.398347,false,USD
00k000000003562AAA,006000000001173AAA,01t000000000054AAA,1434,136.73,0.0677,127.47,196070.82,182791.98,80.43,115336.62,67455.36,0.369028,false,USD
00k000000003563AAA,006000000001173AAA,01t000000000006AAA,460,474.93,0.0576,447.57,218467.8,205882.2,301.3,138598,67284.2,0.326809,false,USD
00k000000003564AAA,006000000001174AAA,01t000000000028AAA,289,194.64,0.0728,180.47,56250.96,52155.83,110.67,31983.63,20172.2,0.386768,false,USD
00k000000003565AAA,006000000001174AAA,01t000000000010AAA,73,460.36,0.0628,431.45,33606.28,31495.85,280.72,20492.56,11003.29,0.349357,false,USD
00k000000003566AAA,006000000001174AAA,01t000000000022AAA,150,362.56,0.1172,320.07,54384,48010.5,241.05,36157.5,11853,0.246883,false,USD
00k000000003567AAA,006000000001175AAA,01t000000000074AAA,367,348.46,0.0383,335.11,127884.82,122985.37,217.96,79991.32,42994.05,0.349587,false,USD
00k000000003568AAA,006000000001175AAA,01t000000000014AAA,765,122.32,0.0713,113.6,93574.8,86904,78.62,60144.3,26759.7,0.307923,false,USD
00k000000003569AAA,006000000001175AAA,01t000000000029AAA,747,219.04,0.035,211.37,163622.88,157893.39,148.49,110922.03,46971.36,0.297488,false,USD
00k000000003570AAA,006000000001175AAA,01t000000000043AAA,418,216.77,0.034,209.4,90609.86,87529.2,125.04,52266.72,35262.48,0.402865,false,USD
00k000000003571AAA,006000000001176AAA,01t000000000054AAA,1139,135.43,0.0575,127.64,154254.77,145381.96,78.02,88864.78,56517.18,0.38875,false,USD
00k000000003572AAA,006000000001176AAA,01t000000000012AAA,291,403.06,0.0562,380.41,117290.46,110699.31,242.18,70474.38,40224.93,0.363371,false,USD
00k000000003573AAA,006000000001176AAA,01t000000000026AAA,376,300.06,0.0562,283.2,112822.56,106483.2,192.32,72312.32,34170.88,0.320904,false,USD
00k000000003574AAA,006000000001176AAA,01t000000000049AAA,539,367.72,0.0436,351.69,198201.08,189560.91,237.58,128055.62,61505.29,0.324462,false,USD
00k000000003575AAA,006000000001176AAA,01t000000000027AAA,269,390.11,0.052,369.82,104939.59,99481.58,244.27,65708.63,33772.95,0.339489,false,USD
00k000000003576AAA,006000000001177AAA,01t000000000049AAA,970,372.72,0.0569,351.51,361538.4,340964.7,244.93,237582.1,103382.6,0.303206,false,USD
00k000000003577AAA,006000000001177AAA,01t000000000005AAA,1448,390.32,0.0752,360.97,565183.36,522684.56,272.07,393957.36,128727.2,0.246281,false,USD
00k000000003578AAA,006000000001177AAA,01t000000000041AAA,1240,276.12,0.0498,262.37,342388.8,325338.8,152.9,189596,135742.8,0.417235,false,USD
00k000000003579AAA,006000000001178AAA,01t000000000007AAA,3526,195.4,0.0516,185.32,688980.4,653438.32,120.99,426610.74,226827.58,0.347129,false,USD
00k000000003580AAA,006000000001179AAA,01t000000000071AAA,200,460.88,0.064,431.38,92176,86276,299.11,59822,26454,0.306621,false,USD
00k000000003581AAA,006000000001179AAA,01t000000000069AAA,253,369.59,0.0767,341.24,93506.27,86333.72,218.13,55186.89,31146.83,0.360772,false,USD
00k000000003582AAA,006000000001179AAA,01t000000000068AAA,173,442.85,0.0691,412.25,76613.05,71319.25,303.4,52488.2,18831.05,0.264039,false,USD
00k000000003583AAA,006000000001179AAA,01t000000000044AAA,207,396.67,0.0608,372.55,82110.69,77117.85,243.46,50396.22,26721.63,0.346504,false,USD
00k000000003584AAA,006000000001179AAA,01t000000000061AAA,315,203.86,0.0637,190.87,64215.9,60124.05,138.34,43577.1,16546.95,0.275213,false,USD
00k000000003585AAA,006000000001180AAA,01t000000000057AAA,1335,122.65,0.0785,113.02,163737.75,150881.7,72.85,97254.75,53626.95,0.355424,false,USD
00k000000003586AAA,006000000001180AAA,01t000000000069AAA,506,361.03,0.0834,330.92,182681.18,167445.52,218.13,110373.78,57071.74,0.340838,false,USD
00k000000003587AAA,006000000001180AAA,01t000000000029AAA,410,227.12,0.0425,217.47,93119.2,89162.7,153.08,62762.8,26399.9,0.296087,false,USD
00k000000003588AAA,006000000001180AAA,01t000000000009AAA,550,345.41,0.0507,327.9,189975.5,180345,203.75,112062.5,68282.5,0.378622,false,USD
00k000000003589AAA,006000000001180AAA,01t000000000025AAA,2557,75.14,0.0758,69.44,192132.98,177558.08,51.29,131148.53,46409.55,0.261377,false,USD
00k000000003590AAA,006000000001181AAA,01t000000000038AAA,4028,212.52,0.0788,195.77,856030.56,788561.56,127.14,512119.92,276441.64,0.350564,false,USD
00k000000003591AAA,006000000001181AAA,01t000000000036AAA,5138,141.23,0.0663,131.87,725639.74,677548.06,95.18,489034.84,188513.22,0.278229,false,USD
00k000000003592AAA,006000000001182AAA,01t000000000060AAA,466,256.05,0.0675,238.77,119319.3,111266.82,164.46,76638.36,34628.46,0.31122,false,USD
00k000000003593AAA,006000000001182AAA,01t000000000048AAA,301,400.83,0.081,368.36,120649.83,110876.36,264.11,79497.11,31379.25,0.283011,false,USD
00k000000003594AAA,006000000001182AAA,01t000000000058AAA,593,236.59,0.0854,216.39,140297.87,128319.27,167.27,99191.11,29128.16,0.226998,false,USD
00k000000003595AAA,006000000001183AAA,01t000000000056AAA,1455,200.6,0.0777,185.01,291873,269189.55,130.96,190546.8,78642.75,0.292146,false,USD
00k000000003596AAA,006000000001183AAA,01t000000000033AAA,688,409.32,0.0733,379.32,281612.16,260972.16,280.14,192736.32,68235.84,0.261468,false,USD
00k000000003597AAA,006000000001183AAA,01t000000000046AAA,3110,83.91,0.0614,78.76,260960.1,244943.6,53.15,165296.5,79647.1,0.325165,false,USD
00k000000003598AAA,006000000001184AAA,01t000000000041AAA,1013,276.88,0.0911,251.66,280479.44,254931.58,152.9,154887.7,100043.88,0.392434,false,USD
00k000000003599AAA,006000000001184AAA,01t000000000050AAA,2745,79.87,0.0971,72.11,219243.15,197941.95,51.06,140159.7,57782.25,0.291915,false,USD
00k000000003600AAA,006000000001185AAA,01t000000000055AAA,3906,233.26,0.0778,215.11,911113.56,840219.66,130.02,507858.12,332361.54,0.395565,false,USD
00k000000003601AAA,006000000001185AAA,01t000000000052AAA,8588,106.78,0.0946,96.68,917026.64,830287.84,62.85,539755.8,290532.04,0.349917,false,USD
00k000000003602AAA,006000000001185AAA,01t000000000048AAA,1521,409.53,0.0965,370.01,622895.13,562785.21,264.11,401711.31,161073.9,0.286208,false,USD
00k000000003603AAA,006000000001186AAA,01t000000000075AAA,110,639.11,0.0809,587.41,70302.1,64615.1,356.45,39209.5,25405.6,0.393184,false,USD
00k000000003604AAA,006000000001186AAA,01t000000000024AAA,306,323.1,0.0135,318.74,98868.6,97534.44,221.7,67840.2,29694.24,0.304449,false,USD
00k000000003605AAA,006000000001186AAA,01t000000000037AAA,209,381.42,0.0591,358.88,79716.78,75005.92,244.43,51085.87,23920.05,0.318909,false,USD
00k000000003606AAA,006000000001186AAA,01t000000000030AAA,479,158.54,0.0556,149.73,75940.66,71720.67,108.56,52000.24,19720.43,0.274962,false,USD
00k000000003607AAA,006000000001187AAA,01t000000000062AAA,302,196.77,0.1017,176.76,59424.54,53381.52,121.05,36557.1,16824.42,0.315173,false,USD
00k000000003608AAA,006000000001187AAA,01t000000000061AAA,322,200.12,0.068,186.51,64438.64,60056.22,138.34,44545.48,15510.74,0.25827,false,USD
00k000000003609AAA,006000000001187AAA,01t000000000036AAA,463,145.96,0.0752,134.98,67579.48,62495.74,95.18,44068.34,18427.4,0.294858,false,USD
00k000000003610AAA,006000000001188AAA,01t000000000026AAA,651,286.28,0.0077,284.08,186368.28,184936.08,198.27,129073.77,55862.31,0.302063,false,USD
00k000000003611AAA,006000000001188AAA,01t000000000007AAA,806,193.62,0.1047,173.35,156057.72,139720.1,120.99,97517.94,42202.16,0.302048,false,USD
00k000000003612AAA,006000000001189AAA,01t000000000002AAA,410,183.72,0.021,179.86,75325.2,73742.6,113.8,46658,27084.6,0.367286,false,USD
00k000000003613AAA,006000000001189AAA,01t000000000028AAA,421,201.09,0.0317,194.72,84658.89,81977.12,110.67,46592.07,35385.05,0.431645,false,USD
00k000000003614AAA,006000000001190AAA,01t000000000045AAA,640,106.4,0.0591,100.11,68096,64070.4,59.87,38316.8,25753.6,0.401958,false,USD
00k000000003615AAA,006000000001190AAA,01t000000000025AAA,1201,71.92,0.123,63.07,86375.92,75747.07,51.29,61599.29,14147.78,0.186777,false,USD
00k000000003616AAA,006000000001190AAA,01t000000000048AAA,194,421.75,0.0498,400.75,81819.5,77745.5,264.11,51237.34,26508.16,0.340961,false,USD
00k000000003617AAA,006000000001191AAA,01t000000000054AAA,420,131.79,0.0936,119.45,55351.8,50169,80.43,33780.6,16388.4,0.326664,false,USD
00k000000003618AAA,006000000001191AAA,01t000000000061AAA,256,201.77,0.0969,182.22,51653.12,46648.32,138.34,35415.04,11233.28,0.240808,false,USD
00k000000003619AAA,006000000001191AAA,01t000000000014AAA,325,123.34,0.0342,119.12,40085.5,38714,81.05,26341.25,12372.75,0.319594,false,USD
00k000000003620AAA,006000000001191AAA,01t000000000070AAA,69,569.31,0.0975,513.8,39282.39,35452.2,339.31,23412.39,12039.81,0.339607,false,USD
00k000000003621AAA,006000000001192AAA,01t000000000028AAA,2234,196.78,0.083,180.45,439606.52,403125.3,110.67,247236.78,155888.52,0.3867,false,USD
00k000000003622AAA,006000000001192AAA,01t000000000013AAA,2259,328.18,0.0782,302.52,741358.62,683392.68,195.82,442357.38,241035.3,0.352704,false,USD
00k000000003623AAA,006000000001192AAA,01t000000000053AAA,2314,240.85,0.0489,229.07,557326.9,530067.98,158.05,365727.7,164340.28,0.310036,false,USD
00k000000003624AAA,006000000001193AAA,01t000000000004AAA,1097,398.44,0.0782,367.28,437088.68,402906.16,267.02,292920.94,109985.22,0.27298,false,USD
00k000000003625AAA,006000000001193AAA,01t000000000059AAA,2172,213.52,0.1206,187.77,463765.44,407836.44,136.27,295978.44,111858,0.274272,false,USD
00k000000003626AAA,006000000001193AAA,01t000000000024AAA,1264,318.69,0.0718,295.81,402824.16,373903.84,221.7,280228.8,93675.04,0.250532,false,USD
00k000000003627AAA,006000000001194AAA,01t000000000054AAA,2034,134.46,0.0732,124.62,273491.64,253477.08,80.43,163594.62,89882.46,0.354598,false,USD
00k000000003628AAA,006000000001194AAA,01t000000000016AAA,577,356.05,0.0075,353.38,205440.85,203900.26,212.59,122664.43,81235.83,0.39841,false,USD
00k000000003629AAA,006000000001194AAA,01t000000000004AAA,500,412.6,0.0616,387.18,206300,193590,267.02,133510,60080,0.310347,false,USD
00k000000003630AAA,006000000001195AAA,01t000000000039AAA,1397,125.86,0.061,118.18,175826.42,165097.46,73.35,102469.95,62627.51,0.379337,false,USD
00k000000003631AAA,006000000001195AAA,01t000000000035AAA,389,387.68,0.0536,366.9,150807.52,142724.1,230.62,89711.18,53012.92,0.371436,false,USD
00k000000003632AAA,006000000001195AAA,01t000000000061AAA,467,204.05,0.0439,195.09,95291.35,91107.03,134.19,62666.73,28440.3,0.312164,false,USD
00k000000003633AAA,006000000001195AAA,01t000000000008AAA,672,262.8,0.0416,251.87,176601.6,169256.64,173.79,116786.88,52469.76,0.310001,false,USD
00k000000003634AAA,006000000001196AAA,01t000000000025AAA,5243,73.15,0.0579,68.91,383525.45,361295.13,51.29,268913.47,92381.66,0.255696,false,USD
00k000000003635AAA,006000000001196AAA,01t000000000032AAA,1887,341.68,0.0778,315.1,644750.16,594593.7,199.36,376192.32,218401.38,0.367312,false,USD
00k000000003636AAA,006000000001197AAA,01t000000000021AAA,215,321.2,0.0811,295.15,69058,63457.25,239.32,51453.8,12003.45,0.189158,false,USD
00k000000003637AAA,006000000001197AAA,01t000000000031AAA,150,370.32,0.087,338.1,55548,50715,237.31,35596.5,15118.5,0.298107,false,USD
00k000000003638AAA,006000000001197AAA,01t000000000008AAA,368,270.7,0.076,250.13,99617.6,92047.84,179.17,65934.56,26113.28,0.283692,false,USD
00k000000003639AAA,006000000001197AAA,01t000000000026AAA,211,296.83,0.1088,264.53,62631.13,55815.83,198.27,41834.97,13980.86,0.250482,false,USD
00k000000003640AAA,006000000001198AAA,01t000000000029AAA,870,216.22,0.0272,210.34,188111.4,182995.8,153.08,133179.6,49816.2,0.272226,false,USD
00k000000003641AAA,006000000001198AAA,01t000000000017AAA,632,181.49,0.0993,163.47,114701.68,103313.04,126.45,79916.4,23396.64,0.226464,false,USD
00k000000003642AAA,006000000001198AAA,01t000000000022AAA,472,373.44,0.0761,345.02,176263.68,162849.44,241.05,113775.6,49073.84,0.301345,false,USD
00k000000003643AAA,006000000001198AAA,01t000000000033AAA,433,396.5,0.0907,360.54,171684.5,156113.82,280.14,121300.62,34813.2,0.222999,false,USD
00k000000003644AAA,006000000001199AAA,01t000000000074AAA,595,338.94,0.0982,305.66,201669.3,181867.7,224.7,133696.5,48171.2,0.264869,false,USD
00k000000003645AAA,006000000001199AAA,01t000000000009AAA,560,337.04,0.0917,306.13,188742.4,171432.8,203.75,114100,57332.8,0.334433,false,USD
00k000000003646AAA,006000000001199AAA,01t000000000061AAA,886,214.74,0.048,204.43,190259.64,181124.98,138.34,122569.24,58555.74,0.323289,false,USD
00k000000003647AAA,006000000001199AAA,01t000000000057AAA,1652,134.12,0.0641,125.52,221566.24,207359.04,72.85,120348.2,87010.84,0.419614,false,USD
00k000000003648AAA,006000000001200AAA,01t000000000046AAA,5033,85.43,0.0602,80.29,429969.19,404099.57,53.15,267503.95,136595.62,0.338025,false,USD
00k000000003649AAA,006000000001200AAA,01t000000000021AAA,1566,320.57,0.0788,295.31,502012.62,462455.46,239.32,374775.12,87680.34,0.189597,false,USD
00k000000003650AAA,006000000001201AAA,01t000000000046AAA,1508,88.24,0.0733,81.77,133065.92,123309.16,53.15,80150.2,43158.96,0.350006,false,USD
00k000000003651AAA,006000000001201AAA,01t000000000016AAA,391,354.26,0.0563,334.32,138515.66,130719.12,212.59,83122.69,47596.43,0.364112,false,USD
00k000000003652AAA,006000000001201AAA,01t000000000004AAA,351,391.54,0.1107,348.2,137430.54,122218.2,267.02,93724.02,28494.18,0.233142,false,USD
00k000000003653AAA,006000000001201AAA,01t000000000017AAA,912,190.54,0.0454,181.89,173772.48,165883.68,126.45,115322.4,50561.28,0.3048,false,USD
00k000000003654AAA,006000000001202AAA,01t000000000070AAA,317,584.04,0.0553,551.74,185140.68,174901.58,339.31,107561.27,67340.31,0.385018,false,USD
00k000000003655AAA,006000000001202AAA,01t000000000026AAA,635,296.15,0.1106,263.4,188055.25,167259,198.27,125901.45,41357.55,0.247267,false,USD
00k000000003656AAA,006000000001202AAA,01t000000000034AAA,633,237.2,0.0528,224.68,150147.6,142222.44,148.57,94044.81,48177.63,0.338748,false,USD
00k000000003657AAA,006000000001202AAA,01t000000000043AAA,790,224.51,0.0486,213.6,177362.9,168744,128.91,101838.9,66905.1,0.396489,false,USD
00k000000003658AAA,006000000001203AAA,01t000000000054AAA,2598,132.63,0.0856,121.28,344572.74,315085.44,80.43,208957.14,106128.3,0.336824,false,USD
00k000000003659AAA,006000000001203AAA,01t000000000017AAA,1324,193.22,0.0763,178.48,255823.28,236307.52,126.45,167419.8,68887.72,0.291517,false,USD
00k000000003660AAA,006000000001204AAA,01t000000000037AAA,989,379.23,0.0943,343.47,375058.47,339691.83,244.43,241741.27,97950.56,0.288351,false,USD
00k000000003661AAA,006000000001204AAA,01t000000000046AAA,2969,82.01,0.0551,77.49,243487.69,230067.81,53.15,157802.35,72265.46,0.314105,false,USD
00k000000003662AAA,006000000001204AAA,01t000000000048AAA,792,407.27,0.0771,375.87,322557.84,297689.04,264.11,209175.12,88513.92,0.297337,false,USD
00k000000003663AAA,006000000001204AAA,01t000000000035AAA,828,387.37,0.0474,369.01,320742.36,305540.28,237.75,196857,108683.28,0.355709,false,USD
00k000000003664AAA,006000000001204AAA,01t000000000041AAA,1732,272.86,0.0755,252.26,472593.52,436914.32,152.9,264822.8,172091.52,0.393879,false,USD
00k000000003665AAA,006000000001205AAA,01t000000000017AAA,1166,194.53,0.0885,177.31,226821.98,206743.46,126.45,147440.7,59302.76,0.286842,false,USD
00k000000003666AAA,006000000001205AAA,01t000000000028AAA,933,190.35,0.0708,176.87,177596.55,165019.71,110.67,103255.11,61764.6,0.374286,false,USD
00k000000003667AAA,006000000001205AAA,01t000000000041AAA,939,280.06,0.1126,248.53,262976.34,233369.67,152.9,143573.1,89796.57,0.384783,false,USD
00k000000003668AAA,006000000001205AAA,01t000000000038AAA,1498,216.63,0.1234,189.9,324511.74,284470.2,127.14,190455.72,94014.48,0.33049,false,USD
00k000000003669AAA,006000000001206AAA,01t000000000051AAA,437,69.21,0.0596,65.09,30244.77,28444.33,51.08,22321.96,6122.37,0.21524,false,USD
00k000000003670AAA,006000000001206AAA,01t000000000024AAA,103,312.78,0.0385,300.74,32216.34,30976.22,221.7,22835.1,8141.12,0.262818,false,USD
00k000000003671AAA,006000000001206AAA,01t000000000044AAA,106,393.89,0.1303,342.57,41752.34,36312.42,243.46,25806.76,10505.66,0.289313,false,USD
00k000000003672AAA,006000000001206AAA,01t000000000018AAA,276,153.88,0.0611,144.48,42470.88,39876.48,92.07,25411.32,14465.16,0.362749,false,USD
00k000000003673AAA,006000000001207AAA,01t000000000058AAA,558,237.76,0.0889,216.62,132670.08,120873.96,167.27,93336.66,27537.3,0.227818,false,USD
00k000000003674AAA,006000000001207AAA,01t000000000028AAA,479,196.53,0.0829,180.24,94137.87,86334.96,110.67,53010.93,33324.03,0.385985,false,USD
00k000000003675AAA,006000000001208AAA,01t000000000050AAA,1962,77.65,0.0588,73.08,152349.3,143382.96,51.06,100179.72,43203.24,0.301314,false,USD
00k000000003676AAA,006000000001208AAA,01t000000000046AAA,2093,78.98,0.1105,70.25,165305.14,147033.25,53.15,111242.95,35790.3,0.243416,false,USD
00k000000003677AAA,006000000001208AAA,01t000000000028AAA,996,189.09,0.0479,180.03,188333.64,179309.88,110.67,110227.32,69082.56,0.385269,false,USD
00k000000003678AAA,006000000001209AAA,01t000000000028AAA,2282,196.73,0.0886,179.3,448937.86,409162.6,110.67,252548.94,156613.66,0.382766,false,USD
00k000000003679AAA,006000000001209AAA,01t000000000060AAA,1372,250.45,0.1007,225.23,343617.4,309015.56,164.46,225639.12,83376.44,0.269813,false,USD
00k000000003680AAA,006000000001209AAA,01t000000000020AAA,1328,383.6,0.1126,340.41,509420.8,452064.48,218.34,289955.52,162108.96,0.358597,false,USD
00k000000003681AAA,006000000001210AAA,01t000000000069AAA,1099,369.92,0.0537,350.06,406542.08,384715.94,218.13,239724.87,144991.07,0.376878,false,USD
00k000000003682AAA,006000000001210AAA,01t000000000015AAA,1659,297.62,0.1013,267.47,493751.58,443732.73,168.05,278794.95,164937.78,0.371705,false,USD
00k000000003683AAA,006000000001211AAA,01t000000000018AAA,2060,155.82,0.07,144.91,320989.2,298514.6,92.07,189664.2,108850.4,0.36464,false,USD
00k000000003684AAA,006000000001211AAA,01t000000000035AAA,571,395.99,0.0728,367.16,226110.29,209648.36,237.75,135755.25,73893.11,0.352462,false,USD
00k000000003685AAA,006000000001211AAA,01t000000000055AAA,1506,239.53,0.0495,227.67,360732.18,342871.02,130.02,195810.12,147060.9,0.42891,false,USD
00k000000003686AAA,006000000001212AAA,01t000000000009AAA,848,350,0.0924,317.66,296800,269375.68,203.75,172780,96595.68,0.358591,false,USD
00k000000003687AAA,006000000001212AAA,01t000000000013AAA,1169,341.75,0.0896,311.13,399505.75,363710.97,195.82,228913.58,134797.39,0.370617,false,USD
00k000000003688AAA,006000000001212AAA,01t000000000058AAA,1437,242.3,0.0547,229.05,348185.1,329144.85,167.27,240366.99,88777.86,0.269723,false,USD
00k000000003689AAA,006000000001212AAA,01t000000000055AAA,1362,236.97,0.0943,214.62,322753.14,292312.44,130.02,177087.24,115225.2,0.394185,false,USD
00k000000003690AAA,006000000001213AAA,01t000000000056AAA,1138,200.33,0.0735,185.61,227975.54,211224.18,130.96,149032.48,62191.7,0.294435,false,USD
00k000000003691AAA,006000000001213AAA,01t000000000044AAA,442,429.97,0.0476,409.5,190046.74,180999,243.46,107609.32,73389.68,0.40547,false,USD
00k000000003692AAA,006000000001213AAA,01t000000000017AAA,986,191.51,0.0555,180.88,188828.86,178347.68,126.45,124679.7,53667.98,0.300918,false,USD
00k000000003693AAA,006000000001214AAA,01t000000000068AAA,380,467.51,0.0475,445.3,177653.8,169214,303.4,115292,53922,0.318662,false,USD
00k000000003694AAA,006000000001214AAA,01t000000000029AAA,846,223.88,0.068,208.66,189402.48,176526.36,153.08,129505.68,47020.68,0.266366,false,USD
00k000000003695AAA,006000000001214AAA,01t000000000057AAA,1617,136.29,0.0927,123.66,220380.93,199958.22,72.85,117798.45,82159.77,0.410885,false,USD
00k000000003696AAA,006000000001215AAA,01t000000000057AAA,17209,132.86,0.0997,119.61,2286387.74,2058368.49,72.85,1253675.65,804692.84,0.390937,false,USD
00k000000003697AAA,006000000001216AAA,01t000000000072AAA,461,587.84,0.0522,557.15,270994.24,256846.15,412.18,190014.98,66831.17,0.260199,false,USD
00k000000003698AAA,006000000001216AAA,01t000000000071AAA,1056,447.76,0.0739,414.67,472834.56,437891.52,299.11,315860.16,122031.36,0.278679,false,USD
00k000000003699AAA,006000000001216AAA,01t000000000064AAA,1089,238.14,0.0626,223.23,259334.46,243097.47,161.48,175851.72,67245.75,0.276621,false,USD
00k000000003700AAA,006000000001216AAA,01t000000000044AAA,611,423.15,0.0377,407.2,258544.65,248799.2,243.46,148754.06,100045.14,0.402112,false,USD
00k000000003701AAA,006000000001217AAA,01t000000000013AAA,1841,327.37,0.0608,307.47,602688.17,566052.27,195.82,360504.62,205547.65,0.363125,false,USD
00k000000003702AAA,006000000001217AAA,01t000000000014AAA,6946,119.78,0.0637,112.15,831991.88,778993.9,81.05,562973.3,216020.6,0.277307,false,USD
00k000000003703AAA,006000000001218AAA,01t000000000075AAA,742,591.31,0.0992,532.65,438752.02,395226.3,356.45,264485.9,130740.4,0.330799,false,USD
00k000000003704AAA,006000000001218AAA,01t000000000073AAA,1184,208.47,0.0957,188.52,246828.48,223207.68,136.74,161900.16,61307.52,0.274666,false,USD
00k000000003705AAA,006000000001218AAA,01t000000000013AAA,1178,330.81,0.0894,301.24,389694.18,354860.72,195.82,230675.96,124184.76,0.349954,false,USD
00k000000003706AAA,006000000001219AAA,01t000000000044AAA,253,405.09,0.0422,388,102487.77,98164,236.16,59748.48,38415.52,0.39134,false,USD
00k000000003707AAA,006000000001219AAA,01t000000000057AAA,695,134.67,0.0807,123.8,93595.65,86041,70.66,49108.7,36932.3,0.429241,false,USD
00k000000003708AAA,006000000001219AAA,01t000000000022AAA,214,358.16,0.022,350.28,76646.24,74959.92,233.82,50037.48,24922.44,0.332477,false,USD
00k000000003709AAA,006000000001219AAA,01t000000000003AAA,286,209.06,0.0494,198.73,59791.16,56836.78,121.74,34817.64,22019.14,0.38741,false,USD
00k000000003710AAA,006000000001220AAA,01t000000000059AAA,517,221.08,0.0532,209.32,114298.36,108218.44,136.27,70451.59,37766.85,0.348987,false,USD
00k000000003711AAA,006000000001220AAA,01t000000000060AAA,652,257.84,0.058,242.89,168111.68,158364.28,164.46,107227.92,51136.36,0.322903,false,USD
00k000000003712AAA,006000000001221AAA,01t000000000031AAA,1337,378.11,0.1025,339.35,505533.07,453710.95,237.31,317283.47,136427.48,0.300693,false,USD
00k000000003713AAA,006000000001221AAA,01t000000000015AAA,2102,314.58,0.0689,292.91,661247.16,615696.82,168.05,353241.1,262455.72,0.426274,false,USD
00k000000003714AAA,006000000001222AAA,01t000000000006AAA,1466,477.78,0.0485,454.61,700425.48,666458.26,301.3,441705.8,224752.46,0.337234,false,USD
00k000000003715AAA,006000000001222AAA,01t000000000020AAA,2193,387.27,0.0821,355.48,849283.11,779567.64,218.34,478819.62,300748.02,0.385788,false,USD
00k000000003716AAA,006000000001223AAA,01t000000000039AAA,931,122.23,0.1002,109.98,113796.13,102391.38,75.62,70402.22,31989.16,0.31242,false,USD
00k000000003717AAA,006000000001223AAA,01t000000000062AAA,396,193.76,0.0371,186.57,76728.96,73881.72,121.05,47935.8,25945.92,0.351182,false,USD
00k000000003718AAA,006000000001224AAA,01t000000000050AAA,14861,79.02,0.0347,76.28,1174316.22,1133597.08,51.06,758802.66,374794.42,0.330624,false,USD
00k000000003719AAA,006000000001225AAA,01t000000000024AAA,3041,336.54,0.0858,307.66,1023418.14,935594.06,221.7,674189.7,261404.36,0.279399,false,USD
00k000000003720AAA,006000000001225AAA,01t000000000044AAA,2193,399.59,0.092,362.83,876300.87,795686.19,243.46,533907.78,261778.41,0.328997,false,USD
00k000000003721AAA,006000000001225AAA,01t000000000015AAA,2297,307.97,0.1013,276.77,707407.09,635740.69,168.05,386010.85,249729.84,0.392817,false,USD
00k000000003722AAA,006000000001226AAA,01t000000000023AAA,676,347.32,0.0632,325.37,234788.32,219950.12,222.39,150335.64,69614.48,0.316501,false,USD
00k000000003723AAA,006000000001226AAA,01t000000000060AAA,1036,260.49,0.0721,241.71,269867.64,250411.56,164.46,170380.56,80031,0.319598,false,USD
00k000000003724AAA,006000000001226AAA,01t000000000066AAA,664,417.52,0.0506,396.39,277233.28,263202.96,251.52,167009.28,96193.68,0.365473,false,USD
00k000000003725AAA,006000000001227AAA,01t000000000035AAA,2695,402.82,0.0646,376.8,1085599.9,1015476,237.75,640736.25,374739.75,0.369029,false,USD
00k000000003726AAA,006000000001228AAA,01t000000000062AAA,511,198.33,0.0795,182.56,101346.63,93288.16,121.05,61856.55,31431.61,0.33693,false,USD
00k000000003727AAA,006000000001228AAA,01t000000000009AAA,290,328.56,0.0772,303.2,95282.4,87928,203.75,59087.5,28840.5,0.328001,false,USD
00k000000003728AAA,006000000001228AAA,01t000000000013AAA,254,320.74,0.0545,303.26,81467.96,77028.04,195.82,49738.28,27289.76,0.354283,false,USD
00k000000003729AAA,006000000001228AAA,01t000000000015AAA,304,315.55,0.0601,296.59,95927.2,90163.36,168.05,51087.2,39076.16,0.433393,false,USD
00k000000003730AAA,006000000001229AAA,01t000000000032AAA,1177,344.17,0.0953,311.37,405088.09,366482.49,199.36,234646.72,131835.77,0.359733,false,USD
00k000000003731AAA,006000000001229AAA,01t000000000075AAA,483,590.92,0.0092,585.48,285414.36,282786.84,356.45,172165.35,110621.49,0.391183,false,USD
00k000000003732AAA,006000000001230AAA,01t000000000013AAA,1635,317.95,0.0758,293.85,519848.25,480444.75,195.82,320165.7,160279.05,0.333606,false,USD
00k000000003733AAA,006000000001230AAA,01t000000000054AAA,5295,129.67,0.0695,120.66,686602.65,638894.7,80.43,425876.85,213017.85,0.333416,false,USD
00k000000003734AAA,006000000001230AAA,01t000000000015AAA,2779,313.73,0.1124,278.47,871855.67,773868.13,168.05,467010.95,306857.18,0.396524,false,USD
00k000000003735AAA,006000000001231AAA,01t000000000034AAA,505,233.58,0.0608,219.38,117957.9,110786.9,148.57,75027.85,35759.05,0.322773,false,USD
00k000000003736AAA,006000000001231AAA,01t000000000028AAA,903,206.56,0.0786,190.32,186523.68,171858.96,110.67,99935.01,71923.95,0.418506,false,USD
00k000000003737AAA,006000000001232AAA,01t000000000053AAA,4054,247.51,0.0826,227.07,1003405.54,920541.78,153.31,621518.74,299023.04,0.324834,false,USD
00k000000003738AAA,006000000001232AAA,01t000000000038AAA,3413,216.7,0.0575,204.24,739597.1,697071.12,123.33,420925.29,276145.83,0.396152,false,USD
00k000000003739AAA,006000000001232AAA,01t000000000070AAA,1618,593.43,0.0873,541.62,960169.74,876341.16,329.13,532532.34,343808.82,0.392323,false,USD
00k000000003740AAA,006000000001233AAA,01t000000000035AAA,1428,396.71,0.1101,353.03,566501.88,504126.84,237.75,339507,164619.84,0.326544,false,USD
00k000000003741AAA,006000000001233AAA,01t000000000057AAA,5966,128.07,0.0482,121.9,764065.62,727255.4,72.85,434623.1,292632.3,0.402379,false,USD
00k000000003742AAA,006000000001233AAA,01t000000000053AAA,2245,241.64,0.1175,213.25,542481.8,478746.25,158.05,354822.25,123924,0.258851,false,USD
00k000000003743AAA,006000000001234AAA,01t000000000044AAA,60,417.09,0.049,396.65,25025.4,23799,243.46,14607.6,9191.4,0.38621,false,USD
00k000000003744AAA,006000000001234AAA,01t000000000047AAA,72,310.13,0.0923,281.51,22329.36,20268.72,213.19,15349.68,4919.04,0.242691,false,USD
00k000000003745AAA,006000000001234AAA,01t000000000004AAA,46,400.82,0.059,377.17,18437.72,17349.82,267.02,12282.92,5066.9,0.292043,false,USD
00k000000003746AAA,006000000001234AAA,01t000000000058AAA,80,245.9,0.0073,244.1,19672,19528,167.27,13381.6,6146.4,0.314748,false,USD
00k000000003747AAA,006000000001234AAA,01t000000000054AAA,102,128.83,0.0742,119.27,13140.66,12165.54,80.43,8203.86,3961.68,0.325648,false,USD
00k000000003748AAA,006000000001235AAA,01t000000000065AAA,1659,337.11,0.0565,318.06,559265.49,527661.54,228.94,379811.46,147850.08,0.280199,false,USD
00k000000003749AAA,006000000001235AAA,01t000000000037AAA,1655,365.99,0.0889,333.45,605713.45,551859.75,244.43,404531.65,147328.1,0.266967,false,USD
00k000000003750AAA,006000000001235AAA,01t000000000009AAA,2075,344.67,0.1264,301.1,715190.25,624782.5,203.75,422781.25,202001.25,0.323315,false,USD
00k000000003751AAA,006000000001235AAA,01t000000000028AAA,4381,197.87,0.1108,175.95,866868.47,770836.95,110.67,484845.27,285991.68,0.371014,false,USD
00k000000003752AAA,006000000001236AAA,01t000000000070AAA,321,588.21,0.0711,546.39,188815.41,175391.19,339.31,108918.51,66472.68,0.378997,false,USD
00k000000003753AAA,006000000001236AAA,01t000000000024AAA,395,317.07,0.0274,308.38,125242.65,121810.1,221.7,87571.5,34238.6,0.281082,false,USD
00k000000003754AAA,006000000001236AAA,01t000000000009AAA,449,340.95,0.0485,324.41,153086.55,145660.09,203.75,91483.75,54176.34,0.371937,false,USD
00k000000003755AAA,006000000001236AAA,01t000000000061AAA,1180,208.2,0.0606,195.58,245676,230784.4,138.34,163241.2,67543.2,0.292668,false,USD
00k000000003756AAA,006000000001237AAA,01t000000000031AAA,186,385.22,0.0407,369.54,71650.92,68734.44,237.31,44139.66,24594.78,0.357823,false,USD
00k000000003757AAA,006000000001237AAA,01t000000000039AAA,530,122.48,0.0947,110.88,64914.4,58766.4,75.62,40078.6,18687.8,0.318001,false,USD
00k000000003758AAA,006000000001237AAA,01t000000000021AAA,123,332.84,0.0446,318,40939.32,39114,239.32,29436.36,9677.64,0.247421,false,USD
00k000000003759AAA,006000000001237AAA,01t000000000009AAA,195,339.55,0.071,315.44,66212.25,61510.8,203.75,39731.25,21779.55,0.354077,false,USD
00k000000003760AAA,006000000001238AAA,01t000000000042AAA,320,283.37,0.0645,265.09,90678.4,84828.8,174.39,55804.8,29024,0.342148,false,USD
00k000000003761AAA,006000000001238AAA,01t000000000035AAA,227,385.77,0.0673,359.81,87569.79,81676.87,237.75,53969.25,27707.62,0.339235,false,USD
00k000000003762AAA,006000000001238AAA,01t000000000024AAA,283,332.64,0.0556,314.15,94137.12,88904.45,221.7,62741.1,26163.35,0.294286,false,USD
00k000000003763AAA,006000000001239AAA,01t000000000060AAA,3384,246.08,0.0578,231.86,832734.72,784614.24,164.46,556532.64,228081.6,0.290693,false,USD
00k000000003764AAA,006000000001240AAA,01t000000000043AAA,1566,219.15,0.1354,189.48,343188.9,296725.68,128.91,201873.06,94852.62,0.319664,false,USD
00k000000003765AAA,006000000001240AAA,01t000000000054AAA,3277,132.46,0.0822,121.57,434071.42,398384.89,80.43,263569.11,134815.78,0.338406,false,USD
00k000000003766AAA,006000000001240AAA,01t000000000056AAA,1517,199.04,0.0766,183.79,301943.68,278809.43,130.96,198666.32,80143.11,0.287448,false,USD
00k000000003767AAA,006000000001240AAA,01t000000000023AAA,1210,333.45,0.1348,288.5,403474.5,349085,222.39,269091.9,79993.1,0.229151,false,USD
00k000000003768AAA,006000000001241AAA,01t000000000036AAA,952,146.13,0.0389,140.45,139115.76,133708.4,95.18,90611.36,43097.04,0.322321,false,USD
00k000000003769AAA,006000000001241AAA,01t000000000001AAA,367,345.02,0.0656,322.39,126622.34,118317.13,209.3,76813.1,41504.03,0.350786,false,USD
00k000000003770AAA,006000000001242AAA,01t000000000055AAA,1384,229.99,0.0965,207.8,318306.16,287595.2,130.02,179947.68,107647.52,0.374302,false,USD
00k000000003771AAA,006000000001242AAA,01t000000000036AAA,3444,146.37,0.0837,134.12,504098.28,461909.28,95.18,327799.92,134109.36,0.290337,false,USD
00k000000003772AAA,006000000001242AAA,01t000000000049AAA,1144,372.99,0.0956,337.33,426700.56,385905.52,244.93,280199.92,105705.6,0.273916,false,USD
00k000000003773AAA,006000000001243AAA,01t000000000017AAA,679,183.71,0.0876,167.62,124739.09,113813.98,126.45,85859.55,27954.43,0.245615,false,USD
00k000000003774AAA,006000000001243AAA,01t000000000006AAA,221,450.48,0.0363,434.13,99556.08,95942.73,301.3,66587.3,29355.43,0.305968,false,USD
00k000000003775AAA,006000000001244AAA,01t000000000031AAA,1360,388.27,0.0806,356.98,528047.2,485492.8,237.31,322741.6,162751.2,0.335229,false,USD
00k000000003776AAA,006000000001244AAA,01t000000000040AAA,2509,223.12,0.1259,195.03,559808.08,489330.27,142.61,357808.49,131521.78,0.268779,false,USD
00k000000003777AAA,006000000001244AAA,01t000000000035AAA,978,408.88,0.0746,378.38,399884.64,370055.64,237.75,232519.5,137536.14,0.371663,false,USD
00k000000003778AAA,006000000001245AAA,01t000000000065AAA,452,345.78,0.0481,329.15,156292.56,148775.8,228.94,103480.88,45294.92,0.304451,false,USD
00k000000003779AAA,006000000001245AAA,01t000000000044AAA,485,398.33,0.1048,356.59,193190.05,172946.15,243.46,118078.1,54868.05,0.317255,false,USD
00k000000003780AAA,006000000001245AAA,01t000000000064AAA,881,247.9,0.0496,235.6,218399.9,207563.6,161.48,142263.88,65299.72,0.314601,false,USD
00k000000003781AAA,006000000001246AAA,01t000000000062AAA,2715,201.28,0.0986,181.43,546475.2,492582.45,121.05,328650.75,163931.7,0.332801,false,USD
00k000000003782AAA,006000000001246AAA,01t000000000006AAA,1083,480.05,0.0916,436.08,519894.15,472274.64,301.3,326307.9,145966.74,0.309072,false,USD
00k000000003783AAA,006000000001246AAA,01t000000000060AAA,2939,243.08,0.1177,214.47,714412.12,630327.33,164.46,483347.94,146979.39,0.233179,false,USD
00k000000003784AAA,006000000001246AAA,01t000000000033AAA,1075,412.88,0.0712,383.48,443846,412241,280.14,301150.5,111090.5,0.26948,false,USD
00k000000003785AAA,006000000001246AAA,01t000000000015AAA,1211,306.5,0.081,281.67,371171.5,341102.37,168.05,203508.55,137593.82,0.40338,false,USD
00k000000003786AAA,006000000001247AAA,01t000000000007AAA,403,193.36,0.0454,184.58,77924.08,74385.74,120.99,48758.97,25626.77,0.344512,false,USD
00k000000003787AAA,006000000001247AAA,01t000000000037AAA,419,385.01,0.0821,353.4,161319.19,148074.6,244.43,102416.17,45658.43,0.308347,false,USD
00k000000003788AAA,006000000001247AAA,01t000000000053AAA,543,246.15,0.1042,220.5,133659.45,119731.5,158.05,85821.15,33910.35,0.28322,false,USD
00k000000003789AAA,006000000001248AAA,01t000000000020AAA,535,376.97,0.0856,344.7,201678.95,184414.5,218.34,116811.9,67602.6,0.36658,false,USD
00k000000003790AAA,006000000001248AAA,01t000000000024AAA,1262,331.09,0.111,294.34,417835.58,371457.08,221.7,279785.4,91671.68,0.246789,false,USD
00k000000003791AAA,006000000001248AAA,01t000000000060AAA,1385,247.54,0.063,231.94,342842.9,321236.9,164.46,227777.1,93459.8,0.290937,false,USD
00k000000003792AAA,006000000001248AAA,01t000000000025AAA,5064,74.08,0.035,71.49,375141.12,362025.36,51.29,259732.56,102292.8,0.282557,false,USD
00k000000003793AAA,006000000001249AAA,01t000000000048AAA,1152,390.97,0.1115,347.38,450397.44,400181.76,264.11,304254.72,95927.04,0.239709,false,USD
00k000000003794AAA,006000000001249AAA,01t000000000023AAA,2277,345.12,0.0368,332.42,785838.24,756920.34,222.39,506382.03,250538.31,0.330997,false,USD
00k000000003795AAA,006000000001249AAA,01t000000000020AAA,2233,384.4,0.1227,337.23,858365.2,753034.59,218.34,487553.22,265481.37,0.352549,false,USD
00k000000003796AAA,006000000001250AAA,01t000000000053AAA,581,238.83,0.1037,214.06,138760.23,124368.86,158.05,91827.05,32541.81,0.261656,false,USD
00k000000003797AAA,006000000001250AAA,01t000000000035AAA,291,397.01,0.04,381.13,115529.91,110908.83,237.75,69185.25,41723.58,0.376197,false,USD
00k000000003798AAA,006000000001250AAA,01t000000000006AAA,325,455.85,0.0224,445.64,148151.25,144833,301.3,97922.5,46910.5,0.323894,false,USD
00k000000003799AAA,006000000001250AAA,01t000000000011AAA,448,313.24,0.0694,291.5,140331.52,130592,204.74,91723.52,38868.48,0.297633,false,USD
00k000000003800AAA,006000000001251AAA,01t000000000013AAA,4183,318.1,0.0641,297.71,1330612.3,1245320.93,195.82,819115.06,426205.87,0.342246,false,USD
00k000000003801AAA,006000000001252AAA,01t000000000037AAA,1211,366.45,0.1514,310.97,443770.95,376584.67,244.43,296004.73,80579.94,0.213976,false,USD
00k000000003802AAA,006000000001252AAA,01t000000000059AAA,1623,207.52,0.1112,184.44,336804.96,299346.12,136.27,221166.21,78179.91,0.261169,false,USD
00k000000003803AAA,006000000001252AAA,01t000000000025AAA,5769,73.79,0.1235,64.68,425694.51,373138.92,51.29,295892.01,77246.91,0.207019,false,USD
00k000000003804AAA,006000000001253AAA,01t000000000029AAA,642,227.85,0.0544,215.45,146279.7,138318.9,153.08,98277.36,40041.54,0.289487,false,USD
00k000000003805AAA,006000000001253AAA,01t000000000054AAA,782,134.11,0.0888,122.2,104874.02,95560.4,80.43,62896.26,32664.14,0.341817,false,USD
00k000000003806AAA,006000000001253AAA,01t000000000026AAA,457,312.18,0.079,287.52,142666.26,131396.64,198.27,90609.39,40787.25,0.310413,false,USD
00k000000003807AAA,006000000001254AAA,01t000000000037AAA,868,361.03,0.0832,330.99,313374.04,287299.32,244.43,212165.24,75134.08,0.261518,false,USD
00k000000003808AAA,006000000001254AAA,01t000000000021AAA,587,334.56,0.0507,317.6,196386.72,186431.2,239.32,140480.84,45950.36,0.246474,false,USD
00k000000003809AAA,006000000001254AAA,01t000000000035AAA,611,376.09,0.0393,361.31,229790.99,220760.41,237.75,145265.25,75495.16,0.341978,false,USD
00k000000003810AAA,006000000001255AAA,01t000000000041AAA,1005,267.82,0.0891,243.96,269159.1,245179.8,152.9,153664.5,91515.3,0.373258,false,USD
00k000000003811AAA,006000000001255AAA,01t000000000016AAA,700,350.31,0.0831,321.2,245217,224840,212.59,148813,76027,0.338138,false,USD
00k000000003812AAA,006000000001255AAA,01t000000000001AAA,774,326.69,0.0572,308,252858.06,238392,209.3,161998.2,76393.8,0.320455,false,USD
00k000000003813AAA,006000000001255AAA,01t000000000014AAA,2119,118.37,0.0794,108.97,250826.03,230907.43,81.05,171744.95,59162.48,0.256217,false,USD
00k000000003814AAA,006000000001256AAA,01t000000000059AAA,755,212.5,0.0756,196.44,160437.5,148312.2,136.27,102883.85,45428.35,0.306302,false,USD
00k000000003815AAA,006000000001256AAA,01t000000000005AAA,489,368.18,0.0361,354.89,180040.02,173541.21,272.07,133042.23,40498.98,0.233368,false,USD
00k000000003816AAA,006000000001256AAA,01t000000000056AAA,1056,195.01,0.036,187.99,205930.56,198517.44,130.96,138293.76,60223.68,0.303367,false,USD
00k000000003817AAA,006000000001256AAA,01t000000000009AAA,481,358.53,0.0973,323.65,172452.93,155675.65,203.75,98003.75,57671.9,0.370462,false,USD
00k000000003818AAA,006000000001257AAA,01t000000000022AAA,73,362.14,0.0568,341.57,26436.22,24934.61,233.82,17068.86,7865.75,0.315455,false,USD
00k000000003819AAA,006000000001257AAA,01t000000000049AAA,140,352.74,0.0296,342.3,49383.6,47922,237.58,33261.2,14660.8,0.30593,false,USD
00k000000003820AAA,006000000001257AAA,01t000000000035AAA,130,389.19,0.0377,374.52,50594.7,48687.6,230.62,29980.6,18707,0.384225,false,USD
00k000000003821AAA,006000000001257AAA,01t000000000056AAA,216,205.49,0.0467,195.89,44385.84,42312.24,127.03,27438.48,14873.76,0.351524,false,USD
00k000000003822AAA,006000000001257AAA,01t000000000009AAA,77,336.28,0.0841,308,25893.56,23716,197.64,15218.28,8497.72,0.358312,false,USD
00k000000003823AAA,006000000001258AAA,01t000000000041AAA,1698,264.62,0.0623,248.13,449324.76,421324.74,152.9,259624.2,161700.54,0.383791,false,USD
00k000000003824AAA,006000000001259AAA,01t000000000013AAA,1034,320.16,0.0817,294,331045.44,303996,195.82,202477.88,101518.12,0.333946,false,USD
00k000000003825AAA,006000000001259AAA,01t000000000021AAA,1018,327.96,0.0484,312.09,333863.28,317707.62,239.32,243627.76,74079.86,0.23317,false,USD
00k000000003826AAA,006000000001260AAA,01t000000000035AAA,176,381.32,0.0535,360.92,67112.32,63521.92,237.75,41844,21677.92,0.341267,false,USD
00k000000003827AAA,006000000001260AAA,01t000000000056AAA,364,200.35,0.0323,193.88,72927.4,70572.32,130.96,47669.44,22902.88,0.324531,false,USD
00k000000003828AAA,006000000001260AAA,01t000000000013AAA,261,326.83,0.083,299.7,85302.63,78221.7,195.82,51109.02,27112.68,0.346613,false,USD
00k000000003829AAA,006000000001261AAA,01t000000000002AAA,563,183.94,0.0713,170.83,103558.22,96177.29,113.8,64069.4,32107.89,0.333841,false,USD
00k000000003830AAA,006000000001261AAA,01t000000000048AAA,224,426.37,0.0483,405.78,95506.88,90894.72,264.11,59160.64,31734.08,0.34913,false,USD
00k000000003831AAA,006000000001261AAA,01t000000000018AAA,595,147.48,0.0467,140.59,87750.6,83651.05,92.07,54781.65,28869.4,0.345117,false,USD
00k000000003832AAA,006000000001262AAA,01t000000000038AAA,3528,207.99,0.075,192.39,733788.72,678751.92,127.14,448549.92,230202,0.339155,false,USD
00k000000003833AAA,006000000001262AAA,01t000000000013AAA,3096,320.61,0.1029,287.62,992608.56,890471.52,195.82,606258.72,284212.8,0.319171,false,USD
00k000000003834AAA,006000000001263AAA,01t000000000053AAA,1554,244.09,0.047,232.62,379315.86,361491.48,158.05,245609.7,115881.78,0.320566,false,USD
00k000000003835AAA,006000000001264AAA,01t000000000049AAA,634,366.08,0.0685,341,232094.72,216194,244.93,155285.62,60908.38,0.28173,false,USD
00k000000003836AAA,006000000001264AAA,01t000000000020AAA,453,384.63,0.0948,348.17,174237.39,157721.01,218.34,98908.02,58812.99,0.372893,false,USD
00k000000003837AAA,006000000001264AAA,01t000000000062AAA,754,192.98,0.0399,185.28,145506.92,139701.12,121.05,91271.7,48429.42,0.346665,false,USD
00k000000003838AAA,006000000001264AAA,01t000000000028AAA,1034,200.89,0.021,196.67,207720.26,203356.78,110.67,114432.78,88924,0.437281,false,USD
00k000000003839AAA,006000000001265AAA,01t000000000050AAA,8354,78.3,0.0824,71.85,654118.2,600234.9,51.06,426555.24,173679.66,0.289353,false,USD
00k000000003840AAA,006000000001265AAA,01t000000000002AAA,3443,183.91,0.0605,172.78,633202.13,594881.54,113.8,391813.4,203068.14,0.341359,false,USD
00k000000003841AAA,006000000001266AAA,01t000000000040AAA,799,234.37,0.0963,211.8,187261.63,169228.2,142.61,113945.39,55282.81,0.326676,false,USD
00k000000003842AAA,006000000001266AAA,01t000000000043AAA,1069,220.85,0.0452,210.87,236088.65,225420.03,128.91,137804.79,87615.24,0.388675,false,USD
00k000000003843AAA,006000000001266AAA,01t000000000060AAA,907,249.09,0.1116,221.29,225924.63,200710.03,164.46,149165.22,51544.81,0.256812,false,USD
00k000000003844AAA,006000000001266AAA,01t000000000035AAA,440,385.87,0.0504,366.42,169782.8,161224.8,237.75,104610,56614.8,0.351154,false,USD
00k000000003845AAA,006000000001267AAA,01t000000000014AAA,2452,119.95,0.0728,111.22,294117.4,272711.44,81.05,198734.6,73976.84,0.271264,false,USD
00k000000003846AAA,006000000001267AAA,01t000000000040AAA,1138,234.32,0.0486,222.93,266656.16,253694.34,142.61,162290.18,91404.16,0.360292,false,USD
00k000000003847AAA,006000000001267AAA,01t000000000037AAA,762,362.74,0.1069,323.96,276407.88,246857.52,244.43,186255.66,60601.86,0.245493,false,USD
00k000000003848AAA,006000000001268AAA,01t000000000029AAA,364,220.13,0.0623,206.42,80127.32,75136.88,153.08,55721.12,19415.76,0.258405,false,USD
00k000000003849AAA,006000000001269AAA,01t000000000031AAA,1695,373.59,0.0511,354.5,633235.05,600877.5,230.19,390172.05,210705.45,0.350663,false,USD
00k000000003850AAA,006000000001269AAA,01t000000000019AAA,1708,352.28,0.021,344.88,601694.24,589055.04,222.01,379193.08,209861.96,0.356269,false,USD
00k000000003851AAA,006000000001269AAA,01t000000000039AAA,4818,119.14,0.019,116.88,574016.52,563127.84,73.35,353400.3,209727.54,0.372433,false,USD
00k000000003852AAA,006000000001270AAA,01t000000000036AAA,3928,135.59,0.0447,129.53,532597.52,508793.84,95.18,373867.04,134926.8,0.26519,false,USD
00k000000003853AAA,006000000001271AAA,01t000000000038AAA,2009,215.71,0.0561,203.61,433361.39,409052.49,127.14,255424.26,153628.23,0.375571,false,USD
00k000000003854AAA,006000000001272AAA,01t000000000047AAA,298,318.11,0.0516,301.7,94796.78,89906.6,213.19,63530.62,26375.98,0.293371,false,USD
00k000000003855AAA,006000000001272AAA,01t000000000053AAA,439,246.94,0.0668,230.44,108406.66,101163.16,158.05,69383.95,31779.21,0.314138,false,USD
00k000000003856AAA,006000000001272AAA,01t000000000075AAA,148,611.06,0.0519,579.35,90436.88,85743.8,356.45,52754.6,32989.2,0.384742,false,USD
00k000000003857AAA,006000000001272AAA,01t000000000066AAA,344,430.85,0.0782,397.16,148212.4,136623.04,251.52,86522.88,50100.16,0.366704,false,USD
00k000000003858AAA,006000000001272AAA,01t000000000023AAA,437,328.98,0.1199,289.54,143764.26,126528.98,222.39,97184.43,29344.55,0.23192,false,USD
00k000000003859AAA,006000000001273AAA,01t000000000036AAA,1692,141.88,0.0715,131.74,240060.96,222904.08,95.18,161044.56,61859.52,0.277516,false,USD
00k000000003860AAA,006000000001273AAA,01t000000000023AAA,815,344.46,0.0742,318.9,280734.9,259903.5,222.39,181247.85,78655.65,0.302634,false,USD
00k000000003861AAA,006000000001273AAA,01t000000000011AAA,636,312.16,0.0991,281.22,198533.76,178855.92,204.74,130214.64,48641.28,0.271958,false,USD
00k000000003862AAA,006000000001274AAA,01t000000000025AAA,22302,73.59,0.0899,66.97,1641204.18,1493564.94,51.29,1143869.58,349695.36,0.234135,false,USD
00k000000003863AAA,006000000001275AAA,01t000000000032AAA,554,343.11,0.0895,312.4,190082.94,173069.6,199.36,110445.44,62624.16,0.361844,false,USD
00k000000003864AAA,006000000001275AAA,01t000000000061AAA,901,202.44,0.1143,179.3,182398.44,161549.3,138.34,124644.34,36904.96,0.228444,false,USD
00k000000003865AAA,006000000001275AAA,01t000000000009AAA,488,357.36,0.0936,323.91,174391.68,158068.08,203.75,99430,58638.08,0.370967,false,USD
00k000000003866AAA,006000000001276AAA,01t000000000013AAA,1051,325.35,0.0603,305.73,341942.85,321322.23,189.95,199637.45,121684.78,0.3787,false,USD
00k000000003867AAA,006000000001276AAA,01t000000000049AAA,912,361.88,0.04,347.4,330034.56,316828.8,237.58,216672.96,100155.84,0.31612,false,USD
00k000000003868AAA,006000000001276AAA,01t000000000030AAA,2269,156.66,0.0277,152.32,355461.54,345614.08,105.3,238925.7,106688.38,0.308692,false,USD
00k000000003869AAA,006000000001276AAA,01t000000000062AAA,1753,191.59,0.0289,186.05,335857.27,326145.65,117.42,205837.26,120308.39,0.368879,false,USD
00k000000003870AAA,006000000001277AAA,01t000000000019AAA,1124,349.13,0.068,325.39,392422.12,365738.36,228.88,257261.12,108477.24,0.296598,false,USD
00k000000003871AAA,006000000001277AAA,01t000000000048AAA,1293,391.22,0.0645,365.99,505847.46,473225.07,264.11,341494.23,131730.84,0.278368,false,USD
00k000000003872AAA,006000000001278AAA,01t000000000017AAA,335,189.32,0.0507,179.72,63422.2,60206.2,122.66,41091.1,19115.1,0.317494,false,USD
00k000000003873AAA,006000000001278AAA,01t000000000002AAA,336,184.09,0.0556,173.85,61854.24,58413.6,110.39,37091.04,21322.56,0.365027,false,USD
00k000000003874AAA,006000000001278AAA,01t000000000048AAA,214,413.75,0.0485,393.68,88542.5,84247.52,256.19,54824.66,29422.86,0.349243,false,USD
00k000000003875AAA,006000000001278AAA,01t000000000059AAA,402,208.53,0.0541,197.25,83829.06,79294.5,132.18,53136.36,26158.14,0.329886,false,USD
00k000000003876AAA,006000000001279AAA,01t000000000012AAA,199,415.91,0.0378,400.19,82766.09,79637.81,249.67,49684.33,29953.48,0.376121,false,USD
00k000000003877AAA,006000000001279AAA,01t000000000021AAA,413,317.13,0.0625,297.31,130974.69,122789.03,239.32,98839.16,23949.87,0.195049,false,USD
00k000000003878AAA,006000000001279AAA,01t000000000020AAA,233,378.51,0.0631,354.63,88192.83,82628.79,218.34,50873.22,31755.57,0.384316,false,USD
00k000000003879AAA,006000000001280AAA,01t000000000036AAA,4184,138.5,0.0969,125.08,579484,523334.72,95.18,398233.12,125101.6,0.239047,false,USD
00k000000003880AAA,006000000001281AAA,01t000000000028AAA,5258,199.52,0.1052,178.53,1049076.16,938710.74,110.67,581902.86,356807.88,0.380104,false,USD
00k000000003881AAA,006000000001281AAA,01t000000000071AAA,2178,471.04,0.0514,446.83,1025925.12,973195.74,299.11,651461.58,321734.16,0.330596,false,USD
00k000000003882AAA,006000000001282AAA,01t000000000012AAA,1035,374.69,0.111,333.1,387804.15,344758.5,249.67,258408.45,86350.05,0.250465,false,USD
00k000000003883AAA,006000000001282AAA,01t000000000041AAA,2631,264.88,0.0876,241.68,696899.28,635860.08,152.9,402279.9,233580.18,0.367345,false,USD
00k000000003884AAA,006000000001283AAA,01t000000000044AAA,737,418.15,0.0821,383.82,308176.55,282875.34,243.46,179430.02,103445.32,0.365692,false,USD
00k000000003885AAA,006000000001283AAA,01t000000000008AAA,1061,268.02,0.1156,237.04,284369.22,251499.44,179.17,190099.37,61400.07,0.244136,false,USD
00k000000003886AAA,006000000001283AAA,01t000000000022AAA,984,361.86,0.0917,328.68,356070.24,323421.12,241.05,237193.2,86227.92,0.266612,false,USD
00k000000003887AAA,006000000001284AAA,01t000000000013AAA,533,330.33,0.0566,311.63,176065.89,166098.79,189.95,101243.35,64855.44,0.390463,false,USD
00k000000003888AAA,006000000001284AAA,01t000000000057AAA,1862,130.06,0.093,117.96,242171.72,219641.52,70.66,131568.92,88072.6,0.400983,false,USD
00k000000003889AAA,006000000001284AAA,01t000000000037AAA,522,364.5,0.0266,354.8,190269,185205.6,237.1,123766.2,61439.4,0.331736,false,USD
00k000000003890AAA,006000000001285AAA,01t000000000055AAA,1005,239.05,0.0668,223.08,240245.25,224195.4,130.02,130670.1,93525.3,0.41716,false,USD
00k000000003891AAA,006000000001285AAA,01t000000000018AAA,1589,146.28,0.0904,133.06,232438.92,211432.34,92.07,146299.23,65133.11,0.308057,false,USD
00k000000003892AAA,006000000001286AAA,01t000000000050AAA,9457,78.92,0.1161,69.76,746346.44,659720.32,51.06,482874.42,176845.9,0.268062,false,USD
00k000000003893AAA,006000000001286AAA,01t000000000023AAA,2365,319.31,0.0654,298.43,755168.15,705786.95,222.39,525952.35,179834.6,0.2548,false,USD
00k000000003894AAA,006000000001286AAA,01t000000000022AAA,1503,369.67,0.0855,338.06,555614.01,508104.18,241.05,362298.15,145806.03,0.286961,false,USD
00k000000003895AAA,006000000001287AAA,01t000000000030AAA,4139,159.32,0.09,144.98,659425.48,600072.22,108.56,449329.84,150742.38,0.251207,false,USD
00k000000003896AAA,006000000001287AAA,01t000000000020AAA,1545,395.99,0.0719,367.52,611804.55,567818.4,218.34,337335.3,230483.1,0.40591,false,USD
00k000000003897AAA,006000000001288AAA,01t000000000019AAA,220,338.43,0.042,324.22,74454.6,71328.4,228.88,50353.6,20974.8,0.29406,false,USD
00k000000003898AAA,006000000001288AAA,01t000000000054AAA,555,131.74,0.0707,122.43,73115.7,67948.65,80.43,44638.65,23310,0.343053,false,USD
00k000000003899AAA,006000000001288AAA,01t000000000008AAA,183,260.09,0.0274,252.96,47596.47,46291.68,179.17,32788.11,13503.57,0.291706,false,USD
00k000000003900AAA,006000000001289AAA,01t000000000031AAA,578,382.87,0.1092,341.06,221298.86,197132.68,237.31,137165.18,59967.5,0.304199,false,USD
00k000000003901AAA,006000000001289AAA,01t000000000003AAA,1213,208.78,0.031,202.31,253250.14,245402.03,125.5,152231.5,93170.53,0.379665,false,USD
00k000000003902AAA,006000000001289AAA,01t000000000005AAA,932,382.05,0.0373,367.8,356070.6,342789.6,272.07,253569.24,89220.36,0.260277,false,USD
00k000000003903AAA,006000000001290AAA,01t000000000028AAA,1559,201.76,0.0473,192.22,314543.84,299670.98,110.67,172534.53,127136.45,0.424253,false,USD
00k000000003904AAA,006000000001290AAA,01t000000000033AAA,775,419.14,0.094,379.74,324833.5,294298.5,280.14,217108.5,77190,0.262285,false,USD
00k000000003905AAA,006000000001290AAA,01t000000000055AAA,1996,231.94,0.0716,215.33,462952.24,429798.68,130.02,259519.92,170278.76,0.396183,false,USD
00k000000003906AAA,006000000001291AAA,01t000000000029AAA,1010,220.63,0.0672,205.8,222836.3,207858,153.08,154610.8,53247.2,0.256171,false,USD
00k000000003907AAA,006000000001291AAA,01t000000000050AAA,3190,80.65,0.1302,70.15,257273.5,223778.5,51.06,162881.4,60897.1,0.272131,false,USD
00k000000003908AAA,006000000001292AAA,01t000000000053AAA,2535,240.23,0.1012,215.92,608983.05,547357.2,158.05,400656.75,146700.45,0.268016,false,USD
00k000000003909AAA,006000000001292AAA,01t000000000028AAA,5196,203.79,0.0258,198.53,1058892.84,1031561.88,110.67,575041.32,456520.56,0.442553,false,USD
00k000000003910AAA,006000000001293AAA,01t000000000004AAA,3652,387.13,0.0656,361.73,1413798.76,1321037.96,267.02,975157.04,345880.92,0.261825,false,USD
00k000000003911AAA,006000000001293AAA,01t000000000054AAA,7239,138.23,0.0677,128.87,1000646.97,932889.93,80.43,582232.77,350657.16,0.375883,false,USD
00k000000003912AAA,006000000001294AAA,01t000000000074AAA,1830,344.64,0.0656,322.03,630691.2,589314.9,224.7,411201,178113.9,0.302239,false,USD
00k000000003913AAA,006000000001295AAA,01t000000000058AAA,399,240.51,0.0498,228.53,95963.49,91183.47,167.27,66740.73,24442.74,0.268061,false,USD
00k000000003914AAA,006000000001295AAA,01t000000000035AAA,190,389.78,0.1367,336.5,74058.2,63935,237.75,45172.5,18762.5,0.293462,false,USD
00k000000003915AAA,006000000001295AAA,01t000000000055AAA,497,233.33,0.0804,214.57,115965.01,106641.29,130.02,64619.94,42021.35,0.394044,false,USD
00k000000003916AAA,006000000001295AAA,01t000000000060AAA,423,254.31,0,254.31,107573.13,107573.13,164.46,69566.58,38006.55,0.353309,false,USD
00k000000003917AAA,006000000001296AAA,01t000000000005AAA,408,372.66,0.0245,363.53,152045.28,148320.24,272.07,111004.56,37315.68,0.251589,false,USD
00k000000003918AAA,006000000001296AAA,01t000000000044AAA,262,398.83,0.0477,379.81,104493.46,99510.22,243.46,63786.52,35723.7,0.358995,false,USD
00k000000003919AAA,006000000001296AAA,01t000000000014AAA,643,118.28,0.0412,113.41,76054.04,72922.63,81.05,52115.15,20807.48,0.285336,false,USD
00k000000003920AAA,006000000001296AAA,01t000000000045AAA,796,104,0.0698,96.74,82784,77005.04,59.87,47656.52,29348.52,0.381125,false,USD
00k000000003921AAA,006000000001297AAA,01t000000000041AAA,275,265.46,0.0499,252.21,73001.5,69357.75,152.9,42047.5,27310.25,0.393759,false,USD
00k000000003922AAA,006000000001297AAA,01t000000000022AAA,205,369.31,0.0904,335.92,75708.55,68863.6,241.05,49415.25,19448.35,0.282418,false,USD
00k000000003923AAA,006000000001297AAA,01t000000000042AAA,371,279.69,0.0457,266.91,103764.99,99023.61,174.39,64698.69,34324.92,0.346634,false,USD
00k000000003924AAA,006000000001297AAA,01t000000000010AAA,235,440.38,0.1071,393.22,103489.3,92406.7,280.72,65969.2,26437.5,0.286099,false,USD
00k000000003925AAA,006000000001298AAA,01t000000000006AAA,935,476.02,0.1118,422.8,445078.7,395318,301.3,281715.5,113602.5,0.28737,false,USD
00k000000003926AAA,006000000001298AAA,01t000000000055AAA,2984,240.92,0.0979,217.33,718905.28,648512.72,130.02,387979.68,260533.04,0.401739,false,USD
00k000000003927AAA,006000000001298AAA,01t000000000033AAA,1610,386.95,0.0842,354.37,622989.5,570535.7,280.14,451025.4,119510.3,0.20947,false,USD
00k000000003928AAA,006000000001299AAA,01t000000000027AAA,1099,399.91,0.1075,356.92,439501.09,392255.08,251.82,276750.18,115504.9,0.294464,false,USD
00k000000003929AAA,006000000001300AAA,01t000000000016AAA,449,362.27,0.0596,340.68,162659.23,152965.32,212.59,95452.91,57512.41,0.375983,false,USD
00k000000003930AAA,006000000001300AAA,01t000000000037AAA,359,373.63,0.0679,348.26,134133.17,125025.34,244.43,87750.37,37274.97,0.298139,false,USD
00k000000003931AAA,006000000001300AAA,01t000000000002AAA,1022,179.57,0.0895,163.5,183520.54,167097,113.8,116303.6,50793.4,0.303976,false,USD
00k000000003932AAA,006000000001300AAA,01t000000000051AAA,1357,72.29,0.0663,67.5,98097.53,91597.5,51.08,69315.56,22281.94,0.243259,false,USD
00k000000003933AAA,006000000001301AAA,01t000000000049AAA,1245,361.48,0.0539,342,450042.6,425790,244.93,304937.85,120852.15,0.28383,false,USD
00k000000003934AAA,006000000001302AAA,01t000000000052AAA,1372,106.49,0.0705,98.98,146104.28,135800.56,62.85,86230.2,49570.36,0.365023,false,USD
00k000000003935AAA,006000000001302AAA,01t000000000054AAA,698,136.48,0.0744,126.33,95263.04,88178.34,80.43,56140.14,32038.2,0.363334,false,USD
00k000000003936AAA,006000000001302AAA,01t000000000037AAA,277,376.34,0.063,352.63,104246.18,97678.51,244.43,67707.11,29971.4,0.306837,false,USD
00k000000003937AAA,006000000001302AAA,01t000000000074AAA,385,332.19,0.0852,303.89,127893.15,116997.65,224.7,86509.5,30488.15,0.260588,false,USD
00k000000003938AAA,006000000001303AAA,01t000000000004AAA,445,391.49,0.0451,373.83,174213.05,166354.35,267.02,118823.9,47530.45,0.285718,false,USD
00k000000003939AAA,006000000001303AAA,01t000000000031AAA,595,393.67,0.0726,365.09,234233.65,217228.55,237.31,141199.45,76029.1,0.349996,false,USD
00k000000003940AAA,006000000001303AAA,01t000000000049AAA,620,375.08,0.0797,345.19,232549.6,214017.8,244.93,151856.6,62161.2,0.290449,false,USD
00k000000003941AAA,006000000001304AAA,01t000000000019AAA,494,355.14,0.0776,327.58,175439.16,161824.52,228.88,113066.72,48757.8,0.3013,false,USD
00k000000003942AAA,006000000001304AAA,01t000000000058AAA,407,247.58,0.0548,234.01,100765.06,95242.07,167.27,68078.89,27163.18,0.285201,false,USD
00k000000003943AAA,006000000001305AAA,01t000000000031AAA,1095,400.39,0.1088,356.83,438427.05,390728.85,237.31,259854.45,130874.4,0.334949,false,USD
00k000000003944AAA,006000000001305AAA,01t000000000041AAA,1338,267.09,0.0478,254.32,357366.42,340280.16,152.9,204580.2,135699.96,0.398789,false,USD
00k000000003945AAA,006000000001306AAA,01t000000000043AAA,247,231.93,0.0635,217.2,57286.71,53648.4,128.91,31840.77,21807.63,0.406492,false,USD
00k000000003946AAA,006000000001306AAA,01t000000000042AAA,161,286.36,0.1144,253.6,46103.96,40829.6,174.39,28076.79,12752.81,0.312342,false,USD
00k000000003947AAA,006000000001306AAA,01t000000000046AAA,515,84.85,0.1032,76.09,43697.75,39186.35,53.15,27372.25,11814.1,0.301485,false,USD
00k000000003948AAA,006000000001306AAA,01t000000000045AAA,625,101.54,0.0783,93.59,63462.5,58493.75,59.87,37418.75,21075,0.360295,false,USD
00k000000003949AAA,006000000001307AAA,01t000000000037AAA,270,368.93,0.0457,352.07,99611.1,95058.9,244.43,65996.1,29062.8,0.305735,false,USD
00k000000003950AAA,006000000001307AAA,01t000000000060AAA,773,243.75,0.0576,229.71,188418.75,177565.83,164.46,127127.58,50438.25,0.284054,false,USD
00k000000003951AAA,006000000001307AAA,01t000000000054AAA,1037,130.72,0.0614,122.69,135556.64,127229.53,80.43,83405.91,43823.62,0.344445,false,USD
00k000000003952AAA,006000000001308AAA,01t000000000057AAA,7635,130.28,0.0761,120.37,994687.8,919024.95,72.85,556209.75,362815.2,0.394783,false,USD
00k000000003953AAA,006000000001309AAA,01t000000000055AAA,1062,241.75,0.0694,224.97,256738.5,238918.14,130.02,138081.24,100836.9,0.422056,false,USD
00k000000003954AAA,006000000001309AAA,01t000000000009AAA,821,333.97,0.0769,308.29,274189.37,253106.09,203.75,167278.75,85827.34,0.339096,false,USD
00k000000003955AAA,006000000001309AAA,01t000000000015AAA,683,292.19,0.0172,287.16,199565.77,196130.28,168.05,114778.15,81352.13,0.414786,false,USD
00k000000003956AAA,006000000001310AAA,01t000000000015AAA,3430,294.83,0.0541,278.88,1011266.9,956558.4,168.05,576411.5,380146.9,0.397411,false,USD
00k000000003957AAA,006000000001310AAA,01t000000000052AAA,9347,108.63,0.0996,97.81,1015364.61,914230.07,62.85,587458.95,326771.12,0.357428,false,USD
00k000000003958AAA,006000000001310AAA,01t000000000008AAA,2721,269.77,0.1038,241.77,734044.17,657856.17,179.17,487521.57,170334.6,0.258924,false,USD
00k000000003959AAA,006000000001311AAA,01t000000000075AAA,280,591.28,0.063,554.03,165558.4,155128.4,356.45,99806,55322.4,0.356623,false,USD
00k000000003960AAA,006000000001311AAA,01t000000000071AAA,408,464.23,0.1058,415.11,189405.84,169364.88,299.11,122036.88,47328,0.279444,false,USD
00k000000003961AAA,006000000001311AAA,01t000000000023AAA,360,339.87,0.0661,317.4,122353.2,114264,222.39,80060.4,34203.6,0.299338,false,USD
00k000000003962AAA,006000000001312AAA,01t000000000026AAA,304,298.69,0.0945,270.46,90801.76,82219.84,198.27,60274.08,21945.76,0.266916,false,USD
00k000000003963AAA,006000000001312AAA,01t000000000044AAA,207,392.83,0.0556,370.99,81315.81,76794.93,243.46,50396.22,26398.71,0.343756,false,USD
00k000000003964AAA,006000000001312AAA,01t000000000072AAA,161,579.91,0.056,547.44,93365.51,88137.84,412.18,66360.98,21776.86,0.247077,false,USD
00k000000003965AAA,006000000001312AAA,01t000000000073AAA,440,223.09,0.0926,202.43,98159.6,89069.2,136.74,60165.6,28903.6,0.324507,false,USD
00k000000003966AAA,006000000001313AAA,01t000000000026AAA,1232,303.94,0.0689,283,374454.08,348656,198.27,244268.64,104387.36,0.299399,false,USD
00k000000003967AAA,006000000001313AAA,01t000000000021AAA,1037,341.41,0.0353,329.36,354042.17,341546.32,239.32,248174.84,93371.48,0.273379,false,USD
00k000000003968AAA,006000000001314AAA,01t000000000053AAA,3406,244.47,0.1073,218.24,832664.82,743325.44,158.05,538318.3,205007.14,0.275797,false,USD
00k000000003969AAA,006000000001315AAA,01t000000000073AAA,2732,210.58,0.0876,192.13,575304.56,524899.16,136.74,373573.68,151325.48,0.288294,false,USD
00k000000003970AAA,006000000001316AAA,01t000000000056AAA,587,203.73,0.0851,186.39,119589.51,109410.93,130.96,76873.52,32537.41,0.297387,false,USD
00k000000003971AAA,006000000001316AAA,01t000000000035AAA,397,397.19,0.0898,361.52,157684.43,143523.44,237.75,94386.75,49136.69,0.34236,false,USD
00k000000003972AAA,006000000001316AAA,01t000000000029AAA,416,223.98,0.081,205.84,93175.68,85629.44,153.08,63681.28,21948.16,0.256316,false,USD
00k000000003973AAA,006000000001316AAA,01t000000000036AAA,912,150.74,0.0345,145.54,137474.88,132732.48,95.18,86804.16,45928.32,0.346022,false,USD
00k000000003974AAA,006000000001317AAA,01t000000000043AAA,1571,226.59,0.0917,205.81,355972.89,323327.51,128.91,202517.61,120809.9,0.373646,false,USD
00k000000003975AAA,006000000001318AAA,01t000000000008AAA,1880,280.61,0.0626,263.04,527546.8,494515.2,179.17,336839.6,157675.6,0.318849,false,USD
00k000000003976AAA,006000000001318AAA,01t000000000035AAA,1738,375.49,0.1173,331.45,652601.62,576060.1,237.75,413209.5,162850.6,0.282697,false,USD
00k000000003977AAA,006000000001318AAA,01t000000000009AAA,1686,328.86,0.095,297.62,554457.96,501787.32,203.75,343522.5,158264.82,0.315402,false,USD
00k000000003978AAA,006000000001318AAA,01t000000000029AAA,2160,224.2,0.1079,200.01,484272,432021.6,153.08,330652.8,101368.8,0.234638,false,USD
00k000000003979AAA,006000000001319AAA,01t000000000048AAA,3100,395.31,0.0696,367.8,1225461,1140180,264.11,818741,321439,0.28192,false,USD
00k000000003980AAA,006000000001319AAA,01t000000000063AAA,3000,462.57,0.1141,409.79,1387710,1229370,264.31,792930,436440,0.355011,false,USD
00k000000003981AAA,006000000001320AAA,01t000000000015AAA,337,314.32,0.0167,309.07,105925.84,104156.59,168.05,56632.85,47523.74,0.456272,false,USD
00k000000003982AAA,006000000001320AAA,01t000000000008AAA,525,266.87,0.0449,254.89,140106.75,133817.25,179.17,94064.25,39753,0.297069,false,USD
00k000000003983AAA,006000000001321AAA,01t000000000009AAA,149,336.2,0.0442,321.34,50093.8,47879.66,203.75,30358.75,17520.91,0.365936,false,USD
00k000000003984AAA,006000000001321AAA,01t000000000007AAA,286,196.81,0.0655,183.92,56287.66,52601.12,120.99,34603.14,17997.98,0.34216,false,USD
00k000000003985AAA,006000000001321AAA,01t000000000056AAA,339,197.43,0.0982,178.04,66928.77,60355.56,130.96,44395.44,15960.12,0.264435,false,USD
00k000000003986AAA,006000000001321AAA,01t000000000042AAA,214,277.54,0.0641,259.75,59393.56,55586.5,174.39,37319.46,18267.04,0.328624,false,USD
00k000000003987AAA,006000000001322AAA,01t000000000056AAA,241,210.07,0.0654,196.33,50626.87,47315.53,130.96,31561.36,15754.17,0.33296,false,USD
00k000000003988AAA,006000000001322AAA,01t000000000060AAA,189,244.07,0.0362,235.23,46129.23,44458.47,164.46,31082.94,13375.53,0.300854,false,USD
00k000000003989AAA,006000000001323AAA,01t000000000030AAA,954,154.83,0.0555,146.24,147707.82,139512.96,108.56,103566.24,35946.72,0.257659,false,USD
00k000000003990AAA,006000000001323AAA,01t000000000055AAA,331,245.65,0.0368,236.61,81310.15,78317.91,130.02,43036.62,35281.29,0.450488,false,USD
00k000000003991AAA,006000000001323AAA,01t000000000043AAA,552,220.6,0.0773,203.55,121771.2,112359.6,128.91,71158.32,41201.28,0.366691,false,USD
00k000000003992AAA,006000000001324AAA,01t000000000041AAA,1089,277.01,0.0607,260.2,301663.89,283357.8,152.9,166508.1,116849.7,0.412375,false,USD
00k000000003993AAA,006000000001324AAA,01t000000000059AAA,2532,215.13,0.1009,193.42,544709.16,489739.44,136.27,345035.64,144703.8,0.295471,false,USD
00k000000003994AAA,006000000001324AAA,01t000000000044AAA,963,414.65,0.0467,395.29,399307.95,380664.27,243.46,234451.98,146212.29,0.384098,false,USD
00k000000003995AAA,006000000001325AAA,01t000000000009AAA,3481,335.73,0.0528,318,1168676.13,1106958,203.75,709253.75,397704.25,0.359277,false,USD
00k000000003996AAA,006000000001326AAA,01t000000000061AAA,1494,205.4,0.0851,187.92,306867.6,280752.48,138.34,206679.96,74072.52,0.263836,false,USD
00k000000003997AAA,006000000001326AAA,01t000000000047AAA,982,320.87,0.0226,313.62,315094.34,307974.84,213.19,209352.58,98622.26,0.320228,false,USD
00k000000003998AAA,006000000001326AAA,01t000000000069AAA,1055,340.12,0.1034,304.95,358826.6,321722.25,218.13,230127.15,91595.1,0.284702,false,USD
00k000000003999AAA,006000000001326AAA,01t000000000068AAA,1006,447.45,0.0691,416.53,450134.7,419029.18,303.4,305220.4,113808.78,0.271601,false,USD
00k000000004000AAA,006000000001326AAA,01t000000000034AAA,1462,234.51,0.043,224.43,342853.62,328116.66,148.57,217209.34,110907.32,0.338012,false,USD
00k000000004001AAA,006000000001327AAA,01t000000000020AAA,138,384.48,0.074,356.03,53058.24,49132.14,218.34,30130.92,19001.22,0.386737,false,USD
00k000000004002AAA,006000000001327AAA,01t000000000013AAA,126,326.89,0.1093,291.16,41188.14,36686.16,195.82,24673.32,12012.84,0.327449,false,USD
00k000000004003AAA,006000000001327AAA,01t000000000012AAA,86,402.09,0.0546,380.14,34579.74,32692.04,249.67,21471.62,11220.42,0.343216,false,USD
00k000000004004AAA,006000000001327AAA,01t000000000027AAA,103,394.13,0.1086,351.33,40595.39,36186.99,251.82,25937.46,10249.53,0.283238,false,USD
00k000000004005AAA,006000000001328AAA,01t000000000046AAA,2085,83.31,0.0247,81.25,173701.35,169406.25,51.56,107502.6,61903.65,0.365415,false,USD
00k000000004006AAA,006000000001328AAA,01t000000000009AAA,588,341.08,0.0377,328.22,200555.04,192993.36,197.64,116212.32,76781.04,0.397843,false,USD
00k000000004007AAA,006000000001328AAA,01t000000000033AAA,314,396.62,0.0633,371.51,124538.68,116654.14,271.74,85326.36,31327.78,0.268553,false,USD
00k000000004008AAA,006000000001328AAA,01t000000000015AAA,562,318.28,0.0692,296.26,178873.36,166498.12,163.01,91611.62,74886.5,0.449774,false,USD
00k000000004009AAA,006000000001329AAA,01t000000000003AAA,2425,204.92,0.0442,195.86,496931,474960.5,121.74,295219.5,179741,0.378434,false,USD
00k000000004010AAA,006000000001329AAA,01t000000000026AAA,1679,299.74,0.0624,281.04,503263.46,471866.16,192.32,322905.28,148960.88,0.315685,false,USD
00k000000004011AAA,006000000001329AAA,01t000000000039AAA,3999,120.62,0.0664,112.61,482359.38,450327.39,73.35,293326.65,157000.74,0.348637,false,USD
00k000000004012AAA,006000000001330AAA,01t000000000049AAA,709,365.63,0.0852,334.48,259231.67,237146.32,244.93,173655.37,63490.95,0.267729,false,USD
00k000000004013AAA,006000000001330AAA,01t000000000035AAA,699,399.64,0.0753,369.55,279348.36,258315.45,237.75,166187.25,92128.2,0.35665,false,USD
00k000000004014AAA,006000000001330AAA,01t000000000065AAA,564,338.2,0.0592,318.18,190744.8,179453.52,228.94,129122.16,50331.36,0.28047,false,USD
00k000000004015AAA,006000000001331AAA,01t000000000041AAA,959,269.81,0.0735,249.98,258747.79,239730.82,152.9,146631.1,93099.72,0.388351,false,USD
00k000000004016AAA,006000000001331AAA,01t000000000024AAA,886,336.26,0.0832,308.28,297926.36,273136.08,221.7,196426.2,76709.88,0.280849,false,USD
00k000000004017AAA,006000000001332AAA,01t000000000042AAA,214,276.77,0.0761,255.71,59228.78,54721.94,174.39,37319.46,17402.48,0.318017,false,USD
00k000000004018AAA,006000000001332AAA,01t000000000061AAA,417,210.04,0.0382,202.02,87586.68,84242.34,138.34,57687.78,26554.56,0.315216,false,USD
00k000000004019AAA,006000000001333AAA,01t000000000060AAA,1065,249.63,0.0881,227.64,265855.95,242436.6,164.46,175149.9,67286.7,0.277543,false,USD
00k000000004020AAA,006000000001333AAA,01t000000000061AAA,1958,198.06,0.1242,173.46,387801.48,339634.68,138.34,270869.72,68764.96,0.202467,false,USD
00k000000004021AAA,006000000001333AAA,01t000000000054AAA,3142,130.55,0.0839,119.6,410188.1,375783.2,80.43,252711.06,123072.14,0.327508,false,USD
00k000000004022AAA,006000000001334AAA,01t000000000031AAA,1216,375.28,0.0785,345.82,456340.48,420517.12,237.31,288568.96,131948.16,0.313776,false,USD
00k000000004023AAA,006000000001334AAA,01t000000000028AAA,2703,195.68,0.0881,178.44,528923.04,482323.32,110.67,299141.01,183182.31,0.379792,false,USD
00k000000004024AAA,006000000001335AAA,01t000000000067AAA,1386,211.4,0.0282,205.44,293000.4,284739.84,130.51,180886.86,103852.98,0.364729,false,USD
00k000000004025AAA,006000000001335AAA,01t000000000047AAA,1314,333.05,0.0841,305.04,437627.7,400822.56,213.19,280131.66,120690.9,0.301108,false,USD
00k000000004026AAA,006000000001336AAA,01t000000000012AAA,439,414.83,0.0832,380.32,182110.37,166960.48,249.67,109605.13,57355.35,0.343527,false,USD
00k000000004027AAA,006000000001336AAA,01t000000000009AAA,381,329.55,0.0298,319.73,125558.55,121817.13,203.75,77628.75,44188.38,0.362744,false,USD
00k000000004028AAA,006000000001336AAA,01t000000000005AAA,442,373.73,0.0673,348.58,165188.66,154072.36,272.07,120254.94,33817.42,0.219491,false,USD
00k000000004029AAA,006000000001337AAA,01t000000000049AAA,277,368.28,0.0623,345.34,102013.56,95659.18,244.93,67845.61,27813.57,0.290757,false,USD
00k000000004030AAA,006000000001337AAA,01t000000000017AAA,286,191.03,0.1102,169.98,54634.58,48614.28,126.45,36164.7,12449.58,0.256089,false,USD
00k000000004031AAA,006000000001337AAA,01t000000000013AAA,298,327.82,0.0912,297.92,97690.36,88780.16,195.82,58354.36,30425.8,0.342709,false,USD
00k000000004032AAA,006000000001337AAA,01t000000000047AAA,312,316.78,0.0715,294.13,98835.36,91768.56,213.19,66515.28,25253.28,0.275184,false,USD
00k000000004033AAA,006000000001338AAA,01t000000000006AAA,289,455.05,0.0468,433.75,131509.45,125353.75,301.3,87075.7,38278.05,0.30536,false,USD
00k000000004034AAA,006000000001338AAA,01t000000000027AAA,510,416.62,0.0972,376.12,212476.2,191821.2,251.82,128428.2,63393,0.33048,false,USD
00k000000004035AAA,006000000001339AAA,01t000000000007AAA,1666,191.93,0.0671,179.05,319755.38,298297.3,120.99,201569.34,96727.96,0.324267,false,USD
00k000000004036AAA,006000000001340AAA,01t000000000057AAA,875,129.48,0.0819,118.88,113295,104020,72.85,63743.75,40276.25,0.387197,false,USD
00k000000004037AAA,006000000001341AAA,01t000000000016AAA,3315,357.38,0.0941,323.75,1184714.7,1073231.25,212.59,704735.85,368495.4,0.343351,false,USD
00k000000004038AAA,006000000001341AAA,01t000000000011AAA,3022,295.91,0.0466,282.12,894240.02,852566.64,204.74,618724.28,233842.36,0.27428,false,USD
00k000000004039AAA,006000000001341AAA,01t000000000056AAA,4997,202.18,0.0933,183.32,1010293.46,916050.04,130.96,654407.12,261642.92,0.285621,false,USD
00k000000004040AAA,006000000001342AAA,01t000000000053AAA,388,237.92,0.0598,223.69,92312.96,86791.72,158.05,61323.4,25468.32,0.293442,false,USD
00k000000004041AAA,006000000001342AAA,01t000000000027AAA,333,399.7,0.0489,380.15,133100.1,126589.95,251.82,83856.06,42733.89,0.337577,false,USD
00k000000004042AAA,006000000001342AAA,01t000000000015AAA,246,304.57,0.1137,269.94,74924.22,66405.24,168.05,41340.3,25064.94,0.377454,false,USD
00k000000004043AAA,006000000001342AAA,01t000000000011AAA,225,311.19,0.0615,292.05,70017.75,65711.25,204.74,46066.5,19644.75,0.298956,false,USD
00k000000004044AAA,006000000001343AAA,01t000000000023AAA,573,341.81,0.0931,309.99,195857.13,177624.27,222.39,127429.47,50194.8,0.28259,false,USD
00k000000004045AAA,006000000001344AAA,01t000000000024AAA,1861,317.35,0.0435,303.55,590588.35,564906.55,221.7,412583.7,152322.85,0.269643,false,USD
00k000000004046AAA,006000000001344AAA,01t000000000037AAA,994,357.46,0.0905,325.11,355315.24,323159.34,244.43,242963.42,80195.92,0.248162,false,USD
00k000000004047AAA,006000000001345AAA,01t000000000003AAA,558,199.84,0.0599,187.87,111510.72,104831.46,125.5,70029,34802.46,0.331985,false,USD
00k000000004048AAA,006000000001345AAA,01t000000000052AAA,692,103.77,0.0741,96.08,71808.84,66487.36,62.85,43492.2,22995.16,0.345858,false,USD
00k000000004049AAA,006000000001345AAA,01t000000000019AAA,355,359.36,0.0622,337.01,127572.8,119638.55,228.88,81252.4,38386.15,0.320851,false,USD
00k000000004050AAA,006000000001346AAA,01t000000000001AAA,351,329.73,0.0523,312.49,115735.23,109683.99,209.3,73464.3,36219.69,0.330219,false,USD
00k000000004051AAA,006000000001346AAA,01t000000000047AAA,229,313.71,0.0977,283.06,71839.59,64820.74,213.19,48820.51,16000.23,0.246838,false,USD
00k000000004052AAA,006000000001346AAA,01t000000000014AAA,927,120.47,0.0881,109.86,111675.69,101840.22,81.05,75133.35,26706.87,0.262243,false,USD
00k000000004053AAA,006000000001347AAA,01t000000000013AAA,1817,323.15,0.0907,293.84,587163.55,533907.28,195.82,355804.94,178102.34,0.333583,false,USD
00k000000004054AAA,006000000001347AAA,01t000000000052AAA,4992,103.85,0.0878,94.73,518419.2,472892.16,62.85,313747.2,159144.96,0.336535,false,USD
00k000000004055AAA,006000000001348AAA,01t000000000004AAA,937,397.45,0.055,375.59,372410.65,351927.83,267.02,250197.74,101730.09,0.289065,false,USD
00k000000004056AAA,006000000001348AAA,01t000000000018AAA,2644,149.98,0.1093,133.59,396547.12,353211.96,92.07,243433.08,109778.88,0.310802,false,USD
00k000000004057AAA,006000000001349AAA,01t000000000070AAA,1722,592.24,0.0165,582.47,1019837.28,1003013.34,339.31,584291.82,418721.52,0.417464,false,USD
00k000000004058AAA,006000000001350AAA,01t000000000025AAA,11269,74.22,0.0478,70.67,836385.18,796380.23,51.29,577987.01,218393.22,0.274232,false,USD
00k000000004059AAA,006000000001351AAA,01t000000000042AAA,1075,264.97,0.0177,260.28,284842.75,279801,174.39,187469.25,92331.75,0.329991,false,USD
00k000000004060AAA,006000000001351AAA,01t000000000025AAA,3804,72.99,0.0743,67.57,277653.96,257036.28,51.29,195107.16,61929.12,0.240935,false,USD
00k000000004061AAA,006000000001351AAA,01t000000000028AAA,2479,198.65,0.0921,180.35,492453.35,447087.65,110.67,274350.93,172736.72,0.38636,false,USD
00k000000004062AAA,006000000001352AAA,01t000000000040AAA,779,231.66,0.0753,214.22,180463.14,166877.38,142.61,111093.19,55784.19,0.334283,false,USD
00k000000004063AAA,006000000001352AAA,01t000000000001AAA,597,326.43,0.0265,317.78,194878.71,189714.66,209.3,124952.1,64762.56,0.341368,false,USD
00k000000004064AAA,006000000001352AAA,01t000000000011AAA,643,311.73,0.0242,304.19,200442.39,195594.17,204.74,131647.82,63946.35,0.326934,false,USD
00k000000004065AAA,006000000001353AAA,01t000000000037AAA,355,366.55,0.0679,341.66,130125.25,121289.3,244.43,86772.65,34516.65,0.284581,false,USD
00k000000004066AAA,006000000001353AAA,01t000000000059AAA,494,211.9,0.0227,207.09,104678.6,102302.46,136.27,67317.38,34985.08,0.341977,false,USD
00k000000004067AAA,006000000001353AAA,01t000000000025AAA,2364,70.65,0.0404,67.8,167016.6,160279.2,51.29,121249.56,39029.64,0.24351,false,USD
00k000000004068AAA,006000000001354AAA,01t000000000035AAA,792,395.71,0.0443,378.18,313402.32,299518.56,230.62,182651.04,116867.52,0.390185,false,USD
00k000000004069AAA,006000000001354AAA,01t000000000025AAA,3308,72.1,0.0475,68.68,238506.8,227193.44,49.75,164573,62620.44,0.275626,false,USD
00k000000004070AAA,006000000001354AAA,01t000000000003AAA,840,200.9,0.0497,190.92,168756,160372.8,121.74,102261.6,58111.2,0.362351,false,USD
00k000000004071AAA,006000000001354AAA,01t000000000057AAA,1737,122.95,0.0664,114.79,213564.15,199390.23,70.66,122736.42,76653.81,0.384441,false,USD
00k000000004072AAA,006000000001355AAA,01t000000000032AAA,990,333.82,0.0749,308.82,330481.8,305731.8,199.36,197366.4,108365.4,0.354446,false,USD
00k000000004073AAA,006000000001355AAA,01t000000000074AAA,931,346.05,0.1093,308.23,322172.55,286962.13,224.7,209195.7,77766.43,0.270999,false,USD
00k000000004074AAA,006000000001355AAA,01t000000000061AAA,1516,203.64,0.0545,192.54,308718.24,291890.64,138.34,209723.44,82167.2,0.2815,false,USD
00k000000004075AAA,006000000001356AAA,01t000000000037AAA,287,384.71,0.0383,369.98,110411.77,106184.26,237.1,68047.7,38136.56,0.359155,false,USD
00k000000004076AAA,006000000001356AAA,01t000000000062AAA,999,198.58,0.059,186.86,198381.42,186673.14,117.42,117302.58,69370.56,0.371615,false,USD
00k000000004077AAA,006000000001356AAA,01t000000000013AAA,471,326.31,0.0521,309.31,153692.01,145685.01,189.95,89466.45,56218.56,0.385891,false,USD
00k000000004078AAA,006000000001356AAA,01t000000000043AAA,754,225.45,0.0645,210.91,169989.3,159026.14,125.04,94280.16,64745.98,0.40714,false,USD
00k000000004079AAA,006000000001357AAA,01t000000000048AAA,290,409.41,0.0653,382.68,118728.9,110977.2,256.19,74295.1,36682.1,0.330537,false,USD
00k000000004080AAA,006000000001357AAA,01t000000000075AAA,192,590.98,0.0368,569.23,113468.16,109292.16,345.76,66385.92,42906.24,0.392583,false,USD
00k000000004081AAA,006000000001357AAA,01t000000000037AAA,223,369.82,0.0539,349.89,82469.86,78025.47,237.1,52873.3,25152.17,0.322358,false,USD
00k000000004082AAA,006000000001357AAA,01t000000000056AAA,432,201.04,0.023,196.42,86849.28,84853.44,127.03,54876.96,29976.48,0.353274,false,USD
00k000000004083AAA,006000000001357AAA,01t000000000015AAA,498,306.82,0.0762,283.44,152796.36,141153.12,163.01,81178.98,59974.14,0.424887,false,USD
00k000000004084AAA,006000000001358AAA,01t000000000058AAA,797,241.11,0.1011,216.73,192164.67,172733.81,167.27,133314.19,39419.62,0.22821,false,USD
00k000000004085AAA,006000000001358AAA,01t000000000047AAA,455,308.39,0.0778,284.4,140317.45,129402,213.19,97001.45,32400.55,0.250387,false,USD
00k000000004086AAA,006000000001358AAA,01t000000000050AAA,1673,79.32,0.0913,72.08,132702.36,120589.84,51.06,85423.38,35166.46,0.29162,false,USD
00k000000004087AAA,006000000001359AAA,01t000000000017AAA,1125,193.87,0.0902,176.38,218103.75,198427.5,126.45,142256.25,56171.25,0.283082,false,USD
00k000000004088AAA,006000000001359AAA,01t000000000033AAA,462,408.53,0.0654,381.81,188740.86,176396.22,280.14,129424.68,46971.54,0.266284,false,USD
00k000000004089AAA,006000000001360AAA,01t000000000024AAA,3644,321.44,0.0335,310.67,1171327.36,1132081.48,221.7,807874.8,324206.68,0.286381,false,USD
00k000000004090AAA,006000000001360AAA,01t000000000030AAA,5850,159.12,0.0502,151.13,930852,884110.5,108.56,635076,249034.5,0.281678,false,USD
00k000000004091AAA,006000000001360AAA,01t000000000071AAA,2747,446.98,0.1473,381.14,1227854.06,1046991.58,299.11,821655.17,225336.41,0.215223,false,USD
00k000000004092AAA,006000000001360AAA,01t000000000013AAA,2825,316.94,0.0666,295.83,895355.5,835719.75,195.82,553191.5,282528.25,0.338066,false,USD
00k000000004093AAA,006000000001361AAA,01t000000000008AAA,756,262.93,0.0677,245.13,198775.08,185318.28,179.17,135452.52,49865.76,0.269082,false,USD
00k000000004094AAA,006000000001361AAA,01t000000000018AAA,2278,150.04,0.0865,137.06,341791.12,312222.68,92.07,209735.46,102487.22,0.32825,false,USD
00k000000004095AAA,006000000001361AAA,01t000000000041AAA,686,253.6,0.0595,238.51,173969.6,163617.86,152.9,104889.4,58728.46,0.358937,false,USD
00k000000004096AAA,006000000001362AAA,01t000000000024AAA,249,339.66,0.0672,316.83,84575.34,78890.67,221.7,55203.3,23687.37,0.300256,false,USD
00k000000004097AAA,006000000001362AAA,01t000000000056AAA,245,198.08,0.0994,178.39,48529.6,43705.55,130.96,32085.2,11620.35,0.265878,false,USD
00k000000004098AAA,006000000001362AAA,01t000000000045AAA,820,105.86,0.0942,95.89,86805.2,78629.8,59.87,49093.4,29536.4,0.375639,false,USD
00k000000004099AAA,006000000001363AAA,01t000000000004AAA,1174,389.58,0.0452,371.97,457366.92,436692.78,267.02,313481.48,123211.3,0.282146,false,USD
00k000000004100AAA,006000000001363AAA,01t000000000068AAA,648,432.91,0.0897,394.08,280525.68,255363.84,303.4,196603.2,58760.64,0.230106,false,USD
00k000000004101AAA,006000000001363AAA,01t000000000069AAA,985,337.48,0.0722,313.11,332417.8,308413.35,218.13,214858.05,93555.3,0.303344,false,USD
00k000000004102AAA,006000000001364AAA,01t000000000052AAA,2377,110.42,0.0689,102.81,262468.34,244379.37,62.85,149394.45,94984.92,0.388678,false,USD
00k000000004103AAA,006000000001364AAA,01t000000000057AAA,1768,122.08,0.0475,116.28,215837.44,205583.04,72.85,128798.8,76784.24,0.373495,false,USD
00k000000004104AAA,006000000001365AAA,01t000000000068AAA,505,441.19,0.0734,408.81,222800.95,206449.05,294.3,148621.5,57827.55,0.280106,false,USD
00k000000004105AAA,006000000001365AAA,01t000000000048AAA,847,401.14,0.0281,389.87,339765.58,330219.89,256.19,216992.93,113226.96,0.342884,false,USD
00k000000004106AAA,006000000001365AAA,01t000000000058AAA,1304,246.06,0.0846,225.24,320862.24,293712.96,162.25,211574,82138.96,0.279657,false,USD
00k000000004107AAA,006000000001366AAA,01t000000000026AAA,178,278.13,0.084,254.77,49507.14,45349.06,198.27,35292.06,10057,0.221769,false,USD
00k000000004108AAA,006000000001366AAA,01t000000000001AAA,192,327.4,0.0765,302.35,62860.8,58051.2,209.3,40185.6,17865.6,0.307756,false,USD
00k000000004109AAA,006000000001366AAA,01t000000000023AAA,272,333.45,0.0474,317.64,90698.4,86398.08,222.39,60490.08,25908,0.299868,false,USD
00k000000004110AAA,006000000001366AAA,01t000000000024AAA,169,321.61,0.1083,286.78,54352.09,48465.82,221.7,37467.3,10998.52,0.226934,false,USD
00k000000004111AAA,006000000001367AAA,01t000000000061AAA,1248,213.64,0.0902,194.37,266622.72,242573.76,138.34,172648.32,69925.44,0.288265,false,USD
00k000000004112AAA,006000000001367AAA,01t000000000047AAA,512,308.43,0.0726,286.04,157916.16,146452.48,213.19,109153.28,37299.2,0.254685,false,USD
00k000000004113AAA,006000000001367AAA,01t000000000026AAA,867,307.67,0.1011,276.56,266749.89,239777.52,198.27,171900.09,67877.43,0.283085,false,USD
00k000000004114AAA,006000000001367AAA,01t000000000017AAA,1275,188.57,0.0207,184.67,240426.75,235454.25,126.45,161223.75,74230.5,0.315265,false,USD
00k000000004115AAA,006000000001368AAA,01t000000000018AAA,5065,148.44,0.0645,138.87,751848.6,703376.55,92.07,466334.55,237042,0.337006,false,USD
00k000000004116AAA,006000000001369AAA,01t000000000043AAA,3808,227.87,0.0847,208.57,867728.96,794234.56,128.91,490889.28,303345.28,0.381934,false,USD
00k000000004117AAA,006000000001369AAA,01t000000000037AAA,1681,373.86,0.0858,341.78,628458.66,574532.18,244.43,410886.83,163645.35,0.284832,false,USD
00k000000004118AAA,006000000001369AAA,01t000000000050AAA,8028,80.48,0.1188,70.92,646093.44,569345.76,51.06,409909.68,159436.08,0.280034,false,USD
00k000000004119AAA,006000000001370AAA,01t000000000013AAA,950,324.79,0.0476,309.33,308550.5,293863.5,195.82,186029,107834.5,0.366954,false,USD
00k000000004120AAA,006000000001370AAA,01t000000000047AAA,971,318.06,0.0605,298.82,308836.26,290154.22,213.19,207007.49,83146.73,0.28656,false,USD
00k000000004121AAA,006000000001370AAA,01t000000000037AAA,490,382.39,0.0206,374.51,187371.1,183509.9,244.43,119770.7,63739.2,0.347334,false,USD
00k000000004122AAA,006000000001371AAA,01t000000000070AAA,162,575.67,0.0887,524.61,93258.54,84986.82,339.31,54968.22,30018.6,0.353215,false,USD
00k000000004123AAA,006000000001371AAA,01t000000000055AAA,602,233.88,0.0697,217.58,140795.76,130983.16,130.02,78272.04,52711.12,0.402427,false,USD
00k000000004124AAA,006000000001371AAA,01t000000000069AAA,269,356.53,0.0917,323.84,95906.57,87112.96,218.13,58676.97,28435.99,0.326427,false,USD
00k000000004125AAA,006000000001372AAA,01t000000000060AAA,2032,247.74,0.1165,218.88,503407.68,444764.16,164.46,334182.72,110581.44,0.248629,false,USD
00k000000004126AAA,006000000001372AAA,01t000000000029AAA,1495,224.42,0.0585,211.29,335507.9,315878.55,153.08,228854.6,87023.95,0.275498,false,USD
00k000000004127AAA,006000000001373AAA,01t000000000038AAA,3010,208.3,0.0646,194.84,626983,586468.4,127.14,382691.4,203777,0.347465,false,USD
00k000000004128AAA,006000000001374AAA,01t000000000006AAA,847,462.61,0.1018,415.52,391830.67,351945.44,301.3,255201.1,96744.34,0.274884,false,USD
00k000000004129AAA,006000000001374AAA,01t000000000057AAA,3098,126.19,0.0862,115.31,390936.62,357230.38,72.85,225689.3,131541.08,0.368225,false,USD
00k000000004130AAA,006000000001374AAA,01t000000000002AAA,3184,169.37,0.0602,159.17,539274.08,506797.28,113.8,362339.2,144458.08,0.285041,false,USD
00k000000004131AAA,006000000001375AAA,01t000000000049AAA,583,367.21,0.1096,326.96,214083.43,190617.68,244.93,142794.19,47823.49,0.250887,false,USD
00k000000004132AAA,006000000001375AAA,01t000000000062AAA,697,199.21,0.084,182.48,138849.37,127188.56,121.05,84371.85,42816.71,0.33664,false,USD
00k000000004133AAA,006000000001375AAA,01t000000000022AAA,743,354.11,0.0886,322.74,263103.73,239795.82,241.05,179100.15,60695.67,0.253114,false,USD
00k000000004134AAA,006000000001375AAA,01t000000000041AAA,715,278.04,0.0441,265.78,198798.6,190032.7,152.9,109323.5,80709.2,0.424712,false,USD
00k000000004135AAA,006000000001376AAA,01t000000000017AAA,3162,190.35,0.0836,174.44,601886.7,551579.28,126.45,399834.9,151744.38,0.275109,false,USD
00k000000004136AAA,006000000001377AAA,01t000000000031AAA,502,371.8,0.0205,364.18,186643.6,182818.36,237.31,119129.62,63688.74,0.348372,false,USD
00k000000004137AAA,006000000001377AAA,01t000000000057AAA,1998,127.17,0.0688,118.42,254085.66,236603.16,72.85,145554.3,91048.86,0.384817,false,USD
00k000000004138AAA,006000000001377AAA,01t000000000040AAA,645,228.72,0.0891,208.34,147524.4,134379.3,142.61,91983.45,42395.85,0.315494,false,USD
00k000000004139AAA,006000000001377AAA,01t000000000017AAA,966,183.42,0.067,171.13,177183.72,165311.58,126.45,122150.7,43160.88,0.261088,false,USD
00k000000004140AAA,006000000001378AAA,01t000000000016AAA,477,345.47,0.0439,330.3,164789.19,157553.1,212.59,101405.43,56147.67,0.356373,false,USD
00k000000004141AAA,006000000001378AAA,01t000000000010AAA,257,438.54,0.1006,394.42,112704.78,101365.94,280.72,72145.04,29220.9,0.288271,false,USD
00k000000004142AAA,006000000001378AAA,01t000000000049AAA,465,366.06,0.0484,348.34,170217.9,161978.1,244.93,113892.45,48085.65,0.296865,false,USD
00k000000004143AAA,006000000001378AAA,01t000000000023AAA,339,332.44,0.046,317.15,112697.16,107513.85,222.39,75390.21,32123.64,0.298786,false,USD
00k000000004144AAA,006000000001379AAA,01t000000000003AAA,463,204.59,0.0427,195.85,94725.17,90678.55,125.5,58106.5,32572.05,0.359203,false,USD
00k000000004145AAA,006000000001379AAA,01t000000000027AAA,256,397.75,0.1024,357.02,101824,91397.12,251.82,64465.92,26931.2,0.294661,false,USD
00k000000004146AAA,006000000001379AAA,01t000000000001AAA,279,326.07,0.0653,304.78,90973.53,85033.62,209.3,58394.7,26638.92,0.313275,false,USD
00k000000004147AAA,006000000001380AAA,01t000000000058AAA,270,234.68,0.0643,219.59,63363.6,59289.3,167.27,45162.9,14126.4,0.238262,false,USD
00k000000004148AAA,006000000001380AAA,01t000000000029AAA,170,225.05,0.06,211.55,38258.5,35963.5,153.08,26023.6,9939.9,0.276389,false,USD
00k000000004149AAA,006000000001381AAA,01t000000000057AAA,1230,126.62,0.0844,115.93,155742.6,142593.9,72.85,89605.5,52988.4,0.371604,false,USD
00k000000004150AAA,006000000001381AAA,01t000000000013AAA,394,324.44,0.0903,295.14,127829.36,116285.16,195.82,77153.08,39132.08,0.336518,false,USD
00k000000004151AAA,006000000001381AAA,01t000000000017AAA,982,187.75,0.0743,173.8,184370.5,170671.6,126.45,124173.9,46497.7,0.27244,false,USD
00k000000004152AAA,006000000001381AAA,01t000000000062AAA,724,198.33,0.1129,175.94,143590.92,127380.56,121.05,87640.2,39740.36,0.311981,false,USD
00k000000004153AAA,006000000001382AAA,01t000000000038AAA,868,212.42,0.0358,204.82,184380.56,177783.76,123.33,107050.44,70733.32,0.397862,false,USD
00k000000004154AAA,006000000001382AAA,01t000000000013AAA,652,345.62,0.0742,319.97,225344.24,208620.44,189.95,123847.4,84773.04,0.406351,false,USD
00k000000004155AAA,006000000001382AAA,01t000000000023AAA,417,345.09,0.0635,323.18,143902.53,134766.06,215.72,89955.24,44810.82,0.332508,false,USD
00k000000004156AAA,006000000001382AAA,01t000000000041AAA,849,277.35,0.0525,262.79,235470.15,223108.71,148.31,125915.19,97193.52,0.435633,false,USD
00k000000004157AAA,006000000001383AAA,01t000000000052AAA,1124,103.32,0.0471,98.45,116131.68,110657.8,62.85,70643.4,40014.4,0.361605,false,USD
00k000000004158AAA,006000000001383AAA,01t000000000013AAA,252,321.99,0.0872,293.91,81141.48,74065.32,195.82,49346.64,24718.68,0.333742,false,USD
00k000000004159AAA,006000000001383AAA,01t000000000015AAA,379,307.83,0.0451,293.95,116667.57,111407.05,168.05,63690.95,47716.1,0.428304,false,USD
00k000000004160AAA,006000000001384AAA,01t000000000049AAA,648,361.71,0.0472,344.64,234388.08,223326.72,237.58,153951.84,69374.88,0.310643,false,USD
00k000000004161AAA,006000000001384AAA,01t000000000001AAA,972,338.45,0.0549,319.87,328973.4,310913.64,203.02,197335.44,113578.2,0.365305,false,USD
00k000000004162AAA,006000000001384AAA,01t000000000052AAA,3751,102.11,0.0414,97.88,383014.61,367147.88,60.96,228660.96,138486.92,0.377197,false,USD
00k000000004163AAA,006000000001384AAA,01t000000000025AAA,5630,73.54,0.0653,68.74,414030.2,387006.2,49.75,280092.5,106913.7,0.276258,false,USD
00k000000004164AAA,006000000001385AAA,01t000000000009AAA,2969,332.45,0.0517,315.26,987044.05,936006.94,203.75,604933.75,331073.19,0.353708,false,USD
00k000000004165AAA,006000000001386AAA,01t000000000012AAA,886,397.55,0.0139,392.02,352229.3,347329.72,249.67,221207.62,126122.1,0.363119,false,USD
00k000000004166AAA,006000000001387AAA,01t000000000069AAA,379,349.93,0.0851,320.15,132623.47,121336.85,218.13,82671.27,38665.58,0.318663,false,USD
00k000000004167AAA,006000000001387AAA,01t000000000013AAA,228,313.91,0.0481,298.81,71571.48,68128.68,195.82,44646.96,23481.72,0.344667,false,USD
00k000000004168AAA,006000000001387AAA,01t000000000047AAA,320,316.02,0.081,290.42,101126.4,92934.4,213.19,68220.8,24713.6,0.265925,false,USD
00k000000004169AAA,006000000001387AAA,01t000000000073AAA,598,210.7,0.0558,198.94,125998.6,118966.12,136.74,81770.52,37195.6,0.312657,false,USD
00k000000004170AAA,006000000001388AAA,01t000000000028AAA,7039,197.92,0.0685,184.36,1393158.88,1297710.04,110.67,779006.13,518703.91,0.399707,false,USD
00k000000004171AAA,006000000001388AAA,01t000000000071AAA,3156,465.63,0.1058,416.37,1469528.28,1314063.72,299.11,943991.16,370072.56,0.281625,false,USD
00k000000004172AAA,006000000001389AAA,01t000000000013AAA,637,331.03,0.0489,314.84,210866.11,200553.08,195.82,124737.34,75815.74,0.378033,false,USD
00k000000004173AAA,006000000001389AAA,01t000000000066AAA,532,432.14,0.0501,410.49,229898.48,218380.68,251.52,133808.64,84572.04,0.387269,false,USD
00k000000004174AAA,006000000001389AAA,01t000000000025AAA,3850,74.27,0.0913,67.49,285939.5,259836.5,51.29,197466.5,62370,0.240036,false,USD
00k000000004175AAA,006000000001390AAA,01t000000000002AAA,1033,176.13,0.0136,173.73,181942.29,179463.09,113.8,117555.4,61907.69,0.344961,false,USD
00k000000004176AAA,006000000001390AAA,01t000000000006AAA,337,460.28,0.0663,429.76,155114.36,144829.12,301.3,101538.1,43291.02,0.298911,false,USD
00k000000004177AAA,006000000001390AAA,01t000000000031AAA,395,379.14,0.0442,362.38,149760.3,143140.1,237.31,93737.45,49402.65,0.345135,false,USD
00k000000004178AAA,006000000001390AAA,01t000000000009AAA,445,341.68,0.0976,308.33,152047.6,137206.85,203.75,90668.75,46538.1,0.339182,false,USD
00k000000004179AAA,006000000001391AAA,01t000000000020AAA,715,390.9,0.0301,379.13,279493.5,271077.95,218.34,156113.1,114964.85,0.424103,false,USD
00k000000004180AAA,006000000001391AAA,01t000000000004AAA,681,395.75,0.1036,354.75,269505.75,241584.75,267.02,181840.62,59744.13,0.247301,false,USD
00k000000004181AAA,006000000001391AAA,01t000000000043AAA,1185,224.61,0.1221,197.19,266162.85,233670.15,128.91,152758.35,80911.8,0.346265,false,USD
00k000000004182AAA,006000000001391AAA,01t000000000028AAA,1216,201.57,0.0824,184.96,245109.12,224911.36,110.67,134574.72,90336.64,0.401654,false,USD
00k000000004183AAA,006000000001392AAA,01t000000000038AAA,7782,217.71,0.0522,206.35,1694219.22,1605815.7,127.14,989403.48,616412.22,0.383862,false,USD
00k000000004184AAA,006000000001393AAA,01t000000000043AAA,2101,218.06,0.1016,195.91,458144.06,411606.91,128.91,270839.91,140767,0.341994,false,USD
00k000000004185AAA,006000000001393AAA,01t000000000061AAA,1899,201.94,0.0808,185.62,383484.06,352492.38,138.34,262707.66,89784.72,0.254714,false,USD
00k000000004186AAA,006000000001394AAA,01t000000000069AAA,634,344.84,0.0963,311.63,218628.56,197573.42,218.13,138294.42,59279,0.300035,false,USD
00k000000004187AAA,006000000001394AAA,01t000000000021AAA,613,331.9,0.0469,316.33,203454.7,193910.29,239.32,146703.16,47207.13,0.243448,false,USD
00k000000004188AAA,006000000001394AAA,01t000000000066AAA,511,441.13,0.0665,411.79,225417.43,210424.69,251.52,128526.72,81897.97,0.389203,false,USD
00k000000004189AAA,006000000001394AAA,01t000000000009AAA,412,346.53,0.1,311.88,142770.36,128494.56,203.75,83945,44549.56,0.346704,false,USD
00k000000004190AAA,006000000001394AAA,01t000000000019AAA,560,345.12,0.0131,340.6,193267.2,190736,228.88,128172.8,62563.2,0.328009,false,USD
00k000000004191AAA,006000000001395AAA,01t000000000053AAA,514,244.45,0.1,220.01,125647.3,113085.14,158.05,81237.7,31847.44,0.281624,false,USD
00k000000004192AAA,006000000001395AAA,01t000000000070AAA,179,588.23,0.0375,566.17,105293.17,101344.43,339.31,60736.49,40607.94,0.400692,false,USD
00k000000004193AAA,006000000001395AAA,01t000000000004AAA,389,408.12,0.0627,382.53,158758.68,148804.17,267.02,103870.78,44933.39,0.301963,false,USD
00k000000004194AAA,006000000001395AAA,01t000000000073AAA,1004,209.55,0.095,189.64,210388.2,190398.56,136.74,137286.96,53111.6,0.27895,false,USD
00k000000004195AAA,006000000001396AAA,01t000000000029AAA,361,231.57,0.0274,225.22,83596.77,81304.42,153.08,55261.88,26042.54,0.320309,false,USD
00k000000004196AAA,006000000001396AAA,01t000000000063AAA,235,446.15,0.1003,401.4,104845.25,94329,264.31,62112.85,32216.15,0.34153,false,USD
00k000000004197AAA,006000000001396AAA,01t000000000071AAA,235,443.45,0.0724,411.34,104210.75,96664.9,299.11,70290.85,26374.05,0.27284,false,USD
00k000000004198AAA,006000000001397AAA,01t000000000023AAA,553,333.92,0.0831,306.17,184657.76,169312.01,222.39,122981.67,46330.34,0.273639,false,USD
00k000000004199AAA,006000000001397AAA,01t000000000020AAA,627,369.79,0.0366,356.26,231858.33,223375.02,218.34,136899.18,86475.84,0.387133,false,USD
00k000000004200AAA,006000000001397AAA,01t000000000058AAA,917,234.79,0.0666,219.15,215302.43,200960.55,167.27,153386.59,47573.96,0.236733,false,USD
00k000000004201AAA,006000000001398AAA,01t000000000003AAA,4522,213.51,0.0589,200.93,965492.22,908605.46,125.5,567511,341094.46,0.375404,false,USD
00k000000004202AAA,006000000001399AAA,01t000000000030AAA,1395,161.84,0.1318,140.51,225766.8,196011.45,108.56,151441.2,44570.25,0.227386,false,USD
00k000000004203AAA,006000000001400AAA,01t000000000056AAA,662,208.7,0.0999,187.85,138159.4,124356.7,130.96,86695.52,37661.18,0.302848,false,USD
00k000000004204AAA,006000000001400AAA,01t000000000013AAA,493,327.38,0.0675,305.28,161398.34,150503.04,195.82,96539.26,53963.78,0.358556,false,USD
00k000000004205AAA,006000000001401AAA,01t000000000072AAA,1865,610.15,0.0527,578,1137929.75,1077970,412.18,768715.7,309254.3,0.286886,false,USD
00k000000004206AAA,006000000001402AAA,01t000000000033AAA,8579,426.94,0.088,389.37,3662718.26,3340405.23,280.14,2403321.06,937084.17,0.28053,false,USD
00k000000004207AAA,006000000001403AAA,01t000000000069AAA,1556,354.71,0.0739,328.5,551928.76,511146,218.13,339410.28,171735.72,0.335982,false,USD
00k000000004208AAA,006000000001403AAA,01t000000000070AAA,1012,580.63,0.0923,527.04,587597.56,533364.48,339.31,343381.72,189982.76,0.356197,false,USD
00k000000004209AAA,006000000001403AAA,01t000000000060AAA,1732,252.57,0.0862,230.8,437451.24,399745.6,164.46,284844.72,114900.88,0.287435,false,USD
00k000000004210AAA,006000000001404AAA,01t000000000066AAA,152,427.81,0.0692,398.21,65027.12,60527.92,251.52,38231.04,22296.88,0.368373,false,USD
00k000000004211AAA,006000000001404AAA,01t000000000026AAA,231,293.89,0.0314,284.66,67888.59,65756.46,198.27,45800.37,19956.09,0.303485,false,USD
00k000000004212AAA,006000000001404AAA,01t000000000052AAA,811,106.47,0.0738,98.61,86347.17,79972.71,62.85,50971.35,29001.36,0.362641,false,USD
00k000000004213AAA,006000000001404AAA,01t000000000073AAA,398,213.47,0.0474,203.35,84961.06,80933.3,136.74,54422.52,26510.78,0.327563,false,USD
00k000000004214AAA,006000000001405AAA,01t000000000061AAA,708,201.24,0.0822,184.7,142477.92,130767.6,138.34,97944.72,32822.88,0.251002,false,USD
00k000000004215AAA,006000000001405AAA,01t000000000005AAA,274,376,0.0445,359.27,103024,98439.98,272.07,74547.18,23892.8,0.242714,false,USD
00k000000004216AAA,006000000001405AAA,01t000000000018AAA,1002,155.05,0.0966,140.07,155360.1,140350.14,92.07,92254.14,48096,0.342686,false,USD
00k000000004217AAA,006000000001405AAA,01t000000000012AAA,408,397.36,0.0871,362.75,162122.88,148002,249.67,101865.36,46136.64,0.31173,false,USD
00k000000004218AAA,006000000001406AAA,01t000000000018AAA,2164,157.37,0.0455,150.21,340548.68,325054.44,89.31,193266.84,131787.6,0.405432,false,USD
00k000000004219AAA,006000000001406AAA,01t000000000027AAA,811,420.07,0.0677,391.63,340676.77,317611.93,244.27,198102.97,119508.96,0.376274,false,USD
00k000000004220AAA,006000000001406AAA,01t000000000060AAA,1002,247.35,0.0605,232.39,247844.7,232854.78,159.53,159849.06,73005.72,0.313525,false,USD
00k000000004221AAA,006000000001406AAA,01t000000000047AAA,998,320.83,0.0681,298.98,320188.34,298382.04,206.79,206376.42,92005.62,0.308348,false,USD
00k000000004222AAA,006000000001406AAA,01t000000000012AAA,789,389.64,0.055,368.21,307425.96,290517.69,242.18,191080.02,99437.67,0.342278,false,USD
00k000000004223AAA,006000000001407AAA,01t000000000062AAA,586,209.55,0.0573,197.54,122796.3,115758.44,117.42,68808.12,46950.32,0.405589,false,USD
00k000000004224AAA,006000000001407AAA,01t000000000030AAA,643,164.49,0.0323,159.18,105767.07,102352.74,105.3,67707.9,34644.84,0.338485,false,USD
00k000000004225AAA,006000000001407AAA,01t000000000064AAA,483,230.5,0.059,216.9,111331.5,104762.7,156.64,75657.12,29105.58,0.277824,false,USD
00k000000004226AAA,006000000001407AAA,01t000000000025AAA,1418,74.13,0.0372,71.37,105116.34,101202.66,49.75,70545.5,30657.16,0.302928,false,USD
00k000000004227AAA,006000000001407AAA,01t000000000009AAA,180,341.54,0.0701,317.6,61477.2,57168,197.64,35575.2,21592.8,0.377708,false,USD
00k000000004228AAA,006000000001408AAA,01t000000000035AAA,393,401.62,0.0635,376.12,157836.66,147815.16,237.75,93435.75,54379.41,0.367888,false,USD
00k000000004229AAA,006000000001408AAA,01t000000000024AAA,377,315.17,0.0772,290.84,118819.09,109646.68,221.7,83580.9,26065.78,0.237725,false,USD
00k000000004230AAA,006000000001409AAA,01t000000000001AAA,1522,327.93,0.07,304.97,499109.46,464164.34,209.3,318554.6,145609.74,0.313703,false,USD
00k000000004231AAA,006000000001409AAA,01t000000000006AAA,987,453.1,0.074,419.57,447209.7,414115.59,301.3,297383.1,116732.49,0.281884,false,USD
00k000000004232AAA,006000000001409AAA,01t000000000019AAA,1111,342.51,0.0447,327.2,380528.61,363519.2,228.88,254285.68,109233.52,0.300489,false,USD
00k000000004233AAA,006000000001410AAA,01t000000000004AAA,4584,400.37,0.0542,378.67,1835296.08,1735823.28,267.02,1224019.68,511803.6,0.294848,false,USD
00k000000004234AAA,006000000001410AAA,01t000000000026AAA,4747,293.95,0.0748,271.96,1395380.65,1290994.12,198.27,941187.69,349806.43,0.270959,false,USD
00k000000004235AAA,006000000001411AAA,01t000000000021AAA,1086,334.71,0.0677,312.05,363495.06,338886.3,239.32,259901.52,78984.78,0.233072,false,USD
00k000000004236AAA,006000000001411AAA,01t000000000056AAA,1103,202.12,0.0719,187.59,222938.36,206911.77,130.96,144448.88,62462.89,0.301882,false,USD
00k000000004237AAA,006000000001411AAA,01t000000000023AAA,1107,359.4,0.1174,317.21,397855.8,351151.47,222.39,246185.73,104965.74,0.298919,false,USD
00k000000004238AAA,006000000001412AAA,01t000000000058AAA,1467,249.43,0.0366,240.3,365913.81,352520.1,167.27,245385.09,107135.01,0.303912,false,USD
00k000000004239AAA,006000000001412AAA,01t000000000040AAA,1872,239.66,0.0407,229.91,448643.52,430391.52,142.61,266965.92,163425.6,0.379714,false,USD
00k000000004240AAA,006000000001413AAA,01t000000000038AAA,332,205.01,0.039,197.01,68063.32,65407.32,127.14,42210.48,23196.84,0.354652,false,USD
00k000000004241AAA,006000000001413AAA,01t000000000029AAA,288,218.48,0.0227,213.52,62922.24,61493.76,153.08,44087.04,17406.72,0.283065,false,USD
00k000000004242AAA,006000000001413AAA,01t000000000011AAA,237,308.68,0.0459,294.51,73157.16,69798.87,204.74,48523.38,21275.49,0.304811,false,USD
00k000000004243AAA,006000000001414AAA,01t000000000004AAA,1201,409.62,0.1155,362.31,491953.62,435134.31,267.02,320691.02,114443.29,0.263007,false,USD
00k000000004244AAA,006000000001415AAA,01t000000000046AAA,414,81.02,0.0602,76.14,33542.28,31521.96,51.56,21345.84,10176.12,0.322826,false,USD
00k000000004245AAA,006000000001415AAA,01t000000000002AAA,305,172.68,0.0798,158.9,52667.4,48464.5,110.39,33668.95,14795.55,0.305286,false,USD
00k000000004246AAA,006000000001415AAA,01t000000000056AAA,189,202.03,0.0615,189.61,38183.67,35836.29,127.03,24008.67,11827.62,0.330046,false,USD
00k000000004247AAA,006000000001415AAA,01t000000000031AAA,140,386.82,0.0718,359.05,54154.8,50267,230.19,32226.6,18040.4,0.358892,false,USD
00k000000004248AAA,006000000001416AAA,01t000000000064AAA,1372,239.4,0.1306,208.13,328456.8,285554.36,161.48,221550.56,64003.8,0.224139,false,USD
00k000000004249AAA,006000000001416AAA,01t000000000024AAA,733,329.07,0.0704,305.9,241208.31,224224.7,221.7,162506.1,61718.6,0.275253,false,USD
00k000000004250AAA,006000000001417AAA,01t000000000024AAA,416,335.28,0.054,317.17,139476.48,131942.72,221.7,92227.2,39715.52,0.301006,false,USD
00k000000004251AAA,006000000001417AAA,01t000000000038AAA,468,213.83,0.0587,201.28,100072.44,94199.04,127.14,59501.52,34697.52,0.368343,false,USD
00k000000004252AAA,006000000001417AAA,01t000000000047AAA,510,320.55,0.0901,291.67,163480.5,148751.7,213.19,108726.9,40024.8,0.269071,false,USD
00k000000004253AAA,006000000001418AAA,01t000000000031AAA,525,384.59,0.0627,360.48,201909.75,189252,237.31,124587.75,64664.25,0.341683,false,USD
00k000000004254AAA,006000000001418AAA,01t000000000046AAA,3665,81.4,0.0588,76.61,298331,280775.65,53.15,194794.75,85980.9,0.306226,false,USD
00k000000004255AAA,006000000001418AAA,01t000000000050AAA,3874,77.06,0.0993,69.41,298530.44,268894.34,51.06,197806.44,71087.9,0.264371,false,USD
00k000000004256AAA,006000000001418AAA,01t000000000025AAA,2236,73.25,0.0631,68.63,163787,153456.68,51.29,114684.44,38772.24,0.252659,false,USD
00k000000004257AAA,006000000001419AAA,01t000000000069AAA,1816,338.79,0.0419,324.59,615242.64,589455.44,218.13,396124.08,193331.36,0.327983,false,USD
00k000000004258AAA,006000000001420AAA,01t000000000072AAA,461,613.87,0.0664,573.11,282994.07,264203.71,412.18,190014.98,74188.73,0.280801,false,USD
00k000000004259AAA,006000000001420AAA,01t000000000075AAA,746,628.42,0.0491,597.56,468801.32,445779.76,356.45,265911.7,179868.06,0.403491,false,USD
00k000000004260AAA,006000000001421AAA,01t000000000055AAA,1574,237.95,0.0893,216.7,374533.3,341085.8,130.02,204651.48,136434.32,0.4,false,USD
00k000000004261AAA,006000000001421AAA,01t000000000023AAA,1082,336.23,0.0415,322.28,363800.86,348706.96,222.39,240625.98,108080.98,0.309948,false,USD
00k000000004262AAA,006000000001421AAA,01t000000000058AAA,906,239.43,0.0769,221.02,216923.58,200244.12,167.27,151546.62,48697.5,0.243191,false,USD
00k000000004263AAA,006000000001422AAA,01t000000000020AAA,336,386.64,0.0453,369.13,129911.04,124027.68,218.34,73362.24,50665.44,0.408501,false,USD
00k000000004264AAA,006000000001422AAA,01t000000000014AAA,787,118.22,0.1124,104.93,93039.14,82579.91,81.05,63786.35,18793.56,0.22758,false,USD
00k000000004265AAA,006000000001422AAA,01t000000000002AAA,393,176.89,0.0739,163.82,69517.77,64381.26,113.8,44723.4,19657.86,0.305335,false,USD
00k000000004266AAA,006000000001422AAA,01t000000000033AAA,201,406.02,0.0832,372.24,81610.02,74820.24,280.14,56308.14,18512.1,0.247421,false,USD
00k000000004267AAA,006000000001423AAA,01t000000000060AAA,1176,266.31,0.0371,256.43,313180.56,301561.68,164.46,193404.96,108156.72,0.358655,false,USD
00k000000004268AAA,006000000001423AAA,01t000000000025AAA,3154,73.04,0.068,68.07,230368.16,214692.78,51.29,161768.66,52924.12,0.246511,false,USD
00k000000004269AAA,006000000001423AAA,01t000000000075AAA,637,622.46,0.0838,570.3,396507.02,363281.1,356.45,227058.65,136222.45,0.374978,false,USD
00k000000004270AAA,006000000001423AAA,01t000000000004AAA,646,394.54,0.1105,350.94,254872.84,226707.24,267.02,172494.92,54212.32,0.239129,false,USD
00k000000004271AAA,006000000001424AAA,01t000000000037AAA,301,366.9,0.0739,339.79,110436.9,102276.79,237.1,71367.1,30909.69,0.302216,false,USD
00k000000004272AAA,006000000001424AAA,01t000000000070AAA,185,591.88,0.0431,566.37,109497.8,104778.45,329.13,60889.05,43889.4,0.418878,false,USD
00k000000004273AAA,006000000001424AAA,01t000000000047AAA,207,330.12,0.1008,296.84,68334.84,61445.88,206.79,42805.53,18640.35,0.303362,false,USD
00k000000004274AAA,006000000001424AAA,01t000000000026AAA,358,302.76,0.0499,287.65,108388.08,102978.7,192.32,68850.56,34128.14,0.33141,false,USD
00k000000004275AAA,006000000001425AAA,01t000000000064AAA,3654,232.32,0.1014,208.76,848897.28,762809.04,161.48,590047.92,172761.12,0.22648,false,USD
00k000000004276AAA,006000000001426AAA,01t000000000002AAA,1098,173.92,0.0742,161.02,190964.16,176799.96,110.39,121208.22,55591.74,0.314433,false,USD
00k000000004277AAA,006000000001426AAA,01t000000000057AAA,1276,131.84,0.0613,123.76,168227.84,157917.76,70.66,90162.16,67755.6,0.429056,false,USD
00k000000004278AAA,006000000001426AAA,01t000000000024AAA,577,321.58,0.0656,300.48,185551.66,173376.96,215.05,124083.85,49293.11,0.284312,false,USD
00k000000004279AAA,006000000001426AAA,01t000000000044AAA,415,396.84,0.0484,377.63,164688.6,156716.45,236.16,98006.4,58710.05,0.374626,false,USD
00k000000004280AAA,006000000001427AAA,01t000000000043AAA,971,222.67,0.079,205.08,216212.57,199132.68,128.91,125171.61,73961.07,0.371416,false,USD
00k000000004281AAA,006000000001427AAA,01t000000000055AAA,621,246.95,0.0448,235.89,153355.95,146487.69,130.02,80742.42,65745.27,0.448811,false,USD
00k000000004282AAA,006000000001428AAA,01t000000000044AAA,147,404.91,0.0653,378.47,59521.77,55635.09,243.46,35788.62,19846.47,0.356726,false,USD
00k000000004283AAA,006000000001428AAA,01t000000000067AAA,385,206.85,0.1106,183.97,79637.25,70828.45,130.51,50246.35,20582.1,0.290591,false,USD
00k000000004284AAA,006000000001428AAA,01t000000000020AAA,106,386.49,0.0514,366.62,40967.94,38861.72,218.34,23144.04,15717.68,0.404451,false,USD
00k000000004285AAA,006000000001429AAA,01t000000000048AAA,1431,418.86,0.059,394.15,599388.66,564028.65,264.11,377941.41,186087.24,0.329925,false,USD
00k000000004286AAA,006000000001429AAA,01t000000000071AAA,1376,461.92,0.0626,433,635601.92,595808,299.11,411575.36,184232.64,0.309215,false,USD
00k000000004287AAA,006000000001429AAA,01t000000000047AAA,1387,325.91,0.0743,301.69,452037.17,418444.03,213.19,295694.53,122749.5,0.293347,false,USD
00k000000004288AAA,006000000001430AAA,01t000000000002AAA,2079,183.34,0.0718,170.18,381163.86,353804.22,113.8,236590.2,117214.02,0.331296,false,USD
00k000000004289AAA,006000000001430AAA,01t000000000049AAA,918,347.85,0.0737,322.21,319326.3,295788.78,244.93,224845.74,70943.04,0.239844,false,USD
00k000000004290AAA,006000000001431AAA,01t000000000019AAA,271,358.22,0.0488,340.74,97077.62,92340.54,228.88,62026.48,30314.06,0.328285,false,USD
00k000000004291AAA,006000000001431AAA,01t000000000049AAA,552,360.06,0.0978,324.85,198753.12,179317.2,244.93,135201.36,44115.84,0.246021,false,USD
00k000000004292AAA,006000000001431AAA,01t000000000045AAA,1290,101.79,0.0342,98.31,131309.1,126819.9,59.87,77232.3,49587.6,0.391008,false,USD
00k000000004293AAA,006000000001432AAA,01t000000000047AAA,2827,319.22,0.1235,279.8,902434.94,790994.6,213.19,602688.13,188306.47,0.238063,false,USD
00k000000004294AAA,006000000001433AAA,01t000000000019AAA,2141,344.78,0.0723,319.85,738173.98,684798.85,228.88,490032.08,194766.77,0.284415,false,USD
00k000000004295AAA,006000000001433AAA,01t000000000044AAA,1035,411.74,0.062,386.21,426150.9,399727.35,243.46,251981.1,147746.25,0.369618,false,USD
00k000000004296AAA,006000000001433AAA,01t000000000062AAA,2685,196.64,0.0688,183.11,527978.4,491650.35,121.05,325019.25,166631.1,0.338922,false,USD
00k000000004297AAA,006000000001434AAA,01t000000000032AAA,247,329.74,0.0549,311.64,81445.78,76975.08,199.36,49241.92,27733.16,0.360288,false,USD
00k000000004298AAA,006000000001434AAA,01t000000000066AAA,122,427.16,0.0387,410.63,52113.52,50096.86,251.52,30685.44,19411.42,0.387478,false,USD
00k000000004299AAA,006000000001434AAA,01t000000000025AAA,1070,74.31,0.0687,69.2,79511.7,74044,51.29,54880.3,19163.7,0.258815,false,USD
00k000000004300AAA,006000000001435AAA,01t000000000039AAA,1423,117.25,0.0508,111.29,166846.75,158365.67,73.35,104377.05,53988.62,0.340911,false,USD
00k000000004301AAA,006000000001435AAA,01t000000000002AAA,1491,181.02,0.0446,172.95,269900.82,257868.45,110.39,164591.49,93276.96,0.361723,false,USD
00k000000004302AAA,006000000001435AAA,01t000000000053AAA,1234,250.07,0.0628,234.37,308586.38,289212.58,153.31,189184.54,100028.04,0.345863,false,USD
00k000000004303AAA,006000000001435AAA,01t000000000026AAA,744,278.13,0.0738,257.6,206928.72,191654.4,192.32,143086.08,48568.32,0.253416,false,USD
00k000000004304AAA,006000000001436AAA,01t000000000007AAA,3790,193.81,0.064,181.41,734539.9,687543.9,120.99,458552.1,228991.8,0.333058,false,USD
00k000000004305AAA,006000000001436AAA,01t000000000033AAA,1211,402.33,0.0829,368.98,487221.63,446834.78,280.14,339249.54,107585.24,0.240772,false,USD
00k000000004306AAA,006000000001436AAA,01t000000000044AAA,1130,413.48,0.0374,398.02,467232.4,449762.6,243.46,275109.8,174652.8,0.388322,false,USD
00k000000004307AAA,006000000001437AAA,01t000000000047AAA,1316,318.82,0.0725,295.71,419567.12,389154.36,213.19,280558.04,108596.32,0.279057,false,USD
00k000000004308AAA,006000000001437AAA,01t000000000041AAA,1332,264.08,0.0331,255.34,351754.56,340112.88,152.9,203662.8,136450.08,0.401191,false,USD
00k000000004309AAA,006000000001437AAA,01t000000000017AAA,2253,192.85,0.0757,178.25,434491.05,401597.25,126.45,284891.85,116705.4,0.290603,false,USD
00k000000004310AAA,006000000001438AAA,01t000000000014AAA,5115,122.38,0.0587,115.2,625973.7,589248,81.05,414570.75,174677.25,0.296441,false,USD
00k000000004311AAA,006000000001438AAA,01t000000000055AAA,2847,240.29,0.079,221.31,684105.63,630069.57,130.02,370166.94,259902.63,0.412498,false,USD
00k000000004312AAA,006000000001439AAA,01t000000000043AAA,208,221.64,0.0869,202.38,46101.12,42095.04,128.91,26813.28,15281.76,0.36303,false,USD
00k000000004313AAA,006000000001439AAA,01t000000000062AAA,347,197.5,0.042,189.21,68532.5,65655.87,121.05,42004.35,23651.52,0.360235,false,USD
00k000000004314AAA,006000000001440AAA,01t000000000004AAA,838,400.78,0.0917,364.03,335853.64,305057.14,267.02,223762.76,81294.38,0.266489,false,USD
00k000000004315AAA,006000000001440AAA,01t000000000071AAA,642,454.4,0.0508,431.32,291724.8,276907.44,299.11,192028.62,84878.82,0.306524,false,USD
00k000000004316AAA,006000000001441AAA,01t000000000029AAA,764,222.93,0.0884,203.22,170318.52,155260.08,153.08,116953.12,38306.96,0.246728,false,USD
00k000000004317AAA,006000000001441AAA,01t000000000013AAA,298,329.08,0.0187,322.93,98065.84,96233.14,195.82,58354.36,37878.78,0.393615,false,USD
00k000000004318AAA,006000000001442AAA,01t000000000053AAA,227,239.06,0.1165,211.21,54266.62,47944.67,158.05,35877.35,12067.32,0.251693,false,USD
00k000000004319AAA,006000000001442AAA,01t000000000062AAA,338,191.7,0,191.7,64794.6,64794.6,121.05,40914.9,23879.7,0.368545,false,USD
00k000000004320AAA,006000000001442AAA,01t000000000017AAA,448,186.42,0.0486,177.36,83516.16,79457.28,126.45,56649.6,22807.68,0.287043,false,USD
00k000000004321AAA,006000000001442AAA,01t000000000026AAA,262,293.88,0.0218,287.47,76996.56,75317.14,198.27,51946.74,23370.4,0.310293,false,USD
00k000000004322AAA,006000000001443AAA,01t000000000010AAA,218,449.05,0.0811,412.63,97892.9,89953.34,280.72,61196.96,28756.38,0.319681,false,USD
00k000000004323AAA,006000000001443AAA,01t000000000046AAA,2020,82.79,0.0507,78.59,167235.8,158751.8,53.15,107363,51388.8,0.323705,false,USD
00k000000004324AAA,006000000001443AAA,01t000000000059AAA,536,216.91,0.0727,201.14,116263.76,107811.04,136.27,73040.72,34770.32,0.322512,false,USD
00k000000004325AAA,006000000001444AAA,01t000000000068AAA,150,446.31,0.0667,416.54,66946.5,62481,303.4,45510,16971,0.271619,false,USD
00k000000004326AAA,006000000001444AAA,01t000000000031AAA,174,384.14,0.0565,362.44,66840.36,63064.56,237.31,41291.94,21772.62,0.345243,false,USD
00k000000004327AAA,006000000001444AAA,01t000000000056AAA,201,206.45,0.0316,199.93,41496.45,40185.93,130.96,26322.96,13862.97,0.344971,false,USD
00k000000004328AAA,006000000001445AAA,01t000000000075AAA,873,603.27,0.0802,554.89,526654.71,484418.97,356.45,311180.85,173238.12,0.35762,false,USD
00k000000004329AAA,006000000001445AAA,01t000000000030AAA,3620,157.66,0.0982,142.18,570729.2,514691.6,108.56,392987.2,121704.4,0.236461,false,USD
00k000000004330AAA,006000000001445AAA,01t000000000029AAA,1684,230.02,0.0302,223.07,387353.68,375649.88,153.08,257786.72,117863.16,0.313758,false,USD
00k000000004331AAA,006000000001446AAA,01t000000000057AAA,661,134.24,0.0893,122.25,88732.64,80807.25,72.85,48153.85,32653.4,0.40409,false,USD
00k000000004332AAA,006000000001446AAA,01t000000000022AAA,331,362.03,0.0615,339.77,119831.93,112463.87,241.05,79787.55,32676.32,0.290549,false,USD
00k000000004333AAA,006000000001446AAA,01t000000000002AAA,830,182.56,0.0709,169.62,151524.8,140784.6,113.8,94454,46330.6,0.329089,false,USD
00k000000004334AAA,006000000001446AAA,01t000000000051AAA,1519,66.17,0.0962,59.8,100512.23,90836.2,51.08,77590.52,13245.68,0.145819,false,USD
00k000000004335AAA,006000000001447AAA,01t000000000004AAA,1880,394.06,0.1113,350.2,740832.8,658376,267.02,501997.6,156378.4,0.237521,false,USD
00k000000004336AAA,006000000001447AAA,01t000000000009AAA,1537,324.84,0.0652,303.66,499279.08,466725.42,203.75,313163.75,153561.67,0.329019,false,USD
00k000000004337AAA,006000000001447AAA,01t000000000005AAA,1910,371.69,0.1281,324.08,709927.9,618992.8,272.07,519653.7,99339.1,0.160485,false,USD
00k000000004338AAA,006000000001448AAA,01t000000000051AAA,5199,68.74,0.096,62.14,357379.26,323065.86,51.08,265564.92,57500.94,0.177985,false,USD
00k000000004339AAA,006000000001448AAA,01t000000000013AAA,1170,327.48,0.0631,306.82,383151.6,358979.4,195.82,229109.4,129870,0.361776,false,USD
00k000000004340AAA,006000000001448AAA,01t000000000039AAA,2364,124.03,0.0906,112.79,293206.92,266635.56,75.62,178765.68,87869.88,0.32955,false,USD
00k000000004341AAA,006000000001448AAA,01t000000000016AAA,1102,369.44,0.051,350.6,407122.88,386361.2,212.59,234274.18,152087.02,0.393639,false,USD
00k000000004342AAA,006000000001449AAA,01t000000000065AAA,772,339.09,0.0892,308.84,261777.48,238424.48,228.94,176741.68,61682.8,0.25871,false,USD
00k000000004343AAA,006000000001449AAA,01t000000000052AAA,3251,103.94,0.0647,97.22,337908.94,316062.22,62.85,204325.35,111736.87,0.353528,false,USD
00k000000004344AAA,006000000001449AAA,01t000000000073AAA,1963,217.91,0.012,215.3,427757.33,422633.9,136.74,268420.62,154213.28,0.364886,false,USD
00k000000004345AAA,006000000001449AAA,01t000000000020AAA,943,394.09,0.0527,373.32,371626.87,352040.76,218.34,205894.62,146146.14,0.41514,false,USD
00k000000004346AAA,006000000001450AAA,01t000000000070AAA,99,560.86,0.0406,538.09,55525.14,53270.91,329.13,32583.87,20687.04,0.388337,false,USD
00k000000004347AAA,006000000001450AAA,01t000000000013AAA,168,321.12,0.0543,303.68,53948.16,51018.24,189.95,31911.6,19106.64,0.374506,false,USD
00k000000004348AAA,006000000001450AAA,01t000000000049AAA,152,367.95,0.0643,344.29,55928.4,52332.08,237.58,36112.16,16219.92,0.309942,false,USD
00k000000004349AAA,006000000001450AAA,01t000000000035AAA,161,389.76,0.0371,375.3,62751.36,60423.3,230.62,37129.82,23293.48,0.385505,false,USD
00k000000004350AAA,006000000001450AAA,01t000000000057AAA,350,131.74,0.0346,127.18,46109,44513,70.66,24731,19782,0.444409,false,USD
00k000000004351AAA,006000000001451AAA,01t000000000044AAA,549,400.55,0.0739,370.95,219901.95,203651.55,243.46,133659.54,69992.01,0.343685,false,USD
00k000000004352AAA,006000000001451AAA,01t000000000055AAA,1343,234.36,0.0759,216.57,314745.48,290853.51,130.02,174616.86,116236.65,0.39964,false,USD
00k000000004353AAA,006000000001451AAA,01t000000000039AAA,2762,121.86,0.1119,108.22,336577.32,298903.64,75.62,208862.44,90041.2,0.301238,false,USD
00k000000004354AAA,006000000001452AAA,01t000000000035AAA,180,391.23,0.0437,374.13,70421.4,67343.4,237.75,42795,24548.4,0.364526,false,USD
00k000000004355AAA,006000000001452AAA,01t000000000021AAA,265,338.89,0.0698,315.24,89805.85,83538.6,239.32,63419.8,20118.8,0.240832,false,USD
00k000000004356AAA,006000000001452AAA,01t000000000010AAA,114,445.94,0.098,402.24,50837.16,45855.36,280.72,32002.08,13853.28,0.302108,false,USD
00k000000004357AAA,006000000001452AAA,01t000000000028AAA,449,200.52,0.0484,190.81,90033.48,85673.69,110.67,49690.83,35982.86,0.419999,false,USD
00k000000004358AAA,006000000001453AAA,01t000000000003AAA,388,201.82,0.0748,186.72,78306.16,72447.36,125.5,48694,23753.36,0.327871,false,USD
00k000000004359AAA,006000000001453AAA,01t000000000037AAA,198,384.09,0.0119,379.52,76049.82,75144.96,244.43,48397.14,26747.82,0.35595,false,USD
00k000000004360AAA,006000000001453AAA,01t000000000053AAA,254,242.86,0.094,220.03,61686.44,55887.62,158.05,40144.7,15742.92,0.281689,false,USD
00k000000004361AAA,006000000001453AAA,01t000000000028AAA,212,205.72,0.0229,201.01,43612.64,42614.12,110.67,23462.04,19152.08,0.44943,false,USD
00k000000004362AAA,006000000001454AAA,01t000000000056AAA,935,201.04,0.0962,181.7,187972.4,169889.5,130.96,122447.6,47441.9,0.279252,false,USD
00k000000004363AAA,006000000001454AAA,01t000000000058AAA,818,238.35,0.0749,220.5,194970.3,180369,167.27,136826.86,43542.14,0.241406,false,USD
00k000000004364AAA,006000000001454AAA,01t000000000025AAA,2768,74.53,0.0647,69.71,206299.04,192957.28,51.29,141970.72,50986.56,0.264238,false,USD
00k000000004365AAA,006000000001454AAA,01t000000000015AAA,683,302.38,0.0347,291.89,206525.54,199360.87,168.05,114778.15,84582.72,0.424269,false,USD
00k000000004366AAA,006000000001455AAA,01t000000000051AAA,1941,70.13,0.0351,67.67,136122.33,131347.47,51.08,99146.28,32201.19,0.24516,false,USD
00k000000004367AAA,006000000001455AAA,01t000000000042AAA,507,284.33,0.0573,268.04,144155.31,135896.28,174.39,88415.73,47480.55,0.349388,false,USD
00k000000004368AAA,006000000001455AAA,01t000000000057AAA,1017,122.42,0.0655,114.4,124501.14,116344.8,72.85,74088.45,42256.35,0.363199,false,USD
00k000000004369AAA,006000000001455AAA,01t000000000049AAA,378,368.62,0.0237,359.88,139338.36,136034.64,244.93,92583.54,43451.1,0.319412,false,USD
00k000000004370AAA,006000000001456AAA,01t000000000025AAA,2509,71.18,0.0425,68.15,178590.62,170988.35,51.29,128686.61,42301.74,0.247395,false,USD
00k000000004371AAA,006000000001456AAA,01t000000000009AAA,627,350.07,0.0814,321.57,219493.89,201624.39,203.75,127751.25,73873.14,0.36639,false,USD
00k000000004372AAA,006000000001456AAA,01t000000000011AAA,745,296.83,0.0893,270.32,221138.35,201388.4,204.74,152531.3,48857.1,0.242601,false,USD
00k000000004373AAA,006000000001457AAA,01t000000000015AAA,6327,310.5,0.0844,284.29,1964533.5,1798702.83,168.05,1063252.35,735450.48,0.408878,false,USD
00k000000004374AAA,006000000001458AAA,01t000000000017AAA,1777,190.14,0.0748,175.92,337878.78,312609.84,122.66,217966.82,94643.02,0.302751,false,USD
00k000000004375AAA,006000000001458AAA,01t000000000060AAA,937,237.58,0.0793,218.74,222612.46,204959.38,159.53,149479.61,55479.77,0.270687,false,USD
00k000000004376AAA,006000000001458AAA,01t000000000049AAA,797,372.06,0.0566,351,296531.82,279747,237.58,189351.26,90395.74,0.323134,false,USD
00k000000004377AAA,006000000001458AAA,01t000000000011AAA,855,316.25,0.0439,302.37,270393.75,258526.35,198.6,169803,88723.35,0.343189,false,USD
00k000000004378AAA,006000000001459AAA,01t000000000073AAA,3088,213.55,0.0913,194.05,659442.4,599226.4,136.74,422253.12,176973.28,0.295336,false,USD
00k000000004379AAA,006000000001459AAA,01t000000000009AAA,1285,353.28,0.0046,351.65,453964.8,451870.25,203.75,261818.75,190051.5,0.420589,false,USD
00k000000004380AAA,006000000001460AAA,01t000000000039AAA,2435,118.41,0,118.41,288328.35,288328.35,75.62,184134.7,104193.65,0.361372,false,USD
00k000000004381AAA,006000000001460AAA,01t000000000026AAA,1254,285.82,0.0693,266.01,358418.28,333576.54,198.27,248630.58,84945.96,0.254652,false,USD
00k000000004382AAA,006000000001460AAA,01t000000000047AAA,971,310.11,0.0914,281.77,301116.81,273598.67,213.19,207007.49,66591.18,0.24339,false,USD
00k000000004383AAA,006000000001461AAA,01t000000000039AAA,14755,125.77,0.0425,120.42,1855736.35,1776797.1,75.62,1115773.1,661024,0.372031,false,USD
00k000000004384AAA,006000000001462AAA,01t000000000053AAA,272,244.04,0.0399,234.3,66378.88,63729.6,158.05,42989.6,20740,0.325437,false,USD
00k000000004385AAA,006000000001462AAA,01t000000000026AAA,506,298.14,0.1531,252.49,150858.84,127759.94,198.27,100324.62,27435.32,0.214741,false,USD
00k000000004386AAA,006000000001462AAA,01t000000000003AAA,325,206.82,0.027,201.24,67216.5,65403,125.5,40787.5,24615.5,0.376367,false,USD
00k000000004387AAA,006000000001463AAA,01t000000000041AAA,654,272.59,0.0402,261.63,178273.86,171106.02,152.9,99996.6,71109.42,0.415587,false,USD
00k000000004388AAA,006000000001463AAA,01t000000000013AAA,463,322.08,0.0784,296.83,149123.04,137432.29,195.82,90664.66,46767.63,0.340296,false,USD
00k000000004389AAA,006000000001463AAA,01t000000000044AAA,267,399.7,0.0565,377.12,106719.9,100691.04,243.46,65003.82,35687.22,0.354423,false,USD
00k000000004390AAA,006000000001463AAA,01t000000000039AAA,1442,119.34,0.0747,110.43,172088.28,159240.06,75.62,109044.04,50196.02,0.315222,false,USD
00k000000004391AAA,006000000001464AAA,01t000000000059AAA,263,208.17,0.0861,190.25,54748.71,50035.75,136.27,35839.01,14196.74,0.283732,false,USD
00k000000004392AAA,006000000001464AAA,01t000000000024AAA,141,327.62,0.0711,304.33,46194.42,42910.53,221.7,31259.7,11650.83,0.271514,false,USD
00k000000004393AAA,006000000001464AAA,01t000000000008AAA,284,261.89,0.0851,239.6,74376.76,68046.4,179.17,50884.28,17162.12,0.252212,false,USD
00k000000004394AAA,006000000001464AAA,01t000000000031AAA,242,369.74,0.1115,328.51,89477.08,79499.42,237.31,57429.02,22070.4,0.277617,false,USD
00k000000004395AAA,006000000001465AAA,01t000000000011AAA,640,296.7,0.0681,276.49,189888,176953.6,204.74,131033.6,45920,0.259503,false,USD
00k000000004396AAA,006000000001465AAA,01t000000000042AAA,539,277.78,0.0745,257.09,149723.42,138571.51,174.39,93996.21,44575.3,0.321677,false,USD
00k000000004397AAA,006000000001465AAA,01t000000000060AAA,697,256.82,0.0705,238.71,179003.54,166380.87,164.46,114628.62,51752.25,0.311047,false,USD
00k000000004398AAA,006000000001466AAA,01t000000000022AAA,87,360.12,0.095,325.91,31330.44,28354.17,241.05,20971.35,7382.82,0.260379,false,USD
00k000000004399AAA,006000000001466AAA,01t000000000031AAA,92,373.47,0.111,332.01,34359.24,30544.92,237.31,21832.52,8712.4,0.285232,false,USD
00k000000004400AAA,006000000001466AAA,01t000000000029AAA,152,219.43,0.0926,199.11,33353.36,30264.72,153.08,23268.16,6996.56,0.231179,false,USD
00k000000004401AAA,006000000001466AAA,01t000000000057AAA,267,129.23,0.114,114.5,34504.41,30571.5,72.85,19450.95,11120.55,0.363755,false,USD
00k000000004402AAA,006000000001466AAA,01t000000000058AAA,126,239.2,0.0024,238.63,30139.2,30067.38,167.27,21076.02,8991.36,0.29904,false,USD
00k000000004403AAA,006000000001467AAA,01t000000000033AAA,312,424.39,0.1037,380.38,132409.68,118678.56,280.14,87403.68,31274.88,0.263526,false,USD
00k000000004404AAA,006000000001467AAA,01t000000000054AAA,919,132.93,0.0705,123.56,122162.67,113551.64,80.43,73915.17,39636.47,0.349061,false,USD
00k000000004405AAA,006000000001467AAA,01t000000000056AAA,883,205.27,0.0343,198.23,181253.41,175037.09,130.96,115637.68,59399.41,0.339353,false,USD
00k000000004406AAA,006000000001467AAA,01t000000000024AAA,376,330.17,0.0819,303.13,124143.92,113976.88,221.7,83359.2,30617.68,0.268631,false,USD
00k000000004407AAA,006000000001468AAA,01t000000000010AAA,717,444.49,0.0903,404.35,318699.33,289918.95,280.72,201276.24,88642.71,0.30575,false,USD
00k000000004408AAA,006000000001468AAA,01t000000000002AAA,3261,180.25,0.0718,167.31,587795.25,545597.91,113.8,371101.8,174496.11,0.319825,false,USD
00k000000004409AAA,006000000001469AAA,01t000000000063AAA,411,477.67,0.0749,441.89,196322.37,181616.79,264.31,108631.41,72985.38,0.401865,false,USD
00k000000004410AAA,006000000001469AAA,01t000000000021AAA,482,318.25,0.0741,294.67,153396.5,142030.94,239.32,115352.24,26678.7,0.187837,false,USD
00k000000004411AAA,006000000001469AAA,01t000000000056AAA,1126,202.89,0.0643,189.84,228454.14,213759.84,130.96,147460.96,66298.88,0.310156,false,USD
00k000000004412AAA,006000000001470AAA,01t000000000057AAA,5165,134.12,0.0773,123.75,692729.8,639168.75,72.85,376270.25,262898.5,0.411313,false,USD
00k000000004413AAA,006000000001470AAA,01t000000000075AAA,1052,600.66,0.0515,569.73,631894.32,599355.96,356.45,374985.4,224370.56,0.374353,false,USD
00k000000004414AAA,006000000001471AAA,01t000000000047AAA,2507,308.81,0.0691,287.47,774186.67,720687.29,213.19,534467.33,186219.96,0.258392,false,USD
00k000000004415AAA,006000000001471AAA,01t000000000049AAA,1692,361.75,0.108,322.68,612081,545974.56,244.93,414421.56,131553,0.240951,false,USD
00k000000004416AAA,006000000001471AAA,01t000000000041AAA,2324,264.89,0.0918,240.57,615604.36,559084.68,152.9,355339.6,203745.08,0.364426,false,USD
00k000000004417AAA,006000000001472AAA,01t000000000035AAA,1312,380.54,0.135,329.17,499268.48,431871.04,237.75,311928,119943.04,0.277729,false,USD
00k000000004418AAA,006000000001472AAA,01t000000000071AAA,1002,460.63,0.0843,421.8,461551.26,422643.6,299.11,299708.22,122935.38,0.290872,false,USD
00k000000004419AAA,006000000001472AAA,01t000000000031AAA,940,375,0.045,358.13,352500,336642.2,237.31,223071.4,113570.8,0.337364,false,USD
00k000000004420AAA,006000000001472AAA,01t000000000048AAA,1109,395.96,0.0832,363.02,439119.64,402589.18,264.11,292897.99,109691.19,0.272464,false,USD
00k000000004421AAA,006000000001473AAA,01t000000000015AAA,817,298.25,0.0521,282.71,243670.25,230974.07,168.05,137296.85,93677.22,0.405575,false,USD
00k000000004422AAA,006000000001473AAA,01t000000000047AAA,612,327.66,0.0764,302.63,200527.92,185209.56,213.19,130472.28,54737.28,0.295542,false,USD
00k000000004423AAA,006000000001473AAA,01t000000000044AAA,351,401.48,0.1073,358.4,140919.48,125798.4,243.46,85454.46,40343.94,0.320703,false,USD
00k000000004424AAA,006000000001473AAA,01t000000000019AAA,711,355.11,0.0626,332.88,252483.21,236677.68,228.88,162733.68,73944,0.312425,false,USD
00k000000004425AAA,006000000001474AAA,01t000000000041AAA,939,262.09,0.0911,238.21,246102.51,223679.19,148.31,139263.09,84416.1,0.377398,false,USD
00k000000004426AAA,006000000001474AAA,01t000000000058AAA,1552,244.58,0.0616,229.51,379588.16,356199.52,162.25,251812,104387.52,0.293059,false,USD
00k000000004427AAA,006000000001474AAA,01t000000000018AAA,2225,152.44,0.0734,141.25,339179,314281.25,89.31,198714.75,115566.5,0.367717,false,USD
00k000000004428AAA,006000000001474AAA,01t000000000029AAA,954,222.57,0.043,213,212331.78,203202,148.49,141659.46,61542.54,0.302864,false,USD
00k000000004429AAA,006000000001475AAA,01t000000000053AAA,356,254.18,0.0829,233.11,90488.08,82987.16,158.05,56265.8,26721.36,0.321994,false,USD
00k000000004430AAA,006000000001475AAA,01t000000000013AAA,284,336.09,0.0559,317.3,95449.56,90113.2,195.82,55612.88,34500.32,0.382855,false,USD
00k000000004431AAA,006000000001475AAA,01t000000000052AAA,1357,106.94,0.0631,100.19,145117.58,135957.83,62.85,85287.45,50670.38,0.372692,false,USD
00k000000004432AAA,006000000001475AAA,01t000000000002AAA,698,176.1,0.0984,158.77,122917.8,110821.46,113.8,79432.4,31389.06,0.28324,false,USD
00k000000004433AAA,006000000001476AAA,01t000000000012AAA,6410,389.38,0.0789,358.66,2495925.8,2299010.6,249.67,1600384.7,698625.9,0.303881,false,USD
00k000000004434AAA,006000000001477AAA,01t000000000029AAA,883,224.46,0.1094,199.9,198198.18,176511.7,153.08,135169.64,41342.06,0.234217,false,USD
00k000000004435AAA,006000000001477AAA,01t000000000043AAA,626,230.87,0.0806,212.26,144524.62,132874.76,128.91,80697.66,52177.1,0.392679,false,USD
00k000000004436AAA,006000000001477AAA,01t000000000021AAA,739,334,0.063,312.96,246826,231277.44,239.32,176857.48,54419.96,0.235302,false,USD
00k000000004437AAA,006000000001478AAA,01t000000000045AAA,8180,109.5,0.0533,103.66,895710,847938.8,59.87,489736.6,358202.2,0.422439,false,USD
00k000000004438AAA,006000000001478AAA,01t000000000008AAA,3999,266.33,0.1185,234.77,1065053.67,938845.23,179.17,716500.83,222344.4,0.236828,false,USD
00k000000004439AAA,006000000001479AAA,01t000000000035AAA,1005,391.89,0.0631,367.16,393849.45,368995.8,237.75,238938.75,130057.05,0.352462,false,USD
00k000000004440AAA,006000000001479AAA,01t000000000021AAA,1181,347.09,0.0731,321.72,409913.29,379951.32,239.32,282636.92,97314.4,0.256123,false,USD
00k000000004441AAA,006000000001480AAA,01t000000000072AAA,1660,583.55,0.0756,539.43,968693,895453.8,412.18,684218.8,211235,0.235897,false,USD
00k000000004442AAA,006000000001481AAA,01t000000000015AAA,243,288.31,0.0677,268.79,70059.33,65315.97,168.05,40836.15,24479.82,0.374791,false,USD
00k000000004443AAA,006000000001481AAA,01t000000000025AAA,754,73.77,0.079,67.94,55622.58,51226.76,51.29,38672.66,12554.1,0.245069,false,USD
00k000000004444AAA,006000000001481AAA,01t000000000013AAA,140,337.2,0.0608,316.7,47208,44338,195.82,27414.8,16923.2,0.381686,false,USD
00k000000004445AAA,006000000001482AAA,01t000000000033AAA,1427,394.26,0.0751,364.65,562609.02,520355.55,271.74,387772.98,132582.57,0.254792,false,USD
00k000000004446AAA,006000000001482AAA,01t000000000042AAA,1532,274.28,0.08,252.34,420196.96,386584.88,169.16,259153.12,127431.76,0.329635,false,USD
00k000000004447AAA,006000000001482AAA,01t000000000055AAA,2675,242.27,0.0576,228.32,648072.25,610756,126.12,337371,273385,0.447617,false,USD
00k000000004448AAA,006000000001482AAA,01t000000000011AAA,2037,308.02,0.0598,289.6,627436.74,589915.2,198.6,404548.2,185367,0.314227,false,USD
00k000000004449AAA,006000000001483AAA,01t000000000009AAA,198,345.7,0.0578,325.72,68448.6,64492.56,203.75,40342.5,24150.06,0.374463,false,USD
00k000000004450AAA,006000000001483AAA,01t000000000045AAA,889,106.05,0.0794,97.63,94278.45,86793.07,59.87,53224.43,33568.64,0.386766,false,USD
00k000000004451AAA,006000000001483AAA,01t000000000018AAA,683,150.54,0.0356,145.18,102818.82,99157.94,92.07,62883.81,36274.13,0.365822,false,USD
00k000000004452AAA,006000000001483AAA,01t000000000029AAA,307,231.19,0.0442,220.97,70975.33,67837.79,153.08,46995.56,20842.23,0.307236,false,USD
00k000000004453AAA,006000000001484AAA,01t000000000025AAA,2360,73.94,0.0856,67.61,174498.4,159559.6,49.75,117410,42149.6,0.264162,false,USD
00k000000004454AAA,006000000001484AAA,01t000000000057AAA,1711,130.9,0.0633,122.61,223969.9,209785.71,70.66,120899.26,88886.45,0.423701,false,USD
00k000000004455AAA,006000000001484AAA,01t000000000038AAA,854,213.6,0.0539,202.09,182414.4,172584.86,123.33,105323.82,67261.04,0.389727,false,USD
00k000000004456AAA,006000000001484AAA,01t000000000064AAA,1186,236.61,0.0465,225.61,280619.46,267573.46,156.64,185775.04,81798.42,0.305705,false,USD
00k000000004457AAA,006000000001485AAA,01t000000000044AAA,1401,388.24,0.086,354.85,543924.24,497144.85,243.46,341087.46,156057.39,0.313907,false,USD
00k000000004458AAA,006000000001486AAA,01t000000000027AAA,1360,399.27,0.119,351.76,543007.2,478393.6,251.82,342475.2,135918.4,0.284114,false,USD
00k000000004459AAA,006000000001487AAA,01t000000000006AAA,301,461.99,0.0417,442.73,139058.99,133261.73,301.3,90691.3,42570.43,0.31945,false,USD
00k000000004460AAA,006000000001487AAA,01t000000000060AAA,632,252.75,0.0886,230.36,159738,145587.52,164.46,103938.72,41648.8,0.286074,false,USD
00k000000004461AAA,006000000001487AAA,01t000000000041AAA,767,261.26,0.0524,247.57,200386.42,189886.19,152.9,117274.3,72611.89,0.382397,false,USD
00k000000004462AAA,006000000001487AAA,01t000000000052AAA,1412,103.13,0.0454,98.45,145619.56,139011.4,62.85,88744.2,50267.2,0.361605,false,USD
00k000000004463AAA,006000000001488AAA,01t000000000059AAA,672,216.78,0.0612,203.51,145676.16,136758.72,132.18,88824.96,47933.76,0.350499,false,USD
00k000000004464AAA,006000000001488AAA,01t000000000047AAA,391,313.87,0.057,295.98,122723.17,115728.18,206.79,80854.89,34873.29,0.301338,false,USD
00k000000004465AAA,006000000001488AAA,01t000000000036AAA,806,139.64,0.0519,132.39,112549.84,106706.34,92.32,74409.92,32296.42,0.302666,false,USD
00k000000004466AAA,006000000001488AAA,01t000000000001AAA,424,339.23,0.0692,315.76,143833.52,133882.24,203.02,86080.48,47801.76,0.357043,false,USD
00k000000004467AAA,006000000001489AAA,01t000000000019AAA,1016,350.01,0.0866,319.7,355610.16,324815.2,228.88,232542.08,92273.12,0.284079,false,USD
00k000000004468AAA,006000000001489AAA,01t000000000014AAA,3894,123.79,0.0807,113.8,482038.26,443137.2,81.05,315608.7,127528.5,0.287786,false,USD
00k000000004469AAA,006000000001489AAA,01t000000000013AAA,1551,327.84,0.0534,310.33,508479.84,481321.83,195.82,303716.82,177605.01,0.368994,false,USD
00k000000004470AAA,006000000001490AAA,01t000000000038AAA,1131,211.66,0.0663,197.63,239387.46,223519.53,127.14,143795.34,79724.19,0.356677,false,USD
00k000000004471AAA,006000000001490AAA,01t000000000018AAA,960,156.1,0.0489,148.47,149856,142531.2,92.07,88387.2,54144,0.379875,false,USD
00k000000004472AAA,006000000001491AAA,01t000000000063AAA,725,462.16,0.0526,437.85,335066,317441.25,264.31,191624.75,125816.5,0.396346,false,USD
00k000000004473AAA,006000000001491AAA,01t000000000065AAA,756,332.27,0.0632,311.27,251196.12,235320.12,228.94,173078.64,62241.48,0.264497,false,USD
00k000000004474AAA,006000000001491AAA,01t000000000009AAA,513,342.02,0.0316,331.21,175456.26,169910.73,203.75,104523.75,65386.98,0.384831,false,USD
00k000000004475AAA,006000000001492AAA,01t000000000053AAA,424,239.97,0.0484,228.36,101747.28,96824.64,158.05,67013.2,29811.44,0.307891,false,USD
00k000000004476AAA,006000000001492AAA,01t000000000048AAA,454,424.6,0.0726,393.77,192768.4,178771.58,264.11,119905.94,58865.64,0.329279,false,USD
00k000000004477AAA,006000000001492AAA,01t000000000063AAA,286,449.4,0.0978,405.45,128528.4,115958.7,264.31,75592.66,40366.04,0.348107,false,USD
00k000000004478AAA,006000000001493AAA,01t000000000060AAA,1750,249.62,0.0532,236.34,436835,413595,164.46,287805,125790,0.304138,false,USD
00k000000004479AAA,006000000001493AAA,01t000000000005AAA,1045,381.37,0.0839,349.37,398531.65,365091.65,272.07,284313.15,80778.5,0.221255,false,USD
00k000000004480AAA,006000000001494AAA,01t000000000043AAA,1123,225.76,0.073,209.28,253528.48,235021.44,128.91,144765.93,90255.51,0.384031,false,USD
00k000000004481AAA,006000000001494AAA,01t000000000035AAA,792,392.26,0.0782,361.59,310669.92,286379.28,237.75,188298,98081.28,0.342487,false,USD
00k000000004482AAA,006000000001494AAA,01t000000000029AAA,704,233.75,0.0372,225.05,164560,158435.2,153.08,107768.32,50666.88,0.319796,false,USD
00k000000004483AAA,006000000001494AAA,01t000000000068AAA,438,428.37,0.0417,410.51,187626.06,179803.38,303.4,132889.2,46914.18,0.260919,false,USD
00k000000004484AAA,006000000001494AAA,01t000000000053AAA,840,230.87,0.0447,220.55,193930.8,185262,158.05,132762,52500,0.283382,false,USD
00k000000004485AAA,006000000001495AAA,01t000000000004AAA,414,403.93,0.084,370,167227.02,153180,267.02,110546.28,42633.72,0.278324,false,USD
00k000000004486AAA,006000000001495AAA,01t000000000075AAA,127,571.66,0.0398,548.91,72600.82,69711.57,356.45,45269.15,24442.42,0.350622,false,USD
00k000000004487AAA,006000000001495AAA,01t000000000003AAA,480,211.63,0.0936,191.82,101582.4,92073.6,125.5,60240,31833.6,0.345741,false,USD
00k000000004488AAA,006000000001495AAA,01t000000000056AAA,755,203.35,0.0887,185.31,153529.25,139909.05,130.96,98874.8,41034.25,0.293292,false,USD
00k000000004489AAA,006000000001496AAA,01t000000000014AAA,2830,117.37,0.0474,111.81,332157.1,316422.3,81.05,229371.5,87050.8,0.27511,false,USD
00k000000004490AAA,006000000001496AAA,01t000000000019AAA,764,345.49,0.039,332.02,263954.36,253663.28,228.88,174864.32,78798.96,0.310644,false,USD
00k000000004491AAA,006000000001496AAA,01t000000000073AAA,1488,210.2,0.042,201.37,312777.6,299638.56,136.74,203469.12,96169.44,0.320951,false,USD
00k000000004492AAA,006000000001497AAA,01t000000000063AAA,1107,453.36,0.0393,435.54,501869.52,482142.78,264.31,292591.17,189551.61,0.393144,false,USD
00k000000004493AAA,006000000001497AAA,01t000000000004AAA,1216,404.19,0.0959,365.43,491495.04,444362.88,267.02,324696.32,119666.56,0.269299,false,USD
00k000000004494AAA,006000000001498AAA,01t000000000032AAA,346,333.22,0.095,301.56,115294.12,104339.76,199.36,68978.56,35361.2,0.338904,false,USD
00k000000004495AAA,006000000001498AAA,01t000000000049AAA,277,350.72,0.1234,307.44,97149.44,85160.88,244.93,67845.61,17315.27,0.203324,false,USD
00k000000004496AAA,006000000001498AAA,01t000000000062AAA,613,194.08,0.1011,174.46,118971.04,106943.98,121.05,74203.65,32740.33,0.306145,false,USD
00k000000004497AAA,006000000001499AAA,01t000000000022AAA,2060,350.55,0.1222,307.71,722133,633882.6,241.05,496563,137319.6,0.216633,false,USD
00k000000004498AAA,006000000001499AAA,01t000000000044AAA,1764,400.55,0.0981,361.26,706570.2,637262.64,243.46,429463.44,207799.2,0.326081,false,USD
00k000000004499AAA,006000000001499AAA,01t000000000059AAA,3217,204.27,0.1023,183.37,657136.59,589901.29,136.27,438380.59,151520.7,0.256858,false,USD
00k000000004500AAA,006000000001500AAA,01t000000000050AAA,921,74.59,0.0711,69.29,68697.39,63816.09,51.06,47026.26,16789.83,0.263097,false,USD
