OpportunityId,OpportunityName,AccountId,OwnerUserId,OpportunityType,VehicleProgramName,VehicleSegment,PowertrainType,StageName,ForecastCategory,Probability,Amount,CurrencyIsoCode,CreatedDate,OriginalCloseDate,PriorCloseDate,CloseDate,CloseDateChangeCount,IsClosed,IsWon,LossReason,LeadSource,CustomerNeed,NextStep,LastActivityDate
006000000000001AAA,Northstar Automotive Group - Northstar Nova Compact Crossover - 0001,001000000000001AAA,005000000000011AAA,New Program,Northstar Nova Compact Crossover,Compact Crossover,ICE,Closed Lost,Closed,0,654290.18,USD,2023-01-16,2023-08-01,,2023-08-01,0,true,false,Price,Existing Relationship,Platform Launch,,2023-07-08
006000000000002AAA,Northstar Automotive Group - Northstar Nova Compact Crossover - 0002,001000000000001AAA,005000000000011AAA,New Program,Northstar Nova Compact Crossover,Compact Crossover,ICE,Closed Lost,Closed,0,711516.7,USD,2023-03-28,2023-10-19,,2023-10-19,0,true,false,Competitor,RFQ,Platform Launch,,2023-10-07
006000000000003AAA,Northstar Automotive Group - Northstar Nova Compact Crossover - 0003,001000000000001AAA,005000000000011AAA,New Program,Northstar Nova Compact Crossover,Compact Crossover,ICE,Technical Review,Pipeline,0.4,849240.45,USD,2023-03-25,2026-08-16,,2026-08-16,0,false,false,,RFQ,Platform Launch,Finalize commercial terms,2026-06-22
006000000000004AAA,Northstar Automotive Group - Northstar Nova Compact Crossover - 0004,001000000000001AAA,005000000000011AAA,New Program,Northstar Nova Compact Crossover,Compact Crossover,ICE,Closed Won,Closed,1,700469.6,USD,2023-11-18,2024-05-16,,2024-05-16,0,true,true,,RFQ,Platform Launch,,2024-04-26
006000000000005AAA,Northstar Automotive Group - Northstar Nova Compact Crossover - 0005,001000000000001AAA,005000000000011AAA,New Program,Northstar Nova Compact Crossover,Compact Crossover,ICE,Closed Won,Closed,1,740173.32,USD,2023-09-30,2024-04-12,,2024-04-12,0,true,true,,RFQ,Platform Launch,,2024-03-22
006000000000006AAA,Northstar Automotive Group - Northstar Nova Compact Crossover - 0006,001000000000001AAA,005000000000011AAA,New Program,Northstar Nova Compact Crossover,Compact Crossover,ICE,Closed Lost,Closed,0,659519.01,USD,2023-07-18,2024-01-22,,2024-01-22,0,true,false,No Decision,RFQ,Platform Launch,,2024-01-17
006000000000007AAA,Northstar Automotive Group - Northstar Nova Compact Crossover - 0007,001000000000001AAA,005000000000011AAA,New Program,Northstar Nova Compact Crossover,Compact Crossover,ICE,Closed Won,Closed,1,693346.48,USD,2023-08-08,2024-02-24,,2024-02-24,0,true,true,,Partner,Platform Launch,,2024-02-05
006000000000008AAA,Northstar Automotive Group - Northstar Nova Compact Crossover - 0008,001000000000001AAA,005000000000011AAA,New Program,Northstar Nova Compact Crossover,Compact Crossover,ICE,Closed Won,Closed,1,633081.16,USD,2023-11-15,2024-05-15,,2024-05-15,0,true,true,,Trade Event,Platform Launch,,2024-04-26
006000000000009AAA,Northstar Automotive Group - Northstar Nova Compact Crossover - 0009,001000000000001AAA,005000000000011AAA,New Program,Northstar Nova Compact Crossover,Compact Crossover,ICE,Closed Won,Closed,1,727939.48,USD,2023-05-04,2023-11-21,,2023-11-21,0,true,true,,Existing Relationship,Platform Launch,,2023-11-16
006000000000010AAA,Northstar Automotive Group - Northstar Nova Compact Crossover - 0010,001000000000001AAA,005000000000011AAA,New Program,Northstar Nova Compact Crossover,Compact Crossover,ICE,Closed Lost,Closed,0,715451.34,USD,2023-09-05,2024-03-23,,2024-03-23,0,true,false,Price,Existing Relationship,Platform Launch,,2024-03-11
006000000000011AAA,Northstar Automotive Group - Northstar Nova Compact Crossover - 0011,001000000000001AAA,005000000000011AAA,New Program,Northstar Nova Compact Crossover,Compact Crossover,ICE,Closed Won,Closed,1,771087.1,USD,2023-01-07,2023-07-27,,2023-07-27,0,true,true,,Trade Event,Platform Launch,,2023-07-21
006000000000012AAA,Northstar Automotive Group - Northstar Nova Compact Crossover - 0012,001000000000001AAA,005000000000011AAA,New Program,Northstar Nova Compact Crossover,Compact Crossover,ICE,Proposal or Quote,Best Case,0.6,680053.5,USD,2023-09-17,2026-08-19,,2026-08-19,0,false,false,,Referral,Platform Launch,Confirm program timing,2026-05-28
006000000000013AAA,Northstar Automotive Group - Northstar Nova Compact Crossover - 0013,001000000000001AAA,005000000000011AAA,New Program,Northstar Nova Compact Crossover,Compact Crossover,ICE,Closed Won,Closed,1,724714.02,USD,2023-04-09,2023-10-14,,2023-10-14,0,true,true,,RFQ,Platform Launch,,2023-10-08
006000000000014AAA,Northstar Automotive Group - Northstar Nova Compact Crossover - 0014,001000000000001AAA,005000000000011AAA,New Program,Northstar Nova Compact Crossover,Compact Crossover,ICE,Closed Lost,Closed,0,554548.18,USD,2023-08-12,2024-02-26,,2024-02-26,0,true,false,Competitor,Partner,Platform Launch,,2024-02-07
006000000000015AAA,Northstar Automotive Group - Northstar Nova Compact Crossover - 0015,001000000000001AAA,005000000000011AAA,New Program,Northstar Nova Compact Crossover,Compact Crossover,ICE,Closed Lost,Closed,0,601698.46,USD,2023-08-13,2024-02-06,,2024-02-06,0,true,false,Price,RFQ,Platform Launch,,2024-01-30
006000000000016AAA,Northstar Automotive Group - Northstar Nova Compact Crossover - 0016,001000000000001AAA,005000000000011AAA,Expansion,Northstar Nova Compact Crossover,Compact Crossover,ICE,Closed Lost,Closed,0,1057832.65,USD,2024-09-12,2025-02-06,,2025-02-06,0,true,false,Technical Fit,Inbound,Platform Launch,,2025-01-26
006000000000017AAA,Northstar Automotive Group - Northstar Nova Compact Crossover - 0017,001000000000001AAA,005000000000011AAA,Expansion,Northstar Nova Compact Crossover,Compact Crossover,ICE,Closed Lost,Closed,0,784799.67,USD,2024-04-11,2024-09-04,,2024-09-04,0,true,false,Competitor,Referral,Platform Launch,,2024-08-24
006000000000018AAA,Northstar Automotive Group - Northstar Nova Compact Crossover - 0018,001000000000001AAA,005000000000011AAA,Expansion,Northstar Nova Compact Crossover,Compact Crossover,ICE,Closed Lost,Closed,0,1077446.04,USD,2024-01-01,2024-05-22,,2024-05-22,0,true,false,Technical Fit,Trade Event,Platform Launch,,2024-05-10
006000000000019AAA,Northstar Automotive Group - Northstar Nova Compact Crossover - 0019,001000000000001AAA,005000000000011AAA,Expansion,Northstar Nova Compact Crossover,Compact Crossover,ICE,Closed Lost,Closed,0,1021106.29,USD,2024-11-01,2025-04-17,,2025-04-17,0,true,false,Price,Existing Relationship,Platform Launch,,2025-03-27
006000000000020AAA,Northstar Automotive Group - Northstar Nova Compact Crossover - 0020,001000000000001AAA,005000000000011AAA,Expansion,Northstar Nova Compact Crossover,Compact Crossover,ICE,Closed Lost,Closed,0,949971.71,USD,2024-09-06,2025-02-03,,2025-02-03,0,true,false,Price,Existing Relationship,Platform Launch,,2025-01-24
006000000000021AAA,Northstar Automotive Group - Northstar Nova Compact Crossover - 0021,001000000000001AAA,005000000000011AAA,Expansion,Northstar Nova Compact Crossover,Compact Crossover,ICE,Closed Lost,Closed,0,1055677.63,USD,2024-10-26,2025-03-18,,2025-03-18,0,true,false,No Decision,RFQ,Platform Launch,,2025-03-16
006000000000022AAA,Northstar Automotive Group - Northstar Nova Compact Crossover - 0022,001000000000001AAA,005000000000011AAA,Expansion,Northstar Nova Compact Crossover,Compact Crossover,ICE,Closed Lost,Closed,0,1001547.4,USD,2024-02-01,2024-07-08,,2024-07-08,0,true,false,Price,Trade Event,Platform Launch,,2024-06-16
006000000000023AAA,Northstar Automotive Group - Northstar Nova Compact Crossover - 0023,001000000000001AAA,005000000000011AAA,Expansion,Northstar Nova Compact Crossover,Compact Crossover,ICE,Technical Review,Pipeline,0.4,1102154.05,USD,2024-02-01,2026-11-15,,2026-11-15,0,false,false,,Existing Relationship,Platform Launch,Confirm program timing,2026-05-27
006000000000024AAA,Northstar Automotive Group - Northstar Nova Compact Crossover - 0024,001000000000001AAA,005000000000011AAA,Expansion,Northstar Nova Compact Crossover,Compact Crossover,ICE,Closed Lost,Closed,0,1075135.36,USD,2024-02-18,2024-08-13,,2024-08-13,0,true,false,Timing,Referral,Platform Launch,,2024-07-24
006000000000025AAA,Northstar Automotive Group - Northstar Nova Compact Crossover - 0025,001000000000001AAA,005000000000011AAA,Expansion,Northstar Nova Compact Crossover,Compact Crossover,ICE,Closed Won,Closed,1,874694.86,USD,2024-11-30,2025-04-25,,2025-04-25,0,true,true,,Trade Event,Platform Launch,,2025-04-23
006000000000026AAA,Northstar Automotive Group - Northstar Nova Compact Crossover - 0026,001000000000001AAA,005000000000011AAA,Expansion,Northstar Nova Compact Crossover,Compact Crossover,ICE,Closed Won,Closed,1,1092449.76,USD,2024-10-07,2025-03-12,,2025-03-12,0,true,true,,Existing Relationship,Platform Launch,,2025-03-11
006000000000027AAA,Northstar Automotive Group - Northstar Nova Compact Crossover - 0027,001000000000001AAA,005000000000011AAA,Expansion,Northstar Nova Compact Crossover,Compact Crossover,ICE,Closed Lost,Closed,0,1077838.81,USD,2024-09-06,2025-02-17,,2025-02-17,0,true,false,Competitor,Inbound,Platform Launch,,2025-02-13
006000000000028AAA,Northstar Automotive Group - Northstar Nova Compact Crossover - 0028,001000000000001AAA,005000000000011AAA,Expansion,Northstar Nova Compact Crossover,Compact Crossover,ICE,Closed Won,Closed,1,1096437.36,USD,2024-11-28,2025-04-28,,2025-04-28,0,true,true,,Existing Relationship,Platform Launch,,2025-04-24
006000000000029AAA,Northstar Automotive Group - Northstar Nova Compact Crossover - 0029,001000000000001AAA,005000000000011AAA,Expansion,Northstar Nova Compact Crossover,Compact Crossover,ICE,Closed Lost,Closed,0,1064306.8,USD,2024-03-15,2024-08-16,,2024-08-16,0,true,false,Technical Fit,Existing Relationship,Platform Launch,,2024-08-03
006000000000030AAA,Northstar Automotive Group - Northstar Nova Compact Crossover - 0030,001000000000001AAA,005000000000011AAA,Expansion,Northstar Nova Compact Crossover,Compact Crossover,ICE,Closed Lost,Closed,0,1087127.07,USD,2024-02-09,2024-07-29,,2024-07-29,0,true,false,Price,Referral,Platform Launch,,2024-07-19
006000000000031AAA,Northstar Automotive Group - Northstar Nova Compact Crossover - 0031,001000000000001AAA,005000000000011AAA,Expansion,Northstar Nova Compact Crossover,Compact Crossover,ICE,Closed Won,Closed,1,1465252.59,USD,2025-01-06,2025-05-04,,2025-05-04,0,true,true,,Inbound,Platform Launch,,2025-04-14
006000000000032AAA,Northstar Automotive Group - Northstar Nova Compact Crossover - 0032,001000000000001AAA,005000000000011AAA,Expansion,Northstar Nova Compact Crossover,Compact Crossover,Hybrid,Closed Won,Closed,1,1379152.84,USD,2025-07-10,2025-11-28,,2025-11-28,0,true,true,,Inbound,Platform Launch,,2025-11-22
006000000000033AAA,Northstar Automotive Group - Northstar Nova Compact Crossover - 0033,001000000000001AAA,005000000000011AAA,Expansion,Northstar Nova Compact Crossover,Compact Crossover,ICE,Closed Won,Closed,1,1488383.48,USD,2025-02-13,2025-06-01,,2025-06-01,0,true,true,,Referral,Platform Launch,,2025-05-24
006000000000034AAA,Northstar Automotive Group - Northstar Nova Compact Crossover - 0034,001000000000001AAA,005000000000011AAA,Expansion,Northstar Nova Compact Crossover,Compact Crossover,Hybrid,Closed Won,Closed,1,1354678.57,USD,2025-07-05,2025-11-16,,2025-11-16,0,true,true,,RFQ,Platform Launch,,2025-10-25
006000000000035AAA,Northstar Automotive Group - Northstar Nova Compact Crossover - 0035,001000000000001AAA,005000000000011AAA,Expansion,Northstar Nova Compact Crossover,Compact Crossover,ICE,Closed Lost,Closed,0,1655300.31,USD,2025-09-23,2026-02-03,,2026-02-03,0,true,false,No Decision,Existing Relationship,Platform Launch,,2026-01-26
006000000000036AAA,Northstar Automotive Group - Northstar Nova Compact Crossover - 0036,001000000000001AAA,005000000000011AAA,Expansion,Northstar Nova Compact Crossover,Compact Crossover,Hybrid,Negotiation,Commit,0.8,1484515.97,USD,2025-08-09,2026-09-30,,2026-09-30,0,false,false,,Inbound,Platform Launch,Finalize commercial terms,2026-05-23
006000000000037AAA,Northstar Automotive Group - Northstar Nova Compact Crossover - 0037,001000000000001AAA,005000000000011AAA,Expansion,Northstar Nova Compact Crossover,Compact Crossover,Hybrid,Closed Won,Closed,1,1539243.07,USD,2025-12-03,2026-04-02,,2026-04-02,0,true,true,,Existing Relationship,Platform Launch,,2026-03-16
006000000000038AAA,Northstar Automotive Group - Northstar Nova Compact Crossover - 0038,001000000000001AAA,005000000000011AAA,Expansion,Northstar Nova Compact Crossover,Compact Crossover,ICE,Proposal or Quote,Best Case,0.6,1369780.49,USD,2025-06-20,2026-09-30,,2026-09-30,0,false,false,,Referral,Platform Launch,Validate product fit,2026-06-12
006000000000039AAA,Northstar Automotive Group - Northstar Nova Compact Crossover - 0039,001000000000001AAA,005000000000011AAA,Expansion,Northstar Nova Compact Crossover,Compact Crossover,Hybrid,Closed Lost,Closed,0,1429034.82,USD,2025-02-09,2025-06-04,,2025-06-04,0,true,false,Competitor,Existing Relationship,Platform Launch,,2025-05-29
006000000000040AAA,Northstar Automotive Group - Northstar Nova Compact Crossover - 0040,001000000000001AAA,005000000000011AAA,Expansion,Northstar Nova Compact Crossover,Compact Crossover,Hybrid,Closed Won,Closed,1,1349954.05,USD,2025-05-29,2025-10-17,,2025-10-17,0,true,true,,Existing Relationship,Platform Launch,,2025-09-29
006000000000041AAA,Northstar Automotive Group - Northstar Nova Compact Crossover - 0041,001000000000001AAA,005000000000011AAA,Expansion,Northstar Nova Compact Crossover,Compact Crossover,Hybrid,Closed Won,Closed,1,1690499.33,USD,2025-06-27,2025-11-15,,2025-11-15,0,true,true,,RFQ,Platform Launch,,2025-10-23
006000000000042AAA,Northstar Automotive Group - Northstar Nova Compact Crossover - 0042,001000000000001AAA,005000000000011AAA,Expansion,Northstar Nova Compact Crossover,Compact Crossover,Hybrid,Closed Lost,Closed,0,1432683.59,USD,2025-04-09,2025-08-11,,2025-08-11,0,true,false,Timing,RFQ,Platform Launch,,2025-07-18
006000000000043AAA,Northstar Automotive Group - Northstar Nova Compact Crossover - 0043,001000000000001AAA,005000000000011AAA,Expansion,Northstar Nova Compact Crossover,Compact Crossover,ICE,Closed Won,Closed,1,1403244.86,USD,2025-07-15,2025-11-29,,2025-11-29,0,true,true,,Inbound,Platform Launch,,2025-11-24
006000000000044AAA,Northstar Automotive Group - Northstar Nova Compact Crossover - 0044,001000000000001AAA,005000000000011AAA,Expansion,Northstar Nova Compact Crossover,Compact Crossover,ICE,Closed Won,Closed,1,1395702.28,USD,2025-10-01,2026-01-28,,2026-01-28,0,true,true,,Referral,Platform Launch,,2026-01-18
006000000000045AAA,Northstar Automotive Group - Northstar Nova Compact Crossover - 0045,001000000000001AAA,005000000000011AAA,Expansion,Northstar Nova Compact Crossover,Compact Crossover,Hybrid,Closed Lost,Closed,0,1357772.38,USD,2025-04-21,2025-08-26,,2025-08-26,0,true,false,No Decision,Referral,Platform Launch,,2025-08-14
006000000000046AAA,Northstar Automotive Group - Northstar Nova Compact Crossover - 0046,001000000000001AAA,005000000000011AAA,Expansion,Northstar Nova Compact Crossover,Compact Crossover,Hybrid,Proposal or Quote,Best Case,0.6,1654390.47,USD,2026-06-13,2026-09-28,,2026-09-28,0,false,false,,Trade Event,Platform Launch,Validate product fit,2026-05-18
006000000000047AAA,Northstar Automotive Group - Northstar Nova Compact Crossover - 0047,001000000000001AAA,005000000000011AAA,Expansion,Northstar Nova Compact Crossover,Compact Crossover,Hybrid,Negotiation,Commit,0.8,1833544.46,USD,2026-03-26,2026-07-06,,2026-07-06,0,false,false,,Inbound,Platform Launch,Confirm program timing,2026-05-23
006000000000048AAA,Northstar Automotive Group - Northstar Nova Compact Crossover - 0048,001000000000001AAA,005000000000011AAA,Expansion,Northstar Nova Compact Crossover,Compact Crossover,ICE,Proposal or Quote,Best Case,0.6,1664488.34,USD,2026-05-09,2026-08-20,,2026-08-20,0,false,false,,Inbound,Platform Launch,Finalize commercial terms,2026-06-06
006000000000049AAA,Northstar Automotive Group - Northstar Nova Compact Crossover - 0049,001000000000001AAA,005000000000011AAA,Expansion,Northstar Nova Compact Crossover,Compact Crossover,Hybrid,Closed Won,Closed,1,2072707.53,USD,2026-03-05,2026-05-30,,2026-05-30,0,true,true,,Partner,Platform Launch,,2026-05-14
006000000000050AAA,Northstar Automotive Group - Northstar Nova Compact Crossover - 0050,001000000000001AAA,005000000000011AAA,Expansion,Northstar Nova Compact Crossover,Compact Crossover,Hybrid,Proposal or Quote,Best Case,0.6,2263180.53,USD,2026-03-30,2026-07-15,,2026-07-15,0,false,false,,RFQ,Platform Launch,Complete technical review,2026-06-11
006000000000051AAA,Northstar Automotive Group - Northstar Nova Compact Crossover - 0051,001000000000001AAA,005000000000011AAA,Expansion,Northstar Nova Compact Crossover,Compact Crossover,Hybrid,Closed Won,Closed,1,2104796.61,USD,2026-03-24,2026-06-18,,2026-06-18,0,true,true,,RFQ,Platform Launch,,2026-06-17
006000000000052AAA,Northstar Automotive Group - Northstar Nova Compact Crossover - 0052,001000000000001AAA,005000000000011AAA,Expansion,Northstar Nova Compact Crossover,Compact Crossover,Hybrid,Proposal or Quote,Best Case,0.6,1880498.39,USD,2026-05-31,2026-09-12,,2026-09-12,0,false,false,,Trade Event,Platform Launch,Submit revised quotation,2026-06-19
006000000000053AAA,Northstar Automotive Group - Northstar Nova Compact Crossover - 0053,001000000000001AAA,005000000000011AAA,Expansion,Northstar Nova Compact Crossover,Compact Crossover,Hybrid,Closed Won,Closed,1,1703353.41,USD,2026-02-18,2026-06-01,,2026-06-01,0,true,true,,Partner,Platform Launch,,2026-05-29
006000000000054AAA,Northstar Automotive Group - Northstar Nova Compact Crossover - 0054,001000000000001AAA,005000000000011AAA,Expansion,Northstar Nova Compact Crossover,Compact Crossover,ICE,Negotiation,Commit,0.8,2014551.93,USD,2026-03-07,2026-08-04,,2026-08-04,0,false,false,,RFQ,Platform Launch,Finalize commercial terms,2026-05-29
006000000000055AAA,Northstar Automotive Group - Northstar Nova Compact Crossover - 0055,001000000000001AAA,005000000000011AAA,Expansion,Northstar Nova Compact Crossover,Compact Crossover,Hybrid,Closed Won,Closed,1,1427488.26,USD,2026-02-06,2026-05-03,,2026-05-03,0,true,true,,Inbound,Platform Launch,,2026-04-17
006000000000056AAA,Northstar Automotive Group - Northstar Nova Compact Crossover - 0056,001000000000001AAA,005000000000011AAA,Expansion,Northstar Nova Compact Crossover,Compact Crossover,Hybrid,Closed Won,Closed,1,1990519.47,USD,2026-02-26,2026-05-31,,2026-05-31,0,true,true,,RFQ,Platform Launch,,2026-05-13
006000000000057AAA,Northstar Automotive Group - Northstar Nova Compact Crossover - 0057,001000000000001AAA,005000000000011AAA,Expansion,Northstar Nova Compact Crossover,Compact Crossover,Hybrid,Qualification,Pipeline,0.2,1614485.89,USD,2026-02-01,2026-10-12,,2026-10-12,0,false,false,,RFQ,Platform Launch,Confirm program timing,2026-06-22
006000000000058AAA,Northstar Automotive Group - Northstar Nova Compact Crossover - 0058,001000000000001AAA,005000000000011AAA,Expansion,Northstar Nova Compact Crossover,Compact Crossover,ICE,Proposal or Quote,Best Case,0.6,1755091.43,USD,2026-05-22,2026-08-26,,2026-08-26,0,false,false,,Existing Relationship,Platform Launch,Complete technical review,2026-05-19
006000000000059AAA,Northstar Automotive Group - Northstar Nova Compact Crossover - 0059,001000000000001AAA,005000000000011AAA,Expansion,Northstar Nova Compact Crossover,Compact Crossover,ICE,Closed Won,Closed,1,2060496.05,USD,2026-01-05,2026-04-06,,2026-04-06,0,true,true,,Referral,Platform Launch,,2026-03-13
006000000000060AAA,Northstar Automotive Group - Northstar Nova Compact Crossover - 0060,001000000000001AAA,005000000000011AAA,Expansion,Northstar Nova Compact Crossover,Compact Crossover,Hybrid,Proposal or Quote,Best Case,0.6,1892809.31,USD,2026-02-01,2026-07-26,,2026-07-26,0,false,false,,Referral,Platform Launch,Confirm program timing,2026-05-18
006000000000061AAA,MetroVale Motors - MetroVale UrbanGo Platform - 0061,001000000000002AAA,005000000000019AAA,Expansion,MetroVale UrbanGo Platform,Urban Commuter,ICE,Closed Lost,Closed,0,831081.03,USD,2025-05-23,2025-12-12,,2025-12-12,0,true,false,Program Cancelled,Referral,Cost Reduction,,2025-12-10
006000000000062AAA,MetroVale Motors - MetroVale UrbanGo Platform - 0062,001000000000002AAA,005000000000019AAA,New Program,MetroVale UrbanGo Platform,Urban Commuter,ICE,Closed Lost,Closed,0,1227790.91,USD,2025-02-12,2025-09-21,,2025-09-21,0,true,false,Competitor,Existing Relationship,Cost Reduction,,2025-09-17
006000000000063AAA,MetroVale Motors - MetroVale UrbanGo Platform - 0063,001000000000002AAA,005000000000019AAA,Expansion,MetroVale UrbanGo Platform,Urban Commuter,Hybrid,Technical Review,Pipeline,0.4,1066110.31,USD,2026-02-19,2026-11-13,,2026-11-13,0,false,false,,Referral,Cost Reduction,Complete technical review,2026-06-25
006000000000064AAA,MetroVale Motors - MetroVale UrbanGo Platform - 0064,001000000000002AAA,005000000000019AAA,Expansion,MetroVale UrbanGo Platform,Urban Commuter,ICE,Proposal or Quote,Best Case,0.6,1467761.54,USD,2025-12-04,2026-07-03,,2026-07-03,0,false,false,,RFQ,Cost Reduction,Validate product fit,2026-06-01
006000000000065AAA,MetroVale Motors - MetroVale UrbanGo Platform - 0065,001000000000002AAA,005000000000019AAA,New Program,MetroVale UrbanGo Platform,Urban Commuter,Hybrid,Proposal or Quote,Best Case,0.6,898241.06,USD,2026-04-11,2026-12-24,,2026-12-24,0,false,false,,Inbound,Cost Reduction,Submit revised quotation,2026-06-11
006000000000066AAA,MetroVale Motors - MetroVale UrbanGo Platform - 0066,001000000000002AAA,005000000000019AAA,Expansion,MetroVale UrbanGo Platform,Urban Commuter,Hybrid,Qualification,Pipeline,0.2,892223.18,USD,2026-06-10,2027-01-12,,2027-01-12,0,false,false,,Existing Relationship,Cost Reduction,Finalize commercial terms,2026-06-06
006000000000067AAA,MetroVale Motors - MetroVale UrbanGo Platform - 0067,001000000000002AAA,005000000000019AAA,Expansion,MetroVale UrbanGo Platform,Urban Commuter,Hybrid,Qualification,Pipeline,0.2,1028242.12,USD,2026-03-14,2026-11-08,,2026-11-08,0,false,false,,Existing Relationship,Cost Reduction,Submit revised quotation,2026-06-13
006000000000068AAA,MetroVale Motors - MetroVale UrbanGo Platform - 0068,001000000000002AAA,005000000000019AAA,Requote,MetroVale UrbanGo Platform,Urban Commuter,ICE,Closed Won,Closed,1,1031558.36,USD,2025-04-04,2025-12-06,,2025-12-06,0,true,true,,Existing Relationship,Cost Reduction,,2025-12-02
006000000000069AAA,MetroVale Motors - MetroVale UrbanGo Platform - 0069,001000000000002AAA,005000000000019AAA,New Program,MetroVale UrbanGo Platform,Urban Commuter,Hybrid,Qualification,Pipeline,0.2,831395.9,USD,2026-05-09,2027-01-20,,2027-01-20,0,false,false,,RFQ,Cost Reduction,Complete technical review,2026-05-26
006000000000070AAA,MetroVale Motors - MetroVale UrbanGo Platform - 0070,001000000000002AAA,005000000000019AAA,New Program,MetroVale UrbanGo Platform,Urban Commuter,ICE,Closed Won,Closed,1,1096237.76,USD,2025-08-12,2026-02-22,,2026-02-22,0,true,true,,Existing Relationship,Cost Reduction,,2026-02-21
006000000000071AAA,MetroVale Motors - MetroVale UrbanGo Platform - 0071,001000000000002AAA,005000000000019AAA,Expansion,MetroVale UrbanGo Platform,Urban Commuter,ICE,Closed Won,Closed,1,1241226.86,USD,2024-04-07,2024-11-14,,2024-11-14,0,true,true,,Partner,Cost Reduction,,2024-10-31
006000000000072AAA,MetroVale Motors - MetroVale UrbanGo Platform - 0072,001000000000002AAA,005000000000019AAA,New Program,MetroVale UrbanGo Platform,Urban Commuter,ICE,Closed Lost,Closed,0,1533213.7,USD,2025-06-02,2026-02-25,,2026-02-25,0,true,false,No Decision,Partner,Cost Reduction,,2026-02-06
006000000000073AAA,MetroVale Motors - MetroVale UrbanGo Platform - 0073,001000000000002AAA,005000000000019AAA,Expansion,MetroVale UrbanGo Platform,Urban Commuter,ICE,Closed Lost,Closed,0,1006277.95,USD,2025-05-29,2025-12-15,,2025-12-15,0,true,false,No Decision,Existing Relationship,Cost Reduction,,2025-11-22
006000000000074AAA,MetroVale Motors - MetroVale UrbanGo Platform - 0074,001000000000002AAA,005000000000019AAA,Replacement,MetroVale UrbanGo Platform,Urban Commuter,ICE,Negotiation,Commit,0.8,1167976.85,USD,2026-01-19,2026-08-01,,2026-08-01,0,false,false,,Inbound,Cost Reduction,Confirm program timing,2026-06-03
006000000000075AAA,MetroVale Motors - MetroVale UrbanGo Platform - 0075,001000000000002AAA,005000000000019AAA,New Program,MetroVale UrbanGo Platform,Urban Commuter,ICE,Closed Lost,Closed,0,1189474.41,USD,2025-03-07,2025-09-25,,2025-09-25,0,true,false,Price,RFQ,Cost Reduction,,2025-09-21
006000000000076AAA,MetroVale Motors - MetroVale UrbanGo Platform - 0076,001000000000002AAA,005000000000019AAA,New Program,MetroVale UrbanGo Platform,Urban Commuter,ICE,Closed Won,Closed,1,899143.54,USD,2025-04-30,2025-12-08,,2025-12-08,0,true,true,,Inbound,Cost Reduction,,2025-12-05
006000000000077AAA,MetroVale Motors - MetroVale UrbanGo Platform - 0077,001000000000002AAA,005000000000019AAA,New Program,MetroVale UrbanGo Platform,Urban Commuter,Hybrid,Proposal or Quote,Best Case,0.6,1396522.4,USD,2026-06-14,2026-12-26,,2026-12-26,0,false,false,,Inbound,Cost Reduction,Complete technical review,2026-06-20
006000000000078AAA,MetroVale Motors - MetroVale UrbanGo Platform - 0078,001000000000002AAA,005000000000019AAA,New Program,MetroVale UrbanGo Platform,Urban Commuter,ICE,Closed Lost,Closed,0,1458894.37,USD,2025-03-31,2025-11-25,,2025-11-25,0,true,false,No Decision,RFQ,Cost Reduction,,2025-11-17
006000000000079AAA,MetroVale Motors - MetroVale UrbanGo Platform - 0079,001000000000002AAA,005000000000019AAA,Replacement,MetroVale UrbanGo Platform,Urban Commuter,ICE,Closed Won,Closed,1,1267374.15,USD,2025-12-06,2026-06-29,,2026-06-29,0,true,true,,Existing Relationship,Cost Reduction,,2026-06-21
006000000000080AAA,MetroVale Motors - MetroVale UrbanGo Platform - 0080,001000000000002AAA,005000000000019AAA,Requote,MetroVale UrbanGo Platform,Urban Commuter,Hybrid,Technical Review,Pipeline,0.4,827903.57,USD,2026-03-16,2026-11-28,,2026-11-28,0,false,false,,Existing Relationship,Cost Reduction,Confirm program timing,2026-06-04
006000000000081AAA,MetroVale Motors - MetroVale UrbanGo Platform - 0081,001000000000002AAA,005000000000019AAA,Requote,MetroVale UrbanGo Platform,Urban Commuter,ICE,Closed Lost,Closed,0,796801.77,USD,2024-08-23,2025-03-06,,2025-03-06,0,true,false,Competitor,RFQ,Cost Reduction,,2025-03-03
006000000000082AAA,MetroVale Motors - MetroVale UrbanGo Platform - 0082,001000000000002AAA,005000000000019AAA,Requote,MetroVale UrbanGo Platform,Urban Commuter,ICE,Negotiation,Commit,0.8,892269.59,USD,2025-11-13,2026-08-08,,2026-08-08,0,false,false,,Referral,Cost Reduction,Validate product fit,2026-05-16
006000000000083AAA,MetroVale Motors - MetroVale UrbanGo Platform - 0083,001000000000002AAA,005000000000019AAA,Replacement,MetroVale UrbanGo Platform,Urban Commuter,ICE,Closed Lost,Closed,0,1314407.84,USD,2024-09-19,2025-06-01,,2025-06-01,0,true,false,Technical Fit,Existing Relationship,Cost Reduction,,2025-05-31
006000000000084AAA,MetroVale Motors - MetroVale UrbanGo Platform - 0084,001000000000002AAA,005000000000019AAA,Expansion,MetroVale UrbanGo Platform,Urban Commuter,ICE,Proposal or Quote,Best Case,0.6,1330170.8,USD,2024-03-29,2026-12-19,,2026-12-19,0,false,false,,Trade Event,Cost Reduction,Submit revised quotation,2026-06-18
006000000000085AAA,MetroVale Motors - MetroVale UrbanGo Platform - 0085,001000000000002AAA,005000000000019AAA,Expansion,MetroVale UrbanGo Platform,Urban Commuter,ICE,Proposal or Quote,Best Case,0.6,927717.02,USD,2026-04-06,2026-10-29,,2026-10-29,0,false,false,,RFQ,Cost Reduction,Validate product fit,2026-05-25
006000000000086AAA,MetroVale Motors - MetroVale UrbanGo Platform - 0086,001000000000002AAA,005000000000019AAA,Replacement,MetroVale UrbanGo Platform,Urban Commuter,ICE,Closed Lost,Closed,0,1008743.58,USD,2024-11-15,2025-07-28,,2025-07-28,0,true,false,Technical Fit,Existing Relationship,Cost Reduction,,2025-07-07
006000000000087AAA,MetroVale Motors - MetroVale UrbanGo Platform - 0087,001000000000002AAA,005000000000019AAA,Replacement,MetroVale UrbanGo Platform,Urban Commuter,ICE,Technical Review,Pipeline,0.4,1106166.22,USD,2025-10-22,2026-12-15,,2026-12-15,0,false,false,,Referral,Cost Reduction,Validate product fit,2026-06-25
006000000000088AAA,MetroVale Motors - MetroVale UrbanGo Platform - 0088,001000000000002AAA,005000000000019AAA,New Program,MetroVale UrbanGo Platform,Urban Commuter,ICE,Closed Lost,Closed,0,1256233.97,USD,2025-07-02,2026-02-08,,2026-02-08,0,true,false,Competitor,Existing Relationship,Cost Reduction,,2026-01-15
006000000000089AAA,MetroVale Motors - MetroVale UrbanGo Platform - 0089,001000000000002AAA,005000000000019AAA,Replacement,MetroVale UrbanGo Platform,Urban Commuter,Hybrid,Qualification,Pipeline,0.2,1112206.16,USD,2026-05-29,2027-02-11,,2027-02-11,0,false,false,,Trade Event,Cost Reduction,Submit revised quotation,2026-06-10
006000000000090AAA,MetroVale Motors - MetroVale UrbanGo Platform - 0090,001000000000002AAA,005000000000019AAA,Requote,MetroVale UrbanGo Platform,Urban Commuter,ICE,Closed Lost,Closed,0,750425.79,USD,2025-12-10,2026-06-28,,2026-06-28,0,true,false,No Decision,Existing Relationship,Cost Reduction,,2026-06-03
006000000000091AAA,MetroVale Motors - MetroVale UrbanGo Platform - 0091,001000000000002AAA,005000000000019AAA,Expansion,MetroVale UrbanGo Platform,Urban Commuter,ICE,Qualification,Pipeline,0.2,1418502.96,USD,2026-04-05,2026-11-30,,2026-11-30,0,false,false,,Trade Event,Cost Reduction,Complete technical review,2026-05-19
006000000000092AAA,MetroVale Motors - MetroVale UrbanGo Platform - 0092,001000000000002AAA,005000000000019AAA,New Program,MetroVale UrbanGo Platform,Urban Commuter,ICE,Closed Won,Closed,1,1330039.62,USD,2024-12-10,2025-07-29,,2025-07-29,0,true,true,,RFQ,Cost Reduction,,2025-07-18
006000000000093AAA,MetroVale Motors - MetroVale UrbanGo Platform - 0093,001000000000002AAA,005000000000019AAA,New Program,MetroVale UrbanGo Platform,Urban Commuter,ICE,Proposal or Quote,Best Case,0.6,970974.31,USD,2025-12-10,2026-08-31,,2026-08-31,0,false,false,,Partner,Cost Reduction,Finalize commercial terms,2026-05-30
006000000000094AAA,MetroVale Motors - MetroVale UrbanGo Platform - 0094,001000000000002AAA,005000000000019AAA,Expansion,MetroVale UrbanGo Platform,Urban Commuter,ICE,Closed Lost,Closed,0,950816.65,USD,2025-08-06,2026-02-24,,2026-02-24,0,true,false,Technical Fit,RFQ,Cost Reduction,,2026-01-31
006000000000095AAA,MetroVale Motors - MetroVale UrbanGo Platform - 0095,001000000000002AAA,005000000000019AAA,New Program,MetroVale UrbanGo Platform,Urban Commuter,ICE,Proposal or Quote,Best Case,0.6,1098828.6,USD,2026-02-03,2026-10-03,,2026-10-03,0,false,false,,RFQ,Cost Reduction,Finalize commercial terms,2026-06-24
006000000000096AAA,MetroVale Motors - MetroVale UrbanGo Platform - 0096,001000000000002AAA,005000000000019AAA,Replacement,MetroVale UrbanGo Platform,Urban Commuter,ICE,Closed Lost,Closed,0,1342094.75,USD,2025-03-20,2025-11-26,,2025-11-26,0,true,false,No Decision,RFQ,Cost Reduction,,2025-11-20
006000000000097AAA,MetroVale Motors - MetroVale UrbanGo Platform - 0097,001000000000002AAA,005000000000019AAA,New Program,MetroVale UrbanGo Platform,Urban Commuter,ICE,Technical Review,Pipeline,0.4,1110972.2,USD,2024-11-27,2026-08-16,,2026-08-16,0,false,false,,Trade Event,Cost Reduction,Submit revised quotation,2026-06-15
006000000000098AAA,MetroVale Motors - MetroVale UrbanGo Platform - 0098,001000000000002AAA,005000000000019AAA,Replacement,MetroVale UrbanGo Platform,Urban Commuter,ICE,Prospecting,Pipeline,0.1,1542284.84,USD,2026-06-14,2027-01-08,,2027-01-08,0,false,false,,Existing Relationship,Cost Reduction,Complete technical review,2026-05-22
006000000000099AAA,MetroVale Motors - MetroVale UrbanGo Platform - 0099,001000000000002AAA,005000000000019AAA,Requote,MetroVale UrbanGo Platform,Urban Commuter,Hybrid,Technical Review,Pipeline,0.4,1105723.06,USD,2026-02-17,2026-09-10,,2026-09-10,0,false,false,,Existing Relationship,Cost Reduction,Submit revised quotation,2026-06-07
006000000000100AAA,MetroVale Motors - MetroVale UrbanGo Platform - 0100,001000000000002AAA,005000000000019AAA,New Program,MetroVale UrbanGo Platform,Urban Commuter,ICE,Closed Won,Closed,1,1127933.54,USD,2024-03-20,2024-10-21,,2024-10-21,0,true,true,,Trade Event,Cost Reduction,,2024-10-17
006000000000101AAA,MetroVale Motors - MetroVale UrbanGo Platform - 0101,001000000000002AAA,005000000000019AAA,Expansion,MetroVale UrbanGo Platform,Urban Commuter,ICE,Closed Won,Closed,1,1540341.56,USD,2024-09-19,2025-04-24,,2025-04-24,0,true,true,,RFQ,Cost Reduction,,2025-04-02
006000000000102AAA,MetroVale Motors - MetroVale UrbanGo Platform - 0102,001000000000002AAA,005000000000019AAA,Expansion,MetroVale UrbanGo Platform,Urban Commuter,ICE,Proposal or Quote,Best Case,0.6,1418950.88,USD,2026-02-27,2026-09-07,,2026-09-07,0,false,false,,Existing Relationship,Cost Reduction,Confirm program timing,2026-06-15
006000000000103AAA,MetroVale Motors - MetroVale UrbanGo Platform - 0103,001000000000002AAA,005000000000019AAA,Replacement,MetroVale UrbanGo Platform,Urban Commuter,ICE,Closed Lost,Closed,0,862575.96,USD,2025-04-08,2025-10-12,,2025-10-12,0,true,false,No Decision,Existing Relationship,Cost Reduction,,2025-10-03
006000000000104AAA,MetroVale Motors - MetroVale UrbanGo Platform - 0104,001000000000002AAA,005000000000019AAA,New Program,MetroVale UrbanGo Platform,Urban Commuter,ICE,Closed Won,Closed,1,1388056.42,USD,2024-05-21,2024-12-05,,2024-12-05,0,true,true,,RFQ,Cost Reduction,,2024-11-14
006000000000105AAA,MetroVale Motors - MetroVale UrbanGo Platform - 0105,001000000000002AAA,005000000000019AAA,Replacement,MetroVale UrbanGo Platform,Urban Commuter,ICE,Negotiation,Commit,0.8,763971.86,USD,2025-04-18,2026-07-27,,2026-07-27,0,false,false,,Trade Event,Cost Reduction,Finalize commercial terms,2026-06-24
006000000000106AAA,MetroVale Motors - MetroVale UrbanGo Platform - 0106,001000000000002AAA,005000000000019AAA,Replacement,MetroVale UrbanGo Platform,Urban Commuter,ICE,Closed Won,Closed,1,1339284.72,USD,2025-05-06,2026-01-20,,2026-01-20,0,true,true,,Trade Event,Cost Reduction,,2026-01-15
006000000000107AAA,MetroVale Motors - MetroVale UrbanGo Platform - 0107,001000000000002AAA,005000000000019AAA,New Program,MetroVale UrbanGo Platform,Urban Commuter,Hybrid,Prospecting,Pipeline,0.1,890397.23,USD,2026-05-17,2027-01-15,,2027-01-15,0,false,false,,Existing Relationship,Cost Reduction,Complete technical review,2026-05-19
006000000000108AAA,MetroVale Motors - MetroVale UrbanGo Platform - 0108,001000000000002AAA,005000000000019AAA,Expansion,MetroVale UrbanGo Platform,Urban Commuter,ICE,Closed Won,Closed,1,1271009.6,USD,2025-01-15,2025-07-26,,2025-07-26,0,true,true,,Existing Relationship,Cost Reduction,,2025-07-13
006000000000109AAA,MetroVale Motors - MetroVale UrbanGo Platform - 0109,001000000000002AAA,005000000000019AAA,Requote,MetroVale UrbanGo Platform,Urban Commuter,ICE,Closed Won,Closed,1,1487463.07,USD,2024-11-04,2025-06-02,,2025-06-02,0,true,true,,Inbound,Cost Reduction,,2025-05-16
006000000000110AAA,MetroVale Motors - MetroVale UrbanGo Platform - 0110,001000000000002AAA,005000000000019AAA,New Program,MetroVale UrbanGo Platform,Urban Commuter,ICE,Closed Won,Closed,1,1545207.87,USD,2024-01-31,2024-09-28,,2024-09-28,0,true,true,,Referral,Cost Reduction,,2024-09-16
006000000000111AAA,MetroVale Motors - MetroVale UrbanGo Platform - 0111,001000000000002AAA,005000000000019AAA,New Program,MetroVale UrbanGo Platform,Urban Commuter,ICE,Closed Won,Closed,1,905166.64,USD,2025-08-03,2026-04-04,,2026-04-04,0,true,true,,RFQ,Cost Reduction,,2026-03-10
006000000000112AAA,MetroVale Motors - MetroVale UrbanGo Platform - 0112,001000000000002AAA,005000000000019AAA,Expansion,MetroVale UrbanGo Platform,Urban Commuter,ICE,Closed Won,Closed,1,833562.36,USD,2025-04-18,2025-12-28,,2025-12-28,0,true,true,,RFQ,Cost Reduction,,2025-12-20
006000000000113AAA,MetroVale Motors - MetroVale UrbanGo Platform - 0113,001000000000002AAA,005000000000019AAA,Replacement,MetroVale UrbanGo Platform,Urban Commuter,ICE,Closed Won,Closed,1,899349.34,USD,2025-07-27,2026-04-13,,2026-04-13,0,true,true,,Trade Event,Cost Reduction,,2026-03-22
006000000000114AAA,MetroVale Motors - MetroVale UrbanGo Platform - 0114,001000000000002AAA,005000000000019AAA,Replacement,MetroVale UrbanGo Platform,Urban Commuter,ICE,Technical Review,Pipeline,0.4,1303150.66,USD,2024-09-23,2026-10-09,,2026-10-09,0,false,false,,Existing Relationship,Cost Reduction,Finalize commercial terms,2026-06-10
006000000000115AAA,MetroVale Motors - MetroVale UrbanGo Platform - 0115,001000000000002AAA,005000000000019AAA,New Program,MetroVale UrbanGo Platform,Urban Commuter,ICE,Negotiation,Commit,0.8,1072402.35,USD,2025-08-31,2026-09-04,,2026-09-04,0,false,false,,Existing Relationship,Cost Reduction,Validate product fit,2026-06-05
006000000000116AAA,Northstar Automotive Group - Northstar WorkLine Truck - 0116,001000000000001AAA,005000000000012AAA,New Program,Northstar WorkLine Truck,Light Truck,Hybrid,Negotiation,Pipeline,0.8,2433178.55,USD,2025-07-30,2026-05-29,,2027-01-26,0,false,false,,Inbound,Supplier Consolidation,Confirm program timing,2026-06-09
006000000000117AAA,Summit Motorworks - Summit Vista Crossover - 0117,001000000000003AAA,005000000000012AAA,Expansion,Summit Vista Crossover,Compact Crossover,ICE,Proposal or Quote,Best Case,0.6,2582065.04,USD,2025-09-08,2026-08-31,,2026-08-31,0,false,false,,Trade Event,Supplier Consolidation,Confirm program timing,2026-06-03
006000000000118AAA,Continental Mobility Systems - Continental CityMotion Vehicle - 0118,001000000000004AAA,005000000000015AAA,Expansion,Continental CityMotion Vehicle,Urban Commuter,Hybrid,Negotiation,Commit,0.8,5061703.11,USD,2025-11-10,2026-09-26,,2026-09-26,0,false,false,,Existing Relationship,Supplier Consolidation,Validate product fit,2026-06-03
006000000000119AAA,Aurora Vehicle Works - Aurora ServicePlus Program - 0119,001000000000005AAA,005000000000027AAA,New Program,Aurora ServicePlus Program,Aftermarket Program,Hybrid,Negotiation,Pipeline,0.8,3805241.25,USD,2025-09-29,2026-04-16,,2026-11-29,0,false,false,,RFQ,Supplier Consolidation,Validate product fit,2026-06-11
006000000000120AAA,Rio Grande Mobility - Rio Nova Compact Program - 0120,001000000000006AAA,005000000000030AAA,Expansion,Rio Nova Compact Program,Compact Crossover,Hybrid,Proposal or Quote,Best Case,0.6,2983303.06,USD,2026-05-27,2026-04-04,2026-05-27,2026-07-20,1,false,false,,RFQ,Supplier Consolidation,Validate product fit,2026-06-15
006000000000121AAA,Northstar Automotive Group - Northstar UtilityPro Program - 0121,001000000000001AAA,005000000000014AAA,Replacement,Northstar UtilityPro Program,Light Truck,Hybrid,Technical Review,Pipeline,0.4,2369727.38,USD,2025-06-04,2026-08-25,2026-10-02,2026-11-09,2,false,false,,Trade Event,Supplier Consolidation,Complete technical review,2026-06-28
006000000000122AAA,Summit Motorworks - Summit Meridian Sedan - 0122,001000000000003AAA,005000000000012AAA,Requote,Summit Meridian Sedan,Mid-Size Sedan,Hybrid,Technical Review,Pipeline,0.4,2838556.92,USD,2026-04-17,2026-07-23,,2026-07-23,0,false,false,,Referral,Supplier Consolidation,Confirm program timing,2026-06-22
006000000000123AAA,Continental Mobility Systems - Continental CityTrail Compact - 0123,001000000000004AAA,005000000000017AAA,New Program,Continental CityTrail Compact,Compact Crossover,ICE,Proposal or Quote,Best Case,0.6,2470222.03,USD,2025-11-14,2026-07-22,,2026-07-22,0,false,false,,Existing Relationship,Supplier Consolidation,Finalize commercial terms,2026-05-26
006000000000124AAA,Aurora Vehicle Works - Aurora UrbanGo Platform - 0124,001000000000005AAA,005000000000028AAA,New Program,Aurora UrbanGo Platform,Urban Commuter,ICE,Proposal or Quote,Best Case,0.6,4544420.16,USD,2026-05-16,2026-06-28,2026-08-20,2026-10-12,1,false,false,,RFQ,Supplier Consolidation,Finalize commercial terms,2026-05-30
006000000000125AAA,Rio Grande Mobility - Rio ServicePlus Program - 0125,001000000000006AAA,005000000000029AAA,Expansion,Rio ServicePlus Program,Aftermarket Program,ICE,Technical Review,Pipeline,0.4,2841382.72,USD,2025-07-31,2026-09-16,,2026-09-16,0,false,false,,RFQ,Supplier Consolidation,Confirm program timing,2026-06-11
006000000000126AAA,Northstar Automotive Group - Northstar Vista Crossover - 0126,001000000000001AAA,005000000000014AAA,Requote,Northstar Vista Crossover,Compact Crossover,Hybrid,Proposal or Quote,Best Case,0.6,4778582.52,USD,2026-04-14,2026-05-05,,2026-08-31,0,false,false,,Existing Relationship,Supplier Consolidation,Complete technical review,2026-06-24
006000000000127AAA,Summit Motorworks - Summit Meridian Sedan - 0127,001000000000003AAA,005000000000014AAA,New Program,Summit Meridian Sedan,Mid-Size Sedan,ICE,Proposal or Quote,Pipeline,0.6,4135373.28,USD,2026-02-17,2026-05-01,,2026-11-25,0,false,false,,Existing Relationship,Supplier Consolidation,Finalize commercial terms,2026-05-28
006000000000128AAA,Continental Mobility Systems - Continental TrailForge Platform - 0128,001000000000004AAA,005000000000015AAA,New Program,Continental TrailForge Platform,Light Truck,Hybrid,Negotiation,Commit,0.8,3906521.59,USD,2025-09-13,2026-09-27,,2026-09-27,0,false,false,,RFQ,Supplier Consolidation,Confirm program timing,2026-06-27
006000000000129AAA,Aurora Vehicle Works - Aurora ServicePlus Program - 0129,001000000000005AAA,005000000000028AAA,Replacement,Aurora ServicePlus Program,Aftermarket Program,Hybrid,Technical Review,Pipeline,0.4,4746361.6,USD,2026-01-15,2026-07-01,2026-08-15,2026-09-30,1,false,false,,Referral,Supplier Consolidation,Confirm program timing,2026-06-07
006000000000130AAA,Rio Grande Mobility - Rio CityTrail Compact - 0130,001000000000006AAA,005000000000029AAA,Expansion,Rio CityTrail Compact,Compact Crossover,ICE,Proposal or Quote,Best Case,0.6,2364268.4,USD,2026-02-02,2026-07-08,,2026-07-08,0,false,false,,Existing Relationship,Supplier Consolidation,Complete technical review,2026-06-27
006000000000131AAA,Northstar Automotive Group - Northstar TrailForge Platform - 0131,001000000000001AAA,005000000000012AAA,Replacement,Northstar TrailForge Platform,Light Truck,ICE,Technical Review,Pipeline,0.4,4995228.07,USD,2025-11-25,2026-09-15,,2026-09-15,0,false,false,,Partner,Supplier Consolidation,Validate product fit,2026-06-24
006000000000132AAA,Summit Motorworks - Summit CityMotion Vehicle - 0132,001000000000003AAA,005000000000014AAA,New Program,Summit CityMotion Vehicle,Urban Commuter,ICE,Technical Review,Pipeline,0.4,4282552.6,USD,2026-04-01,2026-04-16,2026-05-30,2026-07-14,3,false,false,,Trade Event,Supplier Consolidation,Complete technical review,2026-05-21
006000000000133AAA,Continental Mobility Systems - Continental Nova Compact Program - 0133,001000000000004AAA,005000000000015AAA,Replacement,Continental Nova Compact Program,Compact Crossover,Hybrid,Technical Review,Pipeline,0.4,2203974.25,USD,2025-06-10,2026-05-28,2026-07-14,2026-08-30,3,false,false,,Existing Relationship,Supplier Consolidation,Complete technical review,2026-06-12
006000000000134AAA,Aurora Vehicle Works - Aurora Avenue Platform - 0134,001000000000005AAA,005000000000028AAA,New Program,Aurora Avenue Platform,Mid-Size Sedan,ICE,Proposal or Quote,Best Case,0.6,4983055.15,USD,2025-05-12,2026-04-17,2026-06-11,2026-08-05,3,false,false,,RFQ,Supplier Consolidation,Finalize commercial terms,2026-05-19
006000000000135AAA,Rio Grande Mobility - Rio Nova Compact Program - 0135,001000000000006AAA,005000000000030AAA,Replacement,Rio Nova Compact Program,Compact Crossover,Hybrid,Proposal or Quote,Best Case,0.6,2525892.39,USD,2025-12-22,2026-06-29,2026-07-22,2026-08-14,2,false,false,,RFQ,Supplier Consolidation,Submit revised quotation,2026-06-01
006000000000136AAA,Northstar Automotive Group - Northstar Summit Sedan - 0136,001000000000001AAA,005000000000014AAA,Expansion,Northstar Summit Sedan,Mid-Size Sedan,ICE,Negotiation,Best Case,0.8,3545820.18,USD,2025-09-12,2026-07-12,2026-09-23,2026-12-06,1,false,false,,Partner,Supplier Consolidation,Confirm program timing,2026-05-25
006000000000137AAA,Summit Motorworks - Summit Avenue Platform - 0137,001000000000003AAA,005000000000014AAA,Expansion,Summit Avenue Platform,Mid-Size Sedan,Hybrid,Proposal or Quote,Best Case,0.6,4488360.92,USD,2026-02-18,2026-09-24,,2026-09-24,0,false,false,,Referral,Supplier Consolidation,Submit revised quotation,2026-05-16
006000000000138AAA,Continental Mobility Systems - Continental RoadReady Replacement - 0138,001000000000004AAA,005000000000015AAA,Replacement,Continental RoadReady Replacement,Aftermarket Program,Hybrid,Proposal or Quote,Best Case,0.6,2575095.37,USD,2025-06-04,2026-06-19,,2026-09-24,0,false,false,,Referral,Supplier Consolidation,Confirm program timing,2026-06-12
006000000000139AAA,Aurora Vehicle Works - Aurora UtilityPro Program - 0139,001000000000005AAA,005000000000027AAA,New Program,Aurora UtilityPro Program,Light Truck,ICE,Proposal or Quote,Best Case,0.6,2689456.71,USD,2025-08-16,2026-07-08,,2026-07-08,0,false,false,,Trade Event,Supplier Consolidation,Confirm program timing,2026-05-27
006000000000140AAA,Rio Grande Mobility - Rio Horizon Crossover - 0140,001000000000006AAA,005000000000030AAA,Replacement,Rio Horizon Crossover,Compact Crossover,ICE,Proposal or Quote,Best Case,0.6,4386315.18,USD,2026-03-14,2026-06-05,,2026-08-01,0,false,false,,Inbound,Supplier Consolidation,Confirm program timing,2026-06-25
006000000000141AAA,Northstar Automotive Group - Northstar Horizon Crossover - 0141,001000000000001AAA,005000000000013AAA,Expansion,Northstar Horizon Crossover,Compact Crossover,ICE,Proposal or Quote,Best Case,0.6,4551283.68,USD,2025-07-25,2026-09-17,,2026-09-17,0,false,false,,RFQ,Supplier Consolidation,Validate product fit,2026-06-04
006000000000142AAA,Summit Motorworks - Summit FleetWay Program - 0142,001000000000003AAA,005000000000014AAA,Requote,Summit FleetWay Program,Fleet Van,ICE,Technical Review,Pipeline,0.4,4704602.12,USD,2025-11-20,2026-09-03,,2026-09-03,0,false,false,,Inbound,Supplier Consolidation,Submit revised quotation,2026-06-06
006000000000143AAA,Continental Mobility Systems - Continental Avenue Platform - 0143,001000000000004AAA,005000000000017AAA,New Program,Continental Avenue Platform,Mid-Size Sedan,ICE,Proposal or Quote,Best Case,0.6,4577544.73,USD,2025-11-06,2026-07-18,,2026-07-18,0,false,false,,Existing Relationship,Supplier Consolidation,Confirm program timing,2026-06-25
006000000000144AAA,Aurora Vehicle Works - Aurora Avenue Platform - 0144,001000000000005AAA,005000000000028AAA,Replacement,Aurora Avenue Platform,Mid-Size Sedan,Hybrid,Technical Review,Pipeline,0.4,4008669.95,USD,2025-09-17,2026-04-20,2026-06-06,2026-07-24,2,false,false,,RFQ,Supplier Consolidation,Submit revised quotation,2026-05-17
006000000000145AAA,Rio Grande Mobility - Rio MetroOne Program - 0145,001000000000006AAA,005000000000030AAA,New Program,Rio MetroOne Program,Urban Commuter,ICE,Proposal or Quote,Pipeline,0.6,4499257.98,USD,2025-08-25,2026-05-03,,2027-01-06,0,false,false,,Trade Event,Supplier Consolidation,Complete technical review,2026-05-28
006000000000146AAA,Northstar Automotive Group - Northstar ServicePlus Program - 0146,001000000000001AAA,005000000000014AAA,New Program,Northstar ServicePlus Program,Aftermarket Program,ICE,Technical Review,Pipeline,0.4,3511589.26,USD,2026-03-01,2026-05-05,2026-07-02,2026-08-29,2,false,false,,Trade Event,Supplier Consolidation,Complete technical review,2026-06-12
006000000000147AAA,Summit Motorworks - Summit CityMotion Vehicle - 0147,001000000000003AAA,005000000000011AAA,Expansion,Summit CityMotion Vehicle,Urban Commuter,ICE,Proposal or Quote,Best Case,0.6,3287567.24,USD,2026-02-11,2026-08-02,,2026-08-02,0,false,false,,Referral,Supplier Consolidation,Complete technical review,2026-05-27
006000000000148AAA,Continental Mobility Systems - Continental CityMotion Vehicle - 0148,001000000000004AAA,005000000000017AAA,Replacement,Continental CityMotion Vehicle,Urban Commuter,ICE,Proposal or Quote,Best Case,0.6,3029004.8,USD,2025-05-27,2026-06-08,2026-07-04,2026-07-30,1,false,false,,Existing Relationship,Supplier Consolidation,Complete technical review,2026-05-30
006000000000149AAA,Aurora Vehicle Works - Aurora Horizon Crossover - 0149,001000000000005AAA,005000000000027AAA,New Program,Aurora Horizon Crossover,Compact Crossover,ICE,Proposal or Quote,Best Case,0.6,4851126.09,USD,2026-02-20,2026-07-25,2026-10-04,2026-12-14,2,false,false,,Inbound,Supplier Consolidation,Submit revised quotation,2026-06-12
006000000000150AAA,Rio Grande Mobility - Rio Summit Sedan - 0150,001000000000006AAA,005000000000029AAA,New Program,Rio Summit Sedan,Mid-Size Sedan,Hybrid,Negotiation,Commit,0.8,2302688.66,USD,2025-12-03,2026-09-16,,2026-09-16,0,false,false,,Existing Relationship,Supplier Consolidation,Complete technical review,2026-06-29
006000000000151AAA,Northstar Automotive Group - Northstar Summit Sedan - 0151,001000000000001AAA,005000000000011AAA,Replacement,Northstar Summit Sedan,Mid-Size Sedan,ICE,Technical Review,Pipeline,0.4,4534764.58,USD,2026-04-30,2026-06-08,2026-08-04,2026-09-30,2,false,false,,Partner,Supplier Consolidation,Confirm program timing,2026-05-20
006000000000152AAA,Summit Motorworks - Summit Meridian Sedan - 0152,001000000000003AAA,005000000000012AAA,Expansion,Summit Meridian Sedan,Mid-Size Sedan,Hybrid,Negotiation,Commit,0.8,4436934.4,USD,2026-05-06,2026-08-24,,2026-08-24,0,false,false,,Inbound,Supplier Consolidation,Submit revised quotation,2026-06-05
006000000000153AAA,Continental Mobility Systems - Continental RoadReady Replacement - 0153,001000000000004AAA,005000000000017AAA,Requote,Continental RoadReady Replacement,Aftermarket Program,Hybrid,Proposal or Quote,Best Case,0.6,2759628.4,USD,2026-01-29,2026-05-02,2026-06-13,2026-07-26,3,false,false,,Referral,Supplier Consolidation,Submit revised quotation,2026-06-08
006000000000154AAA,Aurora Vehicle Works - Aurora RoadReady Replacement - 0154,001000000000005AAA,005000000000028AAA,Expansion,Aurora RoadReady Replacement,Aftermarket Program,Hybrid,Negotiation,Best Case,0.8,2771569.22,USD,2025-08-21,2026-05-08,,2026-10-18,0,false,false,,Referral,Supplier Consolidation,Complete technical review,2026-06-13
006000000000155AAA,Rio Grande Mobility - Rio Meridian Sedan - 0155,001000000000006AAA,005000000000030AAA,New Program,Rio Meridian Sedan,Mid-Size Sedan,Hybrid,Negotiation,Commit,0.8,4386795.31,USD,2025-07-31,2026-05-19,,2026-08-16,0,false,false,,Partner,Supplier Consolidation,Validate product fit,2026-05-28
006000000000156AAA,Northstar Automotive Group - Northstar Summit Sedan - 0156,001000000000001AAA,005000000000011AAA,New Program,Northstar Summit Sedan,Mid-Size Sedan,Hybrid,Negotiation,Best Case,0.8,3498738.3,USD,2025-11-24,2026-07-03,2026-09-16,2026-11-30,1,false,false,,Existing Relationship,Supplier Consolidation,Validate product fit,2026-06-10
006000000000157AAA,Summit Motorworks - Summit UrbanCargo Platform - 0157,001000000000003AAA,005000000000012AAA,Expansion,Summit UrbanCargo Platform,Fleet Van,ICE,Negotiation,Commit,0.8,2204611.89,USD,2026-02-13,2026-05-24,2026-07-05,2026-08-16,2,false,false,,Referral,Supplier Consolidation,Submit revised quotation,2026-06-26
006000000000158AAA,Continental Mobility Systems - Continental Summit Sedan - 0158,001000000000004AAA,005000000000015AAA,Requote,Continental Summit Sedan,Mid-Size Sedan,ICE,Proposal or Quote,Best Case,0.6,2761686.42,USD,2025-07-10,2026-07-24,2026-08-20,2026-09-16,3,false,false,,Inbound,Supplier Consolidation,Confirm program timing,2026-06-12
006000000000159AAA,Aurora Vehicle Works - Aurora MetroOne Program - 0159,001000000000005AAA,005000000000028AAA,Requote,Aurora MetroOne Program,Urban Commuter,ICE,Negotiation,Commit,0.8,2817331.07,USD,2026-04-30,2026-08-01,2026-08-30,2026-09-29,3,false,false,,Trade Event,Supplier Consolidation,Confirm program timing,2026-06-13
006000000000160AAA,Rio Grande Mobility - Rio UtilityPro Program - 0160,001000000000006AAA,005000000000030AAA,Expansion,Rio UtilityPro Program,Light Truck,Hybrid,Proposal or Quote,Best Case,0.6,2242333.05,USD,2026-03-01,2026-06-11,,2026-09-22,0,false,false,,Existing Relationship,Supplier Consolidation,Complete technical review,2026-05-18
006000000000161AAA,Northstar Automotive Group - Northstar Summit Sedan - 0161,001000000000001AAA,005000000000013AAA,New Program,Northstar Summit Sedan,Mid-Size Sedan,Hybrid,Negotiation,Commit,0.8,2666849.52,USD,2025-10-26,2026-09-16,,2026-09-16,0,false,false,,Existing Relationship,Supplier Consolidation,Submit revised quotation,2026-06-21
006000000000162AAA,Summit Motorworks - Summit Vista Crossover - 0162,001000000000003AAA,005000000000011AAA,Replacement,Summit Vista Crossover,Compact Crossover,Hybrid,Negotiation,Best Case,0.8,2357832.92,USD,2025-06-14,2026-04-01,2026-04-26,2026-09-24,1,false,false,,RFQ,Supplier Consolidation,Validate product fit,2026-06-02
006000000000163AAA,Continental Mobility Systems - Continental Vista Crossover - 0163,001000000000004AAA,005000000000015AAA,New Program,Continental Vista Crossover,Compact Crossover,Hybrid,Negotiation,Best Case,0.8,2933158.3,USD,2026-05-18,2026-06-16,,2026-11-13,0,false,false,,Referral,Supplier Consolidation,Submit revised quotation,2026-06-09
006000000000164AAA,Aurora Vehicle Works - Aurora Vista Crossover - 0164,001000000000005AAA,005000000000027AAA,Replacement,Aurora Vista Crossover,Compact Crossover,ICE,Proposal or Quote,Pipeline,0.6,4746485.42,USD,2025-08-19,2026-05-28,,2026-12-31,0,false,false,,RFQ,Supplier Consolidation,Submit revised quotation,2026-05-22
006000000000165AAA,Rio Grande Mobility - Rio FleetWay Program - 0165,001000000000006AAA,005000000000029AAA,Expansion,Rio FleetWay Program,Fleet Van,Hybrid,Technical Review,Pipeline,0.4,3437880.47,USD,2025-12-29,2026-06-13,2026-08-12,2026-10-12,3,false,false,,Existing Relationship,Supplier Consolidation,Validate product fit,2026-05-27
006000000000166AAA,Northstar Automotive Group - Northstar Nova Compact Program - 0166,001000000000001AAA,005000000000012AAA,Expansion,Northstar Nova Compact Program,Compact Crossover,Hybrid,Proposal or Quote,Best Case,0.6,2926772.2,USD,2025-11-19,2026-04-14,2026-06-12,2026-08-11,3,false,false,,Existing Relationship,Supplier Consolidation,Finalize commercial terms,2026-06-02
006000000000167AAA,Summit Motorworks - Summit Horizon Crossover - 0167,001000000000003AAA,005000000000013AAA,Replacement,Summit Horizon Crossover,Compact Crossover,ICE,Negotiation,Commit,0.8,4775622.73,USD,2025-11-10,2026-08-05,,2026-08-05,0,false,false,,Existing Relationship,Supplier Consolidation,Confirm program timing,2026-05-27
006000000000168AAA,Continental Mobility Systems - Continental Avenue Platform - 0168,001000000000004AAA,005000000000017AAA,Expansion,Continental Avenue Platform,Mid-Size Sedan,Hybrid,Technical Review,Pipeline,0.4,3886305.17,USD,2025-05-12,2026-07-21,,2026-07-21,0,false,false,,Existing Relationship,Supplier Consolidation,Validate product fit,2026-06-13
006000000000169AAA,Aurora Vehicle Works - Aurora UtilityPro Program - 0169,001000000000005AAA,005000000000027AAA,Expansion,Aurora UtilityPro Program,Light Truck,Hybrid,Proposal or Quote,Best Case,0.6,3308073.19,USD,2025-11-20,2026-05-01,,2026-08-06,0,false,false,,RFQ,Supplier Consolidation,Confirm program timing,2026-06-15
006000000000170AAA,Rio Grande Mobility - Rio Everyday Commuter - 0170,001000000000006AAA,005000000000030AAA,Requote,Rio Everyday Commuter,Urban Commuter,ICE,Negotiation,Commit,0.8,3812416.18,USD,2026-01-15,2026-08-04,,2026-08-04,0,false,false,,RFQ,Supplier Consolidation,Confirm program timing,2026-06-25
006000000000171AAA,Northstar Automotive Group - Northstar CityMotion Vehicle - 0171,001000000000001AAA,005000000000014AAA,Expansion,Northstar CityMotion Vehicle,Urban Commuter,ICE,Technical Review,Pipeline,0.4,3089821.36,USD,2025-10-23,2026-06-27,2026-09-10,2026-11-24,1,false,false,,Existing Relationship,Supplier Consolidation,Complete technical review,2026-05-26
006000000000172AAA,Summit Motorworks - Summit TransitWorks Van - 0172,001000000000003AAA,005000000000013AAA,Expansion,Summit TransitWorks Van,Fleet Van,Hybrid,Technical Review,Pipeline,0.4,4094097.98,USD,2026-04-04,2026-09-15,,2026-09-15,0,false,false,,Existing Relationship,Supplier Consolidation,Finalize commercial terms,2026-05-29
006000000000173AAA,Continental Mobility Systems - Continental RoadReady Replacement - 0173,001000000000004AAA,005000000000015AAA,Expansion,Continental RoadReady Replacement,Aftermarket Program,ICE,Proposal or Quote,Pipeline,0.6,4728613.78,USD,2026-03-16,2026-06-18,,2027-01-08,0,false,false,,Partner,Supplier Consolidation,Validate product fit,2026-05-30
006000000000174AAA,Aurora Vehicle Works - Aurora Vista Crossover - 0174,001000000000005AAA,005000000000027AAA,Expansion,Aurora Vista Crossover,Compact Crossover,ICE,Negotiation,Commit,0.8,3023272.28,USD,2025-05-22,2026-04-27,2026-06-03,2026-07-10,2,false,false,,Existing Relationship,Supplier Consolidation,Confirm program timing,2026-05-26
006000000000175AAA,Rio Grande Mobility - Rio FleetWay Program - 0175,001000000000006AAA,005000000000030AAA,New Program,Rio FleetWay Program,Fleet Van,Hybrid,Negotiation,Commit,0.8,3386765.7,USD,2026-04-22,2026-09-24,2026-11-02,2026-12-12,2,false,false,,RFQ,Supplier Consolidation,Finalize commercial terms,2026-06-03
006000000000176AAA,Windward Distribution 3 - Windward ServicePlus Program - 0176,001000000000481AAA,005000000000018AAA,Expansion,Windward ServicePlus Program,Aftermarket Program,Hybrid,Closed Lost,Closed,0,256890.75,USD,2025-06-12,2025-11-23,,2025-11-23,0,true,false,Program Cancelled,Partner,Quality Improvement,,2025-11-21
006000000000177AAA,Frontier Industrial Supply 32 - Frontier TrailForge Platform - 0177,001000000000210AAA,005000000000018AAA,Expansion,Frontier TrailForge Platform,Light Truck,Hybrid,Closed Lost,Closed,0,289672.94,USD,2025-05-05,2025-11-04,,2025-11-04,0,true,false,No Decision,Existing Relationship,Quality Improvement,,2025-10-25
006000000000178AAA,Frontier Engineering 49 - Frontier TransitWorks Van - 0178,001000000000401AAA,005000000000018AAA,Replacement,Frontier TransitWorks Van,Fleet Van,Hybrid,Closed Lost,Closed,0,277280.14,USD,2025-04-14,2025-10-23,,2025-10-23,0,true,false,Competitor,RFQ,Quality Improvement,,2025-10-10
006000000000179AAA,Heritage Manufacturing - Heritage RoadReady Replacement - 0179,001000000000138AAA,005000000000018AAA,Expansion,Heritage RoadReady Replacement,Aftermarket Program,Hybrid,Technical Review,Pipeline,0.4,349232.64,USD,2025-05-04,2026-10-23,,2026-10-23,0,false,false,,RFQ,Quality Improvement,Submit revised quotation,2026-05-24
006000000000180AAA,Stonebridge Distribution - Stonebridge UtilityPro Program - 0180,001000000000441AAA,005000000000018AAA,Requote,Stonebridge UtilityPro Program,Light Truck,Hybrid,Closed Lost,Closed,0,322596.69,USD,2025-06-04,2025-11-19,,2025-11-19,0,true,false,No Decision,RFQ,Quality Improvement,,2025-11-02
006000000000181AAA,Windward Distribution - Windward Nova Compact Program - 0181,001000000000126AAA,005000000000018AAA,Replacement,Windward Nova Compact Program,Compact Crossover,ICE,Closed Lost,Closed,0,291303.04,USD,2025-04-11,2025-10-01,,2025-10-01,0,true,false,Competitor,Existing Relationship,Quality Improvement,,2025-09-15
006000000000182AAA,Cedar Motor Systems - Cedar CityTrail Compact - 0182,001000000000129AAA,005000000000018AAA,Replacement,Cedar CityTrail Compact,Compact Crossover,ICE,Closed Lost,Closed,0,260087.05,USD,2025-04-11,2025-10-07,,2025-10-07,0,true,false,Timing,RFQ,Quality Improvement,,2025-09-13
006000000000183AAA,Prairie Components - Prairie Vista Crossover - 0183,001000000000038AAA,005000000000018AAA,Expansion,Prairie Vista Crossover,Compact Crossover,ICE,Negotiation,Commit,0.8,212841.24,USD,2025-05-17,2026-08-02,,2026-08-02,0,false,false,,Existing Relationship,Quality Improvement,Validate product fit,2026-06-26
006000000000184AAA,Lakeview Powertrain - Lakeview Everyday Commuter - 0184,001000000000363AAA,005000000000018AAA,Replacement,Lakeview Everyday Commuter,Urban Commuter,ICE,Closed Lost,Closed,0,179895.76,USD,2025-04-18,2025-09-28,,2025-09-28,0,true,false,Timing,RFQ,Quality Improvement,,2025-09-23
006000000000185AAA,Crown Vehicle Systems - Crown TrailForge Platform - 0185,001000000000378AAA,005000000000018AAA,New Program,Crown TrailForge Platform,Light Truck,ICE,Closed Won,Closed,1,271768.28,USD,2025-05-18,2025-11-27,,2025-11-27,0,true,true,,Inbound,Quality Improvement,,2025-11-04
006000000000186AAA,Maple Engineering 82 - Maple Nova Compact Program - 0186,001000000000435AAA,005000000000018AAA,New Program,Maple Nova Compact Program,Compact Crossover,Hybrid,Closed Lost,Closed,0,515446.96,USD,2025-08-23,2026-02-13,,2026-02-13,0,true,false,No Decision,RFQ,Quality Improvement,,2026-01-27
006000000000187AAA,Pinnacle Automotive 41 - Pinnacle FleetWay Program - 0187,001000000000369AAA,005000000000018AAA,Replacement,Pinnacle FleetWay Program,Fleet Van,Hybrid,Closed Lost,Closed,0,457717.08,USD,2025-07-14,2026-01-06,,2026-01-06,0,true,false,Competitor,Partner,Quality Improvement,,2025-12-12
006000000000188AAA,Crescent Automotive 72 - Crescent UtilityPro Program - 0188,001000000000446AAA,005000000000018AAA,Requote,Crescent UtilityPro Program,Light Truck,Hybrid,Closed Won,Closed,1,517301.84,USD,2025-08-03,2025-12-29,,2025-12-29,0,true,true,,Existing Relationship,Quality Improvement,,2025-12-06
006000000000189AAA,Redwood Engineering - Redwood Everyday Commuter - 0189,001000000000365AAA,005000000000018AAA,New Program,Redwood Everyday Commuter,Urban Commuter,ICE,Closed Lost,Closed,0,417709.74,USD,2025-07-09,2025-12-27,,2025-12-27,0,true,false,Timing,Partner,Quality Improvement,,2025-12-24
006000000000190AAA,Atlas Vehicle Systems - Atlas Meridian Sedan - 0190,001000000000172AAA,005000000000018AAA,Requote,Atlas Meridian Sedan,Mid-Size Sedan,ICE,Closed Lost,Closed,0,467450.88,USD,2025-08-10,2026-01-17,,2026-01-17,0,true,false,Technical Fit,Referral,Quality Improvement,,2026-01-04
006000000000191AAA,Redwood Engineering - Redwood National Parts Program - 0191,001000000000365AAA,005000000000018AAA,New Program,Redwood National Parts Program,Aftermarket Program,ICE,Technical Review,Pipeline,0.4,385995.68,USD,2025-09-11,2026-10-26,,2026-10-26,0,false,false,,RFQ,Quality Improvement,Submit revised quotation,2026-06-08
006000000000192AAA,Eastgate Vehicle Systems - Eastgate MetroOne Program - 0192,001000000000014AAA,005000000000018AAA,Expansion,Eastgate MetroOne Program,Urban Commuter,Hybrid,Closed Won,Closed,1,465109.63,USD,2025-09-08,2026-02-25,,2026-02-25,0,true,true,,Partner,Quality Improvement,,2026-02-10
006000000000193AAA,Crescent Engineering - Crescent Summit Sedan - 0193,001000000000069AAA,005000000000018AAA,New Program,Crescent Summit Sedan,Mid-Size Sedan,ICE,Closed Lost,Closed,0,471334.85,USD,2025-07-08,2025-12-28,,2025-12-28,0,true,false,Technical Fit,Inbound,Quality Improvement,,2025-12-26
006000000000194AAA,Crescent Automotive 72 - Crescent Vista Crossover - 0194,001000000000446AAA,005000000000018AAA,Requote,Crescent Vista Crossover,Compact Crossover,Hybrid,Closed Won,Closed,1,516600.75,USD,2025-08-16,2026-02-07,,2026-02-07,0,true,true,,RFQ,Quality Improvement,,2026-01-20
006000000000195AAA,Windward Performance Parts 66 - Windward Horizon Crossover - 0195,001000000000470AAA,005000000000018AAA,New Program,Windward Horizon Crossover,Compact Crossover,Hybrid,Closed Won,Closed,1,344302.69,USD,2025-09-01,2026-02-15,,2026-02-15,0,true,true,,Existing Relationship,Quality Improvement,,2026-02-13
006000000000196AAA,Central Transport Group - Central Avenue Platform - 0196,001000000000249AAA,005000000000018AAA,Replacement,Central Avenue Platform,Mid-Size Sedan,ICE,Negotiation,Commit,0.8,695923.35,USD,2025-11-12,2026-07-30,,2026-07-30,0,false,false,,Referral,Quality Improvement,Finalize commercial terms,2026-05-17
006000000000197AAA,Central Transport Group - Central RoadReady Replacement - 0197,001000000000249AAA,005000000000018AAA,New Program,Central RoadReady Replacement,Aftermarket Program,ICE,Closed Won,Closed,1,594257.53,USD,2025-12-09,2026-05-18,,2026-05-18,0,true,true,,Existing Relationship,Quality Improvement,,2026-05-16
006000000000198AAA,Prairie Motor Systems - Prairie CityMotion Vehicle - 0198,001000000000051AAA,005000000000018AAA,Expansion,Prairie CityMotion Vehicle,Urban Commuter,ICE,Closed Lost,Closed,0,618321.52,USD,2025-10-11,2026-03-02,,2026-03-02,0,true,false,Technical Fit,RFQ,Quality Improvement,,2026-02-16
006000000000199AAA,Atlas Mobility - Atlas CityTrail Compact - 0199,001000000000127AAA,005000000000018AAA,Expansion,Atlas CityTrail Compact,Compact Crossover,ICE,Closed Won,Closed,1,742663.9,USD,2025-10-06,2026-03-03,,2026-03-03,0,true,true,,RFQ,Quality Improvement,,2026-02-27
006000000000200AAA,Canyon Engineering - Canyon UrbanGo Platform - 0200,001000000000316AAA,005000000000018AAA,Expansion,Canyon UrbanGo Platform,Urban Commuter,ICE,Closed Lost,Closed,0,616841.83,USD,2025-11-23,2026-04-20,,2026-04-20,0,true,false,Timing,Referral,Quality Improvement,,2026-04-14
006000000000201AAA,Eastgate Vehicle Systems - Eastgate Avenue Platform - 0201,001000000000014AAA,005000000000018AAA,Replacement,Eastgate Avenue Platform,Mid-Size Sedan,ICE,Closed Lost,Closed,0,633562.51,USD,2025-11-26,2026-04-02,,2026-04-02,0,true,false,Timing,Inbound,Quality Improvement,,2026-03-08
006000000000202AAA,Windward Engineering - Windward Meridian Sedan - 0202,001000000000176AAA,005000000000018AAA,Replacement,Windward Meridian Sedan,Mid-Size Sedan,Hybrid,Closed Lost,Closed,0,633358.82,USD,2025-11-08,2026-04-05,,2026-04-05,0,true,false,Price,Existing Relationship,Quality Improvement,,2026-04-01
006000000000203AAA,Liberty Mobility - Liberty TrailForge Platform - 0203,001000000000142AAA,005000000000018AAA,Replacement,Liberty TrailForge Platform,Light Truck,ICE,Closed Won,Closed,1,560260.76,USD,2025-11-14,2026-04-12,,2026-04-12,0,true,true,,RFQ,Quality Improvement,,2026-04-03
006000000000204AAA,Atlas Powertrain - Atlas UtilityPro Program - 0204,001000000000066AAA,005000000000018AAA,Expansion,Atlas UtilityPro Program,Light Truck,ICE,Closed Won,Closed,1,574551.64,USD,2025-10-06,2026-03-09,,2026-03-09,0,true,true,,Referral,Quality Improvement,,2026-02-16
006000000000205AAA,Timberline Components 30 - Timberline UtilityPro Program - 0205,001000000000254AAA,005000000000018AAA,Expansion,Timberline UtilityPro Program,Light Truck,ICE,Closed Won,Closed,1,739371.98,USD,2025-12-17,2026-04-26,,2026-04-26,0,true,true,,Inbound,Quality Improvement,,2026-04-18
006000000000206AAA,Alder Automotive 84 - Alder National Parts Program - 0206,001000000000347AAA,005000000000018AAA,Expansion,Alder National Parts Program,Aftermarket Program,ICE,Closed Lost,Closed,0,639543.87,USD,2026-02-07,2026-06-12,,2026-06-12,0,true,false,No Decision,Existing Relationship,Quality Improvement,,2026-06-01
006000000000207AAA,Pacific Performance Parts 72 - Pacific ServicePlus Program - 0207,001000000000391AAA,005000000000018AAA,Expansion,Pacific ServicePlus Program,Aftermarket Program,Hybrid,Negotiation,Commit,0.8,829709.41,USD,2026-03-09,2026-07-07,,2026-07-07,0,false,false,,Existing Relationship,Quality Improvement,Confirm program timing,2026-05-19
006000000000208AAA,Crown Vehicle Systems 97 - Crown Meridian Sedan - 0208,001000000000438AAA,005000000000018AAA,Requote,Crown Meridian Sedan,Mid-Size Sedan,Hybrid,Closed Lost,Closed,0,884858.11,USD,2026-02-03,2026-06-23,,2026-06-23,0,true,false,Technical Fit,Existing Relationship,Quality Improvement,,2026-06-06
006000000000209AAA,Windward Distribution 3 - Windward National Parts Program - 0209,001000000000481AAA,005000000000018AAA,New Program,Windward National Parts Program,Aftermarket Program,ICE,Negotiation,Commit,0.8,857507.94,USD,2026-03-16,2026-07-07,,2026-07-07,0,false,false,,RFQ,Quality Improvement,Complete technical review,2026-06-19
006000000000210AAA,Harbor Motor Systems - Harbor TrailForge Platform - 0210,001000000000345AAA,005000000000018AAA,Expansion,Harbor TrailForge Platform,Light Truck,Hybrid,Closed Won,Closed,1,677797.35,USD,2026-01-11,2026-05-18,,2026-05-18,0,true,true,,Trade Event,Quality Improvement,,2026-05-13
006000000000211AAA,Beacon Manufacturing 52 - Beacon TransitWorks Van - 0211,001000000000260AAA,005000000000018AAA,Requote,Beacon TransitWorks Van,Fleet Van,ICE,Closed Lost,Closed,0,951687.48,USD,2026-02-27,2026-06-22,,2026-06-22,0,true,false,Price,RFQ,Quality Improvement,,2026-06-11
006000000000212AAA,Alder Components 47 - Alder CityTrail Compact - 0212,001000000000416AAA,005000000000018AAA,Expansion,Alder CityTrail Compact,Compact Crossover,Hybrid,Proposal or Quote,Best Case,0.6,753910.33,USD,2026-02-18,2026-07-08,,2026-07-08,0,false,false,,RFQ,Quality Improvement,Complete technical review,2026-05-17
006000000000213AAA,Crescent Fleet Solutions 53 - Crescent TransitWorks Van - 0213,001000000000463AAA,005000000000018AAA,Expansion,Crescent TransitWorks Van,Fleet Van,ICE,Closed Won,Closed,1,644724.31,USD,2026-02-17,2026-06-17,,2026-06-17,0,true,true,,Existing Relationship,Quality Improvement,,2026-06-14
006000000000214AAA,MetroVale Motors - MetroVale MetroOne Program - 0214,001000000000002AAA,005000000000018AAA,Replacement,MetroVale MetroOne Program,Urban Commuter,Hybrid,Closed Won,Closed,1,855603.6,USD,2026-02-03,2026-06-07,,2026-06-07,0,true,true,,RFQ,Quality Improvement,,2026-05-15
006000000000215AAA,Windward Performance Parts 66 - Windward TransitWorks Van - 0215,001000000000470AAA,005000000000018AAA,Replacement,Windward TransitWorks Van,Fleet Van,ICE,Negotiation,Commit,0.8,543928.77,USD,2026-03-19,2026-08-09,,2026-08-09,0,false,false,,Existing Relationship,Quality Improvement,Complete technical review,2026-06-18
006000000000216AAA,Meridian Distribution 78 - Meridian Avenue Platform - 0216,001000000000045AAA,005000000000018AAA,Expansion,Meridian Avenue Platform,Mid-Size Sedan,ICE,Negotiation,Commit,0.8,1196791.31,USD,2026-04-16,2026-07-25,,2026-07-25,0,false,false,,RFQ,Quality Improvement,Confirm program timing,2026-05-21
006000000000217AAA,Atlas Vehicle Systems 28 - Atlas WorkLine Truck - 0217,001000000000389AAA,005000000000018AAA,Expansion,Atlas WorkLine Truck,Light Truck,ICE,Negotiation,Commit,0.8,1028510.98,USD,2026-05-21,2026-09-06,,2026-09-06,0,false,false,,RFQ,Quality Improvement,Complete technical review,2026-05-22
006000000000218AAA,Lakeview Powertrain - Lakeview UrbanCargo Platform - 0218,001000000000363AAA,005000000000018AAA,New Program,Lakeview UrbanCargo Platform,Fleet Van,Hybrid,Negotiation,Commit,0.8,847044.17,USD,2026-06-06,2026-09-19,,2026-09-19,0,false,false,,Existing Relationship,Quality Improvement,Validate product fit,2026-06-09
006000000000219AAA,MetroVale Motors - MetroVale Nova Compact Program - 0219,001000000000002AAA,005000000000018AAA,New Program,MetroVale Nova Compact Program,Compact Crossover,Hybrid,Proposal or Quote,Best Case,0.6,975896.6,USD,2026-05-20,2026-09-21,,2026-09-21,0,false,false,,RFQ,Quality Improvement,Complete technical review,2026-06-21
006000000000220AAA,Windward Engineering - Windward Horizon Crossover - 0220,001000000000176AAA,005000000000018AAA,Expansion,Windward Horizon Crossover,Compact Crossover,ICE,Proposal or Quote,Best Case,0.6,794354.88,USD,2026-04-04,2026-07-19,,2026-07-19,0,false,false,,Referral,Quality Improvement,Validate product fit,2026-06-19
006000000000221AAA,Alder Components 47 - Alder UtilityPro Program - 0221,001000000000416AAA,005000000000018AAA,New Program,Alder UtilityPro Program,Light Truck,Hybrid,Negotiation,Commit,0.8,1294340.49,USD,2026-04-25,2026-08-02,,2026-08-02,0,false,false,,Existing Relationship,Quality Improvement,Submit revised quotation,2026-06-14
006000000000222AAA,Alder Components - Alder WorkLine Truck - 0222,001000000000121AAA,005000000000018AAA,New Program,Alder WorkLine Truck,Light Truck,ICE,Technical Review,Pipeline,0.4,1301113.62,USD,2026-05-31,2026-09-01,,2026-09-01,0,false,false,,Inbound,Quality Improvement,Validate product fit,2026-05-17
006000000000223AAA,Crescent Automotive - Crescent ServicePlus Program - 0223,001000000000135AAA,005000000000018AAA,Replacement,Crescent ServicePlus Program,Aftermarket Program,ICE,Proposal or Quote,Best Case,0.6,1067335.9,USD,2026-04-27,2026-08-28,,2026-08-28,0,false,false,,Referral,Quality Improvement,Finalize commercial terms,2026-06-02
006000000000224AAA,Crescent Powertrain - Crescent UtilityPro Program - 0224,001000000000092AAA,005000000000018AAA,New Program,Crescent UtilityPro Program,Light Truck,Hybrid,Negotiation,Commit,0.8,1289578.24,USD,2026-04-10,2026-07-13,,2026-07-13,0,false,false,,RFQ,Quality Improvement,Confirm program timing,2026-06-16
006000000000225AAA,Stonebridge Distribution - Stonebridge Vista Crossover - 0225,001000000000441AAA,005000000000018AAA,New Program,Stonebridge Vista Crossover,Compact Crossover,Hybrid,Negotiation,Commit,0.8,1010717.34,USD,2026-04-15,2026-08-04,,2026-08-04,0,false,false,,Inbound,Quality Improvement,Complete technical review,2026-06-18
006000000000226AAA,Summit Motorworks - Summit TransitWorks Van - 0226,001000000000003AAA,005000000000012AAA,Expansion,Summit TransitWorks Van,Fleet Van,ICE,Negotiation,Pipeline,0.8,6211427,USD,2025-12-03,2025-12-25,2026-03-07,2026-10-04,3,false,false,,Trade Event,Capacity Expansion,Confirm program timing,2026-06-05
006000000000227AAA,Northstar Automotive Group - Northstar Meridian Sedan - 0227,001000000000001AAA,005000000000013AAA,New Program,Northstar Meridian Sedan,Mid-Size Sedan,Hybrid,Negotiation,Commit,0.8,3647963.97,USD,2025-06-23,2026-05-19,2026-07-19,2026-09-07,5,false,false,,Existing Relationship,Capacity Expansion,Confirm program timing,2026-06-24
006000000000228AAA,Aurora Vehicle Works - Aurora Horizon Crossover - 0228,001000000000005AAA,005000000000027AAA,Expansion,Aurora Horizon Crossover,Compact Crossover,Hybrid,Proposal or Quote,Best Case,0.6,4382432.26,USD,2025-07-23,2026-02-08,2026-04-27,2026-06-30,2,false,false,,Referral,Capacity Expansion,Validate product fit,2026-05-25
006000000000229AAA,Rio Grande Mobility - Rio Horizon Crossover - 0229,001000000000006AAA,005000000000030AAA,New Program,Rio Horizon Crossover,Compact Crossover,ICE,Proposal or Quote,Best Case,0.6,6459131.19,USD,2025-09-06,2026-01-28,2026-04-27,2026-07-09,2,false,false,,Existing Relationship,Capacity Expansion,Confirm program timing,2026-06-15
006000000000230AAA,Aurora Vehicle Works - Aurora Meridian Sedan - 0230,001000000000005AAA,005000000000028AAA,Expansion,Aurora Meridian Sedan,Mid-Size Sedan,Hybrid,Proposal or Quote,Best Case,0.6,4644232.26,USD,2025-02-01,2026-05-11,2026-07-12,2026-09-01,5,false,false,,RFQ,Capacity Expansion,Complete technical review,2026-05-31
006000000000231AAA,Northstar Automotive Group - Northstar National Parts Program - 0231,001000000000001AAA,005000000000013AAA,Requote,Northstar National Parts Program,Aftermarket Program,Hybrid,Negotiation,Pipeline,0.8,6415036.02,USD,2026-01-31,2025-10-15,2026-03-01,2027-02-17,2,false,false,,Inbound,Capacity Expansion,Finalize commercial terms,2026-05-16
006000000000232AAA,Northstar Automotive Group - Northstar RoadReady Replacement - 0232,001000000000001AAA,005000000000014AAA,Requote,Northstar RoadReady Replacement,Aftermarket Program,ICE,Negotiation,Pipeline,0.8,4539326.56,USD,2025-12-22,2025-11-17,2026-03-02,2026-10-20,3,false,false,,RFQ,Capacity Expansion,Validate product fit,2026-06-21
006000000000233AAA,Rio Grande Mobility - Rio TrailForge Platform - 0233,001000000000006AAA,005000000000029AAA,New Program,Rio TrailForge Platform,Light Truck,Hybrid,Negotiation,Pipeline,0.8,3079153.01,USD,2025-07-15,2026-03-17,2026-06-30,2026-09-25,4,false,false,,Existing Relationship,Capacity Expansion,Submit revised quotation,2026-05-19
006000000000234AAA,Rio Grande Mobility - Rio FleetWay Program - 0234,001000000000006AAA,005000000000030AAA,Expansion,Rio FleetWay Program,Fleet Van,ICE,Negotiation,Best Case,0.8,4828716.84,USD,2025-07-28,2026-03-08,2026-06-10,2026-08-26,5,false,false,,Existing Relationship,Capacity Expansion,Confirm program timing,2026-05-25
006000000000235AAA,Rio Grande Mobility - Rio National Parts Program - 0235,001000000000006AAA,005000000000029AAA,New Program,Rio National Parts Program,Aftermarket Program,ICE,Proposal or Quote,Pipeline,0.6,5673043.08,USD,2025-06-24,2025-11-27,2026-04-14,2026-08-06,5,false,false,,Referral,Capacity Expansion,Submit revised quotation,2026-05-31
006000000000236AAA,Continental Mobility Systems - Continental National Parts Program - 0236,001000000000004AAA,005000000000015AAA,Replacement,Continental National Parts Program,Aftermarket Program,Hybrid,Negotiation,Pipeline,0.8,4753472.99,USD,2025-08-15,2025-12-28,2026-05-11,2026-08-29,3,false,false,,Existing Relationship,Capacity Expansion,Finalize commercial terms,2026-06-02
006000000000237AAA,Summit Motorworks - Summit Vista Crossover - 0237,001000000000003AAA,005000000000014AAA,Expansion,Summit Vista Crossover,Compact Crossover,ICE,Negotiation,Pipeline,0.8,5817735.97,USD,2025-12-02,2026-03-28,2026-07-26,2026-11-02,5,false,false,,Existing Relationship,Capacity Expansion,Complete technical review,2026-05-21
006000000000238AAA,Northstar Automotive Group - Northstar Everyday Commuter - 0238,001000000000001AAA,005000000000013AAA,Expansion,Northstar Everyday Commuter,Urban Commuter,Hybrid,Proposal or Quote,Best Case,0.6,2981546.93,USD,2025-09-05,2026-03-16,2026-05-25,2026-07-22,4,false,false,,Existing Relationship,Capacity Expansion,Confirm program timing,2026-06-29
006000000000239AAA,Continental Mobility Systems - Continental Everyday Commuter - 0239,001000000000004AAA,005000000000017AAA,Replacement,Continental Everyday Commuter,Urban Commuter,ICE,Proposal or Quote,Best Case,0.6,5584136.89,USD,2025-11-10,2026-03-20,2026-06-04,2026-08-06,4,false,false,,Inbound,Capacity Expansion,Submit revised quotation,2026-06-25
006000000000240AAA,Rio Grande Mobility - Rio CityTrail Compact - 0240,001000000000006AAA,005000000000030AAA,Replacement,Rio CityTrail Compact,Compact Crossover,ICE,Negotiation,Best Case,0.8,5563478.87,USD,2025-03-31,2026-03-10,2026-06-01,2026-08-09,4,false,false,,Existing Relationship,Capacity Expansion,Complete technical review,2026-06-21
006000000000241AAA,Aurora Vehicle Works - Aurora TrailForge Platform - 0241,001000000000005AAA,005000000000028AAA,New Program,Aurora TrailForge Platform,Light Truck,ICE,Negotiation,Pipeline,0.8,3473259.05,USD,2025-07-16,2026-02-14,2026-06-22,2026-10-06,5,false,false,,Referral,Capacity Expansion,Complete technical review,2026-06-13
006000000000242AAA,Continental Mobility Systems - Continental Vista Crossover - 0242,001000000000004AAA,005000000000015AAA,Requote,Continental Vista Crossover,Compact Crossover,ICE,Proposal or Quote,Best Case,0.6,4762560.92,USD,2025-03-19,2026-03-17,2026-05-27,2026-07-25,2,false,false,,RFQ,Capacity Expansion,Confirm program timing,2026-06-29
006000000000243AAA,Aurora Vehicle Works - Aurora RoadReady Replacement - 0243,001000000000005AAA,005000000000027AAA,Requote,Aurora RoadReady Replacement,Aftermarket Program,Hybrid,Proposal or Quote,Pipeline,0.6,6115158.56,USD,2025-11-09,2026-05-11,2026-09-04,2026-12-08,5,false,false,,Existing Relationship,Capacity Expansion,Confirm program timing,2026-06-02
006000000000244AAA,Northstar Automotive Group - Northstar CityMotion Vehicle - 0244,001000000000001AAA,005000000000013AAA,Expansion,Northstar CityMotion Vehicle,Urban Commuter,Hybrid,Proposal or Quote,Best Case,0.6,4013731.5,USD,2025-07-12,2026-04-26,2026-06-28,2026-08-20,3,false,false,,Inbound,Capacity Expansion,Complete technical review,2026-06-16
006000000000245AAA,Summit Motorworks - Summit RoadReady Replacement - 0245,001000000000003AAA,005000000000012AAA,Expansion,Summit RoadReady Replacement,Aftermarket Program,ICE,Negotiation,Pipeline,0.8,2949666.12,USD,2025-06-06,2025-12-03,2026-04-20,2026-08-11,2,false,false,,Referral,Capacity Expansion,Confirm program timing,2026-06-05
006000000000246AAA,Rio Grande Mobility - Rio FleetWay Program - 0246,001000000000006AAA,005000000000029AAA,New Program,Rio FleetWay Program,Fleet Van,ICE,Negotiation,Pipeline,0.8,4556445.33,USD,2025-02-11,2026-02-23,2026-04-29,2026-12-22,4,false,false,,Existing Relationship,Capacity Expansion,Submit revised quotation,2026-06-26
006000000000247AAA,Aurora Vehicle Works - Aurora Summit Sedan - 0247,001000000000005AAA,005000000000028AAA,Replacement,Aurora Summit Sedan,Mid-Size Sedan,ICE,Negotiation,Pipeline,0.8,4243582.93,USD,2025-11-26,2025-11-08,2026-03-20,2026-07-07,5,false,false,,Existing Relationship,Capacity Expansion,Finalize commercial terms,2026-06-23
006000000000248AAA,Aurora Vehicle Works - Aurora TrailForge Platform - 0248,001000000000005AAA,005000000000027AAA,Expansion,Aurora TrailForge Platform,Light Truck,Hybrid,Proposal or Quote,Pipeline,0.6,3400391.25,USD,2025-02-18,2026-05-02,2026-09-13,2027-01-01,3,false,false,,Referral,Capacity Expansion,Confirm program timing,2026-06-23
006000000000249AAA,Summit Motorworks - Summit Vista Crossover - 0249,001000000000003AAA,005000000000011AAA,Expansion,Summit Vista Crossover,Compact Crossover,ICE,Negotiation,Pipeline,0.8,4556553.8,USD,2026-02-27,2025-10-25,2026-02-16,2026-09-08,3,false,false,,RFQ,Capacity Expansion,Complete technical review,2026-05-24
006000000000250AAA,Northstar Automotive Group - Northstar WorkLine Truck - 0250,001000000000001AAA,005000000000011AAA,New Program,Northstar WorkLine Truck,Light Truck,ICE,Proposal or Quote,Pipeline,0.6,3089831.79,USD,2025-06-04,2025-10-16,2026-02-11,2026-10-11,4,false,false,,Inbound,Capacity Expansion,Complete technical review,2026-06-21
006000000000251AAA,Northstar Automotive Group - Northstar TrailForge Platform - 0251,001000000000001AAA,005000000000013AAA,Expansion,Northstar TrailForge Platform,Light Truck,ICE,Proposal or Quote,Best Case,0.6,4235203.77,USD,2025-02-04,2026-02-28,2026-06-03,2026-08-20,2,false,false,,RFQ,Capacity Expansion,Confirm program timing,2026-06-18
006000000000252AAA,Northstar Automotive Group - Northstar Meridian Sedan - 0252,001000000000001AAA,005000000000011AAA,Expansion,Northstar Meridian Sedan,Mid-Size Sedan,ICE,Negotiation,Pipeline,0.8,5575149.01,USD,2025-07-08,2025-12-08,2026-02-25,2026-11-19,3,false,false,,RFQ,Capacity Expansion,Finalize commercial terms,2026-06-09
006000000000253AAA,Northstar Automotive Group - Northstar UtilityPro Program - 0253,001000000000001AAA,005000000000014AAA,Expansion,Northstar UtilityPro Program,Light Truck,ICE,Proposal or Quote,Pipeline,0.6,3464046.29,USD,2025-09-20,2025-12-19,2026-05-05,2026-08-26,4,false,false,,Existing Relationship,Capacity Expansion,Validate product fit,2026-05-24
006000000000254AAA,Northstar Automotive Group - Northstar Everyday Commuter - 0254,001000000000001AAA,005000000000014AAA,Expansion,Northstar Everyday Commuter,Urban Commuter,ICE,Negotiation,Pipeline,0.8,4235222.87,USD,2026-01-07,2026-04-16,2026-08-13,2026-11-19,4,false,false,,Existing Relationship,Capacity Expansion,Submit revised quotation,2026-06-24
006000000000255AAA,Northstar Automotive Group - Northstar WorkLine Truck - 0255,001000000000001AAA,005000000000011AAA,New Program,Northstar WorkLine Truck,Light Truck,Hybrid,Proposal or Quote,Pipeline,0.6,4116874.12,USD,2025-06-16,2025-12-02,2026-03-10,2026-10-23,3,false,false,,RFQ,Capacity Expansion,Validate product fit,2026-06-12
006000000000256AAA,Northstar Automotive Group - Northstar UrbanCargo Platform - 0256,001000000000001AAA,005000000000011AAA,New Program,Northstar UrbanCargo Platform,Fleet Van,Hybrid,Negotiation,Pipeline,0.8,6581655.55,USD,2025-11-13,2025-12-05,2026-03-05,2027-02-24,5,false,false,,RFQ,Capacity Expansion,Finalize commercial terms,2026-05-25
006000000000257AAA,Northstar Automotive Group - Northstar RoadReady Replacement - 0257,001000000000001AAA,005000000000012AAA,New Program,Northstar RoadReady Replacement,Aftermarket Program,Hybrid,Negotiation,Pipeline,0.8,5669231.19,USD,2025-11-08,2026-02-16,2026-05-31,2026-08-25,5,false,false,,Existing Relationship,Capacity Expansion,Submit revised quotation,2026-05-20
006000000000258AAA,Rio Grande Mobility - Rio Everyday Commuter - 0258,001000000000006AAA,005000000000029AAA,New Program,Rio Everyday Commuter,Urban Commuter,ICE,Negotiation,Pipeline,0.8,4865404.94,USD,2025-12-02,2025-10-07,2025-12-23,2027-01-06,2,false,false,,Existing Relationship,Capacity Expansion,Finalize commercial terms,2026-05-17
006000000000259AAA,Northstar Automotive Group - Northstar Vista Crossover - 0259,001000000000001AAA,005000000000013AAA,New Program,Northstar Vista Crossover,Compact Crossover,Hybrid,Proposal or Quote,Pipeline,0.6,4323216.11,USD,2025-09-27,2026-05-29,2026-10-15,2027-02-07,3,false,false,,RFQ,Capacity Expansion,Complete technical review,2026-06-20
006000000000260AAA,Aurora Vehicle Works - Aurora Nova Compact Program - 0260,001000000000005AAA,005000000000027AAA,Replacement,Aurora Nova Compact Program,Compact Crossover,Hybrid,Negotiation,Pipeline,0.8,3009067.62,USD,2026-01-04,2026-01-20,2026-04-12,2027-01-23,4,false,false,,Existing Relationship,Capacity Expansion,Submit revised quotation,2026-06-18
006000000000261AAA,Rio Grande Mobility - Rio UrbanGo Platform - 0261,001000000000006AAA,005000000000030AAA,New Program,Rio UrbanGo Platform,Urban Commuter,ICE,Negotiation,Pipeline,0.8,4885452.03,USD,2025-08-06,2026-01-01,2026-04-21,2026-07-20,4,false,false,,Referral,Capacity Expansion,Complete technical review,2026-05-21
006000000000262AAA,Continental Mobility Systems - Continental CityTrail Compact - 0262,001000000000004AAA,005000000000015AAA,Replacement,Continental CityTrail Compact,Compact Crossover,ICE,Proposal or Quote,Pipeline,0.6,3354045.66,USD,2025-05-02,2026-02-04,2026-05-30,2026-09-02,5,false,false,,RFQ,Capacity Expansion,Validate product fit,2026-06-04
006000000000263AAA,Northstar Automotive Group - Northstar Meridian Sedan - 0263,001000000000001AAA,005000000000011AAA,Expansion,Northstar Meridian Sedan,Mid-Size Sedan,ICE,Negotiation,Pipeline,0.8,6095728.32,USD,2025-01-27,2026-03-30,2026-08-18,2026-12-12,3,false,false,,Existing Relationship,Capacity Expansion,Validate product fit,2026-05-26
006000000000264AAA,Continental Mobility Systems - Continental UrbanGo Platform - 0264,001000000000004AAA,005000000000017AAA,Expansion,Continental UrbanGo Platform,Urban Commuter,ICE,Proposal or Quote,Best Case,0.6,6405601.68,USD,2025-05-27,2026-03-16,2026-05-17,2026-07-08,4,false,false,,Inbound,Capacity Expansion,Complete technical review,2026-06-21
006000000000265AAA,Continental Mobility Systems - Continental Meridian Sedan - 0265,001000000000004AAA,005000000000016AAA,Expansion,Continental Meridian Sedan,Mid-Size Sedan,Hybrid,Negotiation,Best Case,0.8,5624943.96,USD,2025-09-04,2026-03-19,2026-06-25,2026-09-14,5,false,false,,Inbound,Capacity Expansion,Complete technical review,2026-06-01
006000000000266AAA,Beacon Automotive - Beacon TrailForge Platform - 0266,001000000000164AAA,005000000000024AAA,New Program,Beacon TrailForge Platform,Light Truck,ICE,Negotiation,Best Case,0.8,540568.16,USD,2025-11-06,2026-03-27,,2026-07-26,0,false,false,,RFQ,Hybrid Readiness,Complete technical review,2026-05-21
006000000000267AAA,Crescent Engineering - Crescent National Parts Program - 0267,001000000000069AAA,005000000000020AAA,Expansion,Crescent National Parts Program,Aftermarket Program,Hybrid,Proposal or Quote,Best Case,0.6,1046889.78,USD,2026-04-04,2026-10-02,2026-10-02,2027-01-04,1,false,false,,RFQ,Hybrid Readiness,Confirm program timing,2026-05-26
006000000000268AAA,Frontier Components - Frontier ServicePlus Program - 0268,001000000000376AAA,005000000000015AAA,Expansion,Frontier ServicePlus Program,Aftermarket Program,ICE,Closed Lost,Closed,0,543427.77,USD,2024-06-05,2024-11-02,,2024-11-02,0,true,false,No Decision,Existing Relationship,Hybrid Readiness,,2024-10-25
006000000000269AAA,Atlas Mobility - Atlas Avenue Platform - 0269,001000000000127AAA,005000000000018AAA,Replacement,Atlas Avenue Platform,Mid-Size Sedan,ICE,Closed Lost,Closed,0,815266.12,USD,2025-02-16,2025-08-18,,2025-08-18,0,true,false,Competitor,RFQ,Capacity Expansion,,2025-08-17
006000000000270AAA,Maple Industrial Supply - Maple Meridian Sedan - 0270,001000000000307AAA,005000000000019AAA,Replacement,Maple Meridian Sedan,Mid-Size Sedan,Hybrid,Proposal or Quote,Best Case,0.6,265217.95,USD,2026-03-08,2026-11-13,,2026-11-13,0,false,false,,RFQ,Hybrid Readiness,Complete technical review,2026-05-30
006000000000271AAA,Pacific Transport Group - Pacific ServicePlus Program - 0271,001000000000067AAA,005000000000023AAA,New Program,Pacific ServicePlus Program,Aftermarket Program,Hybrid,Closed Lost,Closed,0,1205075.94,USD,2025-05-07,2025-11-04,,2025-11-04,0,true,false,Price,Existing Relationship,Quality Improvement,,2025-10-28
006000000000272AAA,Beacon Transport Group - Beacon UrbanGo Platform - 0272,001000000000154AAA,005000000000022AAA,Replacement,Beacon UrbanGo Platform,Urban Commuter,Hybrid,Closed Lost,Closed,0,378260.48,USD,2024-11-09,2025-04-16,,2025-04-16,0,true,false,Program Cancelled,Existing Relationship,Quality Improvement,,2025-03-25
006000000000273AAA,Timberline Assembly 6 - Timberline Horizon Crossover - 0273,001000000000101AAA,005000000000012AAA,Replacement,Timberline Horizon Crossover,Compact Crossover,Hybrid,Negotiation,Commit,0.8,1377313.91,USD,2026-04-26,2026-09-19,,2026-09-19,0,false,false,,Trade Event,Hybrid Readiness,Confirm program timing,2026-05-26
006000000000274AAA,Valley Powertrain - Valley Avenue Platform - 0274,001000000000109AAA,005000000000026AAA,New Program,Valley Avenue Platform,Mid-Size Sedan,Hybrid,Closed Lost,Closed,0,988370.69,USD,2025-02-13,2025-04-29,,2025-04-29,0,true,false,Program Cancelled,Partner,Hybrid Readiness,,2025-04-10
006000000000275AAA,Alder Components - Alder UrbanCargo Platform - 0275,001000000000121AAA,005000000000020AAA,Expansion,Alder UrbanCargo Platform,Fleet Van,ICE,Closed Lost,Closed,0,1013158.94,USD,2026-01-02,2026-06-14,,2026-06-14,0,true,false,No Decision,Existing Relationship,Capacity Expansion,,2026-06-03
006000000000276AAA,Blue Ridge Transport Group 5 - Blue Horizon Crossover - 0276,001000000000295AAA,005000000000014AAA,Replacement,Blue Horizon Crossover,Compact Crossover,ICE,Closed Won,Closed,1,254879.18,USD,2024-01-24,2024-07-04,,2024-07-04,0,true,true,,RFQ,Capacity Expansion,,2024-06-12
006000000000277AAA,Eastgate Assembly - Eastgate UtilityPro Program - 0277,001000000000190AAA,005000000000011AAA,Replacement,Eastgate UtilityPro Program,Light Truck,ICE,Technical Review,Pipeline,0.4,303216.76,USD,2026-02-24,2026-08-08,2026-08-08,2026-11-29,1,false,false,,Existing Relationship,Quality Improvement,Finalize commercial terms,2026-06-28
006000000000278AAA,Union Motor Systems - Union National Parts Program - 0278,001000000000071AAA,005000000000024AAA,Replacement,Union National Parts Program,Aftermarket Program,Hybrid,Closed Won,Closed,1,589532.96,USD,2024-11-24,2025-06-26,,2025-06-26,0,true,true,,RFQ,Supplier Consolidation,,2025-06-14
006000000000279AAA,Pacific Manufacturing - Pacific UrbanGo Platform - 0279,001000000000180AAA,005000000000025AAA,Requote,Pacific UrbanGo Platform,Urban Commuter,ICE,Closed Lost,Closed,0,701327.99,USD,2024-01-14,2024-07-03,,2024-07-03,0,true,false,Competitor,RFQ,Supplier Consolidation,,2024-06-12
006000000000280AAA,Oakline Industrial Supply - Oakline Horizon Crossover - 0280,001000000000328AAA,005000000000027AAA,Expansion,Oakline Horizon Crossover,Compact Crossover,ICE,Proposal or Quote,Best Case,0.6,311770.7,USD,2026-05-18,2026-10-26,,2026-10-26,0,false,false,,Referral,Supplier Consolidation,Confirm program timing,2026-06-07
006000000000281AAA,Cedar Distribution - Cedar UrbanGo Platform - 0281,001000000000015AAA,005000000000018AAA,New Program,Cedar UrbanGo Platform,Urban Commuter,ICE,Proposal or Quote,Pipeline,0.6,1910272.89,USD,2025-09-26,2026-03-05,,2026-10-03,0,false,false,,Existing Relationship,Quality Improvement,Submit revised quotation,2026-06-21
006000000000282AAA,Northfield Manufacturing - Northfield Meridian Sedan - 0282,001000000000171AAA,005000000000025AAA,New Program,Northfield Meridian Sedan,Mid-Size Sedan,ICE,Closed Won,Closed,1,678020.18,USD,2024-02-04,2024-08-04,2024-08-04,2024-10-19,1,true,true,,Referral,Capacity Expansion,,2024-09-28
006000000000283AAA,Oakline Distribution - Oakline Vista Crossover - 0283,001000000000029AAA,005000000000012AAA,Replacement,Oakline Vista Crossover,Compact Crossover,ICE,Closed Won,Closed,1,1066477.56,USD,2023-08-25,2023-11-21,,2023-11-21,0,true,true,,Existing Relationship,Capacity Expansion,,2023-11-19
006000000000284AAA,Suncrest Industrial Supply - Suncrest TransitWorks Van - 0284,001000000000261AAA,005000000000018AAA,New Program,Suncrest TransitWorks Van,Fleet Van,Hybrid,Closed Won,Closed,1,270170.6,USD,2025-05-25,2025-11-30,,2025-11-30,0,true,true,,Existing Relationship,Capacity Expansion,,2025-11-25
006000000000285AAA,Pinnacle Fleet Solutions - Pinnacle UrbanCargo Platform - 0285,001000000000028AAA,005000000000015AAA,Replacement,Pinnacle UrbanCargo Platform,Fleet Van,ICE,Closed Lost,Closed,0,2527068.43,USD,2023-04-14,2023-10-15,,2023-10-15,0,true,false,Timing,Existing Relationship,Supplier Consolidation,,2023-10-12
006000000000286AAA,Eastgate Motor Systems - Eastgate Vista Crossover - 0286,001000000000352AAA,005000000000015AAA,New Program,Eastgate Vista Crossover,Compact Crossover,ICE,Qualification,Pipeline,0.2,484957.27,USD,2024-01-13,2024-06-09,2024-06-09,2027-01-11,2,false,false,,Existing Relationship,Hybrid Readiness,Validate product fit,2026-06-17
006000000000287AAA,Stonebridge Automotive - Stonebridge Everyday Commuter - 0287,001000000000226AAA,005000000000030AAA,Expansion,Stonebridge Everyday Commuter,Urban Commuter,ICE,Closed Won,Closed,1,706641.45,USD,2024-07-16,2025-01-24,,2025-01-24,0,true,true,,Existing Relationship,Capacity Expansion,,2025-01-11
006000000000288AAA,Timberline Components 5 - Timberline WorkLine Truck - 0288,001000000000240AAA,005000000000022AAA,Requote,Timberline WorkLine Truck,Light Truck,ICE,Qualification,Pipeline,0.2,313169.58,USD,2023-02-09,2023-09-06,,2026-11-14,0,false,false,,RFQ,Cost Reduction,Submit revised quotation,2026-06-19
006000000000289AAA,BlueRiver Vehicle Systems - BlueRiver Summit Sedan - 0289,001000000000008AAA,005000000000012AAA,Replacement,BlueRiver Summit Sedan,Mid-Size Sedan,ICE,Closed Won,Closed,1,927975.87,USD,2025-11-07,2026-03-19,,2026-03-19,0,true,true,,RFQ,Cost Reduction,,2026-03-17
006000000000290AAA,Meridian Distribution 78 - Meridian Summit Sedan - 0290,001000000000045AAA,005000000000020AAA,Expansion,Meridian Summit Sedan,Mid-Size Sedan,ICE,Qualification,Pipeline,0.2,666073.46,USD,2026-06-04,2026-10-09,,2026-10-09,0,false,false,,RFQ,Quality Improvement,Submit revised quotation,2026-06-20
006000000000291AAA,Granite Mobility - Granite TrailForge Platform - 0291,001000000000241AAA,005000000000027AAA,Expansion,Granite TrailForge Platform,Light Truck,Hybrid,Closed Won,Closed,1,530107.07,USD,2025-01-19,2025-06-14,,2025-06-14,0,true,true,,RFQ,Hybrid Readiness,,2025-06-06
006000000000292AAA,Prairie Components - Prairie TransitWorks Van - 0292,001000000000038AAA,005000000000018AAA,New Program,Prairie TransitWorks Van,Fleet Van,Hybrid,Closed Lost,Closed,0,825752.88,USD,2024-09-24,2025-03-03,,2025-03-03,0,true,false,Timing,Existing Relationship,Platform Launch,,2025-02-25
006000000000293AAA,Silverline Performance Parts - Silverline TrailForge Platform - 0293,001000000000108AAA,005000000000016AAA,Expansion,Silverline TrailForge Platform,Light Truck,Hybrid,Closed Lost,Closed,0,765949.92,USD,2025-04-24,2025-11-04,,2025-11-04,0,true,false,Technical Fit,Inbound,Platform Launch,,2025-10-23
006000000000294AAA,Delta Engineering - Delta UtilityPro Program - 0294,001000000000409AAA,005000000000026AAA,New Program,Delta UtilityPro Program,Light Truck,Hybrid,Closed Lost,Closed,0,166751.21,USD,2025-11-08,2026-05-05,,2026-05-05,0,true,false,Price,Existing Relationship,Capacity Expansion,,2026-04-10
006000000000295AAA,Frontier Components - Frontier Meridian Sedan - 0295,001000000000376AAA,005000000000016AAA,Requote,Frontier Meridian Sedan,Mid-Size Sedan,ICE,Closed Won,Closed,1,780482.79,USD,2025-09-13,2026-01-27,,2026-01-27,0,true,true,,Existing Relationship,Cost Reduction,,2026-01-11
006000000000296AAA,Atlas Powertrain - Atlas CityTrail Compact - 0296,001000000000066AAA,005000000000019AAA,Expansion,Atlas CityTrail Compact,Compact Crossover,ICE,Closed Lost,Closed,0,1327096.06,USD,2025-09-15,2026-03-31,,2026-03-31,0,true,false,Technical Fit,RFQ,Capacity Expansion,,2026-03-08
006000000000297AAA,Suncrest Components - Suncrest National Parts Program - 0297,001000000000183AAA,005000000000015AAA,New Program,Suncrest National Parts Program,Aftermarket Program,ICE,Closed Won,Closed,1,482606.41,USD,2025-02-19,2025-08-23,,2025-08-23,0,true,true,,Existing Relationship,Hybrid Readiness,,2025-08-05
006000000000298AAA,Oakline Engineering - Oakline Avenue Platform - 0298,001000000000120AAA,005000000000014AAA,Replacement,Oakline Avenue Platform,Mid-Size Sedan,ICE,Negotiation,Pipeline,0.8,1314277.07,USD,2024-03-22,2024-08-29,,2026-08-01,0,false,false,,RFQ,Cost Reduction,Finalize commercial terms,2026-05-20
006000000000299AAA,Ridgeway Distribution - Ridgeway Meridian Sedan - 0299,001000000000100AAA,005000000000022AAA,New Program,Ridgeway Meridian Sedan,Mid-Size Sedan,Hybrid,Proposal or Quote,Best Case,0.6,317294.75,USD,2026-04-09,2026-09-09,,2026-09-09,0,false,false,,Inbound,Capacity Expansion,Confirm program timing,2026-06-07
006000000000300AAA,Pinnacle Transport Group - Pinnacle Everyday Commuter - 0300,001000000000248AAA,005000000000026AAA,New Program,Pinnacle Everyday Commuter,Urban Commuter,ICE,Closed Lost,Closed,0,163530.3,USD,2024-07-05,2024-11-29,,2024-11-29,0,true,false,Timing,Existing Relationship,Supplier Consolidation,,2024-11-06
006000000000301AAA,Prairie Engineering - Prairie MetroOne Program - 0301,001000000000263AAA,005000000000013AAA,New Program,Prairie MetroOne Program,Urban Commuter,Hybrid,Closed Won,Closed,1,318956.07,USD,2025-09-27,2026-04-18,,2026-04-18,0,true,true,,RFQ,Platform Launch,,2026-03-25
006000000000302AAA,Cobalt Engineering - Cobalt TrailForge Platform - 0302,001000000000115AAA,005000000000027AAA,Expansion,Cobalt TrailForge Platform,Light Truck,ICE,Closed Lost,Closed,0,822277.5,USD,2025-01-21,2025-06-08,,2025-06-08,0,true,false,Program Cancelled,RFQ,Capacity Expansion,,2025-05-30
006000000000303AAA,Crescent Assembly - Crescent MetroOne Program - 0303,001000000000250AAA,005000000000012AAA,Replacement,Crescent MetroOne Program,Urban Commuter,ICE,Closed Won,Closed,1,520175.8,USD,2025-07-24,2025-12-31,,2025-12-31,0,true,true,,Existing Relationship,Cost Reduction,,2025-12-06
006000000000304AAA,Valley Powertrain 29 - Valley Nova Compact Program - 0304,001000000000179AAA,005000000000027AAA,Replacement,Valley Nova Compact Program,Compact Crossover,Hybrid,Closed Lost,Closed,0,530654.73,USD,2025-03-02,2025-08-16,,2025-08-16,0,true,false,Technical Fit,Existing Relationship,Cost Reduction,,2025-07-23
006000000000305AAA,Cedar Distribution 85 - Cedar CityTrail Compact - 0305,001000000000404AAA,005000000000027AAA,Replacement,Cedar CityTrail Compact,Compact Crossover,Hybrid,Proposal or Quote,Best Case,0.6,613307.99,USD,2026-04-05,2026-08-25,,2026-08-25,0,false,false,,RFQ,Cost Reduction,Complete technical review,2026-05-22
006000000000306AAA,Westgate Performance Parts 68 - Westgate CityTrail Compact - 0306,001000000000311AAA,005000000000019AAA,Expansion,Westgate CityTrail Compact,Compact Crossover,Hybrid,Closed Lost,Closed,0,327255.77,USD,2025-01-09,2025-06-19,,2025-06-19,0,true,false,Program Cancelled,Existing Relationship,Cost Reduction,,2025-05-25
006000000000307AAA,Central Manufacturing - Central Nova Compact Program - 0307,001000000000144AAA,005000000000024AAA,Requote,Central Nova Compact Program,Compact Crossover,ICE,Closed Lost,Closed,0,532523.89,USD,2025-09-21,2026-03-27,,2026-03-27,0,true,false,Timing,Referral,Capacity Expansion,,2026-03-09
006000000000308AAA,Cedar Distribution 46 - Cedar Horizon Crossover - 0308,001000000000124AAA,005000000000024AAA,Replacement,Cedar Horizon Crossover,Compact Crossover,ICE,Qualification,Pipeline,0.2,717301.6,USD,2026-05-17,2026-10-14,2026-10-14,2027-02-10,1,false,false,,RFQ,Hybrid Readiness,Confirm program timing,2026-06-01
006000000000309AAA,Crescent Fleet Solutions 53 - Crescent Summit Sedan - 0309,001000000000463AAA,005000000000019AAA,New Program,Crescent Summit Sedan,Mid-Size Sedan,ICE,Proposal or Quote,Best Case,0.6,292513.8,USD,2026-05-12,2026-09-30,2026-09-30,2026-11-26,1,false,false,,Inbound,Capacity Expansion,Finalize commercial terms,2026-05-30
006000000000310AAA,Maple Performance Parts 84 - Maple ServicePlus Program - 0310,001000000000372AAA,005000000000028AAA,Expansion,Maple ServicePlus Program,Aftermarket Program,ICE,Closed Lost,Closed,0,756920.55,USD,2025-03-06,2025-07-20,,2025-07-20,0,true,false,No Decision,RFQ,Quality Improvement,,2025-07-15
006000000000311AAA,Alder Fleet Solutions - Alder WorkLine Truck - 0311,001000000000271AAA,005000000000030AAA,Expansion,Alder WorkLine Truck,Light Truck,ICE,Closed Won,Closed,1,450829.33,USD,2025-04-06,2025-12-03,,2025-12-03,0,true,true,,Existing Relationship,Platform Launch,,2025-11-15
006000000000312AAA,Granite Assembly - Granite UrbanCargo Platform - 0312,001000000000104AAA,005000000000020AAA,New Program,Granite UrbanCargo Platform,Fleet Van,ICE,Closed Won,Closed,1,892363.2,USD,2023-09-18,2024-05-22,,2024-05-22,0,true,true,,Existing Relationship,Cost Reduction,,2024-05-07
006000000000313AAA,Frontier Assembly 31 - Frontier Meridian Sedan - 0313,001000000000125AAA,005000000000024AAA,Requote,Frontier Meridian Sedan,Mid-Size Sedan,Hybrid,Closed Lost,Closed,0,595624.71,USD,2024-10-22,2025-03-24,,2025-03-24,0,true,false,Program Cancelled,RFQ,Quality Improvement,,2025-02-27
006000000000314AAA,Crescent Powertrain - Crescent WorkLine Truck - 0314,001000000000092AAA,005000000000018AAA,New Program,Crescent WorkLine Truck,Light Truck,Hybrid,Proposal or Quote,Pipeline,0.6,717287.23,USD,2023-12-08,2024-05-17,,2026-09-05,0,false,false,,Existing Relationship,Quality Improvement,Complete technical review,2026-06-14
006000000000315AAA,Meridian Automotive - Meridian RoadReady Replacement - 0315,001000000000017AAA,005000000000019AAA,Replacement,Meridian RoadReady Replacement,Aftermarket Program,ICE,Closed Won,Closed,1,2462719.39,USD,2025-10-12,2026-01-13,,2026-01-13,0,true,true,,Partner,Cost Reduction,,2025-12-20
006000000000316AAA,Blue Ridge Vehicle Systems - Blue Vista Crossover - 0316,001000000000231AAA,005000000000014AAA,New Program,Blue Vista Crossover,Compact Crossover,ICE,Negotiation,Commit,0.8,394652.1,USD,2026-02-01,2026-07-08,,2026-07-08,0,false,false,,Existing Relationship,Supplier Consolidation,Confirm program timing,2026-06-03
006000000000317AAA,Union Motor Systems 59 - Union MetroOne Program - 0317,001000000000387AAA,005000000000029AAA,Replacement,Union MetroOne Program,Urban Commuter,ICE,Closed Lost,Closed,0,702431.49,USD,2025-05-03,2025-12-19,,2025-12-19,0,true,false,Price,Existing Relationship,Capacity Expansion,,2025-11-28
006000000000318AAA,Union Mobility - Union Meridian Sedan - 0318,001000000000216AAA,005000000000030AAA,New Program,Union Meridian Sedan,Mid-Size Sedan,ICE,Negotiation,Pipeline,0.8,1002518.82,USD,2025-05-11,2026-01-08,,2026-08-07,0,false,false,,Existing Relationship,Supplier Consolidation,Finalize commercial terms,2026-06-03
006000000000319AAA,Eastgate Assembly - Eastgate WorkLine Truck - 0319,001000000000190AAA,005000000000013AAA,Replacement,Eastgate WorkLine Truck,Light Truck,ICE,Closed Lost,Closed,0,558324.22,USD,2025-05-08,2025-07-15,,2025-07-15,0,true,false,Program Cancelled,RFQ,Cost Reduction,,2025-07-01
006000000000320AAA,Westgate Components - Westgate CityMotion Vehicle - 0320,001000000000356AAA,005000000000011AAA,Expansion,Westgate CityMotion Vehicle,Urban Commuter,Hybrid,Negotiation,Commit,0.8,889596.06,USD,2026-04-27,2026-09-02,,2026-09-02,0,false,false,,RFQ,Quality Improvement,Confirm program timing,2026-05-19
006000000000321AAA,Lakeview Powertrain 8 - Lakeview CityTrail Compact - 0321,001000000000408AAA,005000000000025AAA,Expansion,Lakeview CityTrail Compact,Compact Crossover,Hybrid,Closed Lost,Closed,0,154288.18,USD,2025-01-18,2025-07-28,,2025-07-28,0,true,false,No Decision,Existing Relationship,Quality Improvement,,2025-07-22
006000000000322AAA,Pacific Transport Group - Pacific FleetWay Program - 0322,001000000000067AAA,005000000000022AAA,New Program,Pacific FleetWay Program,Fleet Van,Hybrid,Closed Won,Closed,1,724418.17,USD,2025-03-23,2025-09-02,,2025-09-02,0,true,true,,Existing Relationship,Platform Launch,,2025-08-30
006000000000323AAA,Stonebridge Powertrain 53 - Stonebridge TrailForge Platform - 0323,001000000000191AAA,005000000000011AAA,New Program,Stonebridge TrailForge Platform,Light Truck,ICE,Proposal or Quote,Best Case,0.6,791452.97,USD,2026-03-22,2026-06-20,2026-06-20,2026-09-21,2,false,false,,RFQ,Supplier Consolidation,Complete technical review,2026-06-05
006000000000324AAA,Keystone Mobility - Keystone WorkLine Truck - 0324,001000000000117AAA,005000000000024AAA,Requote,Keystone WorkLine Truck,Light Truck,ICE,Technical Review,Pipeline,0.4,1442147.71,USD,2026-05-27,2026-10-21,,2026-10-21,0,false,false,,Existing Relationship,Platform Launch,Complete technical review,2026-06-25
006000000000325AAA,Northstar Automotive Group - Northstar Horizon Crossover - 0325,001000000000001AAA,005000000000012AAA,Replacement,Northstar Horizon Crossover,Compact Crossover,ICE,Proposal or Quote,Best Case,0.6,2280198.57,USD,2026-03-24,2026-08-22,,2026-08-22,0,false,false,,Trade Event,Platform Launch,Finalize commercial terms,2026-06-26
006000000000326AAA,Atlas Motor Systems - Atlas MetroOne Program - 0326,001000000000373AAA,005000000000012AAA,Replacement,Atlas MetroOne Program,Urban Commuter,ICE,Closed Won,Closed,1,748515.21,USD,2023-09-09,2024-02-05,,2024-02-05,0,true,true,,RFQ,Hybrid Readiness,,2024-01-15
006000000000327AAA,Westgate Fleet Solutions - Westgate FleetWay Program - 0327,001000000000078AAA,005000000000012AAA,New Program,Westgate FleetWay Program,Fleet Van,Hybrid,Proposal or Quote,Pipeline,0.6,759609.06,USD,2025-07-12,2025-11-06,,2026-07-20,0,false,false,,RFQ,Hybrid Readiness,Complete technical review,2026-06-27
006000000000328AAA,Cobalt Components - Cobalt WorkLine Truck - 0328,001000000000018AAA,005000000000029AAA,New Program,Cobalt WorkLine Truck,Light Truck,ICE,Closed Lost,Closed,0,2573034.8,USD,2025-05-13,2026-01-05,,2026-01-05,0,true,false,Price,RFQ,Supplier Consolidation,,2025-12-25
006000000000329AAA,Blue Ridge Transport Group 28 - Blue UtilityPro Program - 0329,001000000000247AAA,005000000000014AAA,Expansion,Blue UtilityPro Program,Light Truck,ICE,Closed Won,Closed,1,509919.99,USD,2024-11-29,2025-02-07,2025-02-07,2025-04-09,2,true,true,,Existing Relationship,Cost Reduction,,2025-04-07
006000000000330AAA,Valley Mobility 30 - Valley Summit Sedan - 0330,001000000000457AAA,005000000000027AAA,New Program,Valley Summit Sedan,Mid-Size Sedan,Hybrid,Closed Won,Closed,1,192089.8,USD,2025-10-02,2026-02-09,,2026-02-09,0,true,true,,Existing Relationship,Supplier Consolidation,,2026-01-19
006000000000331AAA,Valley Powertrain - Valley Everyday Commuter - 0331,001000000000109AAA,005000000000025AAA,New Program,Valley Everyday Commuter,Urban Commuter,Hybrid,Proposal or Quote,Pipeline,0.6,296873.72,USD,2023-06-25,2023-10-17,,2026-09-16,0,false,false,,Existing Relationship,Capacity Expansion,Complete technical review,2026-06-25
006000000000332AAA,Valley Automotive - Valley Avenue Platform - 0332,001000000000370AAA,005000000000016AAA,New Program,Valley Avenue Platform,Mid-Size Sedan,Hybrid,Closed Won,Closed,1,492535.83,USD,2024-11-11,2025-05-02,,2025-05-02,0,true,true,,Inbound,Cost Reduction,,2025-04-18
006000000000333AAA,Prairie Distribution - Prairie Meridian Sedan - 0333,001000000000273AAA,005000000000020AAA,Expansion,Prairie Meridian Sedan,Mid-Size Sedan,Hybrid,Technical Review,Pipeline,0.4,256886.14,USD,2026-01-03,2026-06-22,,2026-11-23,0,false,false,,RFQ,Quality Improvement,Complete technical review,2026-06-11
006000000000334AAA,Blue Ridge Assembly 42 - Blue MetroOne Program - 0334,001000000000213AAA,005000000000025AAA,Requote,Blue MetroOne Program,Urban Commuter,Hybrid,Closed Won,Closed,1,844010.21,USD,2025-06-03,2025-10-30,,2025-10-30,0,true,true,,Existing Relationship,Hybrid Readiness,,2025-10-26
006000000000335AAA,Northfield Industrial Supply - Northfield Everyday Commuter - 0335,001000000000237AAA,005000000000028AAA,New Program,Northfield Everyday Commuter,Urban Commuter,ICE,Closed Lost,Closed,0,697085.85,USD,2025-05-09,2025-10-18,,2025-10-18,0,true,false,Program Cancelled,Existing Relationship,Quality Improvement,,2025-09-30
006000000000336AAA,Heritage Automotive 56 - Heritage Nova Compact Program - 0336,001000000000491AAA,005000000000023AAA,Replacement,Heritage Nova Compact Program,Compact Crossover,ICE,Closed Lost,Closed,0,140417.94,USD,2025-03-13,2025-10-09,,2025-10-09,0,true,false,Program Cancelled,Trade Event,Capacity Expansion,,2025-10-01
006000000000337AAA,Prairie Components 75 - Prairie UrbanGo Platform - 0337,001000000000484AAA,005000000000012AAA,Expansion,Prairie UrbanGo Platform,Urban Commuter,Hybrid,Closed Won,Closed,1,99391.58,USD,2025-05-10,2025-09-08,,2025-09-08,0,true,true,,Trade Event,Platform Launch,,2025-09-06
006000000000338AAA,Pinnacle Automotive 41 - Pinnacle MetroOne Program - 0338,001000000000369AAA,005000000000019AAA,Expansion,Pinnacle MetroOne Program,Urban Commuter,ICE,Technical Review,Pipeline,0.4,254453.61,USD,2024-07-12,2025-01-08,,2026-12-16,0,false,false,,Existing Relationship,Cost Reduction,Complete technical review,2026-06-25
006000000000339AAA,Oakline Distribution - Oakline CityTrail Compact - 0339,001000000000029AAA,005000000000012AAA,Requote,Oakline CityTrail Compact,Compact Crossover,Hybrid,Negotiation,Commit,0.8,1715072.36,USD,2026-01-22,2026-06-22,,2026-07-22,0,false,false,,RFQ,Platform Launch,Validate product fit,2026-05-29
006000000000340AAA,Crown Performance Parts - Crown UtilityPro Program - 0340,001000000000477AAA,005000000000020AAA,Expansion,Crown UtilityPro Program,Light Truck,Hybrid,Closed Won,Closed,1,225624.66,USD,2023-06-25,2023-12-25,,2023-12-25,0,true,true,,Existing Relationship,Supplier Consolidation,,2023-12-17
006000000000341AAA,Pinnacle Assembly 95 - Pinnacle Summit Sedan - 0341,001000000000397AAA,005000000000011AAA,New Program,Pinnacle Summit Sedan,Mid-Size Sedan,ICE,Closed Won,Closed,1,786807.94,USD,2024-07-13,2024-10-30,,2024-10-30,0,true,true,,Referral,Platform Launch,,2024-10-08
006000000000342AAA,Harbor Fleet Solutions - Harbor Meridian Sedan - 0342,001000000000105AAA,005000000000011AAA,New Program,Harbor Meridian Sedan,Mid-Size Sedan,Hybrid,Closed Won,Closed,1,609987.24,USD,2024-07-15,2024-11-01,,2024-11-01,0,true,true,,RFQ,Platform Launch,,2024-10-17
006000000000343AAA,Harbor Motor Systems - Harbor CityMotion Vehicle - 0343,001000000000345AAA,005000000000019AAA,Expansion,Harbor CityMotion Vehicle,Urban Commuter,ICE,Closed Lost,Closed,0,454817.28,USD,2025-02-09,2025-05-31,,2025-05-31,0,true,false,Program Cancelled,Existing Relationship,Hybrid Readiness,,2025-05-09
006000000000344AAA,Oakline Distribution - Oakline Summit Sedan - 0344,001000000000029AAA,005000000000014AAA,New Program,Oakline Summit Sedan,Mid-Size Sedan,ICE,Closed Lost,Closed,0,1210252.12,USD,2025-06-26,2025-08-31,,2025-08-31,0,true,false,Technical Fit,RFQ,Platform Launch,,2025-08-08
006000000000345AAA,Prairie Components - Prairie National Parts Program - 0345,001000000000038AAA,005000000000018AAA,Expansion,Prairie National Parts Program,Aftermarket Program,ICE,Closed Lost,Closed,0,1045057.86,USD,2024-02-28,2024-10-17,,2024-10-17,0,true,false,No Decision,Partner,Platform Launch,,2024-10-09
006000000000346AAA,Timberline Automotive - Timberline Vista Crossover - 0346,001000000000414AAA,005000000000012AAA,New Program,Timberline Vista Crossover,Compact Crossover,Hybrid,Negotiation,Commit,0.8,405375.88,USD,2026-04-24,2026-08-15,,2026-08-15,0,false,false,,Existing Relationship,Capacity Expansion,Complete technical review,2026-06-21
006000000000347AAA,Oakline Performance Parts - Oakline UtilityPro Program - 0347,001000000000021AAA,005000000000029AAA,New Program,Oakline UtilityPro Program,Light Truck,ICE,Proposal or Quote,Best Case,0.6,3801550.32,USD,2026-05-08,2026-10-26,,2026-10-26,0,false,false,,Existing Relationship,Platform Launch,Validate product fit,2026-06-19
006000000000348AAA,Maple Manufacturing - Maple WorkLine Truck - 0348,001000000000074AAA,005000000000022AAA,Replacement,Maple WorkLine Truck,Light Truck,Hybrid,Qualification,Pipeline,0.2,536814.62,USD,2025-08-06,2026-02-19,,2027-01-06,0,false,false,,Existing Relationship,Supplier Consolidation,Complete technical review,2026-05-18
006000000000349AAA,Eastgate Automotive - Eastgate RoadReady Replacement - 0349,001000000000114AAA,005000000000022AAA,Replacement,Eastgate RoadReady Replacement,Aftermarket Program,Hybrid,Negotiation,Commit,0.8,961197.03,USD,2026-04-04,2026-07-06,,2026-07-06,0,false,false,,RFQ,Quality Improvement,Submit revised quotation,2026-05-23
006000000000350AAA,Northfield Manufacturing - Northfield CityMotion Vehicle - 0350,001000000000171AAA,005000000000025AAA,Replacement,Northfield CityMotion Vehicle,Urban Commuter,ICE,Closed Won,Closed,1,296061.07,USD,2025-10-13,2025-12-17,,2025-12-17,0,true,true,,Existing Relationship,Cost Reduction,,2025-12-09
006000000000351AAA,Timberline Motor Systems - Timberline National Parts Program - 0351,001000000000039AAA,005000000000014AAA,Replacement,Timberline National Parts Program,Aftermarket Program,ICE,Closed Lost,Closed,0,896081.59,USD,2024-05-15,2024-10-04,,2024-10-04,0,true,false,Timing,Referral,Hybrid Readiness,,2024-09-21
006000000000352AAA,Keystone Transport Group - Keystone Vista Crossover - 0352,001000000000095AAA,005000000000025AAA,Replacement,Keystone Vista Crossover,Compact Crossover,Hybrid,Closed Won,Closed,1,968549.04,USD,2025-02-11,2025-07-31,,2025-07-31,0,true,true,,Trade Event,Supplier Consolidation,,2025-07-25
006000000000353AAA,Alder Automotive 75 - Alder TrailForge Platform - 0353,001000000000346AAA,005000000000029AAA,New Program,Alder TrailForge Platform,Light Truck,ICE,Closed Lost,Closed,0,1108883.44,USD,2024-09-30,2025-04-30,,2025-04-30,0,true,false,Program Cancelled,Referral,Capacity Expansion,,2025-04-10
006000000000354AAA,Silverline Powertrain 68 - Silverline Avenue Platform - 0354,001000000000229AAA,005000000000027AAA,Expansion,Silverline Avenue Platform,Mid-Size Sedan,ICE,Closed Won,Closed,1,343164.16,USD,2025-07-23,2025-10-22,,2025-10-22,0,true,true,,RFQ,Cost Reduction,,2025-09-29
006000000000355AAA,Timberline Components 50 - Timberline UrbanCargo Platform - 0355,001000000000214AAA,005000000000014AAA,Replacement,Timberline UrbanCargo Platform,Fleet Van,ICE,Closed Won,Closed,1,406773.32,USD,2024-11-17,2025-01-08,2025-01-08,2025-03-20,2,true,true,,Trade Event,Supplier Consolidation,,2025-03-11
006000000000356AAA,Evergreen Fleet Services - Evergreen Summit Sedan - 0356,001000000000010AAA,005000000000026AAA,Expansion,Evergreen Summit Sedan,Mid-Size Sedan,Hybrid,Negotiation,Commit,0.8,409824.08,USD,2026-01-13,2026-06-06,2026-06-06,2026-07-25,1,false,false,,Trade Event,Quality Improvement,Finalize commercial terms,2026-06-18
006000000000357AAA,Ridgeway Distribution 83 - Ridgeway Summit Sedan - 0357,001000000000193AAA,005000000000023AAA,Requote,Ridgeway Summit Sedan,Mid-Size Sedan,ICE,Closed Lost,Closed,0,464775.08,USD,2024-10-06,2025-03-25,,2025-03-25,0,true,false,Timing,Existing Relationship,Hybrid Readiness,,2025-03-14
006000000000358AAA,Cedar Distribution - Cedar ServicePlus Program - 0358,001000000000015AAA,005000000000018AAA,New Program,Cedar ServicePlus Program,Aftermarket Program,ICE,Negotiation,Pipeline,0.8,1821774.12,USD,2024-09-27,2025-02-09,,2026-08-22,0,false,false,,Referral,Capacity Expansion,Submit revised quotation,2026-06-10
006000000000359AAA,Prairie Mobility 99 - Prairie WorkLine Truck - 0359,001000000000277AAA,005000000000025AAA,Requote,Prairie WorkLine Truck,Light Truck,Hybrid,Closed Won,Closed,1,302308.42,USD,2023-11-06,2024-03-12,,2024-03-12,0,true,true,,Partner,Quality Improvement,,2024-03-11
006000000000360AAA,Heritage Fleet Solutions - Heritage TrailForge Platform - 0360,001000000000319AAA,005000000000015AAA,New Program,Heritage TrailForge Platform,Light Truck,ICE,Closed Won,Closed,1,317891.16,USD,2023-03-30,2023-08-13,,2023-08-13,0,true,true,,RFQ,Cost Reduction,,2023-08-03
006000000000361AAA,Central Manufacturing - Central Summit Sedan - 0361,001000000000144AAA,005000000000025AAA,New Program,Central Summit Sedan,Mid-Size Sedan,Hybrid,Closed Won,Closed,1,501906.58,USD,2025-02-17,2025-07-07,,2025-07-07,0,true,true,,Existing Relationship,Cost Reduction,,2025-06-17
006000000000362AAA,Delta Components - Delta CityTrail Compact - 0362,001000000000253AAA,005000000000028AAA,New Program,Delta CityTrail Compact,Compact Crossover,ICE,Technical Review,Pipeline,0.4,366760.04,USD,2023-03-15,2023-08-03,,2026-10-09,0,false,false,,Trade Event,Hybrid Readiness,Submit revised quotation,2026-06-28
006000000000363AAA,Northstar Automotive Group - Northstar Horizon Crossover - 0363,001000000000001AAA,005000000000014AAA,New Program,Northstar Horizon Crossover,Compact Crossover,ICE,Technical Review,Pipeline,0.4,745640.73,USD,2024-06-16,2024-09-19,,2026-10-20,0,false,false,,Existing Relationship,Capacity Expansion,Confirm program timing,2026-06-15
006000000000364AAA,Lakeview Vehicle Systems - Lakeview Avenue Platform - 0364,001000000000160AAA,005000000000024AAA,New Program,Lakeview Avenue Platform,Mid-Size Sedan,Hybrid,Closed Won,Closed,1,622109.51,USD,2023-03-27,2023-09-16,,2023-09-16,0,true,true,,Existing Relationship,Hybrid Readiness,,2023-08-30
006000000000365AAA,Stonebridge Powertrain 53 - Stonebridge Avenue Platform - 0365,001000000000191AAA,005000000000012AAA,New Program,Stonebridge Avenue Platform,Mid-Size Sedan,Hybrid,Technical Review,Pipeline,0.4,323658.58,USD,2026-02-09,2026-06-20,2026-06-20,2026-10-08,1,false,false,,RFQ,Supplier Consolidation,Complete technical review,2026-06-09
006000000000366AAA,Meridian Automotive - Meridian Summit Sedan - 0366,001000000000017AAA,005000000000020AAA,New Program,Meridian Summit Sedan,Mid-Size Sedan,Hybrid,Qualification,Pipeline,0.2,1819534.04,USD,2026-04-23,2026-10-18,,2026-10-18,0,false,false,,Inbound,Capacity Expansion,Confirm program timing,2026-05-29
006000000000367AAA,Crown Fleet Solutions - Crown Everyday Commuter - 0367,001000000000046AAA,005000000000017AAA,Replacement,Crown Everyday Commuter,Urban Commuter,ICE,Qualification,Pipeline,0.2,874337.84,USD,2023-09-25,2024-01-29,,2026-11-11,0,false,false,,RFQ,Hybrid Readiness,Submit revised quotation,2026-06-24
006000000000368AAA,Alder Motor Systems - Alder UrbanCargo Platform - 0368,001000000000013AAA,005000000000022AAA,New Program,Alder UrbanCargo Platform,Fleet Van,Hybrid,Technical Review,Pipeline,0.4,1635293.46,USD,2026-02-22,2026-08-18,2026-08-18,2026-11-09,2,false,false,,Existing Relationship,Platform Launch,Confirm program timing,2026-05-20
006000000000369AAA,Beacon Engineering - Beacon Everyday Commuter - 0369,001000000000106AAA,005000000000027AAA,Requote,Beacon Everyday Commuter,Urban Commuter,ICE,Negotiation,Commit,0.8,460681.73,USD,2026-02-14,2026-07-17,,2026-07-17,0,false,false,,Trade Event,Cost Reduction,Finalize commercial terms,2026-06-26
006000000000370AAA,Continental Mobility Systems - Continental Summit Sedan - 0370,001000000000004AAA,005000000000016AAA,Expansion,Continental Summit Sedan,Mid-Size Sedan,Hybrid,Closed Lost,Closed,0,1783638.91,USD,2025-09-03,2025-11-27,,2025-11-27,0,true,false,Program Cancelled,Partner,Supplier Consolidation,,2025-11-25
006000000000371AAA,Lakeview Mobility - Lakeview UtilityPro Program - 0371,001000000000476AAA,005000000000028AAA,New Program,Lakeview UtilityPro Program,Light Truck,ICE,Proposal or Quote,Best Case,0.6,76895.14,USD,2026-03-13,2026-07-31,,2026-07-31,0,false,false,,Existing Relationship,Cost Reduction,Validate product fit,2026-06-03
006000000000372AAA,Union Fleet Solutions - Union Nova Compact Program - 0372,001000000000088AAA,005000000000014AAA,Expansion,Union Nova Compact Program,Compact Crossover,Hybrid,Closed Lost,Closed,0,1210859.82,USD,2024-09-19,2024-12-11,2024-12-11,2025-02-06,2,true,false,Timing,RFQ,Supplier Consolidation,,2025-01-15
006000000000373AAA,Timberline Vehicle Systems - Timberline MetroOne Program - 0373,001000000000096AAA,005000000000030AAA,Expansion,Timberline MetroOne Program,Urban Commuter,ICE,Closed Lost,Closed,0,1304796.27,USD,2025-05-30,2026-01-10,,2026-01-10,0,true,false,No Decision,RFQ,Cost Reduction,,2025-12-18
006000000000374AAA,Frontier Distribution - Frontier UrbanGo Platform - 0374,001000000000091AAA,005000000000013AAA,New Program,Frontier UrbanGo Platform,Urban Commuter,ICE,Closed Lost,Closed,0,927041.34,USD,2025-01-22,2025-05-26,2025-05-26,2025-07-08,2,true,false,Price,Inbound,Cost Reduction,,2025-07-04
006000000000375AAA,Eastgate Vehicle Systems 63 - Eastgate UrbanCargo Platform - 0375,001000000000420AAA,005000000000025AAA,Expansion,Eastgate UrbanCargo Platform,Fleet Van,Hybrid,Closed Lost,Closed,0,189349.63,USD,2025-07-12,2025-11-21,,2025-11-21,0,true,false,Technical Fit,Existing Relationship,Supplier Consolidation,,2025-11-11
006000000000376AAA,Suncrest Transport Group 93 - Suncrest UtilityPro Program - 0376,001000000000284AAA,005000000000025AAA,New Program,Suncrest UtilityPro Program,Light Truck,Hybrid,Closed Lost,Closed,0,293787.14,USD,2025-10-29,2026-04-04,,2026-04-04,0,true,false,No Decision,Trade Event,Platform Launch,,2026-03-25
006000000000377AAA,Alder Components 62 - Alder TrailForge Platform - 0377,001000000000302AAA,005000000000028AAA,Expansion,Alder TrailForge Platform,Light Truck,ICE,Closed Lost,Closed,0,151609.89,USD,2025-08-02,2026-01-10,,2026-01-10,0,true,false,Competitor,Referral,Platform Launch,,2025-12-25
006000000000378AAA,Blue Ridge Automotive 81 - Blue Horizon Crossover - 0378,001000000000195AAA,005000000000022AAA,Expansion,Blue Horizon Crossover,Compact Crossover,ICE,Closed Won,Closed,1,391244.64,USD,2024-07-16,2024-12-19,,2024-12-19,0,true,true,,Referral,Hybrid Readiness,,2024-12-08
006000000000379AAA,Alder Motor Systems - Alder Nova Compact Program - 0379,001000000000013AAA,005000000000021AAA,Expansion,Alder Nova Compact Program,Compact Crossover,ICE,Proposal or Quote,Pipeline,0.6,2205711.82,USD,2023-10-09,2024-02-02,2024-02-02,2026-12-01,1,false,false,,Existing Relationship,Capacity Expansion,Complete technical review,2026-06-04
006000000000380AAA,Pinnacle Mobility 52 - Pinnacle Summit Sedan - 0380,001000000000174AAA,005000000000028AAA,New Program,Pinnacle Summit Sedan,Mid-Size Sedan,Hybrid,Closed Lost,Closed,0,365447.52,USD,2025-05-05,2025-06-22,,2025-06-22,0,true,false,Program Cancelled,Existing Relationship,Cost Reduction,,2025-06-12
006000000000381AAA,Stonebridge Powertrain 34 - Stonebridge Nova Compact Program - 0381,001000000000079AAA,005000000000013AAA,Expansion,Stonebridge Nova Compact Program,Compact Crossover,Hybrid,Closed Won,Closed,1,1267093.17,USD,2026-01-05,2026-05-29,,2026-05-29,0,true,true,,Existing Relationship,Capacity Expansion,,2026-05-27
006000000000382AAA,Granite Fleet Solutions 46 - Granite Everyday Commuter - 0382,001000000000148AAA,005000000000016AAA,New Program,Granite Everyday Commuter,Urban Commuter,Hybrid,Proposal or Quote,Pipeline,0.6,579148.84,USD,2025-09-16,2026-03-18,,2026-11-04,0,false,false,,Existing Relationship,Platform Launch,Complete technical review,2026-06-13
006000000000383AAA,Northfield Assembly - Northfield Meridian Sedan - 0383,001000000000035AAA,005000000000020AAA,Replacement,Northfield Meridian Sedan,Mid-Size Sedan,ICE,Proposal or Quote,Pipeline,0.6,518219.36,USD,2025-05-02,2025-12-26,,2026-12-17,0,false,false,,Existing Relationship,Quality Improvement,Complete technical review,2026-06-05
006000000000384AAA,Cedar Distribution 89 - Cedar TrailForge Platform - 0384,001000000000245AAA,005000000000029AAA,Requote,Cedar TrailForge Platform,Light Truck,Hybrid,Qualification,Pipeline,0.2,1074758.84,USD,2026-03-05,2026-11-17,,2026-11-17,0,false,false,,RFQ,Quality Improvement,Finalize commercial terms,2026-06-20
006000000000385AAA,Redwood Industrial Supply 97 - Redwood Vista Crossover - 0385,001000000000468AAA,005000000000011AAA,New Program,Redwood Vista Crossover,Compact Crossover,Hybrid,Qualification,Pipeline,0.2,214464.87,USD,2025-06-29,2026-01-14,,2027-02-03,0,false,false,,Referral,Platform Launch,Submit revised quotation,2026-06-27
006000000000386AAA,Heritage Automotive - Heritage TrailForge Platform - 0386,001000000000290AAA,005000000000024AAA,Expansion,Heritage TrailForge Platform,Light Truck,ICE,Closed Won,Closed,1,246625.94,USD,2025-06-12,2025-10-24,,2025-10-24,0,true,true,,Referral,Quality Improvement,,2025-10-06
006000000000387AAA,Oakline Performance Parts - Oakline Nova Compact Program - 0387,001000000000021AAA,005000000000030AAA,Expansion,Oakline Nova Compact Program,Compact Crossover,ICE,Closed Won,Closed,1,2999362.08,USD,2023-10-06,2024-06-27,,2024-06-27,0,true,true,,RFQ,Quality Improvement,,2024-06-15
006000000000388AAA,Central Mobility - Central Vista Crossover - 0388,001000000000062AAA,005000000000016AAA,Expansion,Central Vista Crossover,Compact Crossover,Hybrid,Closed Won,Closed,1,1194431.72,USD,2025-11-24,2026-05-08,,2026-05-08,0,true,true,,Existing Relationship,Quality Improvement,,2026-04-28
006000000000389AAA,Alder Mobility - Alder CityTrail Compact - 0389,001000000000011AAA,005000000000026AAA,New Program,Alder CityTrail Compact,Compact Crossover,ICE,Closed Lost,Closed,0,2095737.1,USD,2023-09-17,2023-12-30,2023-12-30,2024-04-19,2,true,false,No Decision,RFQ,Platform Launch,,2024-03-30
006000000000390AAA,Blue Ridge Motor Systems - Blue FleetWay Program - 0390,001000000000128AAA,005000000000026AAA,Expansion,Blue FleetWay Program,Fleet Van,ICE,Proposal or Quote,Pipeline,0.6,968591.14,USD,2025-08-02,2025-11-29,,2026-11-16,0,false,false,,Existing Relationship,Platform Launch,Confirm program timing,2026-06-23
006000000000391AAA,Windward Engineering - Windward Meridian Sedan - 0391,001000000000176AAA,005000000000020AAA,Requote,Windward Meridian Sedan,Mid-Size Sedan,Hybrid,Technical Review,Pipeline,0.4,160907.58,USD,2026-05-20,2026-10-22,,2026-10-22,0,false,false,,Existing Relationship,Cost Reduction,Validate product fit,2026-05-24
006000000000392AAA,Alder Industrial Supply - Alder MetroOne Program - 0392,001000000000043AAA,005000000000018AAA,Expansion,Alder MetroOne Program,Urban Commuter,ICE,Prospecting,Pipeline,0.1,1351782.94,USD,2026-06-02,2027-02-01,,2027-02-01,0,false,false,,Inbound,Capacity Expansion,Complete technical review,2026-05-21
006000000000393AAA,Cedar Transport Group - Cedar FleetWay Program - 0393,001000000000031AAA,005000000000011AAA,Expansion,Cedar FleetWay Program,Fleet Van,ICE,Closed Won,Closed,1,2742479.24,USD,2025-01-01,2025-03-26,,2025-03-26,0,true,true,,Existing Relationship,Cost Reduction,,2025-03-21
006000000000394AAA,Heritage Assembly - Heritage Vista Crossover - 0394,001000000000452AAA,005000000000028AAA,Replacement,Heritage Vista Crossover,Compact Crossover,ICE,Qualification,Pipeline,0.2,202461.51,USD,2023-07-18,2023-12-14,,2027-01-25,0,false,false,,Existing Relationship,Cost Reduction,Complete technical review,2026-06-04
006000000000395AAA,Prairie Mobility 54 - Prairie ServicePlus Program - 0395,001000000000299AAA,005000000000023AAA,Expansion,Prairie ServicePlus Program,Aftermarket Program,Hybrid,Technical Review,Pipeline,0.4,248463.24,USD,2026-02-09,2026-09-28,,2026-09-28,0,false,false,,Existing Relationship,Quality Improvement,Submit revised quotation,2026-06-12
006000000000396AAA,Prairie Mobility 54 - Prairie TransitWorks Van - 0396,001000000000299AAA,005000000000022AAA,Expansion,Prairie TransitWorks Van,Fleet Van,ICE,Closed Lost,Closed,0,283869.54,USD,2024-11-03,2025-03-26,,2025-03-26,0,true,false,Technical Fit,RFQ,Quality Improvement,,2025-03-06
006000000000397AAA,Granite Fleet Solutions 46 - Granite TrailForge Platform - 0397,001000000000148AAA,005000000000016AAA,New Program,Granite TrailForge Platform,Light Truck,ICE,Closed Lost,Closed,0,285594.84,USD,2024-06-13,2024-12-12,,2024-12-12,0,true,false,Technical Fit,RFQ,Cost Reduction,,2024-12-07
006000000000398AAA,Harbor Fleet Solutions 15 - Harbor TransitWorks Van - 0398,001000000000297AAA,005000000000016AAA,New Program,Harbor TransitWorks Van,Fleet Van,ICE,Proposal or Quote,Pipeline,0.6,105657.27,USD,2025-03-24,2025-08-27,,2026-09-16,0,false,false,,Inbound,Capacity Expansion,Complete technical review,2026-06-13
006000000000399AAA,Suncrest Manufacturing - Suncrest Horizon Crossover - 0399,001000000000041AAA,005000000000029AAA,Requote,Suncrest Horizon Crossover,Compact Crossover,ICE,Closed Won,Closed,1,1611452.18,USD,2024-04-28,2024-10-24,,2024-10-24,0,true,true,,RFQ,Cost Reduction,,2024-10-16
006000000000400AAA,Harbor Engineering - Harbor RoadReady Replacement - 0400,001000000000137AAA,005000000000014AAA,Expansion,Harbor RoadReady Replacement,Aftermarket Program,ICE,Closed Lost,Closed,0,300815.66,USD,2023-12-14,2024-04-11,,2024-04-11,0,true,false,Timing,Existing Relationship,Quality Improvement,,2024-03-18
006000000000401AAA,Summit Motorworks - Summit TrailForge Platform - 0401,001000000000003AAA,005000000000013AAA,Replacement,Summit TrailForge Platform,Light Truck,ICE,Closed Won,Closed,1,1195901.78,USD,2024-06-06,2024-11-03,2024-11-03,2025-01-28,1,true,true,,RFQ,Hybrid Readiness,,2025-01-11
006000000000402AAA,Eastgate Assembly - Eastgate Horizon Crossover - 0402,001000000000190AAA,005000000000011AAA,Expansion,Eastgate Horizon Crossover,Compact Crossover,Hybrid,Closed Won,Closed,1,608794.51,USD,2024-03-05,2024-07-14,,2024-07-14,0,true,true,,Existing Relationship,Cost Reduction,,2024-07-10
006000000000403AAA,Granite Transport Group - Granite Meridian Sedan - 0403,001000000000119AAA,005000000000023AAA,Replacement,Granite Meridian Sedan,Mid-Size Sedan,ICE,Proposal or Quote,Pipeline,0.6,700589.51,USD,2025-08-02,2025-12-10,,2026-11-13,0,false,false,,Partner,Quality Improvement,Finalize commercial terms,2026-06-17
006000000000404AAA,Westgate Automotive - Westgate MetroOne Program - 0404,001000000000060AAA,005000000000017AAA,Requote,Westgate MetroOne Program,Urban Commuter,ICE,Closed Won,Closed,1,888790.36,USD,2024-06-09,2024-10-20,,2024-10-20,0,true,true,,Existing Relationship,Supplier Consolidation,,2024-09-29
006000000000405AAA,Eastgate Performance Parts - Eastgate National Parts Program - 0405,001000000000268AAA,005000000000019AAA,Expansion,Eastgate National Parts Program,Aftermarket Program,ICE,Technical Review,Pipeline,0.4,329834.42,USD,2026-03-25,2026-11-01,,2026-11-01,0,false,false,,RFQ,Quality Improvement,Submit revised quotation,2026-06-22
006000000000406AAA,Crescent Fleet Solutions 11 - Crescent FleetWay Program - 0406,001000000000317AAA,005000000000012AAA,Replacement,Crescent FleetWay Program,Fleet Van,ICE,Closed Won,Closed,1,339204.53,USD,2024-08-15,2025-01-03,,2025-01-03,0,true,true,,Trade Event,Cost Reduction,,2024-12-15
006000000000407AAA,Crescent Automotive 72 - Crescent ServicePlus Program - 0407,001000000000446AAA,005000000000018AAA,New Program,Crescent ServicePlus Program,Aftermarket Program,ICE,Closed Won,Closed,1,125077.39,USD,2023-02-19,2023-06-16,,2023-06-16,0,true,true,,Existing Relationship,Hybrid Readiness,,2023-06-09
006000000000408AAA,Beacon Components - Beacon Meridian Sedan - 0408,001000000000286AAA,005000000000017AAA,Replacement,Beacon Meridian Sedan,Mid-Size Sedan,Hybrid,Negotiation,Pipeline,0.8,291483.84,USD,2024-02-20,2024-06-03,,2026-10-05,0,false,false,,RFQ,Quality Improvement,Validate product fit,2026-06-23
006000000000409AAA,Crown Fleet Solutions - Crown Horizon Crossover - 0409,001000000000046AAA,005000000000015AAA,New Program,Crown Horizon Crossover,Compact Crossover,ICE,Closed Won,Closed,1,1361103.02,USD,2025-07-31,2025-12-25,,2025-12-25,0,true,true,,RFQ,Platform Launch,,2025-12-13
006000000000410AAA,Ridgeway Vehicle Systems - Ridgeway TrailForge Platform - 0410,001000000000059AAA,005000000000025AAA,New Program,Ridgeway TrailForge Platform,Light Truck,ICE,Closed Won,Closed,1,1010099.75,USD,2025-08-02,2026-02-15,2026-02-15,2026-06-12,2,true,true,,RFQ,Supplier Consolidation,,2026-06-08
006000000000411AAA,Westgate Transport Group 15 - Westgate Meridian Sedan - 0411,001000000000202AAA,005000000000019AAA,Replacement,Westgate Meridian Sedan,Mid-Size Sedan,ICE,Closed Won,Closed,1,418931.77,USD,2025-10-11,2026-02-10,,2026-02-10,0,true,true,,Existing Relationship,Cost Reduction,,2026-02-06
006000000000412AAA,Prairie Motor Systems - Prairie Everyday Commuter - 0412,001000000000051AAA,005000000000020AAA,Expansion,Prairie Everyday Commuter,Urban Commuter,Hybrid,Closed Won,Closed,1,1148899.9,USD,2025-05-23,2025-12-16,,2025-12-16,0,true,true,,Existing Relationship,Supplier Consolidation,,2025-12-06
006000000000413AAA,Beacon Performance Parts - Beacon UrbanGo Platform - 0413,001000000000032AAA,005000000000014AAA,Expansion,Beacon UrbanGo Platform,Urban Commuter,ICE,Technical Review,Pipeline,0.4,1069776.37,USD,2023-07-03,2023-09-26,,2026-11-12,0,false,false,,Partner,Hybrid Readiness,Confirm program timing,2026-06-19
006000000000414AAA,Prairie Vehicle Systems - Prairie Nova Compact Program - 0414,001000000000187AAA,005000000000013AAA,Replacement,Prairie Nova Compact Program,Compact Crossover,ICE,Proposal or Quote,Best Case,0.6,478412.62,USD,2026-04-24,2026-07-22,2026-07-22,2026-11-06,2,false,false,,Existing Relationship,Quality Improvement,Complete technical review,2026-05-22
006000000000415AAA,Central Assembly - Central WorkLine Truck - 0415,001000000000324AAA,005000000000024AAA,Expansion,Central WorkLine Truck,Light Truck,Hybrid,Closed Won,Closed,1,420734.78,USD,2025-09-27,2026-03-18,2026-03-18,2026-05-12,1,true,true,,Existing Relationship,Supplier Consolidation,,2026-04-23
006000000000416AAA,Heritage Mobility - Heritage TrailForge Platform - 0416,001000000000392AAA,005000000000022AAA,Expansion,Heritage TrailForge Platform,Light Truck,Hybrid,Closed Won,Closed,1,453582.02,USD,2023-07-04,2023-11-21,2023-11-21,2023-12-25,1,true,true,,Referral,Capacity Expansion,,2023-12-10
006000000000417AAA,Pinnacle Assembly - Pinnacle UrbanGo Platform - 0417,001000000000236AAA,005000000000022AAA,Requote,Pinnacle UrbanGo Platform,Urban Commuter,Hybrid,Negotiation,Commit,0.8,268006.68,USD,2026-04-15,2026-07-22,,2026-07-22,0,false,false,,RFQ,Capacity Expansion,Complete technical review,2026-06-01
006000000000418AAA,Liberty Components - Liberty CityTrail Compact - 0418,001000000000077AAA,005000000000029AAA,Expansion,Liberty CityTrail Compact,Compact Crossover,Hybrid,Closed Lost,Closed,0,1406217.44,USD,2024-10-21,2025-05-13,2025-05-13,2025-09-10,1,true,false,Price,Existing Relationship,Platform Launch,,2025-09-09
006000000000419AAA,Pinnacle Fleet Solutions - Pinnacle TrailForge Platform - 0419,001000000000028AAA,005000000000015AAA,Expansion,Pinnacle TrailForge Platform,Light Truck,ICE,Closed Won,Closed,1,2589366.05,USD,2025-10-18,2026-02-01,,2026-02-01,0,true,true,,Existing Relationship,Capacity Expansion,,2026-01-16
006000000000420AAA,Oakline Performance Parts - Oakline RoadReady Replacement - 0420,001000000000021AAA,005000000000029AAA,New Program,Oakline RoadReady Replacement,Aftermarket Program,ICE,Proposal or Quote,Best Case,0.6,2191638.26,USD,2026-01-08,2026-08-18,,2026-08-18,0,false,false,,Existing Relationship,Supplier Consolidation,Finalize commercial terms,2026-06-29
006000000000421AAA,Suncrest Mobility - Suncrest WorkLine Truck - 0421,001000000000075AAA,005000000000016AAA,Expansion,Suncrest WorkLine Truck,Light Truck,ICE,Closed Lost,Closed,0,540158.03,USD,2023-02-07,2023-06-28,,2023-06-28,0,true,false,Competitor,RFQ,Cost Reduction,,2023-06-18
006000000000422AAA,Windward Performance Parts - Windward UrbanCargo Platform - 0422,001000000000379AAA,005000000000029AAA,Replacement,Windward UrbanCargo Platform,Fleet Van,ICE,Closed Lost,Closed,0,376517.58,USD,2023-03-26,2023-12-03,,2023-12-03,0,true,false,Program Cancelled,Existing Relationship,Cost Reduction,,2023-11-28
006000000000423AAA,Alder Industrial Supply - Alder Vista Crossover - 0423,001000000000043AAA,005000000000018AAA,Requote,Alder Vista Crossover,Compact Crossover,ICE,Closed Lost,Closed,0,963484.51,USD,2023-03-02,2023-06-26,,2023-06-26,0,true,false,Price,Inbound,Quality Improvement,,2023-06-17
006000000000424AAA,Pioneer Chassis Group - Pioneer WorkLine Truck - 0424,001000000000009AAA,005000000000021AAA,New Program,Pioneer WorkLine Truck,Light Truck,ICE,Closed Won,Closed,1,1113832.22,USD,2025-01-22,2025-05-24,,2025-05-24,0,true,true,,Existing Relationship,Platform Launch,,2025-05-06
006000000000425AAA,Windward Distribution - Windward Summit Sedan - 0425,001000000000126AAA,005000000000018AAA,Replacement,Windward Summit Sedan,Mid-Size Sedan,ICE,Proposal or Quote,Best Case,0.6,853437.1,USD,2026-05-01,2026-08-19,,2026-08-19,0,false,false,,Existing Relationship,Platform Launch,Submit revised quotation,2026-06-01
006000000000426AAA,Alder Motor Systems - Alder Horizon Crossover - 0426,001000000000013AAA,005000000000023AAA,Expansion,Alder Horizon Crossover,Compact Crossover,ICE,Closed Won,Closed,1,1161562.67,USD,2025-10-30,2025-12-20,,2025-12-20,0,true,true,,Referral,Capacity Expansion,,2025-12-16
006000000000427AAA,Maple Motor Systems - Maple UrbanCargo Platform - 0427,001000000000103AAA,005000000000024AAA,Expansion,Maple UrbanCargo Platform,Fleet Van,Hybrid,Closed Won,Closed,1,1047581.86,USD,2025-05-07,2025-10-18,,2025-10-18,0,true,true,,RFQ,Platform Launch,,2025-10-05
006000000000428AAA,Northfield Assembly - Northfield WorkLine Truck - 0428,001000000000035AAA,005000000000020AAA,New Program,Northfield WorkLine Truck,Light Truck,Hybrid,Negotiation,Commit,0.8,795243.72,USD,2026-02-20,2026-07-23,,2026-07-23,0,false,false,,Partner,Capacity Expansion,Complete technical review,2026-06-01
006000000000429AAA,Frontier Components - Frontier WorkLine Truck - 0429,001000000000376AAA,005000000000016AAA,Expansion,Frontier WorkLine Truck,Light Truck,ICE,Proposal or Quote,Best Case,0.6,773269.02,USD,2026-04-16,2026-09-14,,2026-09-14,0,false,false,,RFQ,Supplier Consolidation,Complete technical review,2026-06-14
006000000000430AAA,Suncrest Performance Parts - Suncrest WorkLine Truck - 0430,001000000000068AAA,005000000000018AAA,New Program,Suncrest WorkLine Truck,Light Truck,ICE,Qualification,Pipeline,0.2,658798.35,USD,2026-05-08,2026-11-02,2026-11-02,2026-12-18,1,false,false,,Existing Relationship,Quality Improvement,Finalize commercial terms,2026-06-10
006000000000431AAA,Delta Mobility - Delta MetroOne Program - 0431,001000000000053AAA,005000000000026AAA,Replacement,Delta MetroOne Program,Urban Commuter,ICE,Closed Lost,Closed,0,976272.16,USD,2023-07-25,2023-10-28,,2023-10-28,0,true,false,Timing,Trade Event,Hybrid Readiness,,2023-10-06
006000000000432AAA,Redwood Powertrain - Redwood National Parts Program - 0432,001000000000201AAA,005000000000027AAA,New Program,Redwood National Parts Program,Aftermarket Program,ICE,Closed Won,Closed,1,654610.8,USD,2025-08-30,2026-02-01,,2026-02-01,0,true,true,,Existing Relationship,Quality Improvement,,2026-01-29
006000000000433AAA,Lakeview Mobility - Lakeview RoadReady Replacement - 0433,001000000000476AAA,005000000000027AAA,Expansion,Lakeview RoadReady Replacement,Aftermarket Program,ICE,Closed Lost,Closed,0,68677.91,USD,2024-06-13,2024-09-30,,2024-09-30,0,true,false,Technical Fit,Existing Relationship,Hybrid Readiness,,2024-09-24
006000000000434AAA,Prairie Motor Systems - Prairie Summit Sedan - 0434,001000000000051AAA,005000000000019AAA,New Program,Prairie Summit Sedan,Mid-Size Sedan,ICE,Proposal or Quote,Best Case,0.6,690453.78,USD,2026-04-07,2026-09-07,,2026-09-07,0,false,false,,Existing Relationship,Platform Launch,Complete technical review,2026-06-18
006000000000435AAA,Cobalt Manufacturing 48 - Cobalt RoadReady Replacement - 0435,001000000000341AAA,005000000000012AAA,Expansion,Cobalt RoadReady Replacement,Aftermarket Program,ICE,Negotiation,Commit,0.8,428459.36,USD,2026-01-24,2026-07-12,,2026-07-12,0,false,false,,Existing Relationship,Hybrid Readiness,Confirm program timing,2026-06-09
006000000000436AAA,Northfield Performance Parts - Northfield Vista Crossover - 0436,001000000000422AAA,005000000000022AAA,Expansion,Northfield Vista Crossover,Compact Crossover,ICE,Proposal or Quote,Best Case,0.6,282625.53,USD,2026-05-27,2026-12-29,,2026-12-29,0,false,false,,Existing Relationship,Platform Launch,Validate product fit,2026-05-17
006000000000437AAA,Pacific Fleet Solutions - Pacific Horizon Crossover - 0437,001000000000147AAA,005000000000012AAA,Expansion,Pacific Horizon Crossover,Compact Crossover,Hybrid,Closed Won,Closed,1,378101.25,USD,2025-02-26,2025-06-10,,2025-06-10,0,true,true,,Existing Relationship,Supplier Consolidation,,2025-06-01
006000000000438AAA,Union Motor Systems - Union Nova Compact Program - 0438,001000000000071AAA,005000000000026AAA,Expansion,Union Nova Compact Program,Compact Crossover,ICE,Negotiation,Commit,0.8,892981.2,USD,2026-05-28,2026-09-04,,2026-09-04,0,false,false,,Referral,Supplier Consolidation,Finalize commercial terms,2026-06-26
006000000000439AAA,Valley Mobility 58 - Valley Everyday Commuter - 0439,001000000000246AAA,005000000000018AAA,New Program,Valley Everyday Commuter,Urban Commuter,ICE,Closed Won,Closed,1,142075.2,USD,2024-05-10,2024-10-29,,2024-10-29,0,true,true,,Referral,Supplier Consolidation,,2024-10-17
006000000000440AAA,Rio Grande Mobility - Rio CityTrail Compact - 0440,001000000000006AAA,005000000000029AAA,Expansion,Rio CityTrail Compact,Compact Crossover,ICE,Closed Lost,Closed,0,2746551.02,USD,2025-01-22,2025-09-17,,2025-09-17,0,true,false,Price,Existing Relationship,Quality Improvement,,2025-08-27
006000000000441AAA,Harbor Fleet Solutions - Harbor Vista Crossover - 0441,001000000000105AAA,005000000000013AAA,Replacement,Harbor Vista Crossover,Compact Crossover,ICE,Closed Won,Closed,1,367453.01,USD,2023-05-31,2023-11-12,,2023-11-12,0,true,true,,Existing Relationship,Capacity Expansion,,2023-10-29
006000000000442AAA,Eastgate Vehicle Systems - Eastgate Horizon Crossover - 0442,001000000000014AAA,005000000000019AAA,New Program,Eastgate Horizon Crossover,Compact Crossover,ICE,Negotiation,Commit,0.8,1714807.88,USD,2026-03-07,2026-08-12,,2026-08-12,0,false,false,,Referral,Hybrid Readiness,Submit revised quotation,2026-05-18
006000000000443AAA,Blue Ridge Vehicle Systems - Blue ServicePlus Program - 0443,001000000000231AAA,005000000000014AAA,Expansion,Blue ServicePlus Program,Aftermarket Program,Hybrid,Closed Won,Closed,1,636519.12,USD,2023-10-11,2024-03-23,,2024-03-23,0,true,true,,Existing Relationship,Cost Reduction,,2024-03-04
006000000000444AAA,Northfield Engineering 73 - Northfield WorkLine Truck - 0444,001000000000442AAA,005000000000014AAA,New Program,Northfield WorkLine Truck,Light Truck,ICE,Qualification,Pipeline,0.2,139049.63,USD,2025-12-02,2026-03-06,,2026-11-07,0,false,false,,Referral,Hybrid Readiness,Validate product fit,2026-06-04
006000000000445AAA,Meridian Automotive - Meridian National Parts Program - 0445,001000000000017AAA,005000000000019AAA,Replacement,Meridian National Parts Program,Aftermarket Program,Hybrid,Closed Lost,Closed,0,1914700.4,USD,2025-09-05,2026-01-15,,2026-01-15,0,true,false,Technical Fit,RFQ,Cost Reduction,,2025-12-23
006000000000446AAA,Granite Powertrain - Granite Summit Sedan - 0446,001000000000186AAA,005000000000027AAA,Replacement,Granite Summit Sedan,Mid-Size Sedan,ICE,Closed Lost,Closed,0,341385.66,USD,2025-04-25,2025-07-29,2025-07-29,2025-10-17,1,true,false,Program Cancelled,Existing Relationship,Hybrid Readiness,,2025-10-14
006000000000447AAA,Pacific Performance Parts 72 - Pacific UrbanGo Platform - 0447,001000000000391AAA,005000000000020AAA,New Program,Pacific UrbanGo Platform,Urban Commuter,Hybrid,Proposal or Quote,Best Case,0.6,638089.89,USD,2026-04-09,2026-09-29,,2026-09-29,0,false,false,,Referral,Hybrid Readiness,Complete technical review,2026-05-27
006000000000448AAA,Westgate Transport Group - Westgate MetroOne Program - 0448,001000000000085AAA,005000000000022AAA,Expansion,Westgate MetroOne Program,Urban Commuter,ICE,Qualification,Pipeline,0.2,761455.2,USD,2026-05-02,2026-11-02,,2026-11-02,0,false,false,,Partner,Platform Launch,Submit revised quotation,2026-06-15
006000000000449AAA,Delta Performance Parts 77 - Delta MetroOne Program - 0449,001000000000336AAA,005000000000029AAA,New Program,Delta MetroOne Program,Urban Commuter,ICE,Qualification,Pipeline,0.2,221908.79,USD,2026-05-30,2027-01-24,,2027-01-24,0,false,false,,Inbound,Quality Improvement,Validate product fit,2026-05-17
006000000000450AAA,Timberline Assembly 6 - Timberline WorkLine Truck - 0450,001000000000101AAA,005000000000014AAA,Replacement,Timberline WorkLine Truck,Light Truck,Hybrid,Closed Lost,Closed,0,819379.73,USD,2023-03-09,2023-08-29,,2023-08-29,0,true,false,Competitor,RFQ,Supplier Consolidation,,2023-08-11
006000000000451AAA,Cobalt Components - Cobalt ServicePlus Program - 0451,001000000000018AAA,005000000000029AAA,Expansion,Cobalt ServicePlus Program,Aftermarket Program,ICE,Closed Lost,Closed,0,2828715.36,USD,2023-11-19,2024-07-13,2024-07-13,2024-08-18,1,true,false,Technical Fit,RFQ,Platform Launch,,2024-08-02
006000000000452AAA,Maple Fleet Solutions - Maple TrailForge Platform - 0452,001000000000238AAA,005000000000013AAA,New Program,Maple TrailForge Platform,Light Truck,ICE,Closed Won,Closed,1,518922.2,USD,2025-04-13,2025-08-23,,2025-08-23,0,true,true,,Partner,Hybrid Readiness,,2025-08-14
006000000000453AAA,Prairie Assembly - Prairie WorkLine Truck - 0453,001000000000090AAA,005000000000019AAA,Expansion,Prairie WorkLine Truck,Light Truck,Hybrid,Qualification,Pipeline,0.2,1113579.24,USD,2026-04-30,2026-10-18,2026-10-18,2026-12-20,1,false,false,,RFQ,Supplier Consolidation,Finalize commercial terms,2026-05-22
006000000000454AAA,Valley Fleet Solutions - Valley Nova Compact Program - 0454,001000000000076AAA,005000000000017AAA,Expansion,Valley Nova Compact Program,Compact Crossover,Hybrid,Negotiation,Commit,0.8,1290189.34,USD,2026-02-13,2026-08-14,,2026-08-14,0,false,false,,Existing Relationship,Cost Reduction,Complete technical review,2026-06-27
006000000000455AAA,Silverline Performance Parts 81 - Silverline Summit Sedan - 0455,001000000000222AAA,005000000000022AAA,Replacement,Silverline Summit Sedan,Mid-Size Sedan,ICE,Proposal or Quote,Best Case,0.6,540139.2,USD,2026-03-13,2026-08-04,,2026-08-04,0,false,false,,Existing Relationship,Quality Improvement,Complete technical review,2026-06-19
006000000000456AAA,Harbor Transport Group - Harbor Meridian Sedan - 0456,001000000000047AAA,005000000000019AAA,Expansion,Harbor Meridian Sedan,Mid-Size Sedan,ICE,Closed Lost,Closed,0,1015558.59,USD,2025-07-14,2025-12-31,,2025-12-31,0,true,false,Technical Fit,Existing Relationship,Quality Improvement,,2025-12-13
006000000000457AAA,Harbor Fleet Solutions 84 - Harbor UrbanCargo Platform - 0457,001000000000266AAA,005000000000025AAA,Expansion,Harbor UrbanCargo Platform,Fleet Van,ICE,Closed Won,Closed,1,303015.89,USD,2024-02-06,2024-08-05,,2024-08-05,0,true,true,,RFQ,Cost Reduction,,2024-08-04
006000000000458AAA,Prairie Engineering 71 - Prairie UrbanGo Platform - 0458,001000000000421AAA,005000000000024AAA,Expansion,Prairie UrbanGo Platform,Urban Commuter,Hybrid,Closed Won,Closed,1,219089.36,USD,2025-03-26,2025-07-20,,2025-07-20,0,true,true,,Inbound,Cost Reduction,,2025-07-14
006000000000459AAA,Northfield Manufacturing 89 - Northfield UtilityPro Program - 0459,001000000000473AAA,005000000000021AAA,Expansion,Northfield UtilityPro Program,Light Truck,ICE,Closed Won,Closed,1,225623.23,USD,2023-07-12,2024-01-05,,2024-01-05,0,true,true,,Partner,Capacity Expansion,,2024-01-02
006000000000460AAA,Maple Engineering - Maple Vista Crossover - 0460,001000000000073AAA,005000000000021AAA,Requote,Maple Vista Crossover,Compact Crossover,ICE,Closed Won,Closed,1,683391.9,USD,2024-06-09,2024-11-09,,2024-11-09,0,true,true,,RFQ,Cost Reduction,,2024-10-20
006000000000461AAA,Ridgeway Distribution - Ridgeway Horizon Crossover - 0461,001000000000100AAA,005000000000023AAA,Requote,Ridgeway Horizon Crossover,Compact Crossover,Hybrid,Negotiation,Commit,0.8,483182.01,USD,2026-01-31,2026-07-04,,2026-07-04,0,false,false,,Referral,Cost Reduction,Complete technical review,2026-06-02
006000000000462AAA,Harbor Fleet Solutions 84 - Harbor ServicePlus Program - 0462,001000000000266AAA,005000000000026AAA,Expansion,Harbor ServicePlus Program,Aftermarket Program,Hybrid,Closed Won,Closed,1,411143.88,USD,2025-04-05,2025-10-16,,2025-10-16,0,true,true,,Trade Event,Platform Launch,,2025-10-14
006000000000463AAA,Blue Ridge Motor Systems - Blue Meridian Sedan - 0463,001000000000128AAA,005000000000025AAA,Replacement,Blue Meridian Sedan,Mid-Size Sedan,ICE,Closed Won,Closed,1,823705.93,USD,2024-04-27,2024-08-08,,2024-08-08,0,true,true,,Trade Event,Hybrid Readiness,,2024-08-04
006000000000464AAA,Lakeview Motor Systems - Lakeview FleetWay Program - 0464,001000000000487AAA,005000000000014AAA,New Program,Lakeview FleetWay Program,Fleet Van,ICE,Closed Won,Closed,1,113955.72,USD,2024-07-01,2024-12-06,,2024-12-06,0,true,true,,Inbound,Hybrid Readiness,,2024-11-14
006000000000465AAA,Cobalt Automotive - Cobalt Nova Compact Program - 0465,001000000000480AAA,005000000000012AAA,Requote,Cobalt Nova Compact Program,Compact Crossover,ICE,Closed Won,Closed,1,231909.72,USD,2023-05-23,2023-10-26,,2023-10-26,0,true,true,,Existing Relationship,Platform Launch,,2023-10-23
006000000000466AAA,Eastgate Distribution - Eastgate UrbanGo Platform - 0466,001000000000332AAA,005000000000023AAA,Requote,Eastgate UrbanGo Platform,Urban Commuter,Hybrid,Closed Won,Closed,1,155369.47,USD,2024-02-04,2024-05-03,,2024-05-03,0,true,true,,Existing Relationship,Cost Reduction,,2024-04-21
006000000000467AAA,Stonebridge Automotive - Stonebridge Summit Sedan - 0467,001000000000226AAA,005000000000030AAA,Expansion,Stonebridge Summit Sedan,Mid-Size Sedan,Hybrid,Qualification,Pipeline,0.2,370889,USD,2026-06-05,2026-11-02,,2026-11-02,0,false,false,,Partner,Capacity Expansion,Complete technical review,2026-05-20
006000000000468AAA,Cedar Distribution 89 - Cedar RoadReady Replacement - 0468,001000000000245AAA,005000000000030AAA,Requote,Cedar RoadReady Replacement,Aftermarket Program,ICE,Technical Review,Pipeline,0.4,911722.02,USD,2025-05-05,2026-02-03,,2026-09-10,0,false,false,,Referral,Cost Reduction,Submit revised quotation,2026-06-06
006000000000469AAA,Frontier Industrial Supply 32 - Frontier UrbanGo Platform - 0469,001000000000210AAA,005000000000019AAA,New Program,Frontier UrbanGo Platform,Urban Commuter,Hybrid,Negotiation,Commit,0.8,328515.12,USD,2026-03-21,2026-08-25,,2026-08-25,0,false,false,,RFQ,Quality Improvement,Complete technical review,2026-05-30
006000000000470AAA,Cobalt Distribution 14 - Cobalt Horizon Crossover - 0470,001000000000358AAA,005000000000021AAA,New Program,Cobalt Horizon Crossover,Compact Crossover,Hybrid,Closed Won,Closed,1,483572.02,USD,2024-05-06,2024-09-20,2024-09-20,2024-11-01,1,true,true,,RFQ,Cost Reduction,,2024-10-13
006000000000471AAA,Alder Components 36 - Alder Avenue Platform - 0471,001000000000224AAA,005000000000025AAA,Expansion,Alder Avenue Platform,Mid-Size Sedan,Hybrid,Closed Won,Closed,1,338473.69,USD,2025-12-04,2026-04-09,,2026-04-09,0,true,true,,RFQ,Capacity Expansion,,2026-04-06
006000000000472AAA,Stonebridge Powertrain 34 - Stonebridge TransitWorks Van - 0472,001000000000079AAA,005000000000012AAA,Expansion,Stonebridge TransitWorks Van,Fleet Van,ICE,Closed Won,Closed,1,998243.16,USD,2023-04-13,2023-06-01,2023-06-01,2023-09-10,1,true,true,,Existing Relationship,Hybrid Readiness,,2023-08-30
006000000000473AAA,Rio Grande Mobility - Rio RoadReady Replacement - 0473,001000000000006AAA,005000000000030AAA,Expansion,Rio RoadReady Replacement,Aftermarket Program,ICE,Closed Lost,Closed,0,2150767.08,USD,2024-06-05,2025-03-30,,2025-03-30,0,true,false,Timing,Existing Relationship,Capacity Expansion,,2025-03-29
006000000000474AAA,Union Manufacturing - Union TrailForge Platform - 0474,001000000000150AAA,005000000000025AAA,New Program,Union TrailForge Platform,Light Truck,Hybrid,Closed Lost,Closed,0,491231.31,USD,2025-10-09,2026-03-02,,2026-03-02,0,true,false,Timing,RFQ,Hybrid Readiness,,2026-02-10
006000000000475AAA,Windward Powertrain - Windward Horizon Crossover - 0475,001000000000377AAA,005000000000021AAA,Expansion,Windward Horizon Crossover,Compact Crossover,ICE,Closed Won,Closed,1,859149.67,USD,2025-03-01,2025-08-09,,2025-08-09,0,true,true,,RFQ,Capacity Expansion,,2025-07-18
006000000000476AAA,Oakline Mobility 3 - Oakline RoadReady Replacement - 0476,001000000000461AAA,005000000000025AAA,New Program,Oakline RoadReady Replacement,Aftermarket Program,ICE,Technical Review,Pipeline,0.4,100670.6,USD,2023-11-04,2024-04-12,,2026-09-26,0,false,false,,Inbound,Hybrid Readiness,Validate product fit,2026-06-15
006000000000477AAA,Silverline Powertrain - Silverline FleetWay Program - 0477,001000000000036AAA,005000000000029AAA,New Program,Silverline FleetWay Program,Fleet Van,ICE,Closed Lost,Closed,0,1462065.52,USD,2023-07-07,2024-01-18,,2024-01-18,0,true,false,Competitor,RFQ,Quality Improvement,,2024-01-14
006000000000478AAA,Silverline Components - Silverline TransitWorks Van - 0478,001000000000094AAA,005000000000027AAA,Expansion,Silverline TransitWorks Van,Fleet Van,Hybrid,Closed Won,Closed,1,555456.05,USD,2024-04-09,2024-09-04,,2024-09-04,0,true,true,,Referral,Quality Improvement,,2024-08-24
006000000000479AAA,Prairie Assembly - Prairie RoadReady Replacement - 0479,001000000000090AAA,005000000000018AAA,Expansion,Prairie RoadReady Replacement,Aftermarket Program,ICE,Proposal or Quote,Best Case,0.6,1495442,USD,2026-04-03,2026-08-23,,2026-08-23,0,false,false,,Existing Relationship,Capacity Expansion,Confirm program timing,2026-06-28
006000000000480AAA,Westgate Distribution - Westgate CityMotion Vehicle - 0480,001000000000168AAA,005000000000011AAA,Expansion,Westgate CityMotion Vehicle,Urban Commuter,ICE,Negotiation,Commit,0.8,710539.47,USD,2026-01-31,2026-05-17,,2026-09-04,0,false,false,,Referral,Cost Reduction,Validate product fit,2026-06-13
006000000000481AAA,Union Automotive - Union TrailForge Platform - 0481,001000000000048AAA,005000000000023AAA,New Program,Union TrailForge Platform,Light Truck,ICE,Closed Won,Closed,1,1035849.75,USD,2024-08-03,2024-10-31,,2024-10-31,0,true,true,,Existing Relationship,Cost Reduction,,2024-10-21
006000000000482AAA,Crescent Engineering 66 - Crescent Horizon Crossover - 0482,001000000000130AAA,005000000000026AAA,Requote,Crescent Horizon Crossover,Compact Crossover,ICE,Closed Lost,Closed,0,987023.82,USD,2023-06-30,2023-09-20,2023-09-20,2023-12-15,1,true,false,Price,Referral,Platform Launch,,2023-12-03
006000000000483AAA,Prairie Components - Prairie Nova Compact Program - 0483,001000000000038AAA,005000000000019AAA,Replacement,Prairie Nova Compact Program,Compact Crossover,Hybrid,Closed Lost,Closed,0,503917.99,USD,2025-01-01,2025-07-07,,2025-07-07,0,true,false,Technical Fit,Existing Relationship,Hybrid Readiness,,2025-06-21
006000000000484AAA,Oakline Mobility - Oakline Nova Compact Program - 0484,001000000000133AAA,005000000000028AAA,New Program,Oakline Nova Compact Program,Compact Crossover,ICE,Closed Won,Closed,1,568378.38,USD,2025-10-20,2026-02-22,,2026-02-22,0,true,true,,Existing Relationship,Cost Reduction,,2026-02-15
006000000000485AAA,Blue Ridge Industrial Supply - Blue CityTrail Compact - 0485,001000000000415AAA,005000000000029AAA,Replacement,Blue CityTrail Compact,Compact Crossover,ICE,Closed Lost,Closed,0,110907.24,USD,2024-10-08,2025-04-16,2025-04-16,2025-06-11,1,true,false,Timing,RFQ,Cost Reduction,,2025-05-26
006000000000486AAA,Harbor Fleet Solutions 78 - Harbor CityMotion Vehicle - 0486,001000000000362AAA,005000000000011AAA,New Program,Harbor CityMotion Vehicle,Urban Commuter,ICE,Proposal or Quote,Pipeline,0.6,1122399.1,USD,2024-04-08,2024-08-24,,2026-09-12,0,false,false,,Referral,Capacity Expansion,Validate product fit,2026-06-02
006000000000487AAA,Windward Automotive - Windward Horizon Crossover - 0487,001000000000443AAA,005000000000013AAA,Expansion,Windward Horizon Crossover,Compact Crossover,ICE,Closed Won,Closed,1,264109.34,USD,2024-01-24,2024-06-06,,2024-06-06,0,true,true,,Existing Relationship,Cost Reduction,,2024-05-28
006000000000488AAA,Blue Ridge Engineering - Blue Vista Crossover - 0488,001000000000163AAA,005000000000021AAA,Replacement,Blue Vista Crossover,Compact Crossover,Hybrid,Negotiation,Commit,0.8,544925.45,USD,2026-03-10,2026-07-15,,2026-07-15,0,false,false,,Referral,Cost Reduction,Submit revised quotation,2026-06-18
006000000000489AAA,Central Fleet Solutions - Central Everyday Commuter - 0489,001000000000161AAA,005000000000029AAA,Expansion,Central Everyday Commuter,Urban Commuter,ICE,Closed Lost,Closed,0,816979.64,USD,2024-05-26,2024-11-24,2024-11-24,2025-03-22,1,true,false,No Decision,Existing Relationship,Hybrid Readiness,,2025-03-01
006000000000490AAA,Harbor Fleet Solutions 57 - Harbor Nova Compact Program - 0490,001000000000430AAA,005000000000017AAA,Replacement,Harbor Nova Compact Program,Compact Crossover,Hybrid,Prospecting,Pipeline,0.1,169736.03,USD,2024-05-27,2024-10-06,2024-10-06,2027-01-29,2,false,false,,Existing Relationship,Capacity Expansion,Complete technical review,2026-06-18
006000000000491AAA,Maple Performance Parts 84 - Maple Horizon Crossover - 0491,001000000000372AAA,005000000000027AAA,Expansion,Maple Horizon Crossover,Compact Crossover,ICE,Closed Lost,Closed,0,563786.13,USD,2023-08-13,2023-12-09,2023-12-09,2024-04-03,1,true,false,No Decision,RFQ,Supplier Consolidation,,2024-03-09
006000000000492AAA,Crescent Mobility - Crescent FleetWay Program - 0492,001000000000064AAA,005000000000021AAA,New Program,Crescent FleetWay Program,Fleet Van,ICE,Closed Lost,Closed,0,1091071.2,USD,2025-05-05,2025-11-29,,2025-11-29,0,true,false,Price,RFQ,Cost Reduction,,2025-11-07
006000000000493AAA,Harbor Distribution - Harbor RoadReady Replacement - 0493,001000000000082AAA,005000000000026AAA,Replacement,Harbor RoadReady Replacement,Aftermarket Program,ICE,Closed Won,Closed,1,960352.14,USD,2023-10-21,2024-03-31,,2024-03-31,0,true,true,,Existing Relationship,Supplier Consolidation,,2024-03-07
006000000000494AAA,Silverline Powertrain 19 - Silverline National Parts Program - 0494,001000000000099AAA,005000000000019AAA,New Program,Silverline National Parts Program,Aftermarket Program,Hybrid,Closed Won,Closed,1,493283.68,USD,2024-02-27,2024-07-21,,2024-07-21,0,true,true,,Existing Relationship,Supplier Consolidation,,2024-07-16
006000000000495AAA,Silverline Powertrain - Silverline FleetWay Program - 0495,001000000000036AAA,005000000000029AAA,New Program,Silverline FleetWay Program,Fleet Van,Hybrid,Technical Review,Pipeline,0.4,1272046.31,USD,2025-04-22,2026-02-06,,2026-09-09,0,false,false,,Referral,Quality Improvement,Submit revised quotation,2026-06-26
006000000000496AAA,Pacific Fleet Solutions 20 - Pacific Summit Sedan - 0496,001000000000232AAA,005000000000013AAA,Requote,Pacific Summit Sedan,Mid-Size Sedan,ICE,Closed Won,Closed,1,283268.7,USD,2023-10-10,2023-12-25,,2023-12-25,0,true,true,,Existing Relationship,Platform Launch,,2023-11-30
006000000000497AAA,Rio Grande Mobility - Rio Meridian Sedan - 0497,001000000000006AAA,005000000000030AAA,Expansion,Rio Meridian Sedan,Mid-Size Sedan,ICE,Technical Review,Pipeline,0.4,3001917.67,USD,2024-03-21,2024-12-10,,2026-11-24,0,false,false,,Referral,Hybrid Readiness,Finalize commercial terms,2026-06-02
006000000000498AAA,Beacon Distribution - Beacon Vista Crossover - 0498,001000000000027AAA,005000000000013AAA,New Program,Beacon Vista Crossover,Compact Crossover,ICE,Closed Won,Closed,1,1501674.02,USD,2026-02-21,2026-05-27,,2026-05-27,0,true,true,,RFQ,Cost Reduction,,2026-05-22
006000000000499AAA,Summit Motorworks - Summit Vista Crossover - 0499,001000000000003AAA,005000000000014AAA,New Program,Summit Vista Crossover,Compact Crossover,ICE,Closed Lost,Closed,0,1981024.54,USD,2025-02-19,2025-07-02,,2025-07-02,0,true,false,Competitor,Existing Relationship,Capacity Expansion,,2025-06-13
006000000000500AAA,Meridian Distribution 78 - Meridian TrailForge Platform - 0500,001000000000045AAA,005000000000018AAA,Expansion,Meridian TrailForge Platform,Light Truck,Hybrid,Negotiation,Commit,0.8,794562.89,USD,2026-01-25,2026-07-22,,2026-07-22,0,false,false,,Referral,Cost Reduction,Confirm program timing,2026-06-18
006000000000501AAA,Cobalt Components 50 - Cobalt UtilityPro Program - 0501,001000000000170AAA,005000000000024AAA,New Program,Cobalt UtilityPro Program,Light Truck,ICE,Closed Won,Closed,1,576367.02,USD,2025-11-20,2026-04-13,,2026-04-13,0,true,true,,RFQ,Capacity Expansion,,2026-04-04
006000000000502AAA,BlueRiver Vehicle Systems - BlueRiver Nova Compact Program - 0502,001000000000008AAA,005000000000013AAA,New Program,BlueRiver Nova Compact Program,Compact Crossover,ICE,Proposal or Quote,Best Case,0.6,864136.47,USD,2026-05-05,2026-10-17,,2026-10-17,0,false,false,,RFQ,Supplier Consolidation,Validate product fit,2026-06-06
006000000000503AAA,Suncrest Transport Group - Suncrest Horizon Crossover - 0503,001000000000116AAA,005000000000013AAA,Expansion,Suncrest Horizon Crossover,Compact Crossover,Hybrid,Closed Lost,Closed,0,1207165.18,USD,2024-02-01,2024-06-02,2024-06-02,2024-07-01,1,true,false,Price,Inbound,Supplier Consolidation,,2024-06-24
006000000000504AAA,Central Mobility 2 - Central RoadReady Replacement - 0504,001000000000153AAA,005000000000015AAA,Requote,Central RoadReady Replacement,Aftermarket Program,ICE,Technical Review,Pipeline,0.4,832871.97,USD,2025-05-25,2025-09-30,,2027-01-14,0,false,false,,RFQ,Quality Improvement,Validate product fit,2026-05-19
006000000000505AAA,Silverline Powertrain - Silverline Vista Crossover - 0505,001000000000036AAA,005000000000030AAA,New Program,Silverline Vista Crossover,Compact Crossover,ICE,Qualification,Pipeline,0.2,1443871.35,USD,2023-02-26,2023-11-06,,2027-01-17,0,false,false,,Inbound,Capacity Expansion,Complete technical review,2026-06-22
006000000000506AAA,Eastgate Distribution - Eastgate Meridian Sedan - 0506,001000000000332AAA,005000000000021AAA,Expansion,Eastgate Meridian Sedan,Mid-Size Sedan,Hybrid,Proposal or Quote,Best Case,0.6,321416.83,USD,2026-03-14,2026-08-16,,2026-08-16,0,false,false,,RFQ,Cost Reduction,Validate product fit,2026-06-07
006000000000507AAA,Blue Ridge Motor Systems - Blue Nova Compact Program - 0507,001000000000128AAA,005000000000026AAA,New Program,Blue Nova Compact Program,Compact Crossover,ICE,Closed Lost,Closed,0,1474234.18,USD,2024-08-08,2024-12-27,,2024-12-27,0,true,false,No Decision,Existing Relationship,Platform Launch,,2024-12-11
006000000000508AAA,Granite Fleet Solutions - Granite Vista Crossover - 0508,001000000000050AAA,005000000000022AAA,Expansion,Granite Vista Crossover,Compact Crossover,ICE,Proposal or Quote,Best Case,0.6,848654.28,USD,2026-06-09,2026-11-10,,2026-11-10,0,false,false,,RFQ,Capacity Expansion,Confirm program timing,2026-05-21
006000000000509AAA,Meridian Distribution 91 - Meridian Nova Compact Program - 0509,001000000000061AAA,005000000000024AAA,Expansion,Meridian Nova Compact Program,Compact Crossover,Hybrid,Proposal or Quote,Best Case,0.6,1116650.35,USD,2026-03-27,2026-08-25,,2026-08-25,0,false,false,,Existing Relationship,Hybrid Readiness,Submit revised quotation,2026-06-10
006000000000510AAA,Westgate Motor Systems - Westgate Vista Crossover - 0510,001000000000026AAA,005000000000018AAA,New Program,Westgate Vista Crossover,Compact Crossover,ICE,Closed Lost,Closed,0,1682944.22,USD,2024-01-19,2024-04-23,,2024-04-23,0,true,false,No Decision,Referral,Capacity Expansion,,2024-04-14
006000000000511AAA,Crescent Mobility 39 - Crescent MetroOne Program - 0511,001000000000233AAA,005000000000011AAA,Expansion,Crescent MetroOne Program,Urban Commuter,ICE,Closed Lost,Closed,0,705413.27,USD,2025-05-26,2025-10-04,,2025-10-04,0,true,false,No Decision,Existing Relationship,Quality Improvement,,2025-09-29
006000000000512AAA,Atlas Automotive 67 - Atlas RoadReady Replacement - 0512,001000000000495AAA,005000000000022AAA,Expansion,Atlas RoadReady Replacement,Aftermarket Program,ICE,Proposal or Quote,Best Case,0.6,181429.05,USD,2026-01-22,2026-04-17,,2026-09-16,0,false,false,,RFQ,Quality Improvement,Validate product fit,2026-06-29
006000000000513AAA,Harbor Engineering - Harbor National Parts Program - 0513,001000000000137AAA,005000000000013AAA,Requote,Harbor National Parts Program,Aftermarket Program,ICE,Closed Won,Closed,1,432082.63,USD,2024-06-20,2024-10-28,,2024-10-28,0,true,true,,Inbound,Hybrid Readiness,,2024-10-24
006000000000514AAA,Union Motor Systems - Union CityMotion Vehicle - 0514,001000000000071AAA,005000000000026AAA,Replacement,Union CityMotion Vehicle,Urban Commuter,Hybrid,Closed Lost,Closed,0,1169296.18,USD,2024-01-29,2024-06-05,,2024-06-05,0,true,false,Price,Referral,Capacity Expansion,,2024-06-03
006000000000515AAA,Alder Components - Alder CityTrail Compact - 0515,001000000000121AAA,005000000000020AAA,Expansion,Alder CityTrail Compact,Compact Crossover,ICE,Closed Lost,Closed,0,869671.62,USD,2025-02-04,2025-08-23,2025-08-23,2025-11-20,2,true,false,Timing,Inbound,Quality Improvement,,2025-10-29
006000000000516AAA,Meridian Manufacturing - Meridian WorkLine Truck - 0516,001000000000016AAA,005000000000027AAA,New Program,Meridian WorkLine Truck,Light Truck,ICE,Closed Lost,Closed,0,1914515.65,USD,2024-04-02,2024-07-16,,2024-07-16,0,true,false,No Decision,Trade Event,Hybrid Readiness,,2024-07-14
006000000000517AAA,Aurora Vehicle Works - Aurora Nova Compact Program - 0517,001000000000005AAA,005000000000028AAA,New Program,Aurora Nova Compact Program,Compact Crossover,ICE,Closed Won,Closed,1,2126281.68,USD,2023-07-28,2023-11-22,,2023-11-22,0,true,true,,Existing Relationship,Supplier Consolidation,,2023-11-05
006000000000518AAA,Cobalt Transport Group - Cobalt Meridian Sedan - 0518,001000000000275AAA,005000000000011AAA,Replacement,Cobalt Meridian Sedan,Mid-Size Sedan,ICE,Closed Won,Closed,1,434573.51,USD,2025-08-08,2025-10-16,,2025-10-16,0,true,true,,Existing Relationship,Quality Improvement,,2025-10-15
006000000000519AAA,Westgate Performance Parts - Westgate Horizon Crossover - 0519,001000000000044AAA,005000000000028AAA,Expansion,Westgate Horizon Crossover,Compact Crossover,Hybrid,Technical Review,Pipeline,0.4,993064.15,USD,2026-04-30,2026-09-11,,2026-09-11,0,false,false,,Inbound,Cost Reduction,Complete technical review,2026-05-30
006000000000520AAA,Cobalt Motor Systems - Cobalt UrbanCargo Platform - 0520,001000000000427AAA,005000000000024AAA,Requote,Cobalt UrbanCargo Platform,Fleet Van,ICE,Proposal or Quote,Pipeline,0.6,151910.4,USD,2024-05-06,2024-09-03,,2026-08-23,0,false,false,,Trade Event,Quality Improvement,Submit revised quotation,2026-05-23
006000000000521AAA,Alder Automotive - Alder CityTrail Compact - 0521,001000000000282AAA,005000000000019AAA,New Program,Alder CityTrail Compact,Compact Crossover,ICE,Negotiation,Commit,0.8,272519.82,USD,2026-02-15,2026-07-06,,2026-07-06,0,false,false,,Existing Relationship,Cost Reduction,Validate product fit,2026-06-26
006000000000522AAA,Northstar Automotive Group - Northstar Vista Crossover - 0522,001000000000001AAA,005000000000011AAA,New Program,Northstar Vista Crossover,Compact Crossover,ICE,Closed Won,Closed,1,1087932.89,USD,2023-09-06,2023-12-31,,2023-12-31,0,true,true,,Existing Relationship,Quality Improvement,,2023-12-25
006000000000523AAA,Beacon Distribution - Beacon Everyday Commuter - 0523,001000000000027AAA,005000000000011AAA,New Program,Beacon Everyday Commuter,Urban Commuter,ICE,Technical Review,Pipeline,0.4,2096477.09,USD,2024-09-14,2025-01-24,,2026-11-03,0,false,false,,Referral,Hybrid Readiness,Validate product fit,2026-06-09
006000000000524AAA,Alder Vehicle Systems - Alder ServicePlus Program - 0524,001000000000131AAA,005000000000023AAA,Expansion,Alder ServicePlus Program,Aftermarket Program,Hybrid,Closed Lost,Closed,0,505304.7,USD,2025-03-08,2025-08-16,2025-08-16,2025-11-15,1,true,false,No Decision,RFQ,Supplier Consolidation,,2025-11-14
006000000000525AAA,Summit Motorworks - Summit Nova Compact Program - 0525,001000000000003AAA,005000000000014AAA,Replacement,Summit Nova Compact Program,Compact Crossover,ICE,Technical Review,Pipeline,0.4,1117387.23,USD,2025-01-19,2025-04-25,,2026-08-21,0,false,false,,RFQ,Capacity Expansion,Validate product fit,2026-06-19
006000000000526AAA,Frontier Engineering 49 - Frontier CityMotion Vehicle - 0526,001000000000401AAA,005000000000020AAA,Expansion,Frontier CityMotion Vehicle,Urban Commuter,ICE,Closed Won,Closed,1,709043.15,USD,2025-10-31,2026-05-11,,2026-05-11,0,true,true,,RFQ,Cost Reduction,,2026-04-22
006000000000527AAA,Atlas Mobility - Atlas Summit Sedan - 0527,001000000000127AAA,005000000000018AAA,Expansion,Atlas Summit Sedan,Mid-Size Sedan,ICE,Closed Lost,Closed,0,519613.41,USD,2023-08-29,2024-03-26,,2024-03-26,0,true,false,No Decision,Existing Relationship,Quality Improvement,,2024-03-08
006000000000528AAA,Sierra Roadcraft - Sierra CityMotion Vehicle - 0528,001000000000007AAA,005000000000025AAA,New Program,Sierra CityMotion Vehicle,Urban Commuter,ICE,Closed Lost,Closed,0,1541296.83,USD,2025-03-14,2025-09-30,,2025-09-30,0,true,false,No Decision,Referral,Hybrid Readiness,,2025-09-14
006000000000529AAA,Frontier Distribution 85 - Frontier RoadReady Replacement - 0529,001000000000304AAA,005000000000030AAA,Expansion,Frontier RoadReady Replacement,Aftermarket Program,ICE,Closed Won,Closed,1,595436.83,USD,2024-10-06,2025-05-01,,2025-05-01,0,true,true,,Existing Relationship,Cost Reduction,,2025-04-18
006000000000530AAA,Atlas Performance Parts - Atlas Vista Crossover - 0530,001000000000024AAA,005000000000030AAA,Replacement,Atlas Vista Crossover,Compact Crossover,Hybrid,Proposal or Quote,Best Case,0.6,2879489.24,USD,2026-03-31,2026-11-17,,2026-11-17,0,false,false,,Partner,Hybrid Readiness,Finalize commercial terms,2026-06-05
006000000000531AAA,Silverline Components 41 - Silverline Avenue Platform - 0531,001000000000453AAA,005000000000013AAA,New Program,Silverline Avenue Platform,Mid-Size Sedan,ICE,Closed Won,Closed,1,194532.33,USD,2023-06-01,2023-09-11,,2023-09-11,0,true,true,,Partner,Quality Improvement,,2023-09-09
006000000000532AAA,Suncrest Manufacturing - Suncrest UtilityPro Program - 0532,001000000000041AAA,005000000000030AAA,Expansion,Suncrest UtilityPro Program,Light Truck,ICE,Closed Won,Closed,1,1676420.36,USD,2024-05-04,2024-10-08,,2024-10-08,0,true,true,,Existing Relationship,Quality Improvement,,2024-10-02
006000000000533AAA,Meridian Distribution 91 - Meridian UrbanCargo Platform - 0533,001000000000061AAA,005000000000026AAA,New Program,Meridian UrbanCargo Platform,Fleet Van,Hybrid,Negotiation,Commit,0.8,745009.16,USD,2026-01-02,2026-07-01,,2026-07-01,0,false,false,,Existing Relationship,Capacity Expansion,Confirm program timing,2026-06-19
006000000000534AAA,Central Fleet Solutions 24 - Central UrbanGo Platform - 0534,001000000000258AAA,005000000000015AAA,New Program,Central UrbanGo Platform,Urban Commuter,Hybrid,Closed Won,Closed,1,238032.83,USD,2025-02-13,2025-06-08,,2025-06-08,0,true,true,,RFQ,Platform Launch,,2025-05-19
006000000000535AAA,Meridian Distribution 78 - Meridian RoadReady Replacement - 0535,001000000000045AAA,005000000000018AAA,Requote,Meridian RoadReady Replacement,Aftermarket Program,Hybrid,Proposal or Quote,Best Case,0.6,309812.49,USD,2026-04-05,2026-08-23,,2026-08-23,0,false,false,,RFQ,Capacity Expansion,Finalize commercial terms,2026-06-19
006000000000536AAA,Blue Ridge Automotive - Blue Avenue Platform - 0536,001000000000012AAA,005000000000013AAA,Expansion,Blue Avenue Platform,Mid-Size Sedan,ICE,Closed Won,Closed,1,2031496.52,USD,2025-09-08,2025-11-04,,2025-11-04,0,true,true,,Existing Relationship,Hybrid Readiness,,2025-10-12
006000000000537AAA,Maple Motor Systems - Maple Meridian Sedan - 0537,001000000000103AAA,005000000000026AAA,Requote,Maple Meridian Sedan,Mid-Size Sedan,ICE,Proposal or Quote,Best Case,0.6,840871.63,USD,2026-02-04,2026-08-28,2026-08-28,2026-12-03,1,false,false,,Referral,Cost Reduction,Confirm program timing,2026-05-26
006000000000538AAA,Union Motor Systems - Union MetroOne Program - 0538,001000000000071AAA,005000000000026AAA,New Program,Union MetroOne Program,Urban Commuter,Hybrid,Closed Won,Closed,1,331364.11,USD,2024-02-25,2024-06-25,,2024-06-25,0,true,true,,Existing Relationship,Cost Reduction,,2024-06-05
006000000000539AAA,Heritage Automotive 56 - Heritage WorkLine Truck - 0539,001000000000491AAA,005000000000023AAA,Expansion,Heritage WorkLine Truck,Light Truck,ICE,Technical Review,Pipeline,0.4,183587,USD,2024-09-16,2025-02-10,,2026-08-27,0,false,false,,Trade Event,Capacity Expansion,Validate product fit,2026-05-17
006000000000540AAA,Keystone Mobility - Keystone ServicePlus Program - 0540,001000000000117AAA,005000000000024AAA,Expansion,Keystone ServicePlus Program,Aftermarket Program,Hybrid,Closed Won,Closed,1,797348.11,USD,2024-09-03,2025-02-19,,2025-02-19,0,true,true,,Referral,Cost Reduction,,2025-01-28
006000000000541AAA,Frontier Assembly - Frontier UrbanGo Platform - 0541,001000000000040AAA,005000000000014AAA,New Program,Frontier UrbanGo Platform,Urban Commuter,Hybrid,Closed Lost,Closed,0,1091982.08,USD,2025-09-19,2025-12-05,,2025-12-05,0,true,false,Timing,Existing Relationship,Supplier Consolidation,,2025-11-23
006000000000542AAA,Oakline Transport Group - Oakline UtilityPro Program - 0542,001000000000340AAA,005000000000016AAA,Expansion,Oakline UtilityPro Program,Light Truck,ICE,Closed Won,Closed,1,656740.81,USD,2023-12-12,2024-04-20,,2024-04-20,0,true,true,,Existing Relationship,Capacity Expansion,,2024-04-05
006000000000543AAA,Prairie Motor Systems - Prairie Meridian Sedan - 0543,001000000000051AAA,005000000000020AAA,New Program,Prairie Meridian Sedan,Mid-Size Sedan,Hybrid,Proposal or Quote,Best Case,0.6,832951.75,USD,2026-05-30,2027-01-05,,2027-01-05,0,false,false,,Existing Relationship,Supplier Consolidation,Complete technical review,2026-05-28
006000000000544AAA,Alder Transport Group - Alder TransitWorks Van - 0544,001000000000343AAA,005000000000024AAA,New Program,Alder TransitWorks Van,Fleet Van,Hybrid,Closed Won,Closed,1,756159.48,USD,2025-09-13,2026-01-07,,2026-01-07,0,true,true,,Existing Relationship,Platform Launch,,2026-01-05
006000000000545AAA,Central Fleet Solutions 56 - Central MetroOne Program - 0545,001000000000486AAA,005000000000030AAA,Replacement,Central MetroOne Program,Urban Commuter,ICE,Closed Won,Closed,1,286830.92,USD,2025-04-10,2026-01-19,,2026-01-19,0,true,true,,Existing Relationship,Cost Reduction,,2026-01-01
006000000000546AAA,Union Manufacturing - Union TrailForge Platform - 0546,001000000000150AAA,005000000000025AAA,Expansion,Union TrailForge Platform,Light Truck,ICE,Closed Lost,Closed,0,349305.9,USD,2023-10-03,2024-03-19,,2024-03-19,0,true,false,Timing,Referral,Cost Reduction,,2024-03-10
006000000000547AAA,Stonebridge Automotive - Stonebridge CityTrail Compact - 0547,001000000000226AAA,005000000000029AAA,Expansion,Stonebridge CityTrail Compact,Compact Crossover,ICE,Closed Lost,Closed,0,601774.5,USD,2025-07-05,2026-01-30,,2026-01-30,0,true,false,Timing,Existing Relationship,Platform Launch,,2026-01-26
006000000000548AAA,Crescent Fleet Solutions 11 - Crescent National Parts Program - 0548,001000000000317AAA,005000000000014AAA,Expansion,Crescent National Parts Program,Aftermarket Program,Hybrid,Closed Lost,Closed,0,334538.05,USD,2023-05-21,2023-08-24,,2023-08-24,0,true,false,Timing,Inbound,Quality Improvement,,2023-08-03
006000000000549AAA,Union Manufacturing - Union National Parts Program - 0549,001000000000150AAA,005000000000024AAA,Replacement,Union National Parts Program,Aftermarket Program,ICE,Negotiation,Commit,0.8,607568.14,USD,2026-04-09,2026-07-18,,2026-07-18,0,false,false,,Existing Relationship,Quality Improvement,Complete technical review,2026-06-28
006000000000550AAA,Meridian Manufacturing - Meridian Horizon Crossover - 0550,001000000000016AAA,005000000000027AAA,Replacement,Meridian Horizon Crossover,Compact Crossover,ICE,Closed Won,Closed,1,1654727.52,USD,2025-11-09,2026-04-14,,2026-04-14,0,true,true,,Referral,Quality Improvement,,2026-04-04
006000000000551AAA,Crescent Fleet Solutions 46 - Crescent National Parts Program - 0551,001000000000483AAA,005000000000026AAA,Expansion,Crescent National Parts Program,Aftermarket Program,ICE,Closed Won,Closed,1,114568.45,USD,2025-03-20,2025-07-28,,2025-07-28,0,true,true,,RFQ,Cost Reduction,,2025-07-03
006000000000552AAA,Timberline Components - Timberline MetroOne Program - 0552,001000000000206AAA,005000000000016AAA,Expansion,Timberline MetroOne Program,Urban Commuter,ICE,Proposal or Quote,Pipeline,0.6,157221.84,USD,2024-05-06,2024-10-27,,2026-12-25,0,false,false,,RFQ,Supplier Consolidation,Finalize commercial terms,2026-06-06
006000000000553AAA,Keystone Motor Systems - Keystone Nova Compact Program - 0553,001000000000177AAA,005000000000029AAA,Expansion,Keystone Nova Compact Program,Compact Crossover,ICE,Closed Won,Closed,1,561398.55,USD,2025-01-14,2025-09-08,,2025-09-08,0,true,true,,Referral,Hybrid Readiness,,2025-08-17
006000000000554AAA,Valley Mobility - Valley TrailForge Platform - 0554,001000000000089AAA,005000000000024AAA,Expansion,Valley TrailForge Platform,Light Truck,ICE,Closed Won,Closed,1,1138896.38,USD,2025-10-10,2026-02-03,,2026-02-03,0,true,true,,Trade Event,Cost Reduction,,2026-01-29
006000000000555AAA,Delta Assembly - Delta UrbanGo Platform - 0555,001000000000482AAA,005000000000026AAA,Expansion,Delta UrbanGo Platform,Urban Commuter,Hybrid,Closed Won,Closed,1,318003.51,USD,2024-07-11,2025-01-06,2025-01-06,2025-03-17,2,true,true,,Existing Relationship,Quality Improvement,,2025-02-21
006000000000556AAA,Union Manufacturing - Union UrbanGo Platform - 0556,001000000000150AAA,005000000000024AAA,Replacement,Union UrbanGo Platform,Urban Commuter,Hybrid,Closed Lost,Closed,0,565450.17,USD,2025-04-03,2025-09-05,,2025-09-05,0,true,false,Technical Fit,Existing Relationship,Capacity Expansion,,2025-08-23
006000000000557AAA,Redwood Engineering - Redwood MetroOne Program - 0557,001000000000365AAA,005000000000019AAA,New Program,Redwood MetroOne Program,Urban Commuter,ICE,Closed Lost,Closed,0,447089.7,USD,2023-06-15,2023-10-10,,2023-10-10,0,true,false,Price,Inbound,Cost Reduction,,2023-09-19
006000000000558AAA,Central Transport Group - Central Summit Sedan - 0558,001000000000249AAA,005000000000018AAA,Expansion,Central Summit Sedan,Mid-Size Sedan,ICE,Negotiation,Commit,0.8,522377.25,USD,2026-03-03,2026-07-10,,2026-07-10,0,false,false,,Partner,Hybrid Readiness,Validate product fit,2026-06-08
006000000000559AAA,Delta Mobility - Delta Summit Sedan - 0559,001000000000053AAA,005000000000025AAA,New Program,Delta Summit Sedan,Mid-Size Sedan,Hybrid,Closed Lost,Closed,0,685017.61,USD,2025-02-22,2025-07-02,2025-07-02,2025-09-28,2,true,false,Price,Existing Relationship,Capacity Expansion,,2025-09-18
006000000000560AAA,Liberty Manufacturing - Liberty UtilityPro Program - 0560,001000000000072AAA,005000000000016AAA,Requote,Liberty UtilityPro Program,Light Truck,ICE,Closed Lost,Closed,0,790161.26,USD,2023-03-30,2023-08-21,,2023-08-21,0,true,false,Program Cancelled,Referral,Platform Launch,,2023-08-08
006000000000561AAA,Beacon Performance Parts - Beacon Summit Sedan - 0561,001000000000032AAA,005000000000013AAA,Expansion,Beacon Summit Sedan,Mid-Size Sedan,ICE,Proposal or Quote,Best Case,0.6,2388361.71,USD,2026-04-09,2026-10-07,,2026-10-07,0,false,false,,Inbound,Hybrid Readiness,Confirm program timing,2026-06-29
006000000000562AAA,Alder Components 36 - Alder Avenue Platform - 0562,001000000000224AAA,005000000000025AAA,Expansion,Alder Avenue Platform,Mid-Size Sedan,ICE,Negotiation,Pipeline,0.8,311826.06,USD,2024-09-30,2025-02-10,,2026-09-11,0,false,false,,Existing Relationship,Quality Improvement,Submit revised quotation,2026-06-18
006000000000563AAA,Eastgate Assembly - Eastgate FleetWay Program - 0563,001000000000190AAA,005000000000014AAA,Requote,Eastgate FleetWay Program,Fleet Van,Hybrid,Closed Won,Closed,1,356189.96,USD,2025-01-05,2025-05-15,,2025-05-15,0,true,true,,Trade Event,Capacity Expansion,,2025-05-10
006000000000564AAA,Maple Performance Parts 21 - Maple MetroOne Program - 0564,001000000000439AAA,005000000000020AAA,Replacement,Maple MetroOne Program,Urban Commuter,Hybrid,Proposal or Quote,Best Case,0.6,267159.66,USD,2026-04-15,2026-10-26,2026-10-26,2027-01-03,1,false,false,,Existing Relationship,Platform Launch,Confirm program timing,2026-05-27
006000000000565AAA,Cedar Motor Systems - Cedar Everyday Commuter - 0565,001000000000129AAA,005000000000019AAA,Expansion,Cedar Everyday Commuter,Urban Commuter,Hybrid,Negotiation,Commit,0.8,738182,USD,2026-02-21,2026-07-01,,2026-07-01,0,false,false,,RFQ,Hybrid Readiness,Validate product fit,2026-06-24
006000000000566AAA,Frontier Distribution 85 - Frontier WorkLine Truck - 0566,001000000000304AAA,005000000000030AAA,Replacement,Frontier WorkLine Truck,Light Truck,ICE,Qualification,Pipeline,0.2,534734.87,USD,2024-02-12,2024-09-14,,2027-01-11,0,false,false,,Existing Relationship,Cost Reduction,Validate product fit,2026-06-25
006000000000567AAA,Pacific Powertrain - Pacific RoadReady Replacement - 0567,001000000000087AAA,005000000000024AAA,Expansion,Pacific RoadReady Replacement,Aftermarket Program,Hybrid,Technical Review,Pipeline,0.4,932838.88,USD,2023-02-11,2023-07-18,,2026-08-21,0,false,false,,Partner,Quality Improvement,Complete technical review,2026-06-10
006000000000568AAA,Prairie Mobility 54 - Prairie Everyday Commuter - 0568,001000000000299AAA,005000000000022AAA,Replacement,Prairie Everyday Commuter,Urban Commuter,ICE,Closed Won,Closed,1,234111.16,USD,2024-01-17,2024-05-24,,2024-05-24,0,true,true,,Partner,Capacity Expansion,,2024-05-11
006000000000569AAA,Harbor Distribution - Harbor Summit Sedan - 0569,001000000000082AAA,005000000000026AAA,Expansion,Harbor Summit Sedan,Mid-Size Sedan,Hybrid,Negotiation,Commit,0.8,780934.46,USD,2026-04-13,2026-08-07,,2026-08-07,0,false,false,,RFQ,Hybrid Readiness,Confirm program timing,2026-06-18
006000000000570AAA,Frontier Components - Frontier RoadReady Replacement - 0570,001000000000376AAA,005000000000016AAA,New Program,Frontier RoadReady Replacement,Aftermarket Program,ICE,Technical Review,Pipeline,0.4,587600.28,USD,2025-01-20,2025-05-31,,2026-10-02,0,false,false,,Trade Event,Hybrid Readiness,Submit revised quotation,2026-05-27
006000000000571AAA,Alder Manufacturing - Alder CityTrail Compact - 0571,001000000000235AAA,005000000000028AAA,Replacement,Alder CityTrail Compact,Compact Crossover,ICE,Closed Lost,Closed,0,192396.6,USD,2024-01-08,2024-09-25,,2024-09-25,0,true,false,Program Cancelled,Existing Relationship,Quality Improvement,,2024-09-22
006000000000572AAA,Silverline Performance Parts 98 - Silverline Nova Compact Program - 0572,001000000000143AAA,005000000000012AAA,New Program,Silverline Nova Compact Program,Compact Crossover,ICE,Closed Lost,Closed,0,277201.02,USD,2023-07-26,2023-10-16,,2023-10-16,0,true,false,Program Cancelled,Trade Event,Quality Improvement,,2023-09-23
006000000000573AAA,Union Manufacturing - Union UtilityPro Program - 0573,001000000000150AAA,005000000000024AAA,Expansion,Union UtilityPro Program,Light Truck,ICE,Proposal or Quote,Pipeline,0.6,561260.17,USD,2024-10-09,2025-02-27,,2026-09-22,0,false,false,,RFQ,Hybrid Readiness,Validate product fit,2026-06-18
006000000000574AAA,Granite Motor Systems - Granite Summit Sedan - 0574,001000000000499AAA,005000000000027AAA,New Program,Granite Summit Sedan,Mid-Size Sedan,ICE,Closed Lost,Closed,0,416888.35,USD,2026-01-18,2026-06-02,,2026-06-02,0,true,false,Timing,Partner,Supplier Consolidation,,2026-05-26
006000000000575AAA,Pinnacle Mobility - Pinnacle TrailForge Platform - 0575,001000000000155AAA,005000000000013AAA,Expansion,Pinnacle TrailForge Platform,Light Truck,Hybrid,Closed Won,Closed,1,424024.7,USD,2024-02-10,2024-07-20,,2024-07-20,0,true,true,,RFQ,Quality Improvement,,2024-07-08
006000000000576AAA,Rio Grande Mobility - Rio WorkLine Truck - 0576,001000000000006AAA,005000000000030AAA,Replacement,Rio WorkLine Truck,Light Truck,ICE,Closed Lost,Closed,0,1636260.31,USD,2024-11-07,2025-07-13,,2025-07-13,0,true,false,Technical Fit,Trade Event,Platform Launch,,2025-07-08
006000000000577AAA,Northstar Automotive Group - Northstar Meridian Sedan - 0577,001000000000001AAA,005000000000011AAA,Expansion,Northstar Meridian Sedan,Mid-Size Sedan,Hybrid,Closed Won,Closed,1,2024881.3,USD,2024-09-04,2024-11-26,,2024-11-26,0,true,true,,RFQ,Capacity Expansion,,2024-11-04
006000000000578AAA,Maple Motor Systems - Maple FleetWay Program - 0578,001000000000103AAA,005000000000024AAA,New Program,Maple FleetWay Program,Fleet Van,ICE,Closed Lost,Closed,0,1436473.6,USD,2025-10-24,2026-03-12,,2026-03-12,0,true,false,Program Cancelled,Referral,Platform Launch,,2026-02-22
006000000000579AAA,Pacific Transport Group - Pacific FleetWay Program - 0579,001000000000067AAA,005000000000022AAA,New Program,Pacific FleetWay Program,Fleet Van,ICE,Closed Won,Closed,1,1338927.23,USD,2025-04-06,2025-11-06,,2025-11-06,0,true,true,,RFQ,Supplier Consolidation,,2025-10-14
006000000000580AAA,Northfield Transport Group - Northfield MetroOne Program - 0580,001000000000030AAA,005000000000016AAA,Expansion,Northfield MetroOne Program,Urban Commuter,ICE,Proposal or Quote,Pipeline,0.6,1815428.51,USD,2024-09-08,2025-03-01,,2026-08-25,0,false,false,,Trade Event,Supplier Consolidation,Finalize commercial terms,2026-05-29
006000000000581AAA,Central Fleet Solutions - Central Everyday Commuter - 0581,001000000000161AAA,005000000000030AAA,Requote,Central Everyday Commuter,Urban Commuter,ICE,Closed Lost,Closed,0,318252.15,USD,2024-03-09,2024-12-02,,2024-12-02,0,true,false,Program Cancelled,RFQ,Cost Reduction,,2024-11-29
006000000000582AAA,Harbor Transport Group - Harbor UrbanGo Platform - 0582,001000000000047AAA,005000000000019AAA,Expansion,Harbor UrbanGo Platform,Urban Commuter,Hybrid,Closed Won,Closed,1,767611.47,USD,2025-07-04,2025-12-07,2025-12-07,2026-03-30,2,true,true,,Inbound,Capacity Expansion,,2026-03-29
006000000000583AAA,Ridgeway Vehicle Systems - Ridgeway CityMotion Vehicle - 0583,001000000000059AAA,005000000000024AAA,New Program,Ridgeway CityMotion Vehicle,Urban Commuter,ICE,Proposal or Quote,Best Case,0.6,841464.44,USD,2026-01-26,2026-06-18,,2026-08-28,0,false,false,,RFQ,Cost Reduction,Complete technical review,2026-06-24
006000000000584AAA,Suncrest Motor Systems - Suncrest UrbanGo Platform - 0584,001000000000342AAA,005000000000018AAA,New Program,Suncrest UrbanGo Platform,Urban Commuter,ICE,Closed Lost,Closed,0,196125.31,USD,2025-08-05,2025-12-10,,2025-12-10,0,true,false,Timing,Inbound,Platform Launch,,2025-11-28
006000000000585AAA,Aurora Vehicle Works - Aurora CityTrail Compact - 0585,001000000000005AAA,005000000000027AAA,Requote,Aurora CityTrail Compact,Compact Crossover,ICE,Closed Lost,Closed,0,1753845.24,USD,2024-05-11,2025-01-06,2025-01-06,2025-02-16,1,true,false,Program Cancelled,RFQ,Hybrid Readiness,,2025-02-15
006000000000586AAA,Granite Assembly - Granite UrbanGo Platform - 0586,001000000000104AAA,005000000000019AAA,Replacement,Granite UrbanGo Platform,Urban Commuter,Hybrid,Negotiation,Commit,0.8,1697143.24,USD,2026-01-07,2026-07-09,,2026-07-09,0,false,false,,Partner,Cost Reduction,Finalize commercial terms,2026-06-13
006000000000587AAA,Aurora Vehicle Works - Aurora TransitWorks Van - 0587,001000000000005AAA,005000000000027AAA,Requote,Aurora TransitWorks Van,Fleet Van,ICE,Proposal or Quote,Best Case,0.6,1219742.6,USD,2026-06-12,2026-09-04,,2026-09-04,0,false,false,,Referral,Hybrid Readiness,Confirm program timing,2026-05-21
006000000000588AAA,Prairie Transport Group - Prairie ServicePlus Program - 0588,001000000000097AAA,005000000000018AAA,Requote,Prairie ServicePlus Program,Aftermarket Program,Hybrid,Closed Lost,Closed,0,818930.6,USD,2025-05-12,2025-12-17,,2025-12-17,0,true,false,Competitor,Trade Event,Hybrid Readiness,,2025-12-09
006000000000589AAA,Beacon Distribution - Beacon Meridian Sedan - 0589,001000000000027AAA,005000000000014AAA,Expansion,Beacon Meridian Sedan,Mid-Size Sedan,ICE,Closed Won,Closed,1,1480375.9,USD,2024-06-01,2024-10-14,,2024-10-14,0,true,true,,Inbound,Hybrid Readiness,,2024-10-08
006000000000590AAA,BlueRiver Vehicle Systems - BlueRiver Summit Sedan - 0590,001000000000008AAA,005000000000013AAA,Expansion,BlueRiver Summit Sedan,Mid-Size Sedan,ICE,Closed Won,Closed,1,1466058.9,USD,2025-01-06,2025-05-11,,2025-05-11,0,true,true,,RFQ,Platform Launch,,2025-04-17
006000000000591AAA,Frontier Automotive - Frontier WorkLine Truck - 0591,001000000000037AAA,005000000000014AAA,Replacement,Frontier WorkLine Truck,Light Truck,ICE,Closed Won,Closed,1,1078104.29,USD,2025-05-22,2025-07-30,,2025-07-30,0,true,true,,RFQ,Capacity Expansion,,2025-07-13
006000000000592AAA,Continental Mobility Systems - Continental Everyday Commuter - 0592,001000000000004AAA,005000000000015AAA,Expansion,Continental Everyday Commuter,Urban Commuter,Hybrid,Proposal or Quote,Pipeline,0.6,2046288.43,USD,2024-04-08,2024-09-23,,2026-10-05,0,false,false,,RFQ,Platform Launch,Submit revised quotation,2026-06-05
006000000000593AAA,Oakline Performance Parts - Oakline MetroOne Program - 0593,001000000000021AAA,005000000000030AAA,Expansion,Oakline MetroOne Program,Urban Commuter,ICE,Closed Won,Closed,1,2272356.13,USD,2025-03-04,2025-10-28,,2025-10-28,0,true,true,,Existing Relationship,Supplier Consolidation,,2025-10-16
006000000000594AAA,Eastgate Automotive 50 - Eastgate WorkLine Truck - 0594,001000000000208AAA,005000000000027AAA,Expansion,Eastgate WorkLine Truck,Light Truck,ICE,Closed Won,Closed,1,233537.95,USD,2023-03-12,2023-07-23,,2023-07-23,0,true,true,,Inbound,Hybrid Readiness,,2023-07-16
006000000000595AAA,Crescent Automotive 17 - Crescent Everyday Commuter - 0595,001000000000364AAA,005000000000021AAA,Expansion,Crescent Everyday Commuter,Urban Commuter,ICE,Closed Lost,Closed,0,244085.31,USD,2024-03-21,2024-07-13,,2024-07-13,0,true,false,Price,Existing Relationship,Capacity Expansion,,2024-06-30
006000000000596AAA,Sierra Roadcraft - Sierra ServicePlus Program - 0596,001000000000007AAA,005000000000024AAA,Requote,Sierra ServicePlus Program,Aftermarket Program,Hybrid,Closed Won,Closed,1,2075778.44,USD,2024-09-08,2025-02-08,,2025-02-08,0,true,true,,RFQ,Hybrid Readiness,,2025-01-29
006000000000597AAA,Lakeview Vehicle Systems 32 - Lakeview Everyday Commuter - 0597,001000000000264AAA,005000000000014AAA,New Program,Lakeview Everyday Commuter,Urban Commuter,ICE,Closed Lost,Closed,0,449188.87,USD,2024-02-08,2024-07-29,,2024-07-29,0,true,false,Program Cancelled,Inbound,Quality Improvement,,2024-07-15
006000000000598AAA,Rio Grande Mobility - Rio Horizon Crossover - 0598,001000000000006AAA,005000000000029AAA,Replacement,Rio Horizon Crossover,Compact Crossover,Hybrid,Closed Won,Closed,1,1086000.01,USD,2024-10-24,2025-06-26,,2025-06-26,0,true,true,,RFQ,Cost Reduction,,2025-06-13
006000000000599AAA,Keystone Vehicle Systems - Keystone Nova Compact Program - 0599,001000000000200AAA,005000000000019AAA,Replacement,Keystone Nova Compact Program,Compact Crossover,Hybrid,Closed Won,Closed,1,590634.06,USD,2025-10-01,2026-05-25,,2026-05-25,0,true,true,,Existing Relationship,Quality Improvement,,2026-05-23
006000000000600AAA,Blue Ridge Powertrain - Blue Vista Crossover - 0600,001000000000019AAA,005000000000012AAA,Expansion,Blue Vista Crossover,Compact Crossover,ICE,Closed Lost,Closed,0,1110815.85,USD,2023-07-20,2023-10-15,,2023-10-15,0,true,false,Technical Fit,Inbound,Platform Launch,,2023-10-08
006000000000601AAA,Oakline Industrial Supply - Oakline Summit Sedan - 0601,001000000000328AAA,005000000000028AAA,Expansion,Oakline Summit Sedan,Mid-Size Sedan,Hybrid,Closed Lost,Closed,0,381985.07,USD,2024-07-21,2025-01-08,,2025-01-08,0,true,false,Technical Fit,Referral,Platform Launch,,2025-01-03
006000000000602AAA,Eastgate Automotive 50 - Eastgate WorkLine Truck - 0602,001000000000208AAA,005000000000028AAA,New Program,Eastgate WorkLine Truck,Light Truck,Hybrid,Technical Review,Pipeline,0.4,459053.49,USD,2026-03-30,2026-09-22,,2026-09-22,0,false,false,,Existing Relationship,Hybrid Readiness,Finalize commercial terms,2026-05-21
006000000000603AAA,Keystone Vehicle Systems - Keystone CityTrail Compact - 0603,001000000000200AAA,005000000000019AAA,Replacement,Keystone CityTrail Compact,Compact Crossover,ICE,Proposal or Quote,Best Case,0.6,594963,USD,2026-01-01,2026-06-25,,2026-08-22,0,false,false,,Existing Relationship,Hybrid Readiness,Confirm program timing,2026-06-29
006000000000604AAA,Central Motor Systems - Central RoadReady Replacement - 0604,001000000000349AAA,005000000000011AAA,Requote,Central RoadReady Replacement,Aftermarket Program,ICE,Technical Review,Pipeline,0.4,555684.42,USD,2023-04-04,2023-06-09,,2026-11-24,0,false,false,,RFQ,Capacity Expansion,Validate product fit,2026-06-21
006000000000605AAA,Keystone Vehicle Systems - Keystone Everyday Commuter - 0605,001000000000200AAA,005000000000020AAA,Expansion,Keystone Everyday Commuter,Urban Commuter,ICE,Closed Lost,Closed,0,562711.68,USD,2025-05-04,2025-10-21,,2025-10-21,0,true,false,No Decision,Existing Relationship,Cost Reduction,,2025-10-07
006000000000606AAA,Prairie Assembly - Prairie UrbanCargo Platform - 0606,001000000000090AAA,005000000000019AAA,Replacement,Prairie UrbanCargo Platform,Fleet Van,Hybrid,Closed Won,Closed,1,871595.15,USD,2025-08-09,2025-12-23,,2025-12-23,0,true,true,,RFQ,Platform Launch,,2025-11-28
006000000000607AAA,Ridgeway Distribution - Ridgeway RoadReady Replacement - 0607,001000000000100AAA,005000000000021AAA,Replacement,Ridgeway RoadReady Replacement,Aftermarket Program,Hybrid,Proposal or Quote,Best Case,0.6,381500.04,USD,2026-01-25,2026-06-22,2026-06-22,2026-08-26,2,false,false,,Referral,Supplier Consolidation,Finalize commercial terms,2026-06-22
006000000000608AAA,Delta Performance Parts 77 - Delta WorkLine Truck - 0608,001000000000336AAA,005000000000030AAA,New Program,Delta WorkLine Truck,Light Truck,ICE,Closed Lost,Closed,0,174151.26,USD,2025-04-12,2026-01-05,2026-01-05,2026-02-28,1,true,false,No Decision,Existing Relationship,Quality Improvement,,2026-02-17
006000000000609AAA,Valley Mobility 30 - Valley TrailForge Platform - 0609,001000000000457AAA,005000000000027AAA,New Program,Valley TrailForge Platform,Light Truck,Hybrid,Closed Won,Closed,1,273273.84,USD,2025-06-14,2025-10-14,,2025-10-14,0,true,true,,Existing Relationship,Platform Launch,,2025-09-20
006000000000610AAA,Cobalt Performance Parts - Cobalt National Parts Program - 0610,001000000000081AAA,005000000000029AAA,Expansion,Cobalt National Parts Program,Aftermarket Program,ICE,Closed Won,Closed,1,647134.94,USD,2024-09-15,2025-04-01,,2025-04-01,0,true,true,,Referral,Quality Improvement,,2025-03-28
006000000000611AAA,Blue Ridge Powertrain - Blue RoadReady Replacement - 0611,001000000000019AAA,005000000000011AAA,Replacement,Blue RoadReady Replacement,Aftermarket Program,ICE,Closed Won,Closed,1,2265825.33,USD,2025-12-12,2026-05-21,,2026-05-21,0,true,true,,Existing Relationship,Cost Reduction,,2026-05-12
006000000000612AAA,Lakeview Powertrain - Lakeview Avenue Platform - 0612,001000000000363AAA,005000000000018AAA,Replacement,Lakeview Avenue Platform,Mid-Size Sedan,ICE,Negotiation,Commit,0.8,525404.44,USD,2026-02-21,2026-07-26,,2026-07-26,0,false,false,,Partner,Cost Reduction,Validate product fit,2026-05-19
006000000000613AAA,Northstar Automotive Group - Northstar Summit Sedan - 0613,001000000000001AAA,005000000000013AAA,Requote,Northstar Summit Sedan,Mid-Size Sedan,ICE,Closed Won,Closed,1,2449359.06,USD,2023-05-01,2023-12-01,,2023-12-01,0,true,true,,RFQ,Quality Improvement,,2023-11-18
006000000000614AAA,Meridian Manufacturing - Meridian ServicePlus Program - 0614,001000000000016AAA,005000000000027AAA,Expansion,Meridian ServicePlus Program,Aftermarket Program,ICE,Closed Lost,Closed,0,1404983.84,USD,2025-11-12,2026-04-05,,2026-04-05,0,true,false,Price,Existing Relationship,Cost Reduction,,2026-03-12
006000000000615AAA,Alder Mobility - Alder Meridian Sedan - 0615,001000000000011AAA,005000000000024AAA,New Program,Alder Meridian Sedan,Mid-Size Sedan,ICE,Closed Lost,Closed,0,1613663.46,USD,2025-09-11,2026-02-11,,2026-02-11,0,true,false,Program Cancelled,RFQ,Hybrid Readiness,,2026-02-06
006000000000616AAA,Pinnacle Engineering 54 - Pinnacle Meridian Sedan - 0616,001000000000429AAA,005000000000026AAA,Replacement,Pinnacle Meridian Sedan,Mid-Size Sedan,Hybrid,Proposal or Quote,Best Case,0.6,89362.13,USD,2026-04-03,2026-08-23,,2026-08-23,0,false,false,,RFQ,Capacity Expansion,Submit revised quotation,2026-05-23
006000000000617AAA,Union Fleet Solutions 74 - Union UtilityPro Program - 0617,001000000000140AAA,005000000000021AAA,Expansion,Union UtilityPro Program,Light Truck,ICE,Closed Won,Closed,1,612026.42,USD,2023-06-12,2023-09-09,,2023-09-09,0,true,true,,Referral,Platform Launch,,2023-09-01
006000000000618AAA,Sierra Roadcraft - Sierra National Parts Program - 0618,001000000000007AAA,005000000000026AAA,Expansion,Sierra National Parts Program,Aftermarket Program,ICE,Closed Won,Closed,1,2296513.04,USD,2024-01-08,2024-06-23,,2024-06-23,0,true,true,,Existing Relationship,Platform Launch,,2024-06-16
006000000000619AAA,Pinnacle Distribution - Pinnacle Meridian Sedan - 0619,001000000000122AAA,005000000000014AAA,New Program,Pinnacle Meridian Sedan,Mid-Size Sedan,Hybrid,Negotiation,Commit,0.8,1216252.6,USD,2026-04-05,2026-09-15,,2026-09-15,0,false,false,,Referral,Supplier Consolidation,Confirm program timing,2026-06-20
006000000000620AAA,Beacon Distribution - Beacon UrbanGo Platform - 0620,001000000000027AAA,005000000000013AAA,Requote,Beacon UrbanGo Platform,Urban Commuter,ICE,Closed Lost,Closed,0,1672442.41,USD,2025-02-22,2025-05-26,,2025-05-26,0,true,false,Price,Partner,Platform Launch,,2025-05-05
006000000000621AAA,Blue Ridge Performance Parts - Blue TransitWorks Van - 0621,001000000000132AAA,005000000000021AAA,New Program,Blue TransitWorks Van,Fleet Van,ICE,Closed Lost,Closed,0,742306.35,USD,2024-11-15,2025-04-15,,2025-04-15,0,true,false,Competitor,Existing Relationship,Capacity Expansion,,2025-03-28
006000000000622AAA,Crescent Mobility - Crescent Vista Crossover - 0622,001000000000064AAA,005000000000023AAA,Requote,Crescent Vista Crossover,Compact Crossover,ICE,Closed Lost,Closed,0,730907.98,USD,2025-01-07,2025-05-17,2025-05-17,2025-06-12,2,true,false,Price,Referral,Quality Improvement,,2025-05-29
006000000000623AAA,Summit Motorworks - Summit UrbanGo Platform - 0623,001000000000003AAA,005000000000012AAA,Expansion,Summit UrbanGo Platform,Urban Commuter,Hybrid,Closed Won,Closed,1,2321571.2,USD,2025-10-12,2026-02-25,,2026-02-25,0,true,true,,Existing Relationship,Quality Improvement,,2026-02-09
006000000000624AAA,Prairie Mobility 99 - Prairie TransitWorks Van - 0624,001000000000277AAA,005000000000025AAA,Expansion,Prairie TransitWorks Van,Fleet Van,ICE,Negotiation,Commit,0.8,198159.67,USD,2026-03-18,2026-09-06,,2026-09-06,0,false,false,,Referral,Quality Improvement,Submit revised quotation,2026-06-04
006000000000625AAA,Maple Engineering 82 - Maple Horizon Crossover - 0625,001000000000435AAA,005000000000020AAA,Requote,Maple Horizon Crossover,Compact Crossover,ICE,Closed Lost,Closed,0,178500.92,USD,2024-08-11,2025-01-23,,2025-01-23,0,true,false,Technical Fit,Existing Relationship,Capacity Expansion,,2025-01-18
006000000000626AAA,Central Manufacturing - Central CityMotion Vehicle - 0626,001000000000144AAA,005000000000026AAA,Expansion,Central CityMotion Vehicle,Urban Commuter,ICE,Closed Lost,Closed,0,434619.17,USD,2024-02-20,2024-07-01,2024-07-01,2024-10-02,1,true,false,Technical Fit,RFQ,Quality Improvement,,2024-09-10
006000000000627AAA,Redwood Motor Systems - Redwood CityMotion Vehicle - 0627,001000000000367AAA,005000000000017AAA,New Program,Redwood CityMotion Vehicle,Urban Commuter,ICE,Closed Lost,Closed,0,767886.82,USD,2024-06-28,2025-01-23,,2025-01-23,0,true,false,No Decision,Referral,Hybrid Readiness,,2025-01-13
006000000000628AAA,Harbor Motor Systems - Harbor Everyday Commuter - 0628,001000000000345AAA,005000000000020AAA,Requote,Harbor Everyday Commuter,Urban Commuter,ICE,Closed Lost,Closed,0,412807.98,USD,2025-04-30,2025-10-30,,2025-10-30,0,true,false,Competitor,Existing Relationship,Hybrid Readiness,,2025-10-24
006000000000629AAA,Stonebridge Distribution - Stonebridge TransitWorks Van - 0629,001000000000441AAA,005000000000019AAA,Replacement,Stonebridge TransitWorks Van,Fleet Van,ICE,Proposal or Quote,Best Case,0.6,203648.79,USD,2026-05-12,2026-10-17,,2026-10-17,0,false,false,,Existing Relationship,Hybrid Readiness,Complete technical review,2026-05-26
006000000000630AAA,Beacon Distribution - Beacon Vista Crossover - 0630,001000000000027AAA,005000000000013AAA,Replacement,Beacon Vista Crossover,Compact Crossover,Hybrid,Qualification,Pipeline,0.2,2958149.7,USD,2026-06-02,2026-11-30,2026-11-30,2027-01-20,1,false,false,,Inbound,Platform Launch,Submit revised quotation,2026-06-12
006000000000631AAA,Westgate Industrial Supply - Westgate Meridian Sedan - 0631,001000000000022AAA,005000000000016AAA,Expansion,Westgate Meridian Sedan,Mid-Size Sedan,Hybrid,Proposal or Quote,Best Case,0.6,1784326.81,USD,2026-04-26,2026-08-19,,2026-08-19,0,false,false,,Partner,Hybrid Readiness,Submit revised quotation,2026-06-16
006000000000632AAA,Blue Ridge Performance Parts - Blue WorkLine Truck - 0632,001000000000132AAA,005000000000023AAA,Expansion,Blue WorkLine Truck,Light Truck,Hybrid,Closed Won,Closed,1,496924.59,USD,2025-07-03,2025-12-01,,2025-12-01,0,true,true,,RFQ,Supplier Consolidation,,2025-11-07
006000000000633AAA,Alder Industrial Supply - Alder Everyday Commuter - 0633,001000000000043AAA,005000000000020AAA,Expansion,Alder Everyday Commuter,Urban Commuter,ICE,Closed Lost,Closed,0,1029382.85,USD,2024-09-23,2025-05-15,,2025-05-15,0,true,false,Competitor,Referral,Quality Improvement,,2025-05-13
006000000000634AAA,Union Fleet Solutions 74 - Union MetroOne Program - 0634,001000000000140AAA,005000000000022AAA,Expansion,Union MetroOne Program,Urban Commuter,ICE,Closed Lost,Closed,0,441295.32,USD,2023-11-07,2024-04-01,,2024-04-01,0,true,false,Competitor,RFQ,Supplier Consolidation,,2024-03-21
006000000000635AAA,Delta Performance Parts 77 - Delta Summit Sedan - 0635,001000000000336AAA,005000000000029AAA,Expansion,Delta Summit Sedan,Mid-Size Sedan,Hybrid,Closed Won,Closed,1,426067.62,USD,2025-06-10,2026-01-08,,2026-01-08,0,true,true,,Partner,Capacity Expansion,,2026-01-02
006000000000636AAA,Canyon Distribution 65 - Canyon Summit Sedan - 0636,001000000000479AAA,005000000000018AAA,New Program,Canyon Summit Sedan,Mid-Size Sedan,ICE,Closed Lost,Closed,0,216749.06,USD,2023-06-05,2023-10-20,,2023-10-20,0,true,false,Competitor,RFQ,Capacity Expansion,,2023-09-28
006000000000637AAA,Windward Engineering - Windward UrbanGo Platform - 0637,001000000000176AAA,005000000000018AAA,Replacement,Windward UrbanGo Platform,Urban Commuter,ICE,Closed Lost,Closed,0,401516.66,USD,2025-10-06,2026-05-01,,2026-05-01,0,true,false,Competitor,Referral,Hybrid Readiness,,2026-04-25
006000000000638AAA,Windward Distribution 3 - Windward National Parts Program - 0638,001000000000481AAA,005000000000018AAA,Replacement,Windward National Parts Program,Aftermarket Program,Hybrid,Closed Won,Closed,1,66540.56,USD,2024-06-14,2024-11-21,,2024-11-21,0,true,true,,RFQ,Capacity Expansion,,2024-11-18
006000000000639AAA,Crown Vehicle Systems 97 - Crown FleetWay Program - 0639,001000000000438AAA,005000000000018AAA,Replacement,Crown FleetWay Program,Fleet Van,Hybrid,Closed Won,Closed,1,192350.45,USD,2024-05-08,2025-01-06,2025-01-06,2025-04-23,2,true,true,,RFQ,Platform Launch,,2025-04-04
006000000000640AAA,Suncrest Mobility 59 - Suncrest CityTrail Compact - 0640,001000000000498AAA,005000000000020AAA,Requote,Suncrest CityTrail Compact,Compact Crossover,Hybrid,Closed Lost,Closed,0,183948.9,USD,2025-12-11,2026-05-29,,2026-05-29,0,true,false,Program Cancelled,RFQ,Cost Reduction,,2026-05-06
006000000000641AAA,Beacon Distribution - Beacon Everyday Commuter - 0641,001000000000027AAA,005000000000013AAA,New Program,Beacon Everyday Commuter,Urban Commuter,ICE,Closed Won,Closed,1,1118823.36,USD,2023-10-30,2024-04-23,,2024-04-23,0,true,true,,Existing Relationship,Quality Improvement,,2024-04-18
006000000000642AAA,Liberty Manufacturing - Liberty TransitWorks Van - 0642,001000000000072AAA,005000000000016AAA,Replacement,Liberty TransitWorks Van,Fleet Van,ICE,Technical Review,Pipeline,0.4,780796.69,USD,2023-07-02,2023-12-03,,2027-01-06,0,false,false,,RFQ,Platform Launch,Submit revised quotation,2026-05-24
006000000000643AAA,Eastgate Distribution - Eastgate MetroOne Program - 0643,001000000000332AAA,005000000000023AAA,Expansion,Eastgate MetroOne Program,Urban Commuter,ICE,Closed Lost,Closed,0,314044.26,USD,2025-09-28,2026-04-19,,2026-04-19,0,true,false,Technical Fit,RFQ,Cost Reduction,,2026-04-15
006000000000644AAA,Lakeview Vehicle Systems - Lakeview TrailForge Platform - 0644,001000000000160AAA,005000000000024AAA,Expansion,Lakeview TrailForge Platform,Light Truck,Hybrid,Closed Lost,Closed,0,290037.85,USD,2024-05-26,2024-10-29,,2024-10-29,0,true,false,Technical Fit,Existing Relationship,Hybrid Readiness,,2024-10-21
006000000000645AAA,Suncrest Fleet Solutions - Suncrest Vista Crossover - 0645,001000000000023AAA,005000000000028AAA,Replacement,Suncrest Vista Crossover,Compact Crossover,Hybrid,Closed Won,Closed,1,1594018.16,USD,2025-10-21,2026-02-26,,2026-02-26,0,true,true,,Inbound,Hybrid Readiness,,2026-02-11
006000000000646AAA,Canyon Automotive - Canyon TransitWorks Van - 0646,001000000000309AAA,005000000000030AAA,Expansion,Canyon TransitWorks Van,Fleet Van,Hybrid,Closed Won,Closed,1,494440.92,USD,2025-12-09,2026-06-17,,2026-06-17,0,true,true,,Inbound,Supplier Consolidation,,2026-06-01
006000000000647AAA,Cedar Distribution 85 - Cedar Summit Sedan - 0647,001000000000404AAA,005000000000027AAA,Expansion,Cedar Summit Sedan,Mid-Size Sedan,Hybrid,Closed Lost,Closed,0,627166.78,USD,2025-11-07,2026-02-10,2026-02-10,2026-06-07,1,true,false,Price,Existing Relationship,Quality Improvement,,2026-05-21
006000000000648AAA,Ridgeway Assembly - Ridgeway Meridian Sedan - 0648,001000000000448AAA,005000000000013AAA,New Program,Ridgeway Meridian Sedan,Mid-Size Sedan,Hybrid,Qualification,Pipeline,0.2,301716.62,USD,2026-01-19,2026-03-23,,2027-01-12,0,false,false,,Existing Relationship,Cost Reduction,Submit revised quotation,2026-06-08
006000000000649AAA,Suncrest Components - Suncrest TrailForge Platform - 0649,001000000000183AAA,005000000000016AAA,Expansion,Suncrest TrailForge Platform,Light Truck,ICE,Closed Won,Closed,1,603879.47,USD,2023-11-21,2024-02-19,,2024-02-19,0,true,true,,RFQ,Capacity Expansion,,2024-02-12
006000000000650AAA,Pinnacle Transport Group 38 - Pinnacle Nova Compact Program - 0650,001000000000459AAA,005000000000015AAA,Requote,Pinnacle Nova Compact Program,Compact Crossover,Hybrid,Proposal or Quote,Pipeline,0.6,269523.13,USD,2024-03-21,2024-09-11,,2026-08-19,0,false,false,,RFQ,Supplier Consolidation,Validate product fit,2026-06-18
006000000000651AAA,Eastgate Vehicle Systems - Eastgate UrbanGo Platform - 0651,001000000000014AAA,005000000000020AAA,Expansion,Eastgate UrbanGo Platform,Urban Commuter,ICE,Negotiation,Commit,0.8,1979785.29,USD,2026-03-13,2026-07-26,,2026-07-26,0,false,false,,RFQ,Platform Launch,Confirm program timing,2026-06-04
006000000000652AAA,Valley Fleet Solutions - Valley WorkLine Truck - 0652,001000000000076AAA,005000000000017AAA,New Program,Valley WorkLine Truck,Light Truck,Hybrid,Proposal or Quote,Best Case,0.6,932918.95,USD,2026-04-29,2026-09-13,,2026-09-13,0,false,false,,RFQ,Supplier Consolidation,Validate product fit,2026-06-03
006000000000653AAA,Northstar Automotive Group - Northstar CityMotion Vehicle - 0653,001000000000001AAA,005000000000013AAA,Expansion,Northstar CityMotion Vehicle,Urban Commuter,Hybrid,Negotiation,Commit,0.8,2218567.34,USD,2026-01-25,2026-07-09,,2026-07-09,0,false,false,,Existing Relationship,Supplier Consolidation,Finalize commercial terms,2026-06-16
006000000000654AAA,Heritage Engineering - Heritage Nova Compact Program - 0654,001000000000093AAA,005000000000029AAA,New Program,Heritage Nova Compact Program,Compact Crossover,ICE,Closed Won,Closed,1,1370280.3,USD,2023-09-02,2024-06-11,,2024-06-11,0,true,true,,Trade Event,Platform Launch,,2024-06-10
006000000000655AAA,Meridian Vehicle Systems - Meridian ServicePlus Program - 0655,001000000000320AAA,005000000000021AAA,Expansion,Meridian ServicePlus Program,Aftermarket Program,ICE,Technical Review,Pipeline,0.4,200645.04,USD,2023-10-11,2024-02-23,,2026-11-24,0,false,false,,Inbound,Supplier Consolidation,Submit revised quotation,2026-05-25
006000000000656AAA,Ridgeway Manufacturing - Ridgeway TrailForge Platform - 0656,001000000000113AAA,005000000000021AAA,New Program,Ridgeway TrailForge Platform,Light Truck,ICE,Closed Lost,Closed,0,638234.19,USD,2023-01-01,2023-06-03,,2023-06-03,0,true,false,Price,Trade Event,Hybrid Readiness,,2023-05-30
006000000000657AAA,Crescent Mobility - Crescent Summit Sedan - 0657,001000000000064AAA,005000000000022AAA,New Program,Crescent Summit Sedan,Mid-Size Sedan,Hybrid,Technical Review,Pipeline,0.4,1288842.75,USD,2026-06-14,2026-11-07,,2026-11-07,0,false,false,,Existing Relationship,Cost Reduction,Complete technical review,2026-06-09
006000000000658AAA,Central Transport Group - Central Summit Sedan - 0658,001000000000249AAA,005000000000019AAA,New Program,Central Summit Sedan,Mid-Size Sedan,ICE,Closed Lost,Closed,0,463036.66,USD,2024-10-26,2025-04-27,,2025-04-27,0,true,false,No Decision,Existing Relationship,Hybrid Readiness,,2025-04-25
006000000000659AAA,Pinnacle Fleet Solutions - Pinnacle RoadReady Replacement - 0659,001000000000028AAA,005000000000016AAA,New Program,Pinnacle RoadReady Replacement,Aftermarket Program,Hybrid,Closed Won,Closed,1,1696715.18,USD,2024-08-22,2024-12-31,,2024-12-31,0,true,true,,Inbound,Capacity Expansion,,2024-12-14
006000000000660AAA,Silverline Transport Group - Silverline RoadReady Replacement - 0660,001000000000489AAA,005000000000028AAA,Requote,Silverline RoadReady Replacement,Aftermarket Program,ICE,Closed Lost,Closed,0,208151.51,USD,2023-03-29,2023-08-08,,2023-08-08,0,true,false,Program Cancelled,RFQ,Hybrid Readiness,,2023-08-04
006000000000661AAA,Timberline Assembly 6 - Timberline MetroOne Program - 0661,001000000000101AAA,005000000000012AAA,New Program,Timberline MetroOne Program,Urban Commuter,ICE,Closed Won,Closed,1,312792.86,USD,2023-03-18,2023-06-28,,2023-06-28,0,true,true,,Existing Relationship,Capacity Expansion,,2023-06-16
006000000000662AAA,Stonebridge Powertrain - Stonebridge CityTrail Compact - 0662,001000000000054AAA,005000000000023AAA,Expansion,Stonebridge CityTrail Compact,Compact Crossover,Hybrid,Closed Lost,Closed,0,1089424.21,USD,2025-02-25,2025-09-25,,2025-09-25,0,true,false,Program Cancelled,Existing Relationship,Capacity Expansion,,2025-09-04
006000000000663AAA,Granite Assembly - Granite RoadReady Replacement - 0663,001000000000104AAA,005000000000019AAA,Replacement,Granite RoadReady Replacement,Aftermarket Program,ICE,Closed Won,Closed,1,864280,USD,2025-11-09,2026-03-07,,2026-03-07,0,true,true,,Partner,Capacity Expansion,,2026-02-18
006000000000664AAA,Frontier Distribution - Frontier WorkLine Truck - 0664,001000000000091AAA,005000000000012AAA,Expansion,Frontier WorkLine Truck,Light Truck,ICE,Proposal or Quote,Pipeline,0.6,1842434.59,USD,2024-06-18,2024-10-28,,2026-09-21,0,false,false,,Trade Event,Supplier Consolidation,Submit revised quotation,2026-05-17
006000000000665AAA,Continental Mobility Systems - Continental TrailForge Platform - 0665,001000000000004AAA,005000000000016AAA,New Program,Continental TrailForge Platform,Light Truck,Hybrid,Proposal or Quote,Best Case,0.6,2964002.97,USD,2026-01-28,2026-06-21,,2026-08-25,0,false,false,,Existing Relationship,Hybrid Readiness,Submit revised quotation,2026-06-22
006000000000666AAA,Blue Ridge Transport Group - Blue Avenue Platform - 0666,001000000000020AAA,005000000000022AAA,Replacement,Blue Avenue Platform,Mid-Size Sedan,ICE,Closed Won,Closed,1,2227979.67,USD,2024-06-07,2024-11-04,2024-11-04,2025-01-23,2,true,true,,Trade Event,Cost Reduction,,2025-01-09
006000000000667AAA,Frontier Assembly - Frontier Everyday Commuter - 0667,001000000000040AAA,005000000000011AAA,New Program,Frontier Everyday Commuter,Urban Commuter,Hybrid,Closed Won,Closed,1,1286298.24,USD,2025-11-25,2026-02-16,,2026-02-16,0,true,true,,Existing Relationship,Cost Reduction,,2026-02-11
006000000000668AAA,Cobalt Components - Cobalt CityMotion Vehicle - 0668,001000000000018AAA,005000000000029AAA,New Program,Cobalt CityMotion Vehicle,Urban Commuter,ICE,Closed Won,Closed,1,3850622.96,USD,2024-07-18,2025-03-08,,2025-03-08,0,true,true,,RFQ,Capacity Expansion,,2025-02-15
006000000000669AAA,Cedar Distribution - Cedar Everyday Commuter - 0669,001000000000015AAA,005000000000018AAA,Expansion,Cedar Everyday Commuter,Urban Commuter,Hybrid,Closed Lost,Closed,0,2098370,USD,2024-08-06,2025-02-12,,2025-02-12,0,true,false,Competitor,Existing Relationship,Cost Reduction,,2025-01-30
006000000000670AAA,Keystone Motor Systems 21 - Keystone Everyday Commuter - 0670,001000000000267AAA,005000000000013AAA,Expansion,Keystone Everyday Commuter,Urban Commuter,ICE,Closed Won,Closed,1,259074.03,USD,2025-09-30,2026-03-05,,2026-03-05,0,true,true,,Trade Event,Quality Improvement,,2026-03-01
006000000000671AAA,Keystone Mobility 8 - Keystone Avenue Platform - 0671,001000000000223AAA,005000000000017AAA,Requote,Keystone Avenue Platform,Mid-Size Sedan,Hybrid,Closed Lost,Closed,0,669217.75,USD,2024-09-21,2025-04-21,,2025-04-21,0,true,false,Price,Trade Event,Platform Launch,,2025-04-14
006000000000672AAA,Atlas Engineering - Atlas CityTrail Compact - 0672,001000000000194AAA,005000000000026AAA,Requote,Atlas CityTrail Compact,Compact Crossover,Hybrid,Closed Lost,Closed,0,493415.03,USD,2024-06-28,2024-12-21,,2024-12-21,0,true,false,Price,RFQ,Supplier Consolidation,,2024-12-18
006000000000673AAA,Central Manufacturing - Central Summit Sedan - 0673,001000000000144AAA,005000000000026AAA,Replacement,Central Summit Sedan,Mid-Size Sedan,ICE,Technical Review,Pipeline,0.4,338243.28,USD,2023-06-19,2023-11-13,,2026-11-24,0,false,false,,RFQ,Supplier Consolidation,Finalize commercial terms,2026-06-29
006000000000674AAA,Pacific Automotive 66 - Pacific Horizon Crossover - 0674,001000000000471AAA,005000000000024AAA,New Program,Pacific Horizon Crossover,Compact Crossover,Hybrid,Negotiation,Commit,0.8,161517.35,USD,2026-05-02,2026-09-22,,2026-09-22,0,false,false,,Existing Relationship,Quality Improvement,Confirm program timing,2026-05-18
006000000000675AAA,Lakeview Mobility - Lakeview Meridian Sedan - 0675,001000000000476AAA,005000000000027AAA,New Program,Lakeview Meridian Sedan,Mid-Size Sedan,Hybrid,Closed Won,Closed,1,127470.08,USD,2024-11-12,2025-03-03,,2025-03-03,0,true,true,,RFQ,Quality Improvement,,2025-02-25
006000000000676AAA,Westgate Fleet Solutions - Westgate Summit Sedan - 0676,001000000000078AAA,005000000000014AAA,Requote,Westgate Summit Sedan,Mid-Size Sedan,ICE,Closed Won,Closed,1,1075762.48,USD,2026-01-24,2026-06-08,,2026-06-08,0,true,true,,Trade Event,Platform Launch,,2026-05-16
006000000000677AAA,Atlas Vehicle Systems - Atlas CityTrail Compact - 0677,001000000000172AAA,005000000000019AAA,Expansion,Atlas CityTrail Compact,Compact Crossover,Hybrid,Closed Won,Closed,1,394977.38,USD,2025-06-18,2025-12-19,,2025-12-19,0,true,true,,Partner,Platform Launch,,2025-12-18
006000000000678AAA,Stonebridge Distribution - Stonebridge Everyday Commuter - 0678,001000000000441AAA,005000000000020AAA,New Program,Stonebridge Everyday Commuter,Urban Commuter,Hybrid,Closed Won,Closed,1,126680.38,USD,2024-02-19,2024-08-10,,2024-08-10,0,true,true,,RFQ,Quality Improvement,,2024-08-02
006000000000679AAA,Alder Components - Alder Vista Crossover - 0679,001000000000121AAA,005000000000020AAA,Requote,Alder Vista Crossover,Compact Crossover,ICE,Negotiation,Commit,0.8,914694.6,USD,2025-11-07,2026-05-11,2026-05-11,2026-08-13,1,false,false,,Existing Relationship,Supplier Consolidation,Submit revised quotation,2026-06-12
006000000000680AAA,Oakline Manufacturing - Oakline RoadReady Replacement - 0680,001000000000227AAA,005000000000014AAA,New Program,Oakline RoadReady Replacement,Aftermarket Program,Hybrid,Closed Won,Closed,1,387688.14,USD,2025-09-09,2026-02-26,,2026-02-26,0,true,true,,RFQ,Capacity Expansion,,2026-02-11
006000000000681AAA,Silverline Powertrain 68 - Silverline UrbanCargo Platform - 0681,001000000000229AAA,005000000000028AAA,New Program,Silverline UrbanCargo Platform,Fleet Van,Hybrid,Closed Lost,Closed,0,553487.8,USD,2024-09-02,2025-01-27,,2025-01-27,0,true,false,Technical Fit,Referral,Cost Reduction,,2025-01-19
006000000000682AAA,Atlas Automotive - Atlas UrbanGo Platform - 0682,001000000000305AAA,005000000000026AAA,Requote,Atlas UrbanGo Platform,Urban Commuter,Hybrid,Closed Won,Closed,1,252991.42,USD,2023-10-02,2024-03-08,,2024-03-08,0,true,true,,Existing Relationship,Cost Reduction,,2024-02-26
006000000000683AAA,Westgate Motor Systems - Westgate National Parts Program - 0683,001000000000026AAA,005000000000019AAA,Expansion,Westgate National Parts Program,Aftermarket Program,Hybrid,Proposal or Quote,Pipeline,0.6,1225091.14,USD,2023-05-31,2023-11-19,,2026-09-06,0,false,false,,Referral,Quality Improvement,Validate product fit,2026-05-25
006000000000684AAA,Union Performance Parts - Union Avenue Platform - 0684,001000000000239AAA,005000000000023AAA,Expansion,Union Avenue Platform,Mid-Size Sedan,Hybrid,Technical Review,Pipeline,0.4,377661.26,USD,2026-05-30,2026-10-02,,2026-10-02,0,false,false,,Referral,Platform Launch,Submit revised quotation,2026-05-20
006000000000685AAA,Cobalt Distribution 14 - Cobalt UrbanCargo Platform - 0685,001000000000358AAA,005000000000023AAA,Requote,Cobalt UrbanCargo Platform,Fleet Van,ICE,Closed Won,Closed,1,468861.29,USD,2024-08-21,2025-02-03,2025-02-03,2025-06-02,2,true,true,,RFQ,Supplier Consolidation,,2025-05-10
006000000000686AAA,Eastgate Manufacturing 42 - Eastgate Everyday Commuter - 0686,001000000000080AAA,005000000000014AAA,New Program,Eastgate Everyday Commuter,Urban Commuter,Hybrid,Closed Won,Closed,1,1523664.43,USD,2025-10-13,2026-04-15,,2026-04-15,0,true,true,,Existing Relationship,Quality Improvement,,2026-04-14
006000000000687AAA,Alder Components - Alder Summit Sedan - 0687,001000000000121AAA,005000000000020AAA,Expansion,Alder Summit Sedan,Mid-Size Sedan,ICE,Proposal or Quote,Best Case,0.6,662306.78,USD,2026-04-16,2026-11-14,,2026-11-14,0,false,false,,RFQ,Cost Reduction,Submit revised quotation,2026-06-20
006000000000688AAA,Maple Distribution 22 - Maple Nova Compact Program - 0688,001000000000400AAA,005000000000027AAA,New Program,Maple Nova Compact Program,Compact Crossover,Hybrid,Negotiation,Commit,0.8,754448.24,USD,2026-04-06,2026-07-24,,2026-07-24,0,false,false,,Existing Relationship,Quality Improvement,Confirm program timing,2026-06-22
006000000000689AAA,Canyon Distribution 65 - Canyon Vista Crossover - 0689,001000000000479AAA,005000000000019AAA,Expansion,Canyon Vista Crossover,Compact Crossover,ICE,Closed Won,Closed,1,189685.9,USD,2025-03-06,2025-08-23,,2025-08-23,0,true,true,,Existing Relationship,Supplier Consolidation,,2025-08-02
006000000000690AAA,Maple Industrial Supply - Maple Nova Compact Program - 0690,001000000000307AAA,005000000000018AAA,Expansion,Maple Nova Compact Program,Compact Crossover,Hybrid,Closed Lost,Closed,0,215353.32,USD,2025-11-08,2026-03-31,,2026-03-31,0,true,false,No Decision,Referral,Cost Reduction,,2026-03-17
006000000000691AAA,Oakline Mobility - Oakline Nova Compact Program - 0691,001000000000133AAA,005000000000028AAA,New Program,Oakline Nova Compact Program,Compact Crossover,ICE,Closed Won,Closed,1,163022.79,USD,2025-10-26,2026-05-21,,2026-05-21,0,true,true,,RFQ,Platform Launch,,2026-04-28
006000000000692AAA,Meridian Distribution - Meridian TrailForge Platform - 0692,001000000000034AAA,005000000000013AAA,New Program,Meridian TrailForge Platform,Light Truck,ICE,Negotiation,Pipeline,0.8,1298991.91,USD,2024-02-04,2024-06-20,,2026-10-03,0,false,false,,Partner,Hybrid Readiness,Submit revised quotation,2026-05-17
006000000000693AAA,Alder Assembly - Alder MetroOne Program - 0693,001000000000118AAA,005000000000017AAA,New Program,Alder MetroOne Program,Urban Commuter,Hybrid,Closed Won,Closed,1,675875.55,USD,2024-11-05,2025-03-30,,2025-03-30,0,true,true,,Partner,Capacity Expansion,,2025-03-15
006000000000694AAA,Suncrest Mobility - Suncrest Everyday Commuter - 0694,001000000000075AAA,005000000000017AAA,New Program,Suncrest Everyday Commuter,Urban Commuter,ICE,Closed Lost,Closed,0,842184.08,USD,2024-02-06,2024-07-05,,2024-07-05,0,true,false,Technical Fit,RFQ,Supplier Consolidation,,2024-07-02
006000000000695AAA,Maple Powertrain - Maple TransitWorks Van - 0695,001000000000156AAA,005000000000026AAA,New Program,Maple TransitWorks Van,Fleet Van,Hybrid,Negotiation,Commit,0.8,586934.59,USD,2026-02-11,2026-08-06,2026-08-06,2026-09-07,2,false,false,,Referral,Platform Launch,Finalize commercial terms,2026-05-16
006000000000696AAA,Crescent Distribution - Crescent Horizon Crossover - 0696,001000000000199AAA,005000000000028AAA,Expansion,Crescent Horizon Crossover,Compact Crossover,Hybrid,Proposal or Quote,Best Case,0.6,326522.58,USD,2026-02-11,2026-07-18,,2026-07-18,0,false,false,,RFQ,Cost Reduction,Complete technical review,2026-06-04
006000000000697AAA,Redwood Industrial Supply 94 - Redwood RoadReady Replacement - 0697,001000000000218AAA,005000000000028AAA,Expansion,Redwood RoadReady Replacement,Aftermarket Program,Hybrid,Prospecting,Pipeline,0.1,628365.55,USD,2026-02-07,2026-09-14,2026-09-14,2027-01-08,1,false,false,,Existing Relationship,Quality Improvement,Finalize commercial terms,2026-06-24
006000000000698AAA,Valley Mobility 58 - Valley ServicePlus Program - 0698,001000000000246AAA,005000000000020AAA,New Program,Valley ServicePlus Program,Aftermarket Program,ICE,Closed Lost,Closed,0,198267.74,USD,2023-10-23,2024-03-18,,2024-03-18,0,true,false,No Decision,Existing Relationship,Supplier Consolidation,,2024-03-07
006000000000699AAA,Stonebridge Powertrain - Stonebridge Everyday Commuter - 0699,001000000000054AAA,005000000000022AAA,Expansion,Stonebridge Everyday Commuter,Urban Commuter,ICE,Closed Lost,Closed,0,844100.25,USD,2025-06-10,2025-11-14,,2025-11-14,0,true,false,No Decision,RFQ,Platform Launch,,2025-10-22
006000000000700AAA,Prairie Motor Systems - Prairie Vista Crossover - 0700,001000000000051AAA,005000000000020AAA,Replacement,Prairie Vista Crossover,Compact Crossover,ICE,Closed Lost,Closed,0,693458.3,USD,2023-09-08,2024-01-11,,2024-01-11,0,true,false,Competitor,Inbound,Capacity Expansion,,2024-01-02
006000000000701AAA,Pinnacle Fleet Solutions - Pinnacle CityMotion Vehicle - 0701,001000000000028AAA,005000000000015AAA,Expansion,Pinnacle CityMotion Vehicle,Urban Commuter,ICE,Proposal or Quote,Best Case,0.6,1610502.11,USD,2026-03-30,2026-09-27,,2026-09-27,0,false,false,,RFQ,Supplier Consolidation,Validate product fit,2026-06-10
006000000000702AAA,Summit Motorworks - Summit CityMotion Vehicle - 0702,001000000000003AAA,005000000000011AAA,Expansion,Summit CityMotion Vehicle,Urban Commuter,ICE,Negotiation,Commit,0.8,1625030.1,USD,2026-03-22,2026-08-21,,2026-08-21,0,false,false,,Existing Relationship,Quality Improvement,Finalize commercial terms,2026-05-31
006000000000703AAA,Pacific Performance Parts 72 - Pacific TrailForge Platform - 0703,001000000000391AAA,005000000000019AAA,Expansion,Pacific TrailForge Platform,Light Truck,Hybrid,Closed Lost,Closed,0,529193.61,USD,2024-02-01,2024-06-16,,2024-06-16,0,true,false,Technical Fit,Existing Relationship,Capacity Expansion,,2024-05-22
006000000000704AAA,Frontier Automotive - Frontier UrbanGo Platform - 0704,001000000000037AAA,005000000000013AAA,New Program,Frontier UrbanGo Platform,Urban Commuter,ICE,Closed Won,Closed,1,1047107.21,USD,2023-02-23,2023-07-22,2023-07-22,2023-09-18,2,true,true,,Existing Relationship,Quality Improvement,,2023-09-09
006000000000705AAA,Heritage Manufacturing - Heritage CityMotion Vehicle - 0705,001000000000138AAA,005000000000019AAA,Requote,Heritage CityMotion Vehicle,Urban Commuter,ICE,Closed Lost,Closed,0,376880.73,USD,2023-01-18,2023-08-09,,2023-08-09,0,true,false,Program Cancelled,Inbound,Quality Improvement,,2023-08-04
006000000000706AAA,Pinnacle Distribution - Pinnacle FleetWay Program - 0706,001000000000122AAA,005000000000012AAA,Replacement,Pinnacle FleetWay Program,Fleet Van,ICE,Closed Won,Closed,1,913191.92,USD,2024-11-17,2025-01-21,,2025-01-21,0,true,true,,Existing Relationship,Platform Launch,,2025-01-15
006000000000707AAA,Pacific Powertrain - Pacific Everyday Commuter - 0707,001000000000087AAA,005000000000024AAA,New Program,Pacific Everyday Commuter,Urban Commuter,ICE,Technical Review,Pipeline,0.4,697310.08,USD,2026-04-03,2026-08-11,2026-08-11,2026-11-04,2,false,false,,Existing Relationship,Platform Launch,Confirm program timing,2026-06-19
006000000000708AAA,Prairie Transport Group - Prairie Summit Sedan - 0708,001000000000097AAA,005000000000019AAA,Expansion,Prairie Summit Sedan,Mid-Size Sedan,ICE,Technical Review,Pipeline,0.4,632548.7,USD,2026-03-24,2026-09-18,,2026-09-18,0,false,false,,RFQ,Platform Launch,Complete technical review,2026-05-27
006000000000709AAA,Windward Fleet Solutions - Windward UrbanCargo Platform - 0709,001000000000204AAA,005000000000021AAA,New Program,Windward UrbanCargo Platform,Fleet Van,ICE,Closed Won,Closed,1,553912.75,USD,2024-05-08,2024-06-28,,2024-06-28,0,true,true,,Trade Event,Quality Improvement,,2024-06-17
006000000000710AAA,Westgate Performance Parts - Westgate Nova Compact Program - 0710,001000000000044AAA,005000000000027AAA,Replacement,Westgate Nova Compact Program,Compact Crossover,Hybrid,Closed Lost,Closed,0,1090684.16,USD,2025-06-04,2025-09-18,,2025-09-18,0,true,false,Program Cancelled,RFQ,Hybrid Readiness,,2025-09-12
006000000000711AAA,Westgate Mobility - Westgate WorkLine Truck - 0711,001000000000181AAA,005000000000014AAA,New Program,Westgate WorkLine Truck,Light Truck,ICE,Technical Review,Pipeline,0.4,254941.88,USD,2024-08-23,2024-11-21,,2026-12-31,0,false,false,,Trade Event,Quality Improvement,Confirm program timing,2026-06-03
006000000000712AAA,Windward Automotive - Windward Horizon Crossover - 0712,001000000000443AAA,005000000000014AAA,New Program,Windward Horizon Crossover,Compact Crossover,Hybrid,Negotiation,Commit,0.8,222998.67,USD,2026-03-29,2026-07-27,,2026-07-27,0,false,false,,Referral,Capacity Expansion,Confirm program timing,2026-05-24
006000000000713AAA,Pinnacle Engineering - Pinnacle Vista Crossover - 0713,001000000000242AAA,005000000000016AAA,New Program,Pinnacle Vista Crossover,Compact Crossover,Hybrid,Negotiation,Commit,0.8,377889.96,USD,2026-03-28,2026-07-03,,2026-07-03,0,false,false,,Existing Relationship,Capacity Expansion,Submit revised quotation,2026-06-06
006000000000714AAA,Central Fleet Solutions 20 - Central TrailForge Platform - 0714,001000000000298AAA,005000000000027AAA,Replacement,Central TrailForge Platform,Light Truck,ICE,Technical Review,Pipeline,0.4,347022.14,USD,2026-03-16,2026-10-02,,2026-10-02,0,false,false,,Existing Relationship,Platform Launch,Complete technical review,2026-06-17
006000000000715AAA,Silverline Assembly - Silverline Vista Crossover - 0715,001000000000057AAA,005000000000015AAA,New Program,Silverline Vista Crossover,Compact Crossover,Hybrid,Closed Lost,Closed,0,910683.12,USD,2025-08-24,2026-02-09,,2026-02-09,0,true,false,No Decision,Referral,Supplier Consolidation,,2026-01-27
006000000000716AAA,Suncrest Vehicle Systems - Suncrest Vista Crossover - 0716,001000000000380AAA,005000000000020AAA,Expansion,Suncrest Vista Crossover,Compact Crossover,Hybrid,Closed Lost,Closed,0,858446.3,USD,2024-06-22,2024-11-26,,2024-11-26,0,true,false,No Decision,Referral,Platform Launch,,2024-11-14
006000000000717AAA,Pacific Powertrain - Pacific Summit Sedan - 0717,001000000000087AAA,005000000000026AAA,Expansion,Pacific Summit Sedan,Mid-Size Sedan,ICE,Closed Lost,Closed,0,909394.08,USD,2023-10-26,2024-06-10,,2024-06-10,0,true,false,No Decision,Existing Relationship,Platform Launch,,2024-05-24
006000000000718AAA,Prairie Motor Systems - Prairie National Parts Program - 0718,001000000000051AAA,005000000000018AAA,New Program,Prairie National Parts Program,Aftermarket Program,Hybrid,Technical Review,Pipeline,0.4,1095262.11,USD,2026-02-21,2026-10-22,,2026-10-22,0,false,false,,Existing Relationship,Quality Improvement,Complete technical review,2026-06-08
006000000000719AAA,Harbor Fleet Solutions 57 - Harbor CityTrail Compact - 0719,001000000000430AAA,005000000000017AAA,Replacement,Harbor CityTrail Compact,Compact Crossover,ICE,Closed Won,Closed,1,171994.25,USD,2025-02-09,2025-08-07,,2025-08-07,0,true,true,,RFQ,Supplier Consolidation,,2025-07-16
006000000000720AAA,Northstar Automotive Group - Northstar Nova Compact Program - 0720,001000000000001AAA,005000000000014AAA,Expansion,Northstar Nova Compact Program,Compact Crossover,Hybrid,Proposal or Quote,Best Case,0.6,2065504.2,USD,2026-05-28,2026-11-28,,2026-11-28,0,false,false,,Referral,Supplier Consolidation,Validate product fit,2026-06-19
006000000000721AAA,Blue Ridge Performance Parts - Blue TrailForge Platform - 0721,001000000000132AAA,005000000000023AAA,Expansion,Blue TrailForge Platform,Light Truck,ICE,Proposal or Quote,Pipeline,0.6,556858.87,USD,2025-11-25,2026-03-16,,2026-10-15,0,false,false,,Trade Event,Quality Improvement,Complete technical review,2026-06-16
006000000000722AAA,Silverline Powertrain 68 - Silverline Vista Crossover - 0722,001000000000229AAA,005000000000028AAA,New Program,Silverline Vista Crossover,Compact Crossover,ICE,Closed Won,Closed,1,464533.79,USD,2024-07-12,2024-12-13,,2024-12-13,0,true,true,,Inbound,Hybrid Readiness,,2024-11-26
006000000000723AAA,Cobalt Powertrain 60 - Cobalt Avenue Platform - 0723,001000000000462AAA,005000000000022AAA,Expansion,Cobalt Avenue Platform,Mid-Size Sedan,Hybrid,Closed Won,Closed,1,194496.92,USD,2025-08-20,2025-12-13,,2025-12-13,0,true,true,,Referral,Capacity Expansion,,2025-12-10
006000000000724AAA,Continental Mobility Systems - Continental Summit Sedan - 0724,001000000000004AAA,005000000000016AAA,Expansion,Continental Summit Sedan,Mid-Size Sedan,ICE,Closed Lost,Closed,0,1317309.56,USD,2024-10-10,2025-03-17,,2025-03-17,0,true,false,Technical Fit,RFQ,Hybrid Readiness,,2025-03-04
006000000000725AAA,Meridian Automotive - Meridian TransitWorks Van - 0725,001000000000017AAA,005000000000018AAA,New Program,Meridian TransitWorks Van,Fleet Van,ICE,Proposal or Quote,Best Case,0.6,2341762.12,USD,2026-01-17,2026-07-04,,2026-07-04,0,false,false,,RFQ,Hybrid Readiness,Finalize commercial terms,2026-06-21
006000000000726AAA,Harbor Powertrain - Harbor ServicePlus Program - 0726,001000000000465AAA,005000000000029AAA,Replacement,Harbor ServicePlus Program,Aftermarket Program,ICE,Closed Lost,Closed,0,270264.04,USD,2025-09-03,2026-05-11,,2026-05-11,0,true,false,Price,Referral,Capacity Expansion,,2026-05-10
006000000000727AAA,Redwood Mobility - Redwood WorkLine Truck - 0727,001000000000146AAA,005000000000013AAA,New Program,Redwood WorkLine Truck,Light Truck,ICE,Proposal or Quote,Pipeline,0.6,425673.47,USD,2025-12-14,2026-03-23,,2026-10-23,0,false,false,,Existing Relationship,Supplier Consolidation,Validate product fit,2026-06-08
006000000000728AAA,Atlas Engineering - Atlas RoadReady Replacement - 0728,001000000000194AAA,005000000000024AAA,New Program,Atlas RoadReady Replacement,Aftermarket Program,ICE,Closed Won,Closed,1,456613.6,USD,2025-04-14,2025-11-01,,2025-11-01,0,true,true,,RFQ,Capacity Expansion,,2025-10-21
006000000000729AAA,Aurora Vehicle Works - Aurora Vista Crossover - 0729,001000000000005AAA,005000000000027AAA,Replacement,Aurora Vista Crossover,Compact Crossover,Hybrid,Closed Won,Closed,1,2038083.82,USD,2025-12-02,2026-05-04,,2026-05-04,0,true,true,,Existing Relationship,Platform Launch,,2026-04-25
006000000000730AAA,Suncrest Fleet Solutions - Suncrest ServicePlus Program - 0730,001000000000023AAA,005000000000028AAA,Replacement,Suncrest ServicePlus Program,Aftermarket Program,ICE,Closed Won,Closed,1,1611976.14,USD,2024-09-28,2025-03-08,,2025-03-08,0,true,true,,Trade Event,Hybrid Readiness,,2025-03-06
006000000000731AAA,Meridian Manufacturing - Meridian WorkLine Truck - 0731,001000000000016AAA,005000000000027AAA,New Program,Meridian WorkLine Truck,Light Truck,Hybrid,Qualification,Pipeline,0.2,2032296.31,USD,2026-05-06,2026-10-09,,2026-10-09,0,false,false,,Trade Event,Capacity Expansion,Submit revised quotation,2026-05-25
006000000000732AAA,Liberty Mobility - Liberty MetroOne Program - 0732,001000000000142AAA,005000000000019AAA,Expansion,Liberty MetroOne Program,Urban Commuter,Hybrid,Negotiation,Commit,0.8,158010.46,USD,2026-01-03,2026-07-03,2026-07-03,2026-08-01,2,false,false,,RFQ,Platform Launch,Finalize commercial terms,2026-06-20
006000000000733AAA,Canyon Motor Systems - Canyon TrailForge Platform - 0733,001000000000065AAA,005000000000026AAA,Replacement,Canyon TrailForge Platform,Light Truck,ICE,Closed Won,Closed,1,537346.06,USD,2023-01-19,2023-05-13,,2023-05-13,0,true,true,,Referral,Hybrid Readiness,,2023-04-19
006000000000734AAA,Meridian Distribution - Meridian TrailForge Platform - 0734,001000000000034AAA,005000000000013AAA,Requote,Meridian TrailForge Platform,Light Truck,ICE,Closed Won,Closed,1,1203321.3,USD,2024-07-01,2024-11-24,,2024-11-24,0,true,true,,Existing Relationship,Quality Improvement,,2024-11-16
006000000000735AAA,Suncrest Automotive - Suncrest CityMotion Vehicle - 0735,001000000000375AAA,005000000000021AAA,Requote,Suncrest CityMotion Vehicle,Urban Commuter,ICE,Closed Won,Closed,1,629253.25,USD,2024-05-31,2024-10-11,,2024-10-11,0,true,true,,Partner,Capacity Expansion,,2024-10-01
006000000000736AAA,BlueRiver Vehicle Systems - BlueRiver Nova Compact Program - 0736,001000000000008AAA,005000000000013AAA,Requote,BlueRiver Nova Compact Program,Compact Crossover,ICE,Closed Won,Closed,1,1367032.11,USD,2024-07-29,2024-11-10,,2024-11-10,0,true,true,,Referral,Hybrid Readiness,,2024-10-20
006000000000737AAA,Timberline Vehicle Systems - Timberline Vista Crossover - 0737,001000000000096AAA,005000000000030AAA,New Program,Timberline Vista Crossover,Compact Crossover,Hybrid,Negotiation,Pipeline,0.8,1245048.98,USD,2025-04-03,2025-12-08,,2026-08-03,0,false,false,,Existing Relationship,Hybrid Readiness,Confirm program timing,2026-05-25
006000000000738AAA,Keystone Vehicle Systems - Keystone TrailForge Platform - 0738,001000000000200AAA,005000000000020AAA,New Program,Keystone TrailForge Platform,Light Truck,ICE,Closed Won,Closed,1,236645.02,USD,2024-05-24,2024-11-27,,2024-11-27,0,true,true,,Existing Relationship,Supplier Consolidation,,2024-11-08
006000000000739AAA,Cedar Transport Group - Cedar WorkLine Truck - 0739,001000000000031AAA,005000000000011AAA,Requote,Cedar WorkLine Truck,Light Truck,Hybrid,Closed Won,Closed,1,3125193.35,USD,2025-01-12,2025-07-14,2025-07-14,2025-09-15,1,true,true,,Existing Relationship,Supplier Consolidation,,2025-08-21
006000000000740AAA,Windward Industrial Supply - Windward UrbanGo Platform - 0740,001000000000107AAA,005000000000012AAA,Replacement,Windward UrbanGo Platform,Urban Commuter,ICE,Closed Won,Closed,1,677612.79,USD,2024-11-05,2025-01-19,,2025-01-19,0,true,true,,RFQ,Capacity Expansion,,2025-01-06
006000000000741AAA,Timberline Transport Group - Timberline TrailForge Platform - 0741,001000000000331AAA,005000000000030AAA,New Program,Timberline TrailForge Platform,Light Truck,ICE,Closed Won,Closed,1,299822.45,USD,2023-04-27,2023-11-11,,2023-11-11,0,true,true,,Partner,Quality Improvement,,2023-10-17
006000000000742AAA,Redwood Industrial Supply 97 - Redwood Everyday Commuter - 0742,001000000000468AAA,005000000000011AAA,New Program,Redwood Everyday Commuter,Urban Commuter,ICE,Proposal or Quote,Best Case,0.6,456571.76,USD,2026-05-04,2026-06-28,2026-06-28,2026-09-28,2,false,false,,Trade Event,Platform Launch,Complete technical review,2026-06-22
006000000000743AAA,Stonebridge Powertrain 53 - Stonebridge Avenue Platform - 0743,001000000000191AAA,005000000000013AAA,Expansion,Stonebridge Avenue Platform,Mid-Size Sedan,ICE,Proposal or Quote,Best Case,0.6,619194.99,USD,2026-02-26,2026-07-05,,2026-07-05,0,false,false,,Inbound,Platform Launch,Submit revised quotation,2026-06-11
006000000000744AAA,Crescent Fleet Solutions 11 - Crescent WorkLine Truck - 0744,001000000000317AAA,005000000000014AAA,Expansion,Crescent WorkLine Truck,Light Truck,ICE,Proposal or Quote,Best Case,0.6,413171.5,USD,2026-04-29,2026-11-13,,2026-11-13,0,false,false,,Trade Event,Hybrid Readiness,Complete technical review,2026-05-16
006000000000745AAA,Frontier Mobility - Frontier Everyday Commuter - 0745,001000000000280AAA,005000000000013AAA,New Program,Frontier Everyday Commuter,Urban Commuter,ICE,Closed Won,Closed,1,300961.11,USD,2023-09-29,2023-11-13,,2023-11-13,0,true,true,,Existing Relationship,Capacity Expansion,,2023-10-29
006000000000746AAA,Blue Ridge Vehicle Systems - Blue National Parts Program - 0746,001000000000231AAA,005000000000013AAA,Expansion,Blue National Parts Program,Aftermarket Program,ICE,Technical Review,Pipeline,0.4,643603.39,USD,2026-05-30,2026-09-08,,2026-09-08,0,false,false,,Existing Relationship,Hybrid Readiness,Submit revised quotation,2026-06-13
006000000000747AAA,Valley Powertrain - Valley TransitWorks Van - 0747,001000000000109AAA,005000000000025AAA,Expansion,Valley TransitWorks Van,Fleet Van,Hybrid,Proposal or Quote,Best Case,0.6,1196365.38,USD,2026-03-17,2026-08-06,,2026-08-06,0,false,false,,Existing Relationship,Platform Launch,Complete technical review,2026-05-22
006000000000748AAA,Westgate Industrial Supply - Westgate Everyday Commuter - 0748,001000000000022AAA,005000000000015AAA,New Program,Westgate Everyday Commuter,Urban Commuter,Hybrid,Closed Lost,Closed,0,2032196.12,USD,2024-05-09,2024-12-03,2024-12-03,2025-02-23,2,true,false,Price,Referral,Capacity Expansion,,2025-02-22
006000000000749AAA,Maple Manufacturing - Maple RoadReady Replacement - 0749,001000000000074AAA,005000000000023AAA,New Program,Maple RoadReady Replacement,Aftermarket Program,ICE,Closed Won,Closed,1,891728.68,USD,2023-07-05,2023-11-14,,2023-11-14,0,true,true,,Existing Relationship,Quality Improvement,,2023-10-21
006000000000750AAA,Prairie Components - Prairie Horizon Crossover - 0750,001000000000038AAA,005000000000019AAA,New Program,Prairie Horizon Crossover,Compact Crossover,ICE,Technical Review,Pipeline,0.4,1283292.71,USD,2026-03-06,2026-08-26,,2026-08-26,0,false,false,,Existing Relationship,Capacity Expansion,Confirm program timing,2026-06-25
006000000000751AAA,Keystone Motor Systems 83 - Keystone Meridian Sedan - 0751,001000000000203AAA,005000000000012AAA,Expansion,Keystone Meridian Sedan,Mid-Size Sedan,ICE,Closed Won,Closed,1,459182.47,USD,2024-09-14,2025-03-24,,2025-03-24,0,true,true,,Existing Relationship,Cost Reduction,,2025-03-07
006000000000752AAA,Prairie Mobility 99 - Prairie Summit Sedan - 0752,001000000000277AAA,005000000000025AAA,New Program,Prairie Summit Sedan,Mid-Size Sedan,ICE,Proposal or Quote,Pipeline,0.6,272081.38,USD,2024-11-02,2025-04-25,2025-04-25,2026-08-30,1,false,false,,Existing Relationship,Supplier Consolidation,Complete technical review,2026-06-01
006000000000753AAA,Central Powertrain - Central RoadReady Replacement - 0753,001000000000257AAA,005000000000020AAA,Replacement,Central RoadReady Replacement,Aftermarket Program,ICE,Qualification,Pipeline,0.2,179429.93,USD,2026-06-14,2026-12-30,2026-12-30,2027-04-21,1,false,false,,Partner,Platform Launch,Complete technical review,2026-06-08
006000000000754AAA,Prairie Vehicle Systems - Prairie TransitWorks Van - 0754,001000000000187AAA,005000000000011AAA,Requote,Prairie TransitWorks Van,Fleet Van,ICE,Closed Lost,Closed,0,455037.36,USD,2024-05-28,2024-10-01,,2024-10-01,0,true,false,Price,Partner,Capacity Expansion,,2024-09-06
006000000000755AAA,Northfield Motor Systems - Northfield TrailForge Platform - 0755,001000000000339AAA,005000000000026AAA,New Program,Northfield TrailForge Platform,Light Truck,Hybrid,Technical Review,Pipeline,0.4,610517.88,USD,2026-05-12,2026-11-06,2026-11-06,2026-12-16,2,false,false,,Referral,Capacity Expansion,Complete technical review,2026-06-17
006000000000756AAA,Blue Ridge Powertrain - Blue CityTrail Compact - 0756,001000000000019AAA,005000000000011AAA,Expansion,Blue CityTrail Compact,Compact Crossover,ICE,Closed Lost,Closed,0,1827891.23,USD,2024-02-18,2024-06-06,,2024-06-06,0,true,false,Timing,Trade Event,Platform Launch,,2024-05-13
006000000000757AAA,Timberline Motor Systems - Timberline ServicePlus Program - 0757,001000000000039AAA,005000000000011AAA,Expansion,Timberline ServicePlus Program,Aftermarket Program,ICE,Closed Lost,Closed,0,1222447.03,USD,2024-06-12,2024-08-13,,2024-08-13,0,true,false,Price,RFQ,Platform Launch,,2024-08-07
006000000000758AAA,Alder Vehicle Systems - Alder Vista Crossover - 0758,001000000000131AAA,005000000000023AAA,Expansion,Alder Vista Crossover,Compact Crossover,ICE,Closed Won,Closed,1,1232079.63,USD,2025-02-18,2025-05-07,,2025-05-07,0,true,true,,RFQ,Supplier Consolidation,,2025-04-14
006000000000759AAA,Suncrest Automotive - Suncrest National Parts Program - 0759,001000000000375AAA,005000000000021AAA,Requote,Suncrest National Parts Program,Aftermarket Program,ICE,Closed Lost,Closed,0,893730.52,USD,2025-04-13,2025-09-14,,2025-09-14,0,true,false,Program Cancelled,Partner,Supplier Consolidation,,2025-09-12
006000000000760AAA,Westgate Transport Group 85 - Westgate FleetWay Program - 0760,001000000000189AAA,005000000000026AAA,Replacement,Westgate FleetWay Program,Fleet Van,ICE,Proposal or Quote,Pipeline,0.6,414897.75,USD,2025-07-29,2025-12-24,,2026-09-14,0,false,false,,Existing Relationship,Platform Launch,Validate product fit,2026-05-23
006000000000761AAA,Frontier Engineering - Frontier CityTrail Compact - 0761,001000000000306AAA,005000000000013AAA,Replacement,Frontier CityTrail Compact,Compact Crossover,ICE,Closed Won,Closed,1,238238.21,USD,2024-08-13,2025-01-20,,2025-01-20,0,true,true,,Referral,Quality Improvement,,2025-01-11
006000000000762AAA,Redwood Industrial Supply - Redwood UrbanCargo Platform - 0762,001000000000136AAA,005000000000027AAA,Replacement,Redwood UrbanCargo Platform,Fleet Van,Hybrid,Negotiation,Commit,0.8,455749.5,USD,2026-03-12,2026-08-04,,2026-08-04,0,false,false,,Existing Relationship,Supplier Consolidation,Complete technical review,2026-06-17
006000000000763AAA,Harbor Distribution - Harbor UrbanGo Platform - 0763,001000000000082AAA,005000000000026AAA,Replacement,Harbor UrbanGo Platform,Urban Commuter,ICE,Negotiation,Commit,0.8,700989.7,USD,2026-03-16,2026-07-29,,2026-07-29,0,false,false,,Existing Relationship,Platform Launch,Complete technical review,2026-05-31
006000000000764AAA,Union Manufacturing - Union ServicePlus Program - 0764,001000000000150AAA,005000000000024AAA,New Program,Union ServicePlus Program,Aftermarket Program,Hybrid,Technical Review,Pipeline,0.4,767495.96,USD,2026-03-25,2026-10-08,,2026-10-08,0,false,false,,Existing Relationship,Quality Improvement,Confirm program timing,2026-06-01
006000000000765AAA,Alder Vehicle Systems - Alder CityTrail Compact - 0765,001000000000131AAA,005000000000023AAA,New Program,Alder CityTrail Compact,Compact Crossover,ICE,Technical Review,Pipeline,0.4,892654.72,USD,2025-11-21,2026-03-23,,2026-09-10,0,false,false,,Existing Relationship,Platform Launch,Submit revised quotation,2026-06-16
006000000000766AAA,Suncrest Fleet Solutions - Suncrest Avenue Platform - 0766,001000000000023AAA,005000000000028AAA,New Program,Suncrest Avenue Platform,Mid-Size Sedan,ICE,Closed Lost,Closed,0,1248523.2,USD,2025-11-19,2026-05-31,,2026-05-31,0,true,false,Technical Fit,Referral,Cost Reduction,,2026-05-21
006000000000767AAA,Westgate Performance Parts - Westgate ServicePlus Program - 0767,001000000000044AAA,005000000000027AAA,Replacement,Westgate ServicePlus Program,Aftermarket Program,ICE,Closed Lost,Closed,0,758133.59,USD,2025-08-27,2025-12-16,2025-12-16,2026-02-27,2,true,false,No Decision,Partner,Hybrid Readiness,,2026-02-13
006000000000768AAA,Beacon Components - Beacon Meridian Sedan - 0768,001000000000286AAA,005000000000017AAA,Replacement,Beacon Meridian Sedan,Mid-Size Sedan,Hybrid,Technical Review,Pipeline,0.4,335000.16,USD,2026-05-08,2026-10-15,2026-10-15,2026-11-14,2,false,false,,Existing Relationship,Platform Launch,Confirm program timing,2026-06-05
006000000000769AAA,Atlas Performance Parts 54 - Atlas Horizon Crossover - 0769,001000000000184AAA,005000000000023AAA,New Program,Atlas Horizon Crossover,Compact Crossover,ICE,Technical Review,Pipeline,0.4,209940.48,USD,2024-01-07,2024-05-27,,2027-01-04,0,false,false,,RFQ,Supplier Consolidation,Submit revised quotation,2026-05-16
006000000000770AAA,Cobalt Engineering 79 - Cobalt Meridian Sedan - 0770,001000000000212AAA,005000000000017AAA,Replacement,Cobalt Meridian Sedan,Mid-Size Sedan,Hybrid,Proposal or Quote,Best Case,0.6,411350.07,USD,2026-01-15,2026-07-03,,2026-07-03,0,false,false,,Existing Relationship,Hybrid Readiness,Submit revised quotation,2026-06-01
006000000000771AAA,Liberty Mobility - Liberty UtilityPro Program - 0771,001000000000142AAA,005000000000018AAA,Expansion,Liberty UtilityPro Program,Light Truck,ICE,Proposal or Quote,Best Case,0.6,497619.94,USD,2026-01-09,2026-08-21,,2026-08-21,0,false,false,,Trade Event,Supplier Consolidation,Finalize commercial terms,2026-05-19
006000000000772AAA,Ridgeway Engineering - Ridgeway RoadReady Replacement - 0772,001000000000244AAA,005000000000029AAA,Replacement,Ridgeway RoadReady Replacement,Aftermarket Program,ICE,Proposal or Quote,Best Case,0.6,1115078,USD,2025-11-16,2026-06-24,,2026-09-09,0,false,false,,RFQ,Quality Improvement,Validate product fit,2026-05-30
006000000000773AAA,Blue Ridge Engineering - Blue WorkLine Truck - 0773,001000000000163AAA,005000000000021AAA,Replacement,Blue WorkLine Truck,Light Truck,ICE,Proposal or Quote,Pipeline,0.6,540634.35,USD,2023-05-17,2023-10-12,,2026-08-19,0,false,false,,Referral,Supplier Consolidation,Validate product fit,2026-05-21
006000000000774AAA,Blue Ridge Assembly - Blue Avenue Platform - 0774,001000000000025AAA,005000000000030AAA,New Program,Blue Avenue Platform,Mid-Size Sedan,ICE,Qualification,Pipeline,0.2,3309765.7,USD,2026-02-17,2026-11-18,2026-11-18,2027-03-01,2,false,false,,Partner,Supplier Consolidation,Complete technical review,2026-05-31
006000000000775AAA,Silverline Motor Systems - Silverline RoadReady Replacement - 0775,001000000000390AAA,005000000000021AAA,Expansion,Silverline RoadReady Replacement,Aftermarket Program,ICE,Closed Won,Closed,1,622505.52,USD,2025-03-28,2025-05-19,,2025-05-19,0,true,true,,RFQ,Quality Improvement,,2025-05-09
006000000000776AAA,Keystone Powertrain - Keystone RoadReady Replacement - 0776,001000000000300AAA,005000000000013AAA,Replacement,Keystone RoadReady Replacement,Aftermarket Program,ICE,Closed Won,Closed,1,333346.32,USD,2025-01-14,2025-04-14,,2025-04-14,0,true,true,,RFQ,Cost Reduction,,2025-03-22
006000000000777AAA,Crescent Automotive 17 - Crescent FleetWay Program - 0777,001000000000364AAA,005000000000021AAA,Requote,Crescent FleetWay Program,Fleet Van,Hybrid,Negotiation,Commit,0.8,650467.5,USD,2026-01-14,2026-06-30,2026-06-30,2026-08-01,1,false,false,,RFQ,Platform Launch,Validate product fit,2026-05-18
006000000000778AAA,Crescent Fleet Solutions 46 - Crescent MetroOne Program - 0778,001000000000483AAA,005000000000026AAA,New Program,Crescent MetroOne Program,Urban Commuter,ICE,Closed Lost,Closed,0,125535.3,USD,2024-09-30,2025-04-01,,2025-04-01,0,true,false,Technical Fit,Trade Event,Hybrid Readiness,,2025-03-11
006000000000779AAA,MetroVale Motors - MetroVale UtilityPro Program - 0779,001000000000002AAA,005000000000020AAA,Requote,MetroVale UtilityPro Program,Light Truck,ICE,Technical Review,Pipeline,0.4,1401949.36,USD,2026-03-25,2026-11-25,,2026-11-25,0,false,false,,Existing Relationship,Hybrid Readiness,Complete technical review,2026-06-28
006000000000780AAA,Ridgeway Powertrain - Ridgeway Meridian Sedan - 0780,001000000000291AAA,005000000000028AAA,New Program,Ridgeway Meridian Sedan,Mid-Size Sedan,Hybrid,Proposal or Quote,Pipeline,0.6,251104.77,USD,2023-11-12,2024-03-20,2024-03-20,2026-12-01,1,false,false,,RFQ,Hybrid Readiness,Confirm program timing,2026-06-06
006000000000781AAA,Cedar Vehicle Systems - Cedar National Parts Program - 0781,001000000000098AAA,005000000000024AAA,New Program,Cedar National Parts Program,Aftermarket Program,ICE,Closed Lost,Closed,0,604440.27,USD,2025-11-29,2026-03-27,2026-03-27,2026-06-04,2,true,false,Competitor,Existing Relationship,Hybrid Readiness,,2026-05-27
006000000000782AAA,Frontier Distribution 85 - Frontier WorkLine Truck - 0782,001000000000304AAA,005000000000029AAA,Replacement,Frontier WorkLine Truck,Light Truck,Hybrid,Technical Review,Pipeline,0.4,615667.48,USD,2024-02-03,2024-09-11,,2026-11-25,0,false,false,,Partner,Hybrid Readiness,Complete technical review,2026-06-06
006000000000783AAA,Atlas Automotive - Atlas WorkLine Truck - 0783,001000000000305AAA,005000000000025AAA,Expansion,Atlas WorkLine Truck,Light Truck,Hybrid,Closed Lost,Closed,0,351991.24,USD,2025-08-23,2026-02-14,2026-02-14,2026-05-07,2,true,false,Competitor,Existing Relationship,Capacity Expansion,,2026-04-30
006000000000784AAA,Keystone Vehicle Systems - Keystone UrbanCargo Platform - 0784,001000000000200AAA,005000000000018AAA,Requote,Keystone UrbanCargo Platform,Fleet Van,Hybrid,Closed Lost,Closed,0,878087.45,USD,2025-03-17,2025-07-14,,2025-07-14,0,true,false,Technical Fit,Referral,Cost Reduction,,2025-06-24
006000000000785AAA,Liberty Distribution - Liberty Vista Crossover - 0785,001000000000215AAA,005000000000018AAA,Replacement,Liberty Vista Crossover,Compact Crossover,Hybrid,Technical Review,Pipeline,0.4,380774.87,USD,2026-03-12,2026-10-14,,2026-10-14,0,false,false,,Trade Event,Capacity Expansion,Validate product fit,2026-06-12
006000000000786AAA,Liberty Components - Liberty MetroOne Program - 0786,001000000000077AAA,005000000000030AAA,New Program,Liberty MetroOne Program,Urban Commuter,ICE,Closed Won,Closed,1,1389939.11,USD,2025-06-18,2025-10-23,,2025-10-23,0,true,true,,Existing Relationship,Hybrid Readiness,,2025-10-14
006000000000787AAA,Keystone Distribution - Keystone UrbanGo Platform - 0787,001000000000111AAA,005000000000016AAA,Expansion,Keystone UrbanGo Platform,Urban Commuter,ICE,Closed Won,Closed,1,1016802.67,USD,2024-02-23,2024-09-13,,2024-09-13,0,true,true,,Existing Relationship,Quality Improvement,,2024-08-23
006000000000788AAA,Beacon Performance Parts 44 - Beacon CityTrail Compact - 0788,001000000000335AAA,005000000000028AAA,New Program,Beacon CityTrail Compact,Compact Crossover,ICE,Proposal or Quote,Pipeline,0.6,387137.17,USD,2024-07-28,2025-01-24,,2026-11-13,0,false,false,,Partner,Quality Improvement,Confirm program timing,2026-06-01
006000000000789AAA,Timberline Assembly 6 - Timberline Nova Compact Program - 0789,001000000000101AAA,005000000000013AAA,Expansion,Timberline Nova Compact Program,Compact Crossover,Hybrid,Closed Won,Closed,1,1456424.6,USD,2023-12-07,2024-03-18,2024-03-18,2024-05-14,1,true,true,,RFQ,Capacity Expansion,,2024-05-02
006000000000790AAA,Prairie Motor Systems - Prairie UrbanGo Platform - 0790,001000000000051AAA,005000000000019AAA,New Program,Prairie UrbanGo Platform,Urban Commuter,ICE,Negotiation,Commit,0.8,803767.38,USD,2026-01-13,2026-07-25,,2026-07-25,0,false,false,,Existing Relationship,Hybrid Readiness,Finalize commercial terms,2026-06-18
006000000000791AAA,Suncrest Industrial Supply - Suncrest UrbanCargo Platform - 0791,001000000000261AAA,005000000000018AAA,Expansion,Suncrest UrbanCargo Platform,Fleet Van,Hybrid,Proposal or Quote,Best Case,0.6,151098.63,USD,2026-02-28,2026-08-23,2026-08-23,2026-12-21,1,false,false,,RFQ,Capacity Expansion,Validate product fit,2026-06-12
006000000000792AAA,Liberty Manufacturing - Liberty Horizon Crossover - 0792,001000000000072AAA,005000000000015AAA,Expansion,Liberty Horizon Crossover,Compact Crossover,ICE,Closed Won,Closed,1,711534.94,USD,2023-06-21,2023-12-25,,2023-12-25,0,true,true,,Trade Event,Hybrid Readiness,,2023-12-14
006000000000793AAA,Windward Industrial Supply 70 - Windward Nova Compact Program - 0793,001000000000301AAA,005000000000018AAA,Requote,Windward Nova Compact Program,Compact Crossover,ICE,Closed Won,Closed,1,439192.01,USD,2025-07-26,2025-10-08,,2025-10-08,0,true,true,,Trade Event,Supplier Consolidation,,2025-09-26
006000000000794AAA,Pinnacle Engineering - Pinnacle CityTrail Compact - 0794,001000000000242AAA,005000000000017AAA,Expansion,Pinnacle CityTrail Compact,Compact Crossover,ICE,Closed Lost,Closed,0,611624.59,USD,2024-01-06,2024-09-07,,2024-09-07,0,true,false,Timing,RFQ,Platform Launch,,2024-09-03
006000000000795AAA,Liberty Components - Liberty Avenue Platform - 0795,001000000000077AAA,005000000000030AAA,New Program,Liberty Avenue Platform,Mid-Size Sedan,ICE,Closed Won,Closed,1,1106066.56,USD,2024-05-11,2025-01-01,2025-01-01,2025-03-15,1,true,true,,RFQ,Hybrid Readiness,,2025-02-18
006000000000796AAA,Granite Vehicle Systems 86 - Granite Avenue Platform - 0796,001000000000472AAA,005000000000025AAA,Expansion,Granite Avenue Platform,Mid-Size Sedan,Hybrid,Closed Lost,Closed,0,231064.64,USD,2024-11-10,2025-02-11,,2025-02-11,0,true,false,Technical Fit,Partner,Platform Launch,,2025-01-19
006000000000797AAA,Union Components - Union Horizon Crossover - 0797,001000000000444AAA,005000000000026AAA,New Program,Union Horizon Crossover,Compact Crossover,ICE,Closed Won,Closed,1,192823.7,USD,2023-01-28,2023-07-17,,2023-07-17,0,true,true,,RFQ,Capacity Expansion,,2023-07-01
006000000000798AAA,Harbor Distribution - Harbor UrbanGo Platform - 0798,001000000000082AAA,005000000000026AAA,New Program,Harbor UrbanGo Platform,Urban Commuter,ICE,Closed Won,Closed,1,1483905.96,USD,2025-02-22,2025-09-07,,2025-09-07,0,true,true,,Referral,Capacity Expansion,,2025-08-14
006000000000799AAA,Valley Industrial Supply 6 - Valley FleetWay Program - 0799,001000000000493AAA,005000000000026AAA,Expansion,Valley FleetWay Program,Fleet Van,ICE,Closed Lost,Closed,0,221922.9,USD,2025-07-22,2025-11-02,2025-11-02,2026-02-03,2,true,false,Technical Fit,Existing Relationship,Hybrid Readiness,,2026-01-11
006000000000800AAA,Crown Fleet Solutions 43 - Crown TransitWorks Van - 0800,001000000000052AAA,005000000000028AAA,Requote,Crown TransitWorks Van,Fleet Van,ICE,Closed Lost,Closed,0,1294845.24,USD,2024-11-22,2025-03-27,,2025-03-27,0,true,false,Timing,RFQ,Quality Improvement,,2025-03-19
006000000000801AAA,Stonebridge Motor Systems - Stonebridge TransitWorks Van - 0801,001000000000112AAA,005000000000025AAA,Expansion,Stonebridge TransitWorks Van,Fleet Van,Hybrid,Prospecting,Pipeline,0.1,922535.66,USD,2026-06-14,2027-01-10,2027-01-10,2027-03-16,2,false,false,,Existing Relationship,Hybrid Readiness,Finalize commercial terms,2026-06-08
006000000000802AAA,Frontier Engineering 49 - Frontier Horizon Crossover - 0802,001000000000401AAA,005000000000019AAA,New Program,Frontier Horizon Crossover,Compact Crossover,Hybrid,Closed Won,Closed,1,418731.38,USD,2025-08-30,2026-04-07,,2026-04-07,0,true,true,,RFQ,Cost Reduction,,2026-04-03
006000000000803AAA,Cedar Distribution 87 - Cedar TrailForge Platform - 0803,001000000000357AAA,005000000000030AAA,New Program,Cedar TrailForge Platform,Light Truck,ICE,Closed Lost,Closed,0,1262729.68,USD,2023-05-26,2023-12-14,,2023-12-14,0,true,false,Program Cancelled,Existing Relationship,Hybrid Readiness,,2023-12-11
006000000000804AAA,Valley Industrial Supply - Valley CityMotion Vehicle - 0804,001000000000173AAA,005000000000027AAA,Replacement,Valley CityMotion Vehicle,Urban Commuter,ICE,Closed Lost,Closed,0,335430.13,USD,2023-02-10,2023-08-21,2023-08-21,2023-11-27,2,true,false,Competitor,Existing Relationship,Capacity Expansion,,2023-11-25
006000000000805AAA,Granite Assembly 86 - Granite Vista Crossover - 0805,001000000000325AAA,005000000000015AAA,Replacement,Granite Vista Crossover,Compact Crossover,Hybrid,Negotiation,Commit,0.8,359458.78,USD,2026-03-07,2026-08-11,,2026-08-11,0,false,false,,Existing Relationship,Hybrid Readiness,Confirm program timing,2026-06-02
006000000000806AAA,Westgate Powertrain - Westgate Summit Sedan - 0806,001000000000450AAA,005000000000011AAA,New Program,Westgate Summit Sedan,Mid-Size Sedan,ICE,Closed Won,Closed,1,352979.5,USD,2025-07-03,2025-11-09,,2025-11-09,0,true,true,,Existing Relationship,Cost Reduction,,2025-10-31
006000000000807AAA,Blue Ridge Automotive - Blue TrailForge Platform - 0807,001000000000012AAA,005000000000012AAA,New Program,Blue TrailForge Platform,Light Truck,Hybrid,Closed Won,Closed,1,1050763.58,USD,2025-07-06,2025-11-20,,2025-11-20,0,true,true,,Existing Relationship,Quality Improvement,,2025-11-08
006000000000808AAA,Sierra Roadcraft - Sierra Everyday Commuter - 0808,001000000000007AAA,005000000000025AAA,New Program,Sierra Everyday Commuter,Urban Commuter,Hybrid,Closed Won,Closed,1,1087773.5,USD,2025-03-22,2025-08-06,2025-08-06,2025-09-29,1,true,true,,Existing Relationship,Platform Launch,,2025-09-27
006000000000809AAA,Crown Fleet Solutions - Crown ServicePlus Program - 0809,001000000000046AAA,005000000000015AAA,Expansion,Crown ServicePlus Program,Aftermarket Program,ICE,Closed Won,Closed,1,707901.32,USD,2025-04-13,2025-08-30,,2025-08-30,0,true,true,,Inbound,Quality Improvement,,2025-08-19
006000000000810AAA,Eastgate Engineering - Eastgate Everyday Commuter - 0810,001000000000351AAA,005000000000025AAA,Expansion,Eastgate Everyday Commuter,Urban Commuter,Hybrid,Closed Won,Closed,1,499400.97,USD,2024-06-24,2024-10-21,,2024-10-21,0,true,true,,Partner,Cost Reduction,,2024-10-14
006000000000811AAA,Silverline Mobility - Silverline TrailForge Platform - 0811,001000000000166AAA,005000000000012AAA,New Program,Silverline TrailForge Platform,Light Truck,ICE,Closed Won,Closed,1,589685.76,USD,2024-11-11,2025-03-02,,2025-03-02,0,true,true,,Referral,Hybrid Readiness,,2025-02-06
006000000000812AAA,Union Transport Group - Union ServicePlus Program - 0812,001000000000433AAA,005000000000019AAA,New Program,Union ServicePlus Program,Aftermarket Program,ICE,Proposal or Quote,Best Case,0.6,217576.88,USD,2026-01-26,2026-06-27,,2026-10-19,0,false,false,,Inbound,Platform Launch,Confirm program timing,2026-06-08
006000000000813AAA,Meridian Automotive - Meridian Nova Compact Program - 0813,001000000000017AAA,005000000000019AAA,New Program,Meridian Nova Compact Program,Compact Crossover,ICE,Closed Lost,Closed,0,1726828.02,USD,2023-01-19,2023-08-23,,2023-08-23,0,true,false,Program Cancelled,Existing Relationship,Capacity Expansion,,2023-07-29
006000000000814AAA,Pacific Transport Group 78 - Pacific National Parts Program - 0814,001000000000344AAA,005000000000030AAA,Expansion,Pacific National Parts Program,Aftermarket Program,Hybrid,Closed Lost,Closed,0,1080785.6,USD,2024-04-22,2024-12-15,,2024-12-15,0,true,false,Technical Fit,Existing Relationship,Hybrid Readiness,,2024-11-28
006000000000815AAA,Keystone Motor Systems 83 - Keystone MetroOne Program - 0815,001000000000203AAA,005000000000011AAA,Expansion,Keystone MetroOne Program,Urban Commuter,ICE,Qualification,Pipeline,0.2,532786.47,USD,2024-12-04,2025-04-05,,2026-11-13,0,false,false,,RFQ,Supplier Consolidation,Complete technical review,2026-06-13
006000000000816AAA,Suncrest Manufacturing 17 - Suncrest Meridian Sedan - 0816,001000000000157AAA,005000000000011AAA,New Program,Suncrest Meridian Sedan,Mid-Size Sedan,ICE,Proposal or Quote,Best Case,0.6,830026.68,USD,2026-04-26,2026-07-18,,2026-07-18,0,false,false,,RFQ,Capacity Expansion,Complete technical review,2026-05-21
006000000000817AAA,Northfield Performance Parts - Northfield Avenue Platform - 0817,001000000000422AAA,005000000000023AAA,New Program,Northfield Avenue Platform,Mid-Size Sedan,ICE,Closed Lost,Closed,0,162295.5,USD,2025-04-02,2025-11-06,2025-11-06,2025-12-18,2,true,false,Program Cancelled,Existing Relationship,Capacity Expansion,,2025-12-12
006000000000818AAA,Windward Mobility 68 - Windward UrbanGo Platform - 0818,001000000000276AAA,005000000000013AAA,New Program,Windward UrbanGo Platform,Urban Commuter,ICE,Closed Lost,Closed,0,392483.52,USD,2024-09-13,2024-10-28,2024-10-28,2025-01-18,1,true,false,Timing,Existing Relationship,Capacity Expansion,,2025-01-06
006000000000819AAA,Maple Industrial Supply - Maple Avenue Platform - 0819,001000000000307AAA,005000000000019AAA,Expansion,Maple Avenue Platform,Mid-Size Sedan,Hybrid,Closed Won,Closed,1,214159.14,USD,2025-10-29,2026-03-24,2026-03-24,2026-06-15,2,true,true,,Existing Relationship,Quality Improvement,,2026-05-29
006000000000820AAA,Atlas Distribution 78 - Atlas Nova Compact Program - 0820,001000000000355AAA,005000000000012AAA,Expansion,Atlas Nova Compact Program,Compact Crossover,ICE,Closed Lost,Closed,0,757925.15,USD,2024-04-19,2024-10-07,,2024-10-07,0,true,false,Timing,RFQ,Cost Reduction,,2024-09-22
006000000000821AAA,Blue Ridge Motor Systems - Blue TrailForge Platform - 0821,001000000000128AAA,005000000000026AAA,New Program,Blue TrailForge Platform,Light Truck,ICE,Closed Lost,Closed,0,536093.28,USD,2024-06-18,2024-10-22,,2024-10-22,0,true,false,Price,RFQ,Capacity Expansion,,2024-10-01
006000000000822AAA,Beacon Distribution - Beacon Meridian Sedan - 0822,001000000000027AAA,005000000000014AAA,New Program,Beacon Meridian Sedan,Mid-Size Sedan,ICE,Closed Won,Closed,1,1102074.44,USD,2023-08-27,2024-01-09,,2024-01-09,0,true,true,,RFQ,Quality Improvement,,2023-12-18
006000000000823AAA,Westgate Distribution - Westgate ServicePlus Program - 0823,001000000000168AAA,005000000000012AAA,Expansion,Westgate ServicePlus Program,Aftermarket Program,ICE,Closed Won,Closed,1,510856.22,USD,2023-11-22,2024-03-10,,2024-03-10,0,true,true,,Referral,Cost Reduction,,2024-03-02
006000000000824AAA,Continental Mobility Systems - Continental CityMotion Vehicle - 0824,001000000000004AAA,005000000000017AAA,Replacement,Continental CityMotion Vehicle,Urban Commuter,ICE,Technical Review,Pipeline,0.4,1441633.23,USD,2024-07-24,2024-11-15,,2026-08-27,0,false,false,,Existing Relationship,Platform Launch,Complete technical review,2026-06-01
006000000000825AAA,Lakeview Fleet Solutions 69 - Lakeview RoadReady Replacement - 0825,001000000000398AAA,005000000000027AAA,New Program,Lakeview RoadReady Replacement,Aftermarket Program,ICE,Closed Won,Closed,1,638948.73,USD,2023-07-26,2024-01-23,,2024-01-23,0,true,true,,RFQ,Quality Improvement,,2024-01-04
006000000000826AAA,Granite Motor Systems - Granite CityMotion Vehicle - 0826,001000000000499AAA,005000000000028AAA,Expansion,Granite CityMotion Vehicle,Urban Commuter,Hybrid,Qualification,Pipeline,0.2,133689.76,USD,2026-05-07,2026-10-07,2026-10-07,2026-11-17,1,false,false,,Partner,Capacity Expansion,Confirm program timing,2026-06-29
006000000000827AAA,Blue Ridge Motor Systems - Blue CityTrail Compact - 0827,001000000000128AAA,005000000000025AAA,Replacement,Blue CityTrail Compact,Compact Crossover,Hybrid,Proposal or Quote,Best Case,0.6,1268885.98,USD,2026-05-14,2026-08-07,,2026-08-07,0,false,false,,Inbound,Supplier Consolidation,Finalize commercial terms,2026-06-05
006000000000828AAA,Crescent Fleet Solutions 11 - Crescent Meridian Sedan - 0828,001000000000317AAA,005000000000011AAA,Requote,Crescent Meridian Sedan,Mid-Size Sedan,ICE,Closed Won,Closed,1,579751.62,USD,2025-12-07,2026-03-13,,2026-03-13,0,true,true,,RFQ,Quality Improvement,,2026-03-05
006000000000829AAA,Union Mobility - Union ServicePlus Program - 0829,001000000000216AAA,005000000000029AAA,Expansion,Union ServicePlus Program,Aftermarket Program,ICE,Technical Review,Pipeline,0.4,1080020.54,USD,2025-11-03,2026-04-22,,2026-10-19,0,false,false,,RFQ,Capacity Expansion,Confirm program timing,2026-06-03
006000000000830AAA,Valley Automotive - Valley CityTrail Compact - 0830,001000000000370AAA,005000000000017AAA,Requote,Valley CityTrail Compact,Compact Crossover,ICE,Closed Won,Closed,1,652888.93,USD,2024-12-07,2025-06-29,,2025-06-29,0,true,true,,Trade Event,Capacity Expansion,,2025-06-24
006000000000831AAA,Aurora Vehicle Works - Aurora ServicePlus Program - 0831,001000000000005AAA,005000000000027AAA,Replacement,Aurora ServicePlus Program,Aftermarket Program,ICE,Closed Won,Closed,1,1976250.77,USD,2023-01-28,2023-05-23,2023-05-23,2023-09-09,2,true,true,,Partner,Hybrid Readiness,,2023-09-01
006000000000832AAA,Granite Assembly - Granite UrbanGo Platform - 0832,001000000000104AAA,005000000000019AAA,Replacement,Granite UrbanGo Platform,Urban Commuter,ICE,Closed Won,Closed,1,741867.73,USD,2024-03-02,2024-07-12,,2024-07-12,0,true,true,,Referral,Quality Improvement,,2024-07-08
006000000000833AAA,Pacific Powertrain - Pacific Avenue Platform - 0833,001000000000087AAA,005000000000025AAA,Expansion,Pacific Avenue Platform,Mid-Size Sedan,Hybrid,Closed Lost,Closed,0,1064079.39,USD,2024-07-19,2025-01-26,2025-01-26,2025-04-18,2,true,false,Program Cancelled,RFQ,Cost Reduction,,2025-03-25
006000000000834AAA,Northfield Engineering 73 - Northfield CityTrail Compact - 0834,001000000000442AAA,005000000000011AAA,Requote,Northfield CityTrail Compact,Compact Crossover,ICE,Closed Won,Closed,1,264367.34,USD,2023-10-18,2023-12-13,,2023-12-13,0,true,true,,RFQ,Platform Launch,,2023-11-22
006000000000835AAA,Crescent Fleet Solutions 11 - Crescent Meridian Sedan - 0835,001000000000317AAA,005000000000012AAA,Expansion,Crescent Meridian Sedan,Mid-Size Sedan,ICE,Closed Lost,Closed,0,418598.7,USD,2024-08-06,2024-11-09,,2024-11-09,0,true,false,Competitor,Existing Relationship,Quality Improvement,,2024-10-26
006000000000836AAA,Valley Mobility 30 - Valley Summit Sedan - 0836,001000000000457AAA,005000000000028AAA,New Program,Valley Summit Sedan,Mid-Size Sedan,ICE,Closed Won,Closed,1,297087.03,USD,2024-02-12,2024-04-21,,2024-04-21,0,true,true,,Referral,Cost Reduction,,2024-04-16
006000000000837AAA,Pacific Transport Group 78 - Pacific MetroOne Program - 0837,001000000000344AAA,005000000000029AAA,Replacement,Pacific MetroOne Program,Urban Commuter,ICE,Closed Won,Closed,1,794719.75,USD,2025-07-05,2026-02-13,2026-02-13,2026-05-21,2,true,true,,Existing Relationship,Platform Launch,,2026-05-04
006000000000838AAA,Pacific Transport Group - Pacific ServicePlus Program - 0838,001000000000067AAA,005000000000022AAA,Expansion,Pacific ServicePlus Program,Aftermarket Program,ICE,Closed Lost,Closed,0,1098202.24,USD,2023-04-25,2023-10-31,,2023-10-31,0,true,false,Program Cancelled,RFQ,Platform Launch,,2023-10-11
006000000000839AAA,Aurora Vehicle Works - Aurora ServicePlus Program - 0839,001000000000005AAA,005000000000028AAA,Expansion,Aurora ServicePlus Program,Aftermarket Program,ICE,Closed Lost,Closed,0,2110745.93,USD,2023-09-27,2024-04-05,,2024-04-05,0,true,false,Timing,RFQ,Platform Launch,,2024-03-13
006000000000840AAA,Redwood Industrial Supply 97 - Redwood RoadReady Replacement - 0840,001000000000468AAA,005000000000011AAA,Replacement,Redwood RoadReady Replacement,Aftermarket Program,Hybrid,Closed Won,Closed,1,171600.68,USD,2023-03-31,2023-08-16,,2023-08-16,0,true,true,,Existing Relationship,Hybrid Readiness,,2023-08-03
006000000000841AAA,Windward Powertrain - Windward CityTrail Compact - 0841,001000000000377AAA,005000000000021AAA,Requote,Windward CityTrail Compact,Compact Crossover,ICE,Closed Lost,Closed,0,715121.27,USD,2024-07-09,2024-11-27,2024-11-27,2025-01-12,1,true,false,Technical Fit,Referral,Hybrid Readiness,,2024-12-30
006000000000842AAA,Crescent Powertrain - Crescent Avenue Platform - 0842,001000000000092AAA,005000000000020AAA,New Program,Crescent Avenue Platform,Mid-Size Sedan,ICE,Negotiation,Commit,0.8,536045.02,USD,2026-01-01,2026-08-07,2026-08-07,2026-09-01,1,false,false,,Existing Relationship,Supplier Consolidation,Complete technical review,2026-06-18
006000000000843AAA,Northfield Motor Systems - Northfield Horizon Crossover - 0843,001000000000339AAA,005000000000025AAA,New Program,Northfield Horizon Crossover,Compact Crossover,ICE,Proposal or Quote,Best Case,0.6,745632.7,USD,2026-04-24,2026-08-28,,2026-08-28,0,false,false,,Referral,Hybrid Readiness,Finalize commercial terms,2026-05-19
006000000000844AAA,Pacific Automotive - Pacific ServicePlus Program - 0844,001000000000070AAA,005000000000025AAA,Replacement,Pacific ServicePlus Program,Aftermarket Program,Hybrid,Closed Lost,Closed,0,1155678.69,USD,2025-05-04,2025-11-13,,2025-11-13,0,true,false,Timing,RFQ,Cost Reduction,,2025-11-11
006000000000845AAA,Maple Distribution - Maple WorkLine Truck - 0845,001000000000145AAA,005000000000013AAA,New Program,Maple WorkLine Truck,Light Truck,ICE,Proposal or Quote,Best Case,0.6,661427.36,USD,2026-03-14,2026-08-10,,2026-08-10,0,false,false,,Existing Relationship,Cost Reduction,Confirm program timing,2026-06-06
006000000000846AAA,Alder Distribution - Alder Horizon Crossover - 0846,001000000000196AAA,005000000000028AAA,Expansion,Alder Horizon Crossover,Compact Crossover,ICE,Closed Lost,Closed,0,302486.49,USD,2024-11-15,2025-02-17,,2025-02-17,0,true,false,Timing,RFQ,Cost Reduction,,2025-01-27
006000000000847AAA,Keystone Distribution - Keystone Avenue Platform - 0847,001000000000111AAA,005000000000016AAA,Expansion,Keystone Avenue Platform,Mid-Size Sedan,Hybrid,Closed Won,Closed,1,1095679.52,USD,2025-05-19,2025-12-01,,2025-12-01,0,true,true,,Existing Relationship,Supplier Consolidation,,2025-11-10
006000000000848AAA,Cobalt Components - Cobalt UtilityPro Program - 0848,001000000000018AAA,005000000000029AAA,Expansion,Cobalt UtilityPro Program,Light Truck,ICE,Closed Lost,Closed,0,2716213.51,USD,2024-04-20,2024-11-14,,2024-11-14,0,true,false,Timing,Existing Relationship,Cost Reduction,,2024-10-20
006000000000849AAA,Valley Industrial Supply 6 - Valley Avenue Platform - 0849,001000000000493AAA,005000000000025AAA,Replacement,Valley Avenue Platform,Mid-Size Sedan,ICE,Qualification,Pipeline,0.2,234602.56,USD,2024-07-14,2024-12-28,,2027-02-03,0,false,false,,Trade Event,Quality Improvement,Submit revised quotation,2026-06-24
006000000000850AAA,Canyon Automotive - Canyon TrailForge Platform - 0850,001000000000309AAA,005000000000030AAA,Expansion,Canyon TrailForge Platform,Light Truck,Hybrid,Qualification,Pipeline,0.2,240649.21,USD,2025-01-10,2025-07-26,,2026-10-13,0,false,false,,Trade Event,Hybrid Readiness,Complete technical review,2026-06-27
006000000000851AAA,Atlas Powertrain - Atlas MetroOne Program - 0851,001000000000066AAA,005000000000018AAA,Replacement,Atlas MetroOne Program,Urban Commuter,ICE,Closed Lost,Closed,0,794218.85,USD,2023-11-10,2024-04-12,,2024-04-12,0,true,false,Price,Inbound,Quality Improvement,,2024-03-23
006000000000852AAA,Prairie Engineering - Prairie CityMotion Vehicle - 0852,001000000000263AAA,005000000000011AAA,Requote,Prairie CityMotion Vehicle,Urban Commuter,ICE,Closed Won,Closed,1,474104.98,USD,2023-11-25,2024-04-19,,2024-04-19,0,true,true,,Referral,Cost Reduction,,2024-03-30
006000000000853AAA,Westgate Transport Group 15 - Westgate RoadReady Replacement - 0853,001000000000202AAA,005000000000018AAA,New Program,Westgate RoadReady Replacement,Aftermarket Program,ICE,Closed Won,Closed,1,669468.91,USD,2024-11-10,2025-03-24,,2025-03-24,0,true,true,,Existing Relationship,Quality Improvement,,2025-03-11
006000000000854AAA,Valley Fleet Solutions - Valley Summit Sedan - 0854,001000000000076AAA,005000000000016AAA,Replacement,Valley Summit Sedan,Mid-Size Sedan,Hybrid,Technical Review,Pipeline,0.4,898970.45,USD,2026-04-30,2026-09-22,,2026-09-22,0,false,false,,RFQ,Platform Launch,Finalize commercial terms,2026-06-09
006000000000855AAA,Maple Engineering 82 - Maple MetroOne Program - 0855,001000000000435AAA,005000000000019AAA,Expansion,Maple MetroOne Program,Urban Commuter,Hybrid,Proposal or Quote,Best Case,0.6,122268.01,USD,2026-05-09,2026-07-23,,2026-07-23,0,false,false,,Existing Relationship,Platform Launch,Submit revised quotation,2026-05-18
006000000000856AAA,Redwood Mobility - Redwood Nova Compact Program - 0856,001000000000146AAA,005000000000014AAA,Requote,Redwood Nova Compact Program,Compact Crossover,ICE,Negotiation,Commit,0.8,906587.03,USD,2026-02-11,2026-08-12,,2026-08-12,0,false,false,,Inbound,Cost Reduction,Validate product fit,2026-06-04
006000000000857AAA,Northfield Assembly - Northfield Vista Crossover - 0857,001000000000035AAA,005000000000019AAA,Expansion,Northfield Vista Crossover,Compact Crossover,ICE,Proposal or Quote,Best Case,0.6,953279.15,USD,2026-04-01,2026-09-26,2026-09-26,2026-11-30,2,false,false,,Existing Relationship,Hybrid Readiness,Finalize commercial terms,2026-06-21
006000000000858AAA,Keystone Motor Systems 21 - Keystone Horizon Crossover - 0858,001000000000267AAA,005000000000013AAA,Expansion,Keystone Horizon Crossover,Compact Crossover,ICE,Closed Won,Closed,1,269500.65,USD,2023-04-28,2023-08-03,,2023-08-03,0,true,true,,Existing Relationship,Quality Improvement,,2023-07-10
006000000000859AAA,Atlas Performance Parts - Atlas WorkLine Truck - 0859,001000000000024AAA,005000000000030AAA,Replacement,Atlas WorkLine Truck,Light Truck,ICE,Closed Won,Closed,1,2279701.5,USD,2024-03-22,2024-11-26,,2024-11-26,0,true,true,,Trade Event,Supplier Consolidation,,2024-11-08
006000000000860AAA,Timberline Assembly - Timberline Everyday Commuter - 0860,001000000000083AAA,005000000000016AAA,Requote,Timberline Everyday Commuter,Urban Commuter,Hybrid,Proposal or Quote,Best Case,0.6,1706225.77,USD,2026-05-02,2026-12-03,,2026-12-03,0,false,false,,Existing Relationship,Supplier Consolidation,Complete technical review,2026-05-19
006000000000861AAA,Alder Assembly - Alder UrbanCargo Platform - 0861,001000000000118AAA,005000000000017AAA,Expansion,Alder UrbanCargo Platform,Fleet Van,ICE,Closed Lost,Closed,0,777401.82,USD,2024-09-30,2025-03-08,,2025-03-08,0,true,false,Price,Existing Relationship,Quality Improvement,,2025-02-25
006000000000862AAA,Eastgate Automotive 50 - Eastgate Everyday Commuter - 0862,001000000000208AAA,005000000000027AAA,Expansion,Eastgate Everyday Commuter,Urban Commuter,Hybrid,Closed Won,Closed,1,680769.81,USD,2024-06-16,2024-11-16,,2024-11-16,0,true,true,,Existing Relationship,Supplier Consolidation,,2024-10-24
006000000000863AAA,Oakline Automotive 33 - Oakline Meridian Sedan - 0863,001000000000466AAA,005000000000016AAA,Expansion,Oakline Meridian Sedan,Mid-Size Sedan,Hybrid,Closed Lost,Closed,0,241040.1,USD,2023-04-02,2023-07-12,,2023-07-12,0,true,false,Timing,Existing Relationship,Capacity Expansion,,2023-06-26
006000000000864AAA,Northfield Assembly - Northfield UrbanGo Platform - 0864,001000000000035AAA,005000000000020AAA,Expansion,Northfield UrbanGo Platform,Urban Commuter,Hybrid,Qualification,Pipeline,0.2,1474402.34,USD,2025-04-10,2025-07-30,2025-07-30,2027-01-14,2,false,false,,Inbound,Cost Reduction,Confirm program timing,2026-06-01
006000000000865AAA,Prairie Engineering - Prairie WorkLine Truck - 0865,001000000000263AAA,005000000000012AAA,Expansion,Prairie WorkLine Truck,Light Truck,ICE,Closed Won,Closed,1,249988.53,USD,2023-02-26,2023-05-01,,2023-05-01,0,true,true,,RFQ,Platform Launch,,2023-04-07
006000000000866AAA,Central Fleet Solutions 56 - Central Vista Crossover - 0866,001000000000486AAA,005000000000030AAA,Expansion,Central Vista Crossover,Compact Crossover,ICE,Closed Won,Closed,1,270732.32,USD,2025-07-28,2026-03-06,2026-03-06,2026-05-29,1,true,true,,RFQ,Supplier Consolidation,,2026-05-09
006000000000867AAA,Alder Distribution - Alder Avenue Platform - 0867,001000000000196AAA,005000000000028AAA,Expansion,Alder Avenue Platform,Mid-Size Sedan,ICE,Closed Won,Closed,1,387034.41,USD,2024-07-16,2024-12-17,,2024-12-17,0,true,true,,Existing Relationship,Supplier Consolidation,,2024-11-27
006000000000868AAA,Redwood Engineering 57 - Redwood Everyday Commuter - 0868,001000000000406AAA,005000000000021AAA,Requote,Redwood Everyday Commuter,Urban Commuter,ICE,Closed Lost,Closed,0,194977.41,USD,2024-01-15,2024-06-11,,2024-06-11,0,true,false,Technical Fit,RFQ,Hybrid Readiness,,2024-05-20
006000000000869AAA,Union Fleet Solutions - Union Vista Crossover - 0869,001000000000088AAA,005000000000011AAA,Expansion,Union Vista Crossover,Compact Crossover,ICE,Closed Won,Closed,1,359390.76,USD,2023-05-02,2023-09-11,,2023-09-11,0,true,true,,RFQ,Platform Launch,,2023-09-07
006000000000870AAA,Cobalt Industrial Supply - Cobalt Avenue Platform - 0870,001000000000151AAA,005000000000024AAA,Expansion,Cobalt Avenue Platform,Mid-Size Sedan,Hybrid,Negotiation,Commit,0.8,394198.04,USD,2025-09-22,2026-03-20,2026-03-20,2026-07-11,1,false,false,,Existing Relationship,Quality Improvement,Validate product fit,2026-05-16
006000000000871AAA,Cobalt Industrial Supply - Cobalt CityTrail Compact - 0871,001000000000151AAA,005000000000025AAA,New Program,Cobalt CityTrail Compact,Compact Crossover,Hybrid,Closed Lost,Closed,0,299573.08,USD,2023-03-24,2023-07-22,,2023-07-22,0,true,false,No Decision,Existing Relationship,Capacity Expansion,,2023-06-30
006000000000872AAA,Meridian Manufacturing 86 - Meridian CityMotion Vehicle - 0872,001000000000407AAA,005000000000022AAA,Requote,Meridian CityMotion Vehicle,Urban Commuter,ICE,Closed Won,Closed,1,192975.96,USD,2025-02-09,2025-07-22,,2025-07-22,0,true,true,,Referral,Platform Launch,,2025-07-16
006000000000873AAA,Pinnacle Engineering 54 - Pinnacle Summit Sedan - 0873,001000000000429AAA,005000000000025AAA,Expansion,Pinnacle Summit Sedan,Mid-Size Sedan,ICE,Technical Review,Pipeline,0.4,203247.89,USD,2026-03-06,2026-08-07,2026-08-07,2026-09-22,1,false,false,,Inbound,Hybrid Readiness,Complete technical review,2026-06-06
006000000000874AAA,Alder Automotive 75 - Alder Vista Crossover - 0874,001000000000346AAA,005000000000029AAA,Replacement,Alder Vista Crossover,Compact Crossover,ICE,Closed Lost,Closed,0,1107556.9,USD,2025-03-16,2025-10-14,,2025-10-14,0,true,false,Competitor,Existing Relationship,Platform Launch,,2025-09-23
006000000000875AAA,Valley Distribution - Valley Avenue Platform - 0875,001000000000192AAA,005000000000028AAA,New Program,Valley Avenue Platform,Mid-Size Sedan,ICE,Closed Won,Closed,1,429022.58,USD,2025-11-25,2026-05-22,,2026-05-22,0,true,true,,Referral,Platform Launch,,2026-05-16
006000000000876AAA,Westgate Motor Systems - Westgate Horizon Crossover - 0876,001000000000026AAA,005000000000018AAA,Expansion,Westgate Horizon Crossover,Compact Crossover,Hybrid,Closed Lost,Closed,0,1015850.78,USD,2025-02-09,2025-08-02,,2025-08-02,0,true,false,Timing,RFQ,Cost Reduction,,2025-07-14
006000000000877AAA,Northfield Engineering - Northfield National Parts Program - 0877,001000000000395AAA,005000000000018AAA,New Program,Northfield National Parts Program,Aftermarket Program,ICE,Closed Lost,Closed,0,188624.99,USD,2025-09-03,2026-03-20,,2026-03-20,0,true,false,Timing,RFQ,Hybrid Readiness,,2026-03-10
006000000000878AAA,Oakline Automotive - Oakline Meridian Sedan - 0878,001000000000310AAA,005000000000030AAA,Replacement,Oakline Meridian Sedan,Mid-Size Sedan,Hybrid,Closed Lost,Closed,0,440512.58,USD,2024-01-07,2024-10-05,2024-10-05,2024-11-18,1,true,false,Timing,Existing Relationship,Cost Reduction,,2024-10-30
006000000000879AAA,Cobalt Distribution - Cobalt TransitWorks Van - 0879,001000000000252AAA,005000000000027AAA,Requote,Cobalt TransitWorks Van,Fleet Van,ICE,Closed Lost,Closed,0,645717.71,USD,2025-04-13,2025-07-13,,2025-07-13,0,true,false,No Decision,Existing Relationship,Cost Reduction,,2025-07-07
006000000000880AAA,Suncrest Vehicle Systems - Suncrest TrailForge Platform - 0880,001000000000380AAA,005000000000020AAA,New Program,Suncrest TrailForge Platform,Light Truck,Hybrid,Closed Lost,Closed,0,319939.19,USD,2023-07-05,2023-12-21,,2023-12-21,0,true,false,Program Cancelled,Partner,Capacity Expansion,,2023-12-06
006000000000881AAA,Prairie Engineering 71 - Prairie TransitWorks Van - 0881,001000000000421AAA,005000000000026AAA,Expansion,Prairie TransitWorks Van,Fleet Van,ICE,Closed Lost,Closed,0,73886.52,USD,2024-01-24,2024-06-07,,2024-06-07,0,true,false,Price,Inbound,Quality Improvement,,2024-06-05
006000000000882AAA,Windward Powertrain - Windward TransitWorks Van - 0882,001000000000377AAA,005000000000021AAA,New Program,Windward TransitWorks Van,Fleet Van,ICE,Closed Lost,Closed,0,609800.68,USD,2025-12-08,2026-03-05,,2026-03-05,0,true,false,Competitor,Existing Relationship,Hybrid Readiness,,2026-02-13
006000000000883AAA,Valley Performance Parts - Valley WorkLine Truck - 0883,001000000000058AAA,005000000000027AAA,New Program,Valley WorkLine Truck,Light Truck,ICE,Negotiation,Pipeline,0.8,554968.44,USD,2024-06-16,2024-09-29,,2026-08-13,0,false,false,,Existing Relationship,Capacity Expansion,Complete technical review,2026-06-06
006000000000884AAA,Pinnacle Automotive 41 - Pinnacle Vista Crossover - 0884,001000000000369AAA,005000000000020AAA,Expansion,Pinnacle Vista Crossover,Compact Crossover,Hybrid,Closed Won,Closed,1,554545.14,USD,2023-04-02,2023-10-19,,2023-10-19,0,true,true,,Inbound,Hybrid Readiness,,2023-10-05
006000000000885AAA,Ridgeway Components - Ridgeway UrbanCargo Platform - 0885,001000000000285AAA,005000000000014AAA,New Program,Ridgeway UrbanCargo Platform,Fleet Van,ICE,Closed Lost,Closed,0,444199.71,USD,2024-06-17,2024-10-31,,2024-10-31,0,true,false,Technical Fit,Referral,Quality Improvement,,2024-10-25
006000000000886AAA,Windward Components - Windward National Parts Program - 0886,001000000000337AAA,005000000000020AAA,New Program,Windward National Parts Program,Aftermarket Program,ICE,Technical Review,Pipeline,0.4,502067.77,USD,2023-06-29,2023-09-09,,2026-12-26,0,false,false,,Existing Relationship,Capacity Expansion,Confirm program timing,2026-06-29
006000000000887AAA,Frontier Distribution - Frontier WorkLine Truck - 0887,001000000000091AAA,005000000000013AAA,New Program,Frontier WorkLine Truck,Light Truck,ICE,Negotiation,Commit,0.8,826962.51,USD,2026-05-01,2026-07-08,,2026-07-08,0,false,false,,Existing Relationship,Hybrid Readiness,Confirm program timing,2026-06-07
006000000000888AAA,Ridgeway Vehicle Systems 66 - Ridgeway TrailForge Platform - 0888,001000000000474AAA,005000000000025AAA,New Program,Ridgeway TrailForge Platform,Light Truck,Hybrid,Closed Lost,Closed,0,254258.79,USD,2025-12-02,2026-04-14,,2026-04-14,0,true,false,Competitor,RFQ,Capacity Expansion,,2026-04-09
006000000000889AAA,Maple Performance Parts - Maple TrailForge Platform - 0889,001000000000084AAA,005000000000023AAA,New Program,Maple TrailForge Platform,Light Truck,ICE,Closed Won,Closed,1,1051438.74,USD,2025-09-10,2026-03-04,,2026-03-04,0,true,true,,RFQ,Platform Launch,,2026-02-12
006000000000890AAA,Blue Ridge Automotive - Blue ServicePlus Program - 0890,001000000000012AAA,005000000000011AAA,Expansion,Blue ServicePlus Program,Aftermarket Program,Hybrid,Closed Won,Closed,1,1437373.34,USD,2023-03-18,2023-07-04,,2023-07-04,0,true,true,,Existing Relationship,Capacity Expansion,,2023-06-16
006000000000891AAA,Redwood Industrial Supply 97 - Redwood UtilityPro Program - 0891,001000000000468AAA,005000000000013AAA,Expansion,Redwood UtilityPro Program,Light Truck,Hybrid,Closed Won,Closed,1,220939.14,USD,2025-11-16,2026-04-17,,2026-04-17,0,true,true,,Existing Relationship,Quality Improvement,,2026-04-12
006000000000892AAA,Crescent Industrial Supply - Crescent MetroOne Program - 0892,001000000000042AAA,005000000000029AAA,Expansion,Crescent MetroOne Program,Urban Commuter,Hybrid,Closed Won,Closed,1,1046167.25,USD,2023-04-21,2024-01-02,2024-01-02,2024-04-26,1,true,true,,Referral,Hybrid Readiness,,2024-04-15
006000000000893AAA,Crescent Fleet Solutions 53 - Crescent TrailForge Platform - 0893,001000000000463AAA,005000000000018AAA,Replacement,Crescent TrailForge Platform,Light Truck,Hybrid,Proposal or Quote,Best Case,0.6,281017.86,USD,2026-02-03,2026-06-29,,2026-09-07,0,false,false,,RFQ,Quality Improvement,Confirm program timing,2026-06-19
006000000000894AAA,Canyon Industrial Supply - Canyon TransitWorks Van - 0894,001000000000251AAA,005000000000026AAA,New Program,Canyon TransitWorks Van,Fleet Van,ICE,Proposal or Quote,Best Case,0.6,362595.15,USD,2026-01-09,2026-06-16,,2026-07-30,0,false,false,,RFQ,Hybrid Readiness,Finalize commercial terms,2026-06-01
006000000000895AAA,Suncrest Manufacturing - Suncrest CityTrail Compact - 0895,001000000000041AAA,005000000000030AAA,New Program,Suncrest CityTrail Compact,Compact Crossover,ICE,Closed Lost,Closed,0,1311146.39,USD,2024-09-29,2025-06-10,,2025-06-10,0,true,false,Competitor,Existing Relationship,Cost Reduction,,2025-06-02
006000000000896AAA,Meridian Distribution 91 - Meridian Nova Compact Program - 0896,001000000000061AAA,005000000000024AAA,New Program,Meridian Nova Compact Program,Compact Crossover,Hybrid,Closed Lost,Closed,0,1435979.07,USD,2025-05-06,2025-08-28,,2025-08-28,0,true,false,Timing,RFQ,Capacity Expansion,,2025-08-09
006000000000897AAA,Eastgate Automotive - Eastgate Avenue Platform - 0897,001000000000114AAA,005000000000021AAA,Expansion,Eastgate Avenue Platform,Mid-Size Sedan,ICE,Closed Lost,Closed,0,959744.31,USD,2023-08-17,2024-03-09,,2024-03-09,0,true,false,Timing,Partner,Platform Launch,,2024-03-05
006000000000898AAA,Frontier Distribution - Frontier Horizon Crossover - 0898,001000000000091AAA,005000000000011AAA,New Program,Frontier Horizon Crossover,Compact Crossover,ICE,Closed Won,Closed,1,554430.52,USD,2023-09-14,2024-02-25,,2024-02-25,0,true,true,,RFQ,Quality Improvement,,2024-02-10
006000000000899AAA,Redwood Engineering - Redwood UrbanGo Platform - 0899,001000000000365AAA,005000000000018AAA,Replacement,Redwood UrbanGo Platform,Urban Commuter,Hybrid,Proposal or Quote,Best Case,0.6,766380.6,USD,2026-03-13,2026-09-04,,2026-09-04,0,false,false,,RFQ,Quality Improvement,Confirm program timing,2026-06-29
006000000000900AAA,Summit Motorworks - Summit Summit Sedan - 0900,001000000000003AAA,005000000000013AAA,Replacement,Summit Summit Sedan,Mid-Size Sedan,ICE,Closed Lost,Closed,0,2682977.65,USD,2024-02-10,2024-06-17,,2024-06-17,0,true,false,Technical Fit,Inbound,Quality Improvement,,2024-05-27
006000000000901AAA,Union Fleet Solutions - Union CityMotion Vehicle - 0901,001000000000088AAA,005000000000011AAA,New Program,Union CityMotion Vehicle,Urban Commuter,Hybrid,Closed Won,Closed,1,1160034,USD,2023-01-27,2023-04-12,,2023-04-12,0,true,true,,Existing Relationship,Capacity Expansion,,2023-03-27
006000000000902AAA,Alder Industrial Supply - Alder Horizon Crossover - 0902,001000000000043AAA,005000000000019AAA,New Program,Alder Horizon Crossover,Compact Crossover,Hybrid,Proposal or Quote,Pipeline,0.6,862873.2,USD,2025-09-17,2026-01-05,,2026-12-08,0,false,false,,Existing Relationship,Cost Reduction,Confirm program timing,2026-06-02
006000000000903AAA,Blue Ridge Motor Systems - Blue Vista Crossover - 0903,001000000000128AAA,005000000000026AAA,Expansion,Blue Vista Crossover,Compact Crossover,ICE,Closed Lost,Closed,0,789488.26,USD,2025-05-28,2026-01-11,,2026-01-11,0,true,false,Program Cancelled,RFQ,Cost Reduction,,2025-12-29
006000000000904AAA,Westgate Transport Group 15 - Westgate MetroOne Program - 0904,001000000000202AAA,005000000000020AAA,Expansion,Westgate MetroOne Program,Urban Commuter,ICE,Closed Lost,Closed,0,677098.62,USD,2024-03-16,2024-07-29,,2024-07-29,0,true,false,Timing,RFQ,Quality Improvement,,2024-07-28
006000000000905AAA,MetroVale Motors - MetroVale Summit Sedan - 0905,001000000000002AAA,005000000000018AAA,New Program,MetroVale Summit Sedan,Mid-Size Sedan,ICE,Technical Review,Pipeline,0.4,2414996.64,USD,2024-07-15,2024-12-31,,2026-10-18,0,false,false,,RFQ,Cost Reduction,Complete technical review,2026-06-07
006000000000906AAA,Redwood Engineering 57 - Redwood UrbanCargo Platform - 0906,001000000000406AAA,005000000000021AAA,Replacement,Redwood UrbanCargo Platform,Fleet Van,ICE,Proposal or Quote,Best Case,0.6,214814.53,USD,2026-02-27,2026-08-26,,2026-08-26,0,false,false,,Existing Relationship,Quality Improvement,Submit revised quotation,2026-05-19
006000000000907AAA,Union Motor Systems 59 - Union Summit Sedan - 0907,001000000000387AAA,005000000000029AAA,New Program,Union Summit Sedan,Mid-Size Sedan,Hybrid,Negotiation,Pipeline,0.8,1432061.1,USD,2025-01-03,2025-09-02,2025-09-02,2026-08-09,2,false,false,,Partner,Cost Reduction,Complete technical review,2026-06-21
006000000000908AAA,Meridian Distribution 78 - Meridian CityMotion Vehicle - 0908,001000000000045AAA,005000000000018AAA,New Program,Meridian CityMotion Vehicle,Urban Commuter,Hybrid,Closed Won,Closed,1,322660.75,USD,2025-08-18,2026-02-09,,2026-02-09,0,true,true,,Inbound,Hybrid Readiness,,2026-01-17
006000000000909AAA,Suncrest Motor Systems - Suncrest Horizon Crossover - 0909,001000000000342AAA,005000000000018AAA,Requote,Suncrest Horizon Crossover,Compact Crossover,Hybrid,Proposal or Quote,Pipeline,0.6,335764.74,USD,2025-04-24,2025-09-03,,2026-08-27,0,false,false,,RFQ,Supplier Consolidation,Validate product fit,2026-06-18
006000000000910AAA,Blue Ridge Transport Group 28 - Blue Avenue Platform - 0910,001000000000247AAA,005000000000012AAA,Expansion,Blue Avenue Platform,Mid-Size Sedan,ICE,Closed Won,Closed,1,475750.2,USD,2023-07-27,2023-09-18,,2023-09-18,0,true,true,,Existing Relationship,Platform Launch,,2023-08-28
006000000000911AAA,Cobalt Mobility - Cobalt RoadReady Replacement - 0911,001000000000158AAA,005000000000012AAA,Expansion,Cobalt RoadReady Replacement,Aftermarket Program,ICE,Negotiation,Best Case,0.8,600985.97,USD,2025-09-30,2026-04-01,,2026-09-15,0,false,false,,Inbound,Platform Launch,Finalize commercial terms,2026-06-07
006000000000912AAA,Suncrest Performance Parts - Suncrest TransitWorks Van - 0912,001000000000068AAA,005000000000020AAA,Requote,Suncrest TransitWorks Van,Fleet Van,ICE,Closed Lost,Closed,0,661271.85,USD,2024-06-07,2024-12-12,,2024-12-12,0,true,false,Technical Fit,RFQ,Cost Reduction,,2024-11-29
006000000000913AAA,Prairie Motor Systems - Prairie WorkLine Truck - 0913,001000000000051AAA,005000000000019AAA,New Program,Prairie WorkLine Truck,Light Truck,Hybrid,Proposal or Quote,Best Case,0.6,980321.5,USD,2026-04-26,2026-09-18,,2026-09-18,0,false,false,,RFQ,Capacity Expansion,Confirm program timing,2026-06-12
006000000000914AAA,Beacon Performance Parts - Beacon UrbanGo Platform - 0914,001000000000032AAA,005000000000011AAA,Requote,Beacon UrbanGo Platform,Urban Commuter,ICE,Closed Lost,Closed,0,1785302.69,USD,2024-03-14,2024-05-03,,2024-05-03,0,true,false,Competitor,Partner,Quality Improvement,,2024-04-18
006000000000915AAA,Alder Automotive 84 - Alder Avenue Platform - 0915,001000000000347AAA,005000000000019AAA,New Program,Alder Avenue Platform,Mid-Size Sedan,ICE,Closed Lost,Closed,0,463529.46,USD,2025-05-04,2025-10-20,,2025-10-20,0,true,false,Timing,Existing Relationship,Quality Improvement,,2025-10-19
006000000000916AAA,Westgate Industrial Supply - Westgate ServicePlus Program - 0916,001000000000022AAA,005000000000017AAA,New Program,Westgate ServicePlus Program,Aftermarket Program,ICE,Closed Won,Closed,1,1917235.85,USD,2025-04-07,2025-10-24,,2025-10-24,0,true,true,,RFQ,Platform Launch,,2025-10-01
006000000000917AAA,Westgate Motor Systems - Westgate Vista Crossover - 0917,001000000000026AAA,005000000000020AAA,Requote,Westgate Vista Crossover,Compact Crossover,ICE,Proposal or Quote,Pipeline,0.6,1800842.34,USD,2023-07-08,2023-11-22,,2026-11-20,0,false,false,,Trade Event,Hybrid Readiness,Finalize commercial terms,2026-06-16
006000000000918AAA,Westgate Transport Group - Westgate RoadReady Replacement - 0918,001000000000085AAA,005000000000023AAA,Replacement,Westgate RoadReady Replacement,Aftermarket Program,Hybrid,Closed Lost,Closed,0,781909.72,USD,2024-04-29,2024-11-09,2024-11-09,2025-02-17,1,true,false,Competitor,Existing Relationship,Hybrid Readiness,,2025-02-01
006000000000919AAA,Prairie Assembly - Prairie UtilityPro Program - 0919,001000000000090AAA,005000000000019AAA,Expansion,Prairie UtilityPro Program,Light Truck,ICE,Technical Review,Pipeline,0.4,435029.1,USD,2023-08-18,2024-02-07,2024-02-07,2026-09-24,1,false,false,,Trade Event,Capacity Expansion,Finalize commercial terms,2026-06-27
006000000000920AAA,Alder Motor Systems - Alder RoadReady Replacement - 0920,001000000000013AAA,005000000000023AAA,New Program,Alder RoadReady Replacement,Aftermarket Program,Hybrid,Closed Won,Closed,1,1264318.73,USD,2024-03-28,2024-09-05,,2024-09-05,0,true,true,,Trade Event,Supplier Consolidation,,2024-08-23
006000000000921AAA,Valley Powertrain - Valley TrailForge Platform - 0921,001000000000109AAA,005000000000024AAA,Replacement,Valley TrailForge Platform,Light Truck,Hybrid,Technical Review,Pipeline,0.4,343538.08,USD,2026-05-07,2026-12-01,,2026-12-01,0,false,false,,Existing Relationship,Hybrid Readiness,Submit revised quotation,2026-06-17
006000000000922AAA,Oakline Mobility 3 - Oakline Vista Crossover - 0922,001000000000461AAA,005000000000026AAA,Expansion,Oakline Vista Crossover,Compact Crossover,ICE,Prospecting,Pipeline,0.1,224678.02,USD,2026-04-26,2026-10-22,2026-10-22,2027-01-18,2,false,false,,Referral,Hybrid Readiness,Validate product fit,2026-06-01
006000000000923AAA,Union Automotive - Union MetroOne Program - 0923,001000000000048AAA,005000000000023AAA,Expansion,Union MetroOne Program,Urban Commuter,ICE,Prospecting,Pipeline,0.1,758225.94,USD,2024-02-23,2024-07-17,,2027-01-15,0,false,false,,Trade Event,Supplier Consolidation,Confirm program timing,2026-06-21
006000000000924AAA,Meridian Automotive 69 - Meridian National Parts Program - 0924,001000000000318AAA,005000000000018AAA,New Program,Meridian National Parts Program,Aftermarket Program,Hybrid,Closed Lost,Closed,0,303075.54,USD,2026-01-13,2026-05-11,,2026-05-11,0,true,false,No Decision,Existing Relationship,Supplier Consolidation,,2026-04-17
006000000000925AAA,Maple Distribution - Maple Summit Sedan - 0925,001000000000145AAA,005000000000014AAA,Expansion,Maple Summit Sedan,Mid-Size Sedan,ICE,Negotiation,Commit,0.8,317232.36,USD,2025-10-17,2026-05-10,2026-05-10,2026-06-30,1,false,false,,Referral,Capacity Expansion,Validate product fit,2026-05-21
006000000000926AAA,Alder Mobility 89 - Alder TransitWorks Van - 0926,001000000000314AAA,005000000000014AAA,Expansion,Alder TransitWorks Van,Fleet Van,Hybrid,Closed Won,Closed,1,247548.28,USD,2025-10-20,2026-04-24,,2026-04-24,0,true,true,,Existing Relationship,Platform Launch,,2026-03-31
006000000000927AAA,Suncrest Performance Parts - Suncrest TrailForge Platform - 0927,001000000000068AAA,005000000000018AAA,Replacement,Suncrest TrailForge Platform,Light Truck,Hybrid,Closed Won,Closed,1,410755.23,USD,2025-01-10,2025-09-17,,2025-09-17,0,true,true,,Trade Event,Platform Launch,,2025-09-06
006000000000928AAA,Sierra Roadcraft - Sierra FleetWay Program - 0928,001000000000007AAA,005000000000025AAA,Expansion,Sierra FleetWay Program,Fleet Van,Hybrid,Closed Won,Closed,1,1408018.17,USD,2025-03-21,2025-06-30,,2025-06-30,0,true,true,,Trade Event,Hybrid Readiness,,2025-06-26
006000000000929AAA,Blue Ridge Performance Parts - Blue Meridian Sedan - 0929,001000000000132AAA,005000000000022AAA,Replacement,Blue Meridian Sedan,Mid-Size Sedan,ICE,Closed Won,Closed,1,769988.4,USD,2025-11-14,2026-03-11,,2026-03-11,0,true,true,,RFQ,Supplier Consolidation,,2026-03-09
006000000000930AAA,Keystone Motor Systems 28 - Keystone UtilityPro Program - 0930,001000000000366AAA,005000000000014AAA,Replacement,Keystone UtilityPro Program,Light Truck,ICE,Closed Won,Closed,1,833157.12,USD,2024-02-03,2024-05-23,,2024-05-23,0,true,true,,RFQ,Cost Reduction,,2024-05-04
006000000000931AAA,Ridgeway Powertrain - Ridgeway CityTrail Compact - 0931,001000000000291AAA,005000000000028AAA,Expansion,Ridgeway CityTrail Compact,Compact Crossover,Hybrid,Negotiation,Commit,0.8,286019.79,USD,2026-06-13,2026-09-22,,2026-09-22,0,false,false,,Referral,Platform Launch,Finalize commercial terms,2026-06-18
006000000000932AAA,Westgate Performance Parts - Westgate Everyday Commuter - 0932,001000000000044AAA,005000000000028AAA,Replacement,Westgate Everyday Commuter,Urban Commuter,ICE,Closed Lost,Closed,0,788000.57,USD,2024-06-03,2025-01-26,,2025-01-26,0,true,false,No Decision,Existing Relationship,Hybrid Readiness,,2025-01-07
006000000000933AAA,Frontier Automotive - Frontier UrbanGo Platform - 0933,001000000000037AAA,005000000000013AAA,Requote,Frontier UrbanGo Platform,Urban Commuter,ICE,Closed Lost,Closed,0,750770.21,USD,2025-04-16,2025-10-06,,2025-10-06,0,true,false,No Decision,Referral,Platform Launch,,2025-09-16
006000000000934AAA,Oakline Mobility - Oakline RoadReady Replacement - 0934,001000000000133AAA,005000000000027AAA,New Program,Oakline RoadReady Replacement,Aftermarket Program,ICE,Closed Lost,Closed,0,310598.32,USD,2024-11-30,2025-04-21,,2025-04-21,0,true,false,Program Cancelled,RFQ,Quality Improvement,,2025-04-10
006000000000935AAA,Eastgate Powertrain - Eastgate FleetWay Program - 0935,001000000000350AAA,005000000000027AAA,Expansion,Eastgate FleetWay Program,Fleet Van,ICE,Closed Won,Closed,1,673446.91,USD,2025-07-04,2025-11-15,,2025-11-15,0,true,true,,Existing Relationship,Capacity Expansion,,2025-10-24
006000000000936AAA,Cobalt Distribution - Cobalt UrbanGo Platform - 0936,001000000000252AAA,005000000000027AAA,Replacement,Cobalt UrbanGo Platform,Urban Commuter,ICE,Proposal or Quote,Pipeline,0.6,522633.86,USD,2024-09-18,2025-02-23,,2026-12-01,0,false,false,,Existing Relationship,Hybrid Readiness,Validate product fit,2026-06-22
006000000000937AAA,Timberline Components - Timberline Summit Sedan - 0937,001000000000206AAA,005000000000017AAA,Requote,Timberline Summit Sedan,Mid-Size Sedan,Hybrid,Closed Lost,Closed,0,357189.37,USD,2024-04-25,2024-08-04,,2024-08-04,0,true,false,Program Cancelled,RFQ,Capacity Expansion,,2024-07-11
006000000000938AAA,Cedar Vehicle Systems - Cedar Everyday Commuter - 0938,001000000000098AAA,005000000000024AAA,Expansion,Cedar Everyday Commuter,Urban Commuter,ICE,Negotiation,Commit,0.8,1339209.87,USD,2026-01-26,2026-06-21,2026-06-21,2026-09-17,1,false,false,,Partner,Cost Reduction,Submit revised quotation,2026-06-12
006000000000939AAA,Ridgeway Vehicle Systems - Ridgeway CityMotion Vehicle - 0939,001000000000059AAA,005000000000025AAA,New Program,Ridgeway CityMotion Vehicle,Urban Commuter,ICE,Closed Won,Closed,1,1510044.31,USD,2024-11-01,2025-03-04,,2025-03-04,0,true,true,,RFQ,Capacity Expansion,,2025-02-16
006000000000940AAA,Harbor Motor Systems - Harbor MetroOne Program - 0940,001000000000345AAA,005000000000018AAA,Expansion,Harbor MetroOne Program,Urban Commuter,ICE,Closed Won,Closed,1,272456.82,USD,2024-11-05,2025-02-16,,2025-02-16,0,true,true,,Trade Event,Hybrid Readiness,,2025-02-01
006000000000941AAA,Pinnacle Mobility - Pinnacle Summit Sedan - 0941,001000000000155AAA,005000000000013AAA,Expansion,Pinnacle Summit Sedan,Mid-Size Sedan,ICE,Technical Review,Pipeline,0.4,301892.96,USD,2024-01-12,2024-05-16,,2027-02-05,0,false,false,,Trade Event,Hybrid Readiness,Submit revised quotation,2026-06-13
006000000000942AAA,Eastgate Manufacturing - Eastgate Vista Crossover - 0942,001000000000033AAA,005000000000022AAA,Expansion,Eastgate Vista Crossover,Compact Crossover,Hybrid,Closed Won,Closed,1,1263267.5,USD,2023-06-05,2023-10-14,2023-10-14,2023-12-15,1,true,true,,Referral,Capacity Expansion,,2023-11-23
006000000000943AAA,Cedar Distribution 89 - Cedar TrailForge Platform - 0943,001000000000245AAA,005000000000029AAA,Expansion,Cedar TrailForge Platform,Light Truck,ICE,Qualification,Pipeline,0.2,744930.76,USD,2026-05-03,2027-01-08,,2027-01-08,0,false,false,,Partner,Capacity Expansion,Complete technical review,2026-06-13
006000000000944AAA,Meridian Manufacturing - Meridian FleetWay Program - 0944,001000000000016AAA,005000000000028AAA,New Program,Meridian FleetWay Program,Fleet Van,ICE,Closed Lost,Closed,0,811598.44,USD,2025-03-10,2025-09-16,,2025-09-16,0,true,false,No Decision,Existing Relationship,Platform Launch,,2025-09-06
006000000000945AAA,Maple Powertrain - Maple Avenue Platform - 0945,001000000000156AAA,005000000000025AAA,Expansion,Maple Avenue Platform,Mid-Size Sedan,ICE,Closed Won,Closed,1,740427.24,USD,2026-01-15,2026-05-27,,2026-05-27,0,true,true,,RFQ,Platform Launch,,2026-05-12
006000000000946AAA,Oakline Engineering - Oakline UrbanCargo Platform - 0946,001000000000120AAA,005000000000013AAA,New Program,Oakline UrbanCargo Platform,Fleet Van,Hybrid,Proposal or Quote,Best Case,0.6,1294859.16,USD,2026-02-04,2026-07-03,,2026-07-03,0,false,false,,RFQ,Capacity Expansion,Confirm program timing,2026-06-14
006000000000947AAA,Canyon Distribution 92 - Canyon UtilityPro Program - 0947,001000000000497AAA,005000000000023AAA,New Program,Canyon UtilityPro Program,Light Truck,ICE,Closed Lost,Closed,0,231382.62,USD,2024-06-19,2024-11-16,,2024-11-16,0,true,false,Competitor,Referral,Hybrid Readiness,,2024-11-12
006000000000948AAA,Keystone Distribution - Keystone Horizon Crossover - 0948,001000000000111AAA,005000000000015AAA,Expansion,Keystone Horizon Crossover,Compact Crossover,ICE,Proposal or Quote,Best Case,0.6,1411445.76,USD,2025-12-11,2026-06-30,2026-06-30,2026-09-05,1,false,false,,Referral,Capacity Expansion,Finalize commercial terms,2026-05-16
006000000000949AAA,Evergreen Fleet Services - Evergreen Nova Compact Program - 0949,001000000000010AAA,005000000000024AAA,New Program,Evergreen Nova Compact Program,Compact Crossover,ICE,Closed Won,Closed,1,282953.97,USD,2025-04-21,2025-10-02,,2025-10-02,0,true,true,,Inbound,Hybrid Readiness,,2025-09-24
006000000000950AAA,Prairie Engineering - Prairie CityMotion Vehicle - 0950,001000000000263AAA,005000000000011AAA,New Program,Prairie CityMotion Vehicle,Urban Commuter,ICE,Closed Lost,Closed,0,411222.31,USD,2025-07-07,2025-11-07,,2025-11-07,0,true,false,Competitor,RFQ,Hybrid Readiness,,2025-10-24
006000000000951AAA,Granite Motor Systems - Granite TrailForge Platform - 0951,001000000000499AAA,005000000000027AAA,Expansion,Granite TrailForge Platform,Light Truck,ICE,Closed Lost,Closed,0,241831.28,USD,2025-06-26,2025-11-21,2025-11-21,2026-01-22,1,true,false,Timing,Trade Event,Quality Improvement,,2026-01-14
006000000000952AAA,Blue Ridge Transport Group - Blue Avenue Platform - 0952,001000000000020AAA,005000000000021AAA,New Program,Blue Avenue Platform,Mid-Size Sedan,ICE,Closed Won,Closed,1,2116357.7,USD,2025-10-07,2026-01-17,,2026-01-17,0,true,true,,RFQ,Supplier Consolidation,,2026-01-04
006000000000953AAA,Blue Ridge Powertrain - Blue ServicePlus Program - 0953,001000000000019AAA,005000000000014AAA,New Program,Blue ServicePlus Program,Aftermarket Program,Hybrid,Closed Lost,Closed,0,1632376.75,USD,2025-02-06,2025-06-25,,2025-06-25,0,true,false,Competitor,Inbound,Cost Reduction,,2025-06-13
006000000000954AAA,Canyon Distribution 65 - Canyon UrbanGo Platform - 0954,001000000000479AAA,005000000000019AAA,Replacement,Canyon UrbanGo Platform,Urban Commuter,Hybrid,Closed Lost,Closed,0,245306.1,USD,2025-11-22,2026-05-24,,2026-05-24,0,true,false,Technical Fit,Partner,Platform Launch,,2026-04-29
006000000000955AAA,Alder Components - Alder Avenue Platform - 0955,001000000000121AAA,005000000000018AAA,New Program,Alder Avenue Platform,Mid-Size Sedan,ICE,Proposal or Quote,Best Case,0.6,477374.06,USD,2026-06-02,2026-11-21,,2026-11-21,0,false,false,,RFQ,Quality Improvement,Finalize commercial terms,2026-06-28
006000000000956AAA,Granite Mobility - Granite Avenue Platform - 0956,001000000000241AAA,005000000000027AAA,New Program,Granite Avenue Platform,Mid-Size Sedan,Hybrid,Proposal or Quote,Pipeline,0.6,364757.57,USD,2024-10-06,2025-03-22,,2026-09-05,0,false,false,,Existing Relationship,Supplier Consolidation,Validate product fit,2026-05-26
006000000000957AAA,Crescent Fleet Solutions 46 - Crescent RoadReady Replacement - 0957,001000000000483AAA,005000000000024AAA,New Program,Crescent RoadReady Replacement,Aftermarket Program,Hybrid,Proposal or Quote,Pipeline,0.6,241037.14,USD,2025-04-23,2025-09-07,,2026-08-25,0,false,false,,RFQ,Supplier Consolidation,Complete technical review,2026-06-26
006000000000958AAA,Atlas Automotive 67 - Atlas National Parts Program - 0958,001000000000495AAA,005000000000023AAA,Replacement,Atlas National Parts Program,Aftermarket Program,ICE,Closed Lost,Closed,0,130328.62,USD,2024-03-08,2024-04-24,,2024-04-24,0,true,false,Program Cancelled,RFQ,Platform Launch,,2024-04-14
006000000000959AAA,Canyon Distribution 65 - Canyon RoadReady Replacement - 0959,001000000000479AAA,005000000000019AAA,Replacement,Canyon RoadReady Replacement,Aftermarket Program,ICE,Closed Lost,Closed,0,111094.68,USD,2023-08-08,2024-02-17,,2024-02-17,0,true,false,Program Cancelled,RFQ,Capacity Expansion,,2024-01-26
006000000000960AAA,Granite Assembly - Granite TransitWorks Van - 0960,001000000000104AAA,005000000000018AAA,New Program,Granite TransitWorks Van,Fleet Van,ICE,Closed Lost,Closed,0,1135576.91,USD,2025-04-03,2025-07-09,,2025-07-09,0,true,false,Technical Fit,RFQ,Cost Reduction,,2025-07-07
006000000000961AAA,Alder Assembly - Alder Everyday Commuter - 0961,001000000000118AAA,005000000000015AAA,New Program,Alder Everyday Commuter,Urban Commuter,ICE,Technical Review,Pipeline,0.4,1170568.2,USD,2025-01-12,2025-05-23,,2026-10-26,0,false,false,,RFQ,Platform Launch,Complete technical review,2026-06-08
006000000000962AAA,Pioneer Chassis Group - Pioneer UtilityPro Program - 0962,001000000000009AAA,005000000000022AAA,Expansion,Pioneer UtilityPro Program,Light Truck,Hybrid,Technical Review,Pipeline,0.4,617408.94,USD,2024-09-26,2025-01-13,,2026-12-12,0,false,false,,Referral,Hybrid Readiness,Confirm program timing,2026-06-10
006000000000963AAA,Central Vehicle Systems - Central Vista Crossover - 0963,001000000000167AAA,005000000000011AAA,Replacement,Central Vista Crossover,Compact Crossover,Hybrid,Closed Won,Closed,1,483788.61,USD,2026-01-12,2026-05-29,,2026-05-29,0,true,true,,Trade Event,Supplier Consolidation,,2026-05-05
006000000000964AAA,Valley Mobility - Valley TransitWorks Van - 0964,001000000000089AAA,005000000000026AAA,Expansion,Valley TransitWorks Van,Fleet Van,Hybrid,Closed Lost,Closed,0,955980.92,USD,2025-03-03,2025-10-17,,2025-10-17,0,true,false,Timing,RFQ,Hybrid Readiness,,2025-10-14
006000000000965AAA,Cedar Powertrain - Cedar Avenue Platform - 0965,001000000000445AAA,005000000000028AAA,Requote,Cedar Avenue Platform,Mid-Size Sedan,ICE,Closed Won,Closed,1,256807.2,USD,2025-03-12,2025-10-14,,2025-10-14,0,true,true,,Existing Relationship,Supplier Consolidation,,2025-09-20
006000000000966AAA,Timberline Motor Systems - Timberline CityTrail Compact - 0966,001000000000039AAA,005000000000012AAA,New Program,Timberline CityTrail Compact,Compact Crossover,ICE,Closed Lost,Closed,0,1192145.69,USD,2024-12-07,2025-04-26,,2025-04-26,0,true,false,Technical Fit,Existing Relationship,Cost Reduction,,2025-04-10
006000000000967AAA,Granite Assembly 89 - Granite Avenue Platform - 0967,001000000000313AAA,005000000000028AAA,Replacement,Granite Avenue Platform,Mid-Size Sedan,ICE,Closed Won,Closed,1,333777.33,USD,2025-02-26,2025-08-11,,2025-08-11,0,true,true,,Referral,Capacity Expansion,,2025-07-20
006000000000968AAA,Frontier Distribution - Frontier FleetWay Program - 0968,001000000000091AAA,005000000000012AAA,New Program,Frontier FleetWay Program,Fleet Van,ICE,Closed Won,Closed,1,391634.31,USD,2024-09-25,2024-12-30,,2024-12-30,0,true,true,,Existing Relationship,Platform Launch,,2024-12-12
006000000000969AAA,Pacific Fleet Solutions 20 - Pacific Horizon Crossover - 0969,001000000000232AAA,005000000000011AAA,Expansion,Pacific Horizon Crossover,Compact Crossover,Hybrid,Proposal or Quote,Best Case,0.6,542225.1,USD,2026-04-10,2026-07-10,,2026-07-10,0,false,false,,Existing Relationship,Platform Launch,Validate product fit,2026-06-18
006000000000970AAA,Keystone Mobility - Keystone Meridian Sedan - 0970,001000000000117AAA,005000000000025AAA,Requote,Keystone Meridian Sedan,Mid-Size Sedan,ICE,Closed Lost,Closed,0,784567.65,USD,2024-07-09,2024-10-31,,2024-10-31,0,true,false,Technical Fit,RFQ,Supplier Consolidation,,2024-10-10
006000000000971AAA,Cobalt Performance Parts - Cobalt UtilityPro Program - 0971,001000000000081AAA,005000000000030AAA,Requote,Cobalt UtilityPro Program,Light Truck,Hybrid,Proposal or Quote,Pipeline,0.6,1359999.64,USD,2025-09-05,2026-04-30,,2026-11-07,0,false,false,,Existing Relationship,Supplier Consolidation,Confirm program timing,2026-05-22
006000000000972AAA,Crown Vehicle Systems - Crown Everyday Commuter - 0972,001000000000378AAA,005000000000018AAA,Replacement,Crown Everyday Commuter,Urban Commuter,Hybrid,Closed Won,Closed,1,804416.93,USD,2025-03-15,2025-09-15,,2025-09-15,0,true,true,,Inbound,Supplier Consolidation,,2025-08-27
006000000000973AAA,Crescent Powertrain - Crescent WorkLine Truck - 0973,001000000000092AAA,005000000000020AAA,New Program,Crescent WorkLine Truck,Light Truck,ICE,Proposal or Quote,Pipeline,0.6,645087.2,USD,2024-06-22,2024-10-20,,2026-08-18,0,false,false,,Existing Relationship,Supplier Consolidation,Confirm program timing,2026-06-21
006000000000974AAA,Alder Distribution - Alder CityTrail Compact - 0974,001000000000196AAA,005000000000028AAA,Requote,Alder CityTrail Compact,Compact Crossover,ICE,Closed Lost,Closed,0,236424.6,USD,2024-08-03,2025-01-25,,2025-01-25,0,true,false,Program Cancelled,Existing Relationship,Platform Launch,,2025-01-01
006000000000975AAA,Silverline Assembly - Silverline MetroOne Program - 0975,001000000000057AAA,005000000000016AAA,Replacement,Silverline MetroOne Program,Urban Commuter,Hybrid,Closed Lost,Closed,0,879614.26,USD,2025-11-30,2026-01-24,,2026-01-24,0,true,false,Price,RFQ,Quality Improvement,,2026-01-19
006000000000976AAA,Eastgate Manufacturing 42 - Eastgate TrailForge Platform - 0976,001000000000080AAA,005000000000012AAA,New Program,Eastgate TrailForge Platform,Light Truck,ICE,Closed Lost,Closed,0,1292544.66,USD,2025-03-16,2025-07-20,,2025-07-20,0,true,false,Program Cancelled,RFQ,Cost Reduction,,2025-07-03
006000000000977AAA,Blue Ridge Engineering - Blue TrailForge Platform - 0977,001000000000163AAA,005000000000023AAA,New Program,Blue TrailForge Platform,Light Truck,ICE,Closed Lost,Closed,0,629583,USD,2024-07-04,2024-12-09,,2024-12-09,0,true,false,Technical Fit,RFQ,Hybrid Readiness,,2024-11-28
006000000000978AAA,Westgate Transport Group 15 - Westgate TransitWorks Van - 0978,001000000000202AAA,005000000000019AAA,Expansion,Westgate TransitWorks Van,Fleet Van,ICE,Closed Lost,Closed,0,297836.22,USD,2025-12-08,2026-03-07,,2026-03-07,0,true,false,Program Cancelled,Existing Relationship,Capacity Expansion,,2026-02-10
006000000000979AAA,Delta Components - Delta National Parts Program - 0979,001000000000253AAA,005000000000028AAA,New Program,Delta National Parts Program,Aftermarket Program,ICE,Closed Lost,Closed,0,683729.92,USD,2025-03-05,2025-08-07,,2025-08-07,0,true,false,No Decision,RFQ,Capacity Expansion,,2025-08-06
006000000000980AAA,Crescent Mobility - Crescent National Parts Program - 0980,001000000000064AAA,005000000000022AAA,New Program,Crescent National Parts Program,Aftermarket Program,Hybrid,Closed Lost,Closed,0,1339327.44,USD,2024-03-25,2024-09-10,,2024-09-10,0,true,false,Price,Existing Relationship,Capacity Expansion,,2024-09-09
006000000000981AAA,Stonebridge Powertrain - Stonebridge Everyday Commuter - 0981,001000000000054AAA,005000000000021AAA,Replacement,Stonebridge Everyday Commuter,Urban Commuter,ICE,Closed Won,Closed,1,871828.45,USD,2025-05-25,2025-10-09,,2025-10-09,0,true,true,,Existing Relationship,Cost Reduction,,2025-09-30
006000000000982AAA,Pacific Powertrain - Pacific UrbanCargo Platform - 0982,001000000000087AAA,005000000000025AAA,New Program,Pacific UrbanCargo Platform,Fleet Van,Hybrid,Closed Won,Closed,1,552616.51,USD,2025-08-07,2025-12-01,,2025-12-01,0,true,true,,Existing Relationship,Cost Reduction,,2025-11-22
006000000000983AAA,Stonebridge Powertrain 34 - Stonebridge Horizon Crossover - 0983,001000000000079AAA,005000000000013AAA,New Program,Stonebridge Horizon Crossover,Compact Crossover,ICE,Closed Lost,Closed,0,1199641.23,USD,2024-10-05,2025-02-01,,2025-02-01,0,true,false,Competitor,RFQ,Hybrid Readiness,,2025-01-20
006000000000984AAA,Canyon Motor Systems - Canyon Vista Crossover - 0984,001000000000065AAA,005000000000026AAA,Replacement,Canyon Vista Crossover,Compact Crossover,Hybrid,Closed Lost,Closed,0,943738.77,USD,2025-12-12,2026-06-01,,2026-06-01,0,true,false,Technical Fit,Inbound,Quality Improvement,,2026-05-31
006000000000985AAA,Frontier Assembly - Frontier TrailForge Platform - 0985,001000000000040AAA,005000000000011AAA,Requote,Frontier TrailForge Platform,Light Truck,ICE,Closed Won,Closed,1,1567569.31,USD,2025-11-23,2026-04-06,,2026-04-06,0,true,true,,Inbound,Cost Reduction,,2026-03-29
006000000000986AAA,Pacific Powertrain - Pacific Nova Compact Program - 0986,001000000000087AAA,005000000000024AAA,Expansion,Pacific Nova Compact Program,Compact Crossover,Hybrid,Closed Won,Closed,1,1218849.99,USD,2025-05-29,2025-11-20,,2025-11-20,0,true,true,,Trade Event,Platform Launch,,2025-11-12
006000000000987AAA,Crescent Automotive - Crescent UtilityPro Program - 0987,001000000000135AAA,005000000000018AAA,Replacement,Crescent UtilityPro Program,Light Truck,Hybrid,Technical Review,Pipeline,0.4,614795.15,USD,2026-03-15,2026-10-25,,2026-10-25,0,false,false,,Existing Relationship,Cost Reduction,Complete technical review,2026-06-04
006000000000988AAA,Cobalt Manufacturing 48 - Cobalt Vista Crossover - 0988,001000000000341AAA,005000000000014AAA,Expansion,Cobalt Vista Crossover,Compact Crossover,ICE,Closed Lost,Closed,0,585972.31,USD,2025-06-06,2025-09-27,,2025-09-27,0,true,false,Technical Fit,Referral,Capacity Expansion,,2025-09-19
006000000000989AAA,Eastgate Powertrain - Eastgate RoadReady Replacement - 0989,001000000000350AAA,005000000000028AAA,New Program,Eastgate RoadReady Replacement,Aftermarket Program,ICE,Closed Won,Closed,1,614645.11,USD,2023-02-19,2023-08-20,,2023-08-20,0,true,true,,Referral,Cost Reduction,,2023-08-17
006000000000990AAA,Redwood Mobility - Redwood TrailForge Platform - 0990,001000000000146AAA,005000000000012AAA,Requote,Redwood TrailForge Platform,Light Truck,Hybrid,Closed Won,Closed,1,566284.75,USD,2025-05-01,2025-10-29,2025-10-29,2026-01-06,2,true,true,,RFQ,Hybrid Readiness,,2025-12-29
006000000000991AAA,Timberline Components 50 - Timberline Avenue Platform - 0991,001000000000214AAA,005000000000014AAA,Replacement,Timberline Avenue Platform,Mid-Size Sedan,ICE,Closed Won,Closed,1,863020.55,USD,2025-07-05,2025-10-12,2025-10-12,2025-12-09,2,true,true,,Inbound,Cost Reduction,,2025-11-18
006000000000992AAA,Beacon Manufacturing - Beacon Everyday Commuter - 0992,001000000000188AAA,005000000000021AAA,New Program,Beacon Everyday Commuter,Urban Commuter,Hybrid,Closed Lost,Closed,0,528425.36,USD,2025-05-10,2025-08-27,,2025-08-27,0,true,false,Price,Existing Relationship,Platform Launch,,2025-08-18
006000000000993AAA,Crown Vehicle Systems 97 - Crown Meridian Sedan - 0993,001000000000438AAA,005000000000019AAA,New Program,Crown Meridian Sedan,Mid-Size Sedan,ICE,Closed Won,Closed,1,183315.52,USD,2024-11-18,2025-03-22,,2025-03-22,0,true,true,,Existing Relationship,Quality Improvement,,2025-02-25
006000000000994AAA,Alder Mobility - Alder Everyday Commuter - 0994,001000000000011AAA,005000000000024AAA,New Program,Alder Everyday Commuter,Urban Commuter,Hybrid,Closed Lost,Closed,0,2059572.72,USD,2023-08-20,2024-02-19,,2024-02-19,0,true,false,Price,RFQ,Cost Reduction,,2024-02-01
006000000000995AAA,Cobalt Industrial Supply - Cobalt CityTrail Compact - 0995,001000000000151AAA,005000000000026AAA,Expansion,Cobalt CityTrail Compact,Compact Crossover,ICE,Proposal or Quote,Best Case,0.6,259406.32,USD,2026-03-30,2026-09-27,,2026-09-27,0,false,false,,Existing Relationship,Hybrid Readiness,Finalize commercial terms,2026-06-05
006000000000996AAA,Valley Motor Systems 91 - Valley UrbanGo Platform - 0996,001000000000410AAA,005000000000022AAA,Expansion,Valley UrbanGo Platform,Urban Commuter,ICE,Proposal or Quote,Best Case,0.6,197563.74,USD,2026-03-10,2026-08-19,,2026-08-19,0,false,false,,Partner,Supplier Consolidation,Validate product fit,2026-06-18
006000000000997AAA,Crescent Powertrain - Crescent Horizon Crossover - 0997,001000000000092AAA,005000000000019AAA,New Program,Crescent Horizon Crossover,Compact Crossover,Hybrid,Closed Lost,Closed,0,504187.58,USD,2025-05-26,2026-01-06,,2026-01-06,0,true,false,Price,Referral,Quality Improvement,,2025-12-12
006000000000998AAA,Valley Performance Parts - Valley FleetWay Program - 0998,001000000000058AAA,005000000000028AAA,Requote,Valley FleetWay Program,Fleet Van,Hybrid,Closed Won,Closed,1,518128.83,USD,2025-06-08,2025-12-10,,2025-12-10,0,true,true,,Existing Relationship,Capacity Expansion,,2025-12-06
006000000000999AAA,Central Fleet Solutions 20 - Central National Parts Program - 0999,001000000000298AAA,005000000000027AAA,Replacement,Central National Parts Program,Aftermarket Program,Hybrid,Negotiation,Commit,0.8,251794.6,USD,2026-02-11,2026-08-15,,2026-08-15,0,false,false,,Partner,Capacity Expansion,Submit revised quotation,2026-05-23
006000000001000AAA,Pacific Transport Group - Pacific MetroOne Program - 1000,001000000000067AAA,005000000000023AAA,New Program,Pacific MetroOne Program,Urban Commuter,ICE,Closed Won,Closed,1,1033186.38,USD,2025-09-27,2026-01-03,,2026-01-03,0,true,true,,Existing Relationship,Cost Reduction,,2025-12-26
006000000001001AAA,Aurora Vehicle Works - Aurora WorkLine Truck - 1001,001000000000005AAA,005000000000027AAA,Expansion,Aurora WorkLine Truck,Light Truck,ICE,Qualification,Pipeline,0.2,1820751.51,USD,2025-06-06,2025-10-21,2025-10-21,2027-01-18,1,false,false,,Referral,Cost Reduction,Validate product fit,2026-05-20
006000000001002AAA,Maple Engineering 82 - Maple MetroOne Program - 1002,001000000000435AAA,005000000000020AAA,Requote,Maple MetroOne Program,Urban Commuter,ICE,Prospecting,Pipeline,0.1,228059.59,USD,2025-07-24,2025-12-20,,2027-01-27,0,false,false,,Trade Event,Quality Improvement,Submit revised quotation,2026-06-14
006000000001003AAA,Blue Ridge Assembly - Blue MetroOne Program - 1003,001000000000025AAA,005000000000030AAA,New Program,Blue MetroOne Program,Urban Commuter,Hybrid,Technical Review,Pipeline,0.4,2997852.02,USD,2026-05-07,2027-01-04,,2027-01-04,0,false,false,,Referral,Cost Reduction,Validate product fit,2026-05-27
006000000001004AAA,Pacific Automotive 66 - Pacific UrbanCargo Platform - 1004,001000000000471AAA,005000000000024AAA,Expansion,Pacific UrbanCargo Platform,Fleet Van,Hybrid,Negotiation,Commit,0.8,218436.98,USD,2026-05-24,2026-09-21,,2026-09-21,0,false,false,,Existing Relationship,Platform Launch,Validate product fit,2026-05-21
006000000001005AAA,Cedar Fleet Solutions - Cedar CityTrail Compact - 1005,001000000000178AAA,005000000000015AAA,Replacement,Cedar CityTrail Compact,Compact Crossover,Hybrid,Closed Lost,Closed,0,576827.25,USD,2024-11-20,2025-04-20,,2025-04-20,0,true,false,Program Cancelled,Referral,Cost Reduction,,2025-04-07
006000000001006AAA,Crescent Fleet Solutions 46 - Crescent MetroOne Program - 1006,001000000000483AAA,005000000000025AAA,Requote,Crescent MetroOne Program,Urban Commuter,ICE,Closed Lost,Closed,0,237439.28,USD,2026-02-01,2026-06-12,,2026-06-12,0,true,false,Technical Fit,RFQ,Hybrid Readiness,,2026-05-18
006000000001007AAA,Suncrest Manufacturing 17 - Suncrest UrbanGo Platform - 1007,001000000000157AAA,005000000000011AAA,Expansion,Suncrest UrbanGo Platform,Urban Commuter,ICE,Closed Lost,Closed,0,439111.3,USD,2024-02-28,2024-06-11,,2024-06-11,0,true,false,Technical Fit,Existing Relationship,Quality Improvement,,2024-06-09
006000000001008AAA,Alder Industrial Supply - Alder Nova Compact Program - 1008,001000000000043AAA,005000000000018AAA,Replacement,Alder Nova Compact Program,Compact Crossover,Hybrid,Qualification,Pipeline,0.2,1195937.14,USD,2026-05-07,2026-12-05,2026-12-05,2027-01-27,2,false,false,,Trade Event,Platform Launch,Submit revised quotation,2026-06-24
006000000001009AAA,Stonebridge Transport Group - Stonebridge FleetWay Program - 1009,001000000000259AAA,005000000000020AAA,Requote,Stonebridge FleetWay Program,Fleet Van,Hybrid,Closed Won,Closed,1,236516.76,USD,2023-06-20,2023-11-29,,2023-11-29,0,true,true,,Existing Relationship,Capacity Expansion,,2023-11-12
006000000001010AAA,Blue Ridge Assembly - Blue Meridian Sedan - 1010,001000000000025AAA,005000000000030AAA,Replacement,Blue Meridian Sedan,Mid-Size Sedan,ICE,Closed Lost,Closed,0,1700106.58,USD,2024-09-21,2025-02-18,,2025-02-18,0,true,false,Timing,Referral,Cost Reduction,,2025-02-15
006000000001011AAA,Granite Fleet Solutions 46 - Granite TrailForge Platform - 1011,001000000000148AAA,005000000000016AAA,Requote,Granite TrailForge Platform,Light Truck,ICE,Closed Lost,Closed,0,496167.14,USD,2024-02-11,2024-08-31,,2024-08-31,0,true,false,Program Cancelled,Referral,Platform Launch,,2024-08-06
006000000001012AAA,Pacific Powertrain - Pacific WorkLine Truck - 1012,001000000000087AAA,005000000000026AAA,Requote,Pacific WorkLine Truck,Light Truck,ICE,Negotiation,Commit,0.8,344616.24,USD,2026-01-19,2026-07-01,,2026-07-01,0,false,false,,Referral,Cost Reduction,Confirm program timing,2026-05-24
006000000001013AAA,Granite Powertrain - Granite Vista Crossover - 1013,001000000000186AAA,005000000000028AAA,New Program,Granite Vista Crossover,Compact Crossover,ICE,Closed Lost,Closed,0,627456.76,USD,2023-08-15,2024-02-21,,2024-02-21,0,true,false,No Decision,Inbound,Cost Reduction,,2024-01-28
006000000001014AAA,Alder Transport Group - Alder Avenue Platform - 1014,001000000000343AAA,005000000000025AAA,New Program,Alder Avenue Platform,Mid-Size Sedan,Hybrid,Closed Won,Closed,1,511489.83,USD,2024-10-03,2025-02-09,,2025-02-09,0,true,true,,RFQ,Hybrid Readiness,,2025-01-31
006000000001015AAA,Cedar Automotive 76 - Cedar Nova Compact Program - 1015,001000000000492AAA,005000000000026AAA,Requote,Cedar Nova Compact Program,Compact Crossover,ICE,Closed Won,Closed,1,165353.87,USD,2025-10-17,2026-03-28,,2026-03-28,0,true,true,,Existing Relationship,Cost Reduction,,2026-03-12
006000000001016AAA,Delta Vehicle Systems - Delta Meridian Sedan - 1016,001000000000323AAA,005000000000013AAA,Requote,Delta Meridian Sedan,Mid-Size Sedan,ICE,Closed Won,Closed,1,266619.5,USD,2023-04-03,2023-07-26,2023-07-26,2023-10-11,2,true,true,,RFQ,Cost Reduction,,2023-10-10
006000000001017AAA,Summit Motorworks - Summit Horizon Crossover - 1017,001000000000003AAA,005000000000011AAA,Expansion,Summit Horizon Crossover,Compact Crossover,Hybrid,Qualification,Pipeline,0.2,2364429.36,USD,2025-01-13,2025-06-27,,2026-12-11,0,false,false,,Inbound,Supplier Consolidation,Complete technical review,2026-05-31
006000000001018AAA,Central Mobility 2 - Central CityTrail Compact - 1018,001000000000153AAA,005000000000017AAA,New Program,Central CityTrail Compact,Compact Crossover,Hybrid,Closed Lost,Closed,0,356716.47,USD,2023-02-07,2023-05-03,,2023-05-03,0,true,false,Technical Fit,Existing Relationship,Cost Reduction,,2023-04-15
006000000001019AAA,Sierra Roadcraft - Sierra Summit Sedan - 1019,001000000000007AAA,005000000000025AAA,Requote,Sierra Summit Sedan,Mid-Size Sedan,ICE,Closed Lost,Closed,0,2045667.95,USD,2025-06-09,2025-11-26,,2025-11-26,0,true,false,Competitor,Existing Relationship,Quality Improvement,,2025-11-17
006000000001020AAA,BlueRiver Vehicle Systems - BlueRiver Horizon Crossover - 1020,001000000000008AAA,005000000000012AAA,Replacement,BlueRiver Horizon Crossover,Compact Crossover,ICE,Closed Won,Closed,1,658882.2,USD,2024-04-01,2024-08-21,2024-08-21,2024-10-13,1,true,true,,RFQ,Supplier Consolidation,,2024-09-28
006000000001021AAA,Beacon Distribution - Beacon National Parts Program - 1021,001000000000027AAA,005000000000013AAA,Expansion,Beacon National Parts Program,Aftermarket Program,ICE,Closed Won,Closed,1,1416863.94,USD,2025-10-29,2026-01-28,,2026-01-28,0,true,true,,Inbound,Platform Launch,,2026-01-10
006000000001022AAA,Alder Components 47 - Alder Summit Sedan - 1022,001000000000416AAA,005000000000020AAA,New Program,Alder Summit Sedan,Mid-Size Sedan,Hybrid,Proposal or Quote,Best Case,0.6,260813.71,USD,2026-06-06,2026-09-08,,2026-09-08,0,false,false,,Existing Relationship,Supplier Consolidation,Validate product fit,2026-05-24
006000000001023AAA,Suncrest Industrial Supply - Suncrest CityMotion Vehicle - 1023,001000000000261AAA,005000000000020AAA,New Program,Suncrest CityMotion Vehicle,Urban Commuter,Hybrid,Technical Review,Pipeline,0.4,178561.13,USD,2026-02-20,2026-07-25,2026-07-25,2026-10-25,2,false,false,,RFQ,Supplier Consolidation,Complete technical review,2026-06-28
006000000001024AAA,Granite Motor Systems - Granite Nova Compact Program - 1024,001000000000499AAA,005000000000028AAA,Expansion,Granite Nova Compact Program,Compact Crossover,ICE,Technical Review,Pipeline,0.4,300740.33,USD,2026-03-27,2026-08-28,,2026-08-28,0,false,false,,RFQ,Supplier Consolidation,Complete technical review,2026-05-22
006000000001025AAA,Crescent Industrial Supply - Crescent Avenue Platform - 1025,001000000000042AAA,005000000000029AAA,New Program,Crescent Avenue Platform,Mid-Size Sedan,ICE,Closed Lost,Closed,0,774051.78,USD,2025-02-07,2025-09-20,,2025-09-20,0,true,false,Technical Fit,Partner,Hybrid Readiness,,2025-09-05
006000000001026AAA,Ridgeway Assembly - Ridgeway TrailForge Platform - 1026,001000000000448AAA,005000000000012AAA,Expansion,Ridgeway TrailForge Platform,Light Truck,Hybrid,Proposal or Quote,Best Case,0.6,207527.52,USD,2026-04-15,2026-08-20,,2026-08-20,0,false,false,,Referral,Quality Improvement,Complete technical review,2026-05-25
006000000001027AAA,Central Fleet Solutions 20 - Central Meridian Sedan - 1027,001000000000298AAA,005000000000028AAA,New Program,Central Meridian Sedan,Mid-Size Sedan,ICE,Closed Won,Closed,1,245832.04,USD,2023-08-01,2023-11-22,2023-11-22,2024-02-10,1,true,true,,Existing Relationship,Hybrid Readiness,,2024-01-21
006000000001028AAA,Blue Ridge Transport Group - Blue TrailForge Platform - 1028,001000000000020AAA,005000000000023AAA,Replacement,Blue TrailForge Platform,Light Truck,Hybrid,Technical Review,Pipeline,0.4,941121.91,USD,2024-11-27,2025-03-27,,2027-02-01,0,false,false,,RFQ,Cost Reduction,Submit revised quotation,2026-05-27
006000000001029AAA,Timberline Vehicle Systems - Timberline Nova Compact Program - 1029,001000000000096AAA,005000000000029AAA,Requote,Timberline Nova Compact Program,Compact Crossover,Hybrid,Proposal or Quote,Best Case,0.6,2025091.18,USD,2026-03-11,2026-12-05,,2026-12-05,0,false,false,,RFQ,Hybrid Readiness,Confirm program timing,2026-06-14
006000000001030AAA,Prairie Transport Group - Prairie Vista Crossover - 1030,001000000000097AAA,005000000000019AAA,Expansion,Prairie Vista Crossover,Compact Crossover,Hybrid,Closed Lost,Closed,0,849425.46,USD,2026-01-18,2026-05-31,,2026-05-31,0,true,false,Competitor,Trade Event,Supplier Consolidation,,2026-05-23
006000000001031AAA,Alder Motor Systems - Alder Everyday Commuter - 1031,001000000000013AAA,005000000000023AAA,Requote,Alder Everyday Commuter,Urban Commuter,Hybrid,Technical Review,Pipeline,0.4,1650726.36,USD,2026-05-24,2026-11-01,,2026-11-01,0,false,false,,Existing Relationship,Capacity Expansion,Finalize commercial terms,2026-05-27
006000000001032AAA,Crescent Fleet Solutions - Crescent MetroOne Program - 1032,001000000000123AAA,005000000000027AAA,Expansion,Crescent MetroOne Program,Urban Commuter,Hybrid,Technical Review,Pipeline,0.4,1166352.45,USD,2026-01-30,2026-08-29,2026-08-29,2026-10-10,1,false,false,,Existing Relationship,Quality Improvement,Confirm program timing,2026-05-27
006000000001033AAA,Oakline Distribution - Oakline CityMotion Vehicle - 1033,001000000000029AAA,005000000000011AAA,Requote,Oakline CityMotion Vehicle,Urban Commuter,Hybrid,Proposal or Quote,Best Case,0.6,3720622.08,USD,2026-06-13,2026-11-05,,2026-11-05,0,false,false,,RFQ,Cost Reduction,Confirm program timing,2026-06-24
006000000001034AAA,Granite Assembly 86 - Granite UrbanCargo Platform - 1034,001000000000325AAA,005000000000015AAA,Replacement,Granite UrbanCargo Platform,Fleet Van,ICE,Closed Won,Closed,1,473968.23,USD,2024-01-28,2024-06-17,2024-06-17,2024-07-22,1,true,true,,RFQ,Hybrid Readiness,,2024-07-20
006000000001035AAA,Prairie Components - Prairie Summit Sedan - 1035,001000000000038AAA,005000000000020AAA,Requote,Prairie Summit Sedan,Mid-Size Sedan,ICE,Closed Won,Closed,1,261547.87,USD,2023-05-01,2023-08-31,,2023-08-31,0,true,true,,RFQ,Capacity Expansion,,2023-08-21
006000000001036AAA,Granite Assembly 89 - Granite FleetWay Program - 1036,001000000000313AAA,005000000000028AAA,Replacement,Granite FleetWay Program,Fleet Van,ICE,Closed Won,Closed,1,373964.56,USD,2025-03-28,2025-08-08,2025-08-08,2025-09-09,2,true,true,,Existing Relationship,Platform Launch,,2025-09-06
006000000001037AAA,Prairie Engineering - Prairie Avenue Platform - 1037,001000000000263AAA,005000000000014AAA,Replacement,Prairie Avenue Platform,Mid-Size Sedan,ICE,Negotiation,Commit,0.8,401088.12,USD,2025-11-12,2026-05-13,2026-05-13,2026-07-09,2,false,false,,Inbound,Cost Reduction,Complete technical review,2026-06-19
006000000001038AAA,MetroVale Motors - MetroVale TrailForge Platform - 1038,001000000000002AAA,005000000000020AAA,Expansion,MetroVale TrailForge Platform,Light Truck,ICE,Closed Lost,Closed,0,804332.2,USD,2025-11-07,2026-03-13,2026-03-13,2026-06-14,2,true,false,Program Cancelled,Existing Relationship,Hybrid Readiness,,2026-05-22
006000000001039AAA,Northfield Industrial Supply - Northfield WorkLine Truck - 1039,001000000000237AAA,005000000000028AAA,Requote,Northfield WorkLine Truck,Light Truck,ICE,Closed Won,Closed,1,752241.5,USD,2024-04-15,2024-10-20,,2024-10-20,0,true,true,,Inbound,Capacity Expansion,,2024-09-25
006000000001040AAA,Union Performance Parts - Union UrbanCargo Platform - 1040,001000000000239AAA,005000000000022AAA,New Program,Union UrbanCargo Platform,Fleet Van,Hybrid,Closed Won,Closed,1,443056.01,USD,2025-05-19,2025-11-08,,2025-11-08,0,true,true,,Existing Relationship,Supplier Consolidation,,2025-10-25
006000000001041AAA,Blue Ridge Transport Group - Blue Meridian Sedan - 1041,001000000000020AAA,005000000000021AAA,New Program,Blue Meridian Sedan,Mid-Size Sedan,ICE,Closed Won,Closed,1,1435127.48,USD,2024-01-24,2024-03-30,,2024-03-30,0,true,true,,RFQ,Capacity Expansion,,2024-03-11
006000000001042AAA,Cobalt Mobility - Cobalt Meridian Sedan - 1042,001000000000158AAA,005000000000013AAA,New Program,Cobalt Meridian Sedan,Mid-Size Sedan,Hybrid,Closed Won,Closed,1,497799.42,USD,2025-11-30,2026-05-09,,2026-05-09,0,true,true,,Trade Event,Cost Reduction,,2026-05-06
006000000001043AAA,Suncrest Transport Group - Suncrest Vista Crossover - 1043,001000000000116AAA,005000000000011AAA,Expansion,Suncrest Vista Crossover,Compact Crossover,Hybrid,Closed Won,Closed,1,1360411.4,USD,2025-09-11,2026-01-28,,2026-01-28,0,true,true,,Referral,Cost Reduction,,2026-01-11
006000000001044AAA,Meridian Vehicle Systems - Meridian Meridian Sedan - 1044,001000000000320AAA,005000000000021AAA,New Program,Meridian Meridian Sedan,Mid-Size Sedan,ICE,Closed Lost,Closed,0,265223.7,USD,2025-04-21,2025-09-10,,2025-09-10,0,true,false,Program Cancelled,Trade Event,Platform Launch,,2025-08-27
006000000001045AAA,Valley Automotive - Valley Summit Sedan - 1045,001000000000370AAA,005000000000016AAA,Replacement,Valley Summit Sedan,Mid-Size Sedan,ICE,Closed Won,Closed,1,478572.44,USD,2024-07-18,2025-03-10,,2025-03-10,0,true,true,,Trade Event,Quality Improvement,,2025-02-25
006000000001046AAA,Canyon Distribution 65 - Canyon Avenue Platform - 1046,001000000000479AAA,005000000000019AAA,New Program,Canyon Avenue Platform,Mid-Size Sedan,ICE,Proposal or Quote,Pipeline,0.6,127965.6,USD,2025-03-27,2025-10-24,2025-10-24,2026-10-26,2,false,false,,Existing Relationship,Cost Reduction,Finalize commercial terms,2026-06-05
006000000001047AAA,Pinnacle Fleet Solutions - Pinnacle National Parts Program - 1047,001000000000028AAA,005000000000017AAA,New Program,Pinnacle National Parts Program,Aftermarket Program,Hybrid,Closed Lost,Closed,0,2000858.7,USD,2024-04-28,2024-09-02,,2024-09-02,0,true,false,Competitor,Inbound,Platform Launch,,2024-08-23
006000000001048AAA,Heritage Automotive 56 - Heritage UtilityPro Program - 1048,001000000000491AAA,005000000000023AAA,New Program,Heritage UtilityPro Program,Light Truck,ICE,Closed Won,Closed,1,276141.5,USD,2023-03-24,2023-09-24,2023-09-24,2024-01-01,1,true,true,,Referral,Quality Improvement,,2023-12-16
006000000001049AAA,Blue Ridge Transport Group - Blue WorkLine Truck - 1049,001000000000020AAA,005000000000022AAA,Replacement,Blue WorkLine Truck,Light Truck,ICE,Technical Review,Pipeline,0.4,1496527.24,USD,2024-07-16,2024-12-20,2024-12-20,2026-09-23,2,false,false,,Existing Relationship,Cost Reduction,Confirm program timing,2026-05-21
006000000001050AAA,Cedar Distribution - Cedar National Parts Program - 1050,001000000000015AAA,005000000000019AAA,Expansion,Cedar National Parts Program,Aftermarket Program,ICE,Technical Review,Pipeline,0.4,1691679.4,USD,2026-03-25,2026-10-25,,2026-10-25,0,false,false,,Partner,Supplier Consolidation,Confirm program timing,2026-05-26
006000000001051AAA,Redwood Performance Parts - Redwood Meridian Sedan - 1051,001000000000159AAA,005000000000023AAA,Expansion,Redwood Meridian Sedan,Mid-Size Sedan,ICE,Qualification,Pipeline,0.2,346872.54,USD,2025-12-10,2026-04-06,,2026-10-26,0,false,false,,Trade Event,Hybrid Readiness,Submit revised quotation,2026-05-18
006000000001052AAA,Heritage Mobility - Heritage Meridian Sedan - 1052,001000000000392AAA,005000000000022AAA,Expansion,Heritage Meridian Sedan,Mid-Size Sedan,ICE,Closed Won,Closed,1,366540.86,USD,2024-11-16,2025-05-08,2025-05-08,2025-07-02,1,true,true,,Trade Event,Supplier Consolidation,,2025-06-14
006000000001053AAA,Ridgeway Vehicle Systems 66 - Ridgeway Everyday Commuter - 1053,001000000000474AAA,005000000000024AAA,Replacement,Ridgeway Everyday Commuter,Urban Commuter,ICE,Closed Lost,Closed,0,296246.63,USD,2024-05-08,2024-10-30,,2024-10-30,0,true,false,Timing,Partner,Hybrid Readiness,,2024-10-22
006000000001054AAA,Timberline Motor Systems - Timberline RoadReady Replacement - 1054,001000000000039AAA,005000000000013AAA,Expansion,Timberline RoadReady Replacement,Aftermarket Program,Hybrid,Closed Lost,Closed,0,482967.04,USD,2024-03-14,2024-06-24,2024-06-24,2024-10-11,1,true,false,Timing,Existing Relationship,Supplier Consolidation,,2024-09-26
006000000001055AAA,Ridgeway Distribution 83 - Ridgeway Horizon Crossover - 1055,001000000000193AAA,005000000000023AAA,Requote,Ridgeway Horizon Crossover,Compact Crossover,ICE,Closed Won,Closed,1,602397.66,USD,2025-06-19,2025-09-26,,2025-09-26,0,true,true,,Referral,Hybrid Readiness,,2025-09-12
006000000001056AAA,Union Motor Systems 59 - Union FleetWay Program - 1056,001000000000387AAA,005000000000030AAA,Expansion,Union FleetWay Program,Fleet Van,ICE,Closed Lost,Closed,0,712211.84,USD,2024-03-20,2024-12-07,,2024-12-07,0,true,false,Timing,RFQ,Capacity Expansion,,2024-11-19
006000000001057AAA,Blue Ridge Vehicle Systems - Blue WorkLine Truck - 1057,001000000000231AAA,005000000000012AAA,Expansion,Blue WorkLine Truck,Light Truck,Hybrid,Closed Lost,Closed,0,363551.2,USD,2025-02-24,2025-07-01,,2025-07-01,0,true,false,Competitor,Existing Relationship,Platform Launch,,2025-06-10
006000000001058AAA,Atlas Powertrain 71 - Atlas CityTrail Compact - 1058,001000000000460AAA,005000000000019AAA,Replacement,Atlas CityTrail Compact,Compact Crossover,ICE,Closed Lost,Closed,0,134643.3,USD,2023-09-10,2023-12-16,2023-12-16,2024-02-20,2,true,false,Competitor,Existing Relationship,Platform Launch,,2024-02-08
006000000001059AAA,Harbor Fleet Solutions - Harbor ServicePlus Program - 1059,001000000000105AAA,005000000000012AAA,Expansion,Harbor ServicePlus Program,Aftermarket Program,ICE,Closed Lost,Closed,0,1607035.08,USD,2026-01-20,2026-05-20,,2026-05-20,0,true,false,Timing,Inbound,Cost Reduction,,2026-04-26
006000000001060AAA,Cobalt Engineering 79 - Cobalt WorkLine Truck - 1060,001000000000212AAA,005000000000017AAA,Expansion,Cobalt WorkLine Truck,Light Truck,Hybrid,Closed Lost,Closed,0,761753.56,USD,2024-07-11,2024-09-09,,2024-09-09,0,true,false,Timing,Existing Relationship,Cost Reduction,,2024-08-20
006000000001061AAA,Eastgate Vehicle Systems - Eastgate WorkLine Truck - 1061,001000000000014AAA,005000000000019AAA,New Program,Eastgate WorkLine Truck,Light Truck,ICE,Qualification,Pipeline,0.2,1613960.2,USD,2023-03-05,2023-09-18,,2026-11-08,0,false,false,,Trade Event,Platform Launch,Confirm program timing,2026-05-31
006000000001062AAA,Northfield Engineering 73 - Northfield Summit Sedan - 1062,001000000000442AAA,005000000000012AAA,Expansion,Northfield Summit Sedan,Mid-Size Sedan,Hybrid,Negotiation,Commit,0.8,394398.09,USD,2026-04-16,2026-07-23,,2026-07-23,0,false,false,,RFQ,Quality Improvement,Complete technical review,2026-06-11
006000000001063AAA,Eastgate Transport Group - Eastgate Vista Crossover - 1063,001000000000211AAA,005000000000028AAA,Replacement,Eastgate Vista Crossover,Compact Crossover,ICE,Closed Won,Closed,1,601861.9,USD,2025-02-08,2025-07-11,,2025-07-11,0,true,true,,Existing Relationship,Capacity Expansion,,2025-07-02
006000000001064AAA,Oakline Distribution - Oakline Vista Crossover - 1064,001000000000029AAA,005000000000011AAA,Expansion,Oakline Vista Crossover,Compact Crossover,ICE,Technical Review,Pipeline,0.4,1278671.75,USD,2023-03-22,2023-06-21,2023-06-21,2026-11-28,1,false,false,,RFQ,Hybrid Readiness,Validate product fit,2026-06-09
006000000001065AAA,Rio Grande Mobility - Rio Summit Sedan - 1065,001000000000006AAA,005000000000030AAA,New Program,Rio Summit Sedan,Mid-Size Sedan,Hybrid,Closed Won,Closed,1,2624471.94,USD,2025-04-10,2026-01-14,,2026-01-14,0,true,true,,RFQ,Hybrid Readiness,,2025-12-26
006000000001066AAA,Central Transport Group - Central TransitWorks Van - 1066,001000000000249AAA,005000000000020AAA,Replacement,Central TransitWorks Van,Fleet Van,ICE,Proposal or Quote,Best Case,0.6,409510.23,USD,2026-05-26,2026-11-30,,2026-11-30,0,false,false,,Trade Event,Quality Improvement,Finalize commercial terms,2026-06-25
006000000001067AAA,Redwood Engineering 55 - Redwood ServicePlus Program - 1067,001000000000423AAA,005000000000017AAA,Requote,Redwood ServicePlus Program,Aftermarket Program,Hybrid,Closed Won,Closed,1,128639.01,USD,2025-01-22,2025-05-21,2025-05-21,2025-09-10,1,true,true,,RFQ,Quality Improvement,,2025-08-30
006000000001068AAA,Meridian Distribution 91 - Meridian ServicePlus Program - 1068,001000000000061AAA,005000000000025AAA,Replacement,Meridian ServicePlus Program,Aftermarket Program,Hybrid,Closed Won,Closed,1,1007215.67,USD,2024-02-26,2024-09-07,,2024-09-07,0,true,true,,Existing Relationship,Supplier Consolidation,,2024-08-20
006000000001069AAA,Suncrest Fleet Solutions 69 - Suncrest TrailForge Platform - 1069,001000000000437AAA,005000000000015AAA,Requote,Suncrest TrailForge Platform,Light Truck,Hybrid,Proposal or Quote,Best Case,0.6,316724.87,USD,2026-06-09,2026-10-31,,2026-10-31,0,false,false,,Inbound,Supplier Consolidation,Submit revised quotation,2026-05-30
006000000001070AAA,Frontier Industrial Supply - Frontier National Parts Program - 1070,001000000000152AAA,005000000000016AAA,Expansion,Frontier National Parts Program,Aftermarket Program,ICE,Technical Review,Pipeline,0.4,512586.15,USD,2026-06-05,2026-10-16,,2026-10-16,0,false,false,,Partner,Supplier Consolidation,Finalize commercial terms,2026-06-07
006000000001071AAA,BlueRiver Vehicle Systems - BlueRiver FleetWay Program - 1071,001000000000008AAA,005000000000014AAA,New Program,BlueRiver FleetWay Program,Fleet Van,ICE,Technical Review,Pipeline,0.4,592436.52,USD,2024-07-12,2024-10-30,,2027-01-05,0,false,false,,Inbound,Quality Improvement,Validate product fit,2026-06-04
006000000001072AAA,Granite Powertrain - Granite Nova Compact Program - 1072,001000000000186AAA,005000000000028AAA,Requote,Granite Nova Compact Program,Compact Crossover,Hybrid,Negotiation,Commit,0.8,338932.19,USD,2026-02-09,2026-08-14,,2026-08-14,0,false,false,,Existing Relationship,Supplier Consolidation,Complete technical review,2026-06-24
006000000001073AAA,Valley Mobility 30 - Valley WorkLine Truck - 1073,001000000000457AAA,005000000000028AAA,Expansion,Valley WorkLine Truck,Light Truck,ICE,Closed Won,Closed,1,147235.83,USD,2023-11-14,2024-05-19,2024-05-19,2024-08-10,1,true,true,,Existing Relationship,Capacity Expansion,,2024-07-28
006000000001074AAA,Meridian Distribution 91 - Meridian Avenue Platform - 1074,001000000000061AAA,005000000000026AAA,Expansion,Meridian Avenue Platform,Mid-Size Sedan,ICE,Closed Lost,Closed,0,538157.06,USD,2023-07-17,2024-01-04,,2024-01-04,0,true,false,No Decision,RFQ,Hybrid Readiness,,2024-01-01
006000000001075AAA,Windward Performance Parts - Windward CityMotion Vehicle - 1075,001000000000379AAA,005000000000029AAA,New Program,Windward CityMotion Vehicle,Urban Commuter,ICE,Closed Lost,Closed,0,1145137.1,USD,2023-03-16,2023-09-12,,2023-09-12,0,true,false,No Decision,Existing Relationship,Capacity Expansion,,2023-08-21
006000000001076AAA,Windward Distribution - Windward Vista Crossover - 1076,001000000000126AAA,005000000000019AAA,Expansion,Windward Vista Crossover,Compact Crossover,Hybrid,Closed Won,Closed,1,576490.4,USD,2023-03-24,2023-12-20,2023-12-20,2024-04-16,1,true,true,,Trade Event,Cost Reduction,,2024-04-04
006000000001077AAA,Frontier Industrial Supply 32 - Frontier Vista Crossover - 1077,001000000000210AAA,005000000000019AAA,Expansion,Frontier Vista Crossover,Compact Crossover,Hybrid,Prospecting,Pipeline,0.1,382959.98,USD,2026-03-16,2026-09-22,2026-09-22,2027-01-14,1,false,false,,Existing Relationship,Platform Launch,Finalize commercial terms,2026-06-14
006000000001078AAA,Frontier Assembly 31 - Frontier Meridian Sedan - 1078,001000000000125AAA,005000000000026AAA,Replacement,Frontier Meridian Sedan,Mid-Size Sedan,ICE,Closed Lost,Closed,0,1085203.86,USD,2024-10-29,2025-03-29,,2025-03-29,0,true,false,Price,Referral,Platform Launch,,2025-03-18
006000000001079AAA,Prairie Transport Group - Prairie Vista Crossover - 1079,001000000000097AAA,005000000000020AAA,New Program,Prairie Vista Crossover,Compact Crossover,ICE,Technical Review,Pipeline,0.4,586876.8,USD,2025-06-18,2025-11-14,,2026-12-13,0,false,false,,RFQ,Quality Improvement,Submit revised quotation,2026-06-24
006000000001080AAA,Pinnacle Mobility - Pinnacle Nova Compact Program - 1080,001000000000155AAA,005000000000012AAA,Replacement,Pinnacle Nova Compact Program,Compact Crossover,Hybrid,Closed Lost,Closed,0,543753.61,USD,2026-03-10,2026-05-01,,2026-05-01,0,true,false,No Decision,Existing Relationship,Supplier Consolidation,,2026-04-21
006000000001081AAA,Valley Distribution - Valley UrbanGo Platform - 1081,001000000000192AAA,005000000000028AAA,New Program,Valley UrbanGo Platform,Urban Commuter,ICE,Closed Lost,Closed,0,391429.18,USD,2024-07-19,2025-03-02,,2025-03-02,0,true,false,Price,Existing Relationship,Platform Launch,,2025-02-06
006000000001082AAA,Beacon Manufacturing - Beacon CityTrail Compact - 1082,001000000000188AAA,005000000000023AAA,Expansion,Beacon CityTrail Compact,Compact Crossover,Hybrid,Negotiation,Commit,0.8,363619.45,USD,2026-03-18,2026-07-18,,2026-07-18,0,false,false,,Existing Relationship,Quality Improvement,Finalize commercial terms,2026-06-06
006000000001083AAA,Pacific Transport Group - Pacific UrbanCargo Platform - 1083,001000000000067AAA,005000000000023AAA,Replacement,Pacific UrbanCargo Platform,Fleet Van,Hybrid,Closed Won,Closed,1,796287.89,USD,2025-01-13,2025-03-21,,2025-03-21,0,true,true,,RFQ,Hybrid Readiness,,2025-03-15
006000000001084AAA,Valley Assembly 65 - Valley Summit Sedan - 1084,001000000000289AAA,005000000000012AAA,Requote,Valley Summit Sedan,Mid-Size Sedan,Hybrid,Closed Won,Closed,1,269483.68,USD,2024-02-14,2024-04-05,,2024-04-05,0,true,true,,Existing Relationship,Hybrid Readiness,,2024-03-31
006000000001085AAA,Windward Performance Parts 66 - Windward Summit Sedan - 1085,001000000000470AAA,005000000000020AAA,Expansion,Windward Summit Sedan,Mid-Size Sedan,ICE,Proposal or Quote,Pipeline,0.6,282903.12,USD,2025-10-07,2026-01-30,,2026-10-23,0,false,false,,RFQ,Cost Reduction,Finalize commercial terms,2026-05-20
006000000001086AAA,Westgate Automotive - Westgate Summit Sedan - 1086,001000000000060AAA,005000000000016AAA,Expansion,Westgate Summit Sedan,Mid-Size Sedan,ICE,Closed Lost,Closed,0,1079510.03,USD,2023-10-24,2024-03-04,,2024-03-04,0,true,false,Competitor,Existing Relationship,Hybrid Readiness,,2024-02-15
006000000001087AAA,Pacific Automotive 66 - Pacific Avenue Platform - 1087,001000000000471AAA,005000000000026AAA,Expansion,Pacific Avenue Platform,Mid-Size Sedan,Hybrid,Closed Lost,Closed,0,371494.14,USD,2025-02-16,2025-06-17,,2025-06-17,0,true,false,No Decision,Inbound,Quality Improvement,,2025-06-09
006000000001088AAA,Valley Powertrain - Valley ServicePlus Program - 1088,001000000000109AAA,005000000000026AAA,New Program,Valley ServicePlus Program,Aftermarket Program,Hybrid,Negotiation,Commit,0.8,1004334.46,USD,2026-02-12,2026-06-22,,2026-08-23,0,false,false,,Existing Relationship,Cost Reduction,Submit revised quotation,2026-05-23
006000000001089AAA,Ridgeway Assembly - Ridgeway UrbanGo Platform - 1089,001000000000448AAA,005000000000012AAA,Replacement,Ridgeway UrbanGo Platform,Urban Commuter,ICE,Technical Review,Pipeline,0.4,166337.66,USD,2024-03-20,2024-06-30,,2027-01-13,0,false,false,,Partner,Capacity Expansion,Confirm program timing,2026-06-17
006000000001090AAA,Lakeview Vehicle Systems - Lakeview UrbanCargo Platform - 1090,001000000000160AAA,005000000000024AAA,Replacement,Lakeview UrbanCargo Platform,Fleet Van,ICE,Closed Won,Closed,1,441291.12,USD,2023-09-28,2024-04-02,,2024-04-02,0,true,true,,RFQ,Platform Launch,,2024-03-28
006000000001091AAA,Redwood Performance Parts - Redwood National Parts Program - 1091,001000000000159AAA,005000000000022AAA,Requote,Redwood National Parts Program,Aftermarket Program,ICE,Proposal or Quote,Pipeline,0.6,544781.53,USD,2025-04-14,2025-08-15,,2026-08-27,0,false,false,,Inbound,Quality Improvement,Finalize commercial terms,2026-06-09
006000000001092AAA,Central Fleet Solutions - Central Everyday Commuter - 1092,001000000000161AAA,005000000000029AAA,Expansion,Central Everyday Commuter,Urban Commuter,ICE,Closed Lost,Closed,0,470696.13,USD,2024-03-29,2024-08-15,,2024-08-15,0,true,false,Technical Fit,Existing Relationship,Capacity Expansion,,2024-07-22
006000000001093AAA,Cedar Transport Group - Cedar UrbanGo Platform - 1093,001000000000031AAA,005000000000013AAA,New Program,Cedar UrbanGo Platform,Urban Commuter,Hybrid,Closed Won,Closed,1,553773.78,USD,2023-04-29,2023-08-23,,2023-08-23,0,true,true,,RFQ,Platform Launch,,2023-08-22
006000000001094AAA,Atlas Engineering - Atlas Vista Crossover - 1094,001000000000194AAA,005000000000025AAA,Requote,Atlas Vista Crossover,Compact Crossover,ICE,Technical Review,Pipeline,0.4,299753.59,USD,2023-10-03,2024-02-24,,2026-09-30,0,false,false,,Existing Relationship,Hybrid Readiness,Submit revised quotation,2026-06-24
006000000001095AAA,Summit Motorworks - Summit Meridian Sedan - 1095,001000000000003AAA,005000000000011AAA,Replacement,Summit Meridian Sedan,Mid-Size Sedan,ICE,Closed Lost,Closed,0,2092215.42,USD,2024-10-19,2025-02-09,,2025-02-09,0,true,false,Technical Fit,RFQ,Capacity Expansion,,2025-02-02
006000000001096AAA,Windward Distribution - Windward Summit Sedan - 1096,001000000000126AAA,005000000000019AAA,Replacement,Windward Summit Sedan,Mid-Size Sedan,ICE,Technical Review,Pipeline,0.4,776049.64,USD,2026-06-03,2026-12-05,,2026-12-05,0,false,false,,Existing Relationship,Capacity Expansion,Confirm program timing,2026-06-19
006000000001097AAA,Alder Assembly - Alder CityTrail Compact - 1097,001000000000118AAA,005000000000017AAA,New Program,Alder CityTrail Compact,Compact Crossover,ICE,Technical Review,Pipeline,0.4,1094744.63,USD,2026-06-01,2026-09-22,2026-09-22,2026-11-20,2,false,false,,Existing Relationship,Platform Launch,Validate product fit,2026-05-29
006000000001098AAA,Union Fleet Solutions 69 - Union UrbanGo Platform - 1098,001000000000102AAA,005000000000013AAA,Expansion,Union UrbanGo Platform,Urban Commuter,Hybrid,Closed Won,Closed,1,1030848.27,USD,2025-04-30,2025-09-04,,2025-09-04,0,true,true,,Existing Relationship,Cost Reduction,,2025-08-11
006000000001099AAA,Summit Motorworks - Summit UtilityPro Program - 1099,001000000000003AAA,005000000000011AAA,Requote,Summit UtilityPro Program,Light Truck,Hybrid,Closed Lost,Closed,0,1740830.28,USD,2025-12-02,2026-05-26,,2026-05-26,0,true,false,Program Cancelled,Referral,Supplier Consolidation,,2026-05-16
006000000001100AAA,Crescent Automotive 17 - Crescent Summit Sedan - 1100,001000000000364AAA,005000000000023AAA,Expansion,Crescent Summit Sedan,Mid-Size Sedan,ICE,Technical Review,Pipeline,0.4,776999.97,USD,2023-01-08,2023-05-20,,2026-11-08,0,false,false,,Inbound,Supplier Consolidation,Complete technical review,2026-06-21
006000000001101AAA,Union Mobility - Union RoadReady Replacement - 1101,001000000000216AAA,005000000000030AAA,Requote,Union RoadReady Replacement,Aftermarket Program,Hybrid,Negotiation,Commit,0.8,786558.64,USD,2026-01-02,2026-06-28,2026-06-28,2026-08-24,1,false,false,,Existing Relationship,Capacity Expansion,Submit revised quotation,2026-06-28
006000000001102AAA,Windward Engineering - Windward UrbanCargo Platform - 1102,001000000000176AAA,005000000000018AAA,Replacement,Windward UrbanCargo Platform,Fleet Van,Hybrid,Closed Lost,Closed,0,206443.13,USD,2025-07-12,2026-01-25,,2026-01-25,0,true,false,Timing,Existing Relationship,Cost Reduction,,2026-01-16
006000000001103AAA,Redwood Engineering - Redwood Vista Crossover - 1103,001000000000365AAA,005000000000018AAA,Replacement,Redwood Vista Crossover,Compact Crossover,Hybrid,Negotiation,Pipeline,0.8,650986.66,USD,2025-05-24,2025-11-28,,2026-09-25,0,false,false,,RFQ,Supplier Consolidation,Submit revised quotation,2026-06-08
006000000001104AAA,Alder Components 36 - Alder Summit Sedan - 1104,001000000000224AAA,005000000000026AAA,Expansion,Alder Summit Sedan,Mid-Size Sedan,ICE,Closed Won,Closed,1,629427.01,USD,2025-07-02,2025-11-22,,2025-11-22,0,true,true,,Existing Relationship,Capacity Expansion,,2025-11-16
006000000001105AAA,Crown Vehicle Systems - Crown Vista Crossover - 1105,001000000000378AAA,005000000000019AAA,Expansion,Crown Vista Crossover,Compact Crossover,ICE,Proposal or Quote,Best Case,0.6,1069727.31,USD,2026-05-19,2026-09-21,,2026-09-21,0,false,false,,Existing Relationship,Supplier Consolidation,Validate product fit,2026-06-01
006000000001106AAA,MetroVale Motors - MetroVale Everyday Commuter - 1106,001000000000002AAA,005000000000020AAA,Requote,MetroVale Everyday Commuter,Urban Commuter,ICE,Closed Won,Closed,1,1436772.4,USD,2025-09-21,2026-03-28,,2026-03-28,0,true,true,,RFQ,Capacity Expansion,,2026-03-26
006000000001107AAA,Liberty Vehicle Systems - Liberty Avenue Platform - 1107,001000000000321AAA,005000000000015AAA,Replacement,Liberty Avenue Platform,Mid-Size Sedan,Hybrid,Closed Lost,Closed,0,294045.69,USD,2024-05-02,2024-10-07,,2024-10-07,0,true,false,Competitor,Inbound,Platform Launch,,2024-09-30
006000000001108AAA,Suncrest Manufacturing - Suncrest Avenue Platform - 1108,001000000000041AAA,005000000000030AAA,Requote,Suncrest Avenue Platform,Mid-Size Sedan,Hybrid,Closed Won,Closed,1,1015716.89,USD,2025-05-07,2025-12-28,2025-12-28,2026-01-27,1,true,true,,Referral,Supplier Consolidation,,2026-01-09
006000000001109AAA,Timberline Components 5 - Timberline TrailForge Platform - 1109,001000000000240AAA,005000000000022AAA,New Program,Timberline TrailForge Platform,Light Truck,ICE,Closed Won,Closed,1,410956.01,USD,2023-11-13,2024-03-25,,2024-03-25,0,true,true,,RFQ,Quality Improvement,,2024-03-23
006000000001110AAA,Westgate Automotive - Westgate RoadReady Replacement - 1110,001000000000060AAA,005000000000016AAA,Expansion,Westgate RoadReady Replacement,Aftermarket Program,Hybrid,Closed Lost,Closed,0,327250.65,USD,2025-07-08,2025-10-19,,2025-10-19,0,true,false,Program Cancelled,RFQ,Platform Launch,,2025-10-07
006000000001111AAA,Blue Ridge Transport Group 28 - Blue RoadReady Replacement - 1111,001000000000247AAA,005000000000011AAA,New Program,Blue RoadReady Replacement,Aftermarket Program,ICE,Closed Won,Closed,1,370901.88,USD,2023-10-24,2024-01-19,,2024-01-19,0,true,true,,Existing Relationship,Cost Reduction,,2024-01-14
006000000001112AAA,Keystone Motor Systems 28 - Keystone Nova Compact Program - 1112,001000000000366AAA,005000000000013AAA,New Program,Keystone Nova Compact Program,Compact Crossover,ICE,Closed Lost,Closed,0,467582.85,USD,2025-06-12,2025-08-30,,2025-08-30,0,true,false,Price,Referral,Quality Improvement,,2025-08-23
006000000001113AAA,Beacon Distribution - Beacon Summit Sedan - 1113,001000000000027AAA,005000000000014AAA,Requote,Beacon Summit Sedan,Mid-Size Sedan,ICE,Closed Won,Closed,1,2846782.58,USD,2026-01-09,2026-03-21,,2026-03-21,0,true,true,,Existing Relationship,Supplier Consolidation,,2026-03-08
006000000001114AAA,Pacific Manufacturing - Pacific Vista Crossover - 1114,001000000000180AAA,005000000000024AAA,Requote,Pacific Vista Crossover,Compact Crossover,Hybrid,Negotiation,Commit,0.8,719251.15,USD,2026-04-07,2026-07-19,,2026-07-19,0,false,false,,RFQ,Platform Launch,Submit revised quotation,2026-06-13
006000000001115AAA,Valley Industrial Supply - Valley Vista Crossover - 1115,001000000000173AAA,005000000000028AAA,Expansion,Valley Vista Crossover,Compact Crossover,ICE,Closed Won,Closed,1,511635.63,USD,2025-05-02,2025-09-18,,2025-09-18,0,true,true,,Inbound,Platform Launch,,2025-09-02
006000000001116AAA,Crescent Powertrain - Crescent FleetWay Program - 1116,001000000000092AAA,005000000000018AAA,Replacement,Crescent FleetWay Program,Fleet Van,ICE,Closed Lost,Closed,0,903796.78,USD,2024-03-26,2024-10-12,2024-10-12,2025-01-06,2,true,false,Technical Fit,RFQ,Supplier Consolidation,,2024-12-24
006000000001117AAA,Alder Components - Alder Avenue Platform - 1117,001000000000121AAA,005000000000018AAA,Expansion,Alder Avenue Platform,Mid-Size Sedan,ICE,Closed Won,Closed,1,622521.15,USD,2024-03-12,2024-09-10,,2024-09-10,0,true,true,,RFQ,Capacity Expansion,,2024-09-05
006000000001118AAA,Alder Distribution - Alder WorkLine Truck - 1118,001000000000196AAA,005000000000028AAA,Expansion,Alder WorkLine Truck,Light Truck,ICE,Negotiation,Commit,0.8,173573.97,USD,2026-02-23,2026-07-22,,2026-07-22,0,false,false,,Existing Relationship,Platform Launch,Submit revised quotation,2026-05-31
006000000001119AAA,Northfield Manufacturing - Northfield National Parts Program - 1119,001000000000171AAA,005000000000025AAA,New Program,Northfield National Parts Program,Aftermarket Program,Hybrid,Closed Lost,Closed,0,339779.62,USD,2025-01-03,2025-05-07,2025-05-07,2025-07-16,1,true,false,Timing,RFQ,Hybrid Readiness,,2025-06-23
006000000001120AAA,Pacific Performance Parts 72 - Pacific RoadReady Replacement - 1120,001000000000391AAA,005000000000018AAA,Expansion,Pacific RoadReady Replacement,Aftermarket Program,ICE,Closed Won,Closed,1,609496.66,USD,2023-02-24,2023-08-24,,2023-08-24,0,true,true,,Referral,Hybrid Readiness,,2023-08-13
006000000001121AAA,Continental Mobility Systems - Continental CityMotion Vehicle - 1121,001000000000004AAA,005000000000015AAA,New Program,Continental CityMotion Vehicle,Urban Commuter,ICE,Proposal or Quote,Best Case,0.6,773185.24,USD,2026-01-26,2026-05-29,2026-05-29,2026-07-02,1,false,false,,RFQ,Hybrid Readiness,Confirm program timing,2026-06-08
006000000001122AAA,Crescent Mobility - Crescent National Parts Program - 1122,001000000000064AAA,005000000000022AAA,Expansion,Crescent National Parts Program,Aftermarket Program,Hybrid,Qualification,Pipeline,0.2,855103.65,USD,2025-05-20,2025-08-25,,2027-01-17,0,false,false,,Existing Relationship,Cost Reduction,Validate product fit,2026-06-16
006000000001123AAA,Silverline Performance Parts - Silverline Everyday Commuter - 1123,001000000000108AAA,005000000000015AAA,Requote,Silverline Everyday Commuter,Urban Commuter,ICE,Prospecting,Pipeline,0.1,1358848.1,USD,2023-10-05,2024-03-13,,2027-01-25,0,false,false,,RFQ,Hybrid Readiness,Submit revised quotation,2026-06-01
006000000001124AAA,Meridian Vehicle Systems 11 - Meridian Meridian Sedan - 1124,001000000000381AAA,005000000000027AAA,Replacement,Meridian Meridian Sedan,Mid-Size Sedan,Hybrid,Technical Review,Pipeline,0.4,514594.78,USD,2026-04-25,2026-11-24,,2026-11-24,0,false,false,,RFQ,Capacity Expansion,Finalize commercial terms,2026-06-18
006000000001125AAA,Prairie Transport Group - Prairie Meridian Sedan - 1125,001000000000097AAA,005000000000020AAA,Expansion,Prairie Meridian Sedan,Mid-Size Sedan,ICE,Negotiation,Commit,0.8,1037229.66,USD,2026-02-10,2026-07-28,,2026-07-28,0,false,false,,Referral,Platform Launch,Finalize commercial terms,2026-06-08
006000000001126AAA,Alder Components - Alder National Parts Program - 1126,001000000000121AAA,005000000000018AAA,Expansion,Alder National Parts Program,Aftermarket Program,Hybrid,Technical Review,Pipeline,0.4,992509.07,USD,2026-04-22,2026-11-12,,2026-11-12,0,false,false,,RFQ,Capacity Expansion,Finalize commercial terms,2026-06-27
006000000001127AAA,Harbor Distribution - Harbor CityTrail Compact - 1127,001000000000082AAA,005000000000025AAA,New Program,Harbor CityTrail Compact,Compact Crossover,Hybrid,Closed Lost,Closed,0,311430.34,USD,2024-10-01,2025-02-09,,2025-02-09,0,true,false,Program Cancelled,Existing Relationship,Platform Launch,,2025-02-03
006000000001128AAA,Eastgate Components - Eastgate Everyday Commuter - 1128,001000000000338AAA,005000000000016AAA,Requote,Eastgate Everyday Commuter,Urban Commuter,ICE,Closed Lost,Closed,0,647642.88,USD,2023-07-29,2023-12-28,,2023-12-28,0,true,false,No Decision,Existing Relationship,Cost Reduction,,2023-12-24
006000000001129AAA,Timberline Components 5 - Timberline ServicePlus Program - 1129,001000000000240AAA,005000000000021AAA,Replacement,Timberline ServicePlus Program,Aftermarket Program,ICE,Closed Won,Closed,1,649493.85,USD,2023-05-29,2023-10-18,,2023-10-18,0,true,true,,Referral,Cost Reduction,,2023-10-07
006000000001130AAA,Blue Ridge Automotive - Blue TrailForge Platform - 1130,001000000000012AAA,005000000000011AAA,Requote,Blue TrailForge Platform,Light Truck,Hybrid,Proposal or Quote,Best Case,0.6,2844191,USD,2026-04-25,2026-08-28,,2026-08-28,0,false,false,,Partner,Hybrid Readiness,Confirm program timing,2026-05-18
006000000001131AAA,Pinnacle Fleet Solutions - Pinnacle Horizon Crossover - 1131,001000000000028AAA,005000000000015AAA,New Program,Pinnacle Horizon Crossover,Compact Crossover,Hybrid,Closed Won,Closed,1,2698706.53,USD,2025-10-06,2026-04-30,,2026-04-30,0,true,true,,RFQ,Platform Launch,,2026-04-15
006000000001132AAA,Northstar Automotive Group - Northstar Horizon Crossover - 1132,001000000000001AAA,005000000000014AAA,Replacement,Northstar Horizon Crossover,Compact Crossover,Hybrid,Closed Lost,Closed,0,1924105.67,USD,2025-08-15,2026-02-17,,2026-02-17,0,true,false,Competitor,Existing Relationship,Cost Reduction,,2026-01-29
006000000001133AAA,Aurora Vehicle Works - Aurora UrbanCargo Platform - 1133,001000000000005AAA,005000000000027AAA,New Program,Aurora UrbanCargo Platform,Fleet Van,ICE,Closed Lost,Closed,0,2320237.9,USD,2024-04-14,2024-09-01,,2024-09-01,0,true,false,Price,Partner,Platform Launch,,2024-08-31
006000000001134AAA,Westgate Manufacturing - Westgate CityTrail Compact - 1134,001000000000217AAA,005000000000025AAA,New Program,Westgate CityTrail Compact,Compact Crossover,Hybrid,Closed Won,Closed,1,633791.81,USD,2025-07-01,2025-12-21,,2025-12-21,0,true,true,,RFQ,Cost Reduction,,2025-12-18
006000000001135AAA,Granite Vehicle Systems - Granite WorkLine Truck - 1135,001000000000436AAA,005000000000027AAA,New Program,Granite WorkLine Truck,Light Truck,ICE,Closed Won,Closed,1,219676.49,USD,2023-08-05,2023-12-09,2023-12-09,2024-04-04,1,true,true,,RFQ,Cost Reduction,,2024-03-21
006000000001136AAA,Prairie Fleet Solutions - Prairie Horizon Crossover - 1136,001000000000312AAA,005000000000030AAA,New Program,Prairie Horizon Crossover,Compact Crossover,ICE,Negotiation,Pipeline,0.8,550373.8,USD,2023-07-11,2023-11-29,2023-11-29,2026-09-30,2,false,false,,Existing Relationship,Supplier Consolidation,Complete technical review,2026-06-29
006000000001137AAA,Suncrest Components - Suncrest FleetWay Program - 1137,001000000000183AAA,005000000000015AAA,Expansion,Suncrest FleetWay Program,Fleet Van,Hybrid,Closed Lost,Closed,0,606732.5,USD,2023-03-06,2023-07-05,2023-07-05,2023-09-04,1,true,false,Competitor,Referral,Supplier Consolidation,,2023-09-03
006000000001138AAA,Central Vehicle Systems - Central Everyday Commuter - 1138,001000000000167AAA,005000000000013AAA,Requote,Central Everyday Commuter,Urban Commuter,ICE,Technical Review,Pipeline,0.4,415322.96,USD,2023-01-05,2023-06-29,,2026-12-04,0,false,false,,RFQ,Cost Reduction,Complete technical review,2026-05-20
006000000001139AAA,Blue Ridge Transport Group 28 - Blue TrailForge Platform - 1139,001000000000247AAA,005000000000012AAA,Expansion,Blue TrailForge Platform,Light Truck,ICE,Negotiation,Pipeline,0.8,546031.44,USD,2024-08-17,2025-02-07,,2026-08-05,0,false,false,,RFQ,Supplier Consolidation,Finalize commercial terms,2026-06-09
006000000001140AAA,Canyon Motor Systems - Canyon Nova Compact Program - 1140,001000000000065AAA,005000000000026AAA,Expansion,Canyon Nova Compact Program,Compact Crossover,ICE,Closed Won,Closed,1,639973.92,USD,2023-07-05,2023-09-10,,2023-09-10,0,true,true,,Existing Relationship,Supplier Consolidation,,2023-09-02
006000000001141AAA,Prairie Motor Systems - Prairie MetroOne Program - 1141,001000000000051AAA,005000000000020AAA,New Program,Prairie MetroOne Program,Urban Commuter,Hybrid,Proposal or Quote,Best Case,0.6,305110.26,USD,2026-03-31,2026-07-21,,2026-07-21,0,false,false,,Referral,Supplier Consolidation,Complete technical review,2026-05-16
006000000001142AAA,Maple Fleet Solutions - Maple ServicePlus Program - 1142,001000000000238AAA,005000000000011AAA,New Program,Maple ServicePlus Program,Aftermarket Program,ICE,Closed Won,Closed,1,834090.87,USD,2023-05-15,2023-09-18,,2023-09-18,0,true,true,,Trade Event,Cost Reduction,,2023-09-17
006000000001143AAA,Silverline Components - Silverline UtilityPro Program - 1143,001000000000094AAA,005000000000028AAA,New Program,Silverline UtilityPro Program,Light Truck,ICE,Closed Lost,Closed,0,690458.89,USD,2023-02-17,2023-05-26,,2023-05-26,0,true,false,Price,Existing Relationship,Cost Reduction,,2023-05-05
006000000001144AAA,Redwood Powertrain - Redwood Avenue Platform - 1144,001000000000201AAA,005000000000028AAA,Replacement,Redwood Avenue Platform,Mid-Size Sedan,Hybrid,Technical Review,Pipeline,0.4,783943.16,USD,2026-06-09,2026-12-02,,2026-12-02,0,false,false,,Inbound,Hybrid Readiness,Submit revised quotation,2026-05-29
006000000001145AAA,Central Manufacturing - Central Avenue Platform - 1145,001000000000144AAA,005000000000026AAA,New Program,Central Avenue Platform,Mid-Size Sedan,ICE,Closed Lost,Closed,0,183325.28,USD,2023-03-15,2023-06-12,,2023-06-12,0,true,false,Program Cancelled,Existing Relationship,Capacity Expansion,,2023-06-02
006000000001146AAA,Redwood Industrial Supply - Redwood FleetWay Program - 1146,001000000000136AAA,005000000000027AAA,New Program,Redwood FleetWay Program,Fleet Van,ICE,Closed Won,Closed,1,702092.6,USD,2025-01-07,2025-04-10,2025-04-10,2025-07-17,1,true,true,,RFQ,Hybrid Readiness,,2025-06-27
006000000001147AAA,Frontier Distribution - Frontier Everyday Commuter - 1147,001000000000091AAA,005000000000013AAA,Requote,Frontier Everyday Commuter,Urban Commuter,Hybrid,Closed Won,Closed,1,1120290.87,USD,2025-07-20,2025-10-22,,2025-10-22,0,true,true,,Trade Event,Cost Reduction,,2025-09-30
006000000001148AAA,Stonebridge Powertrain 53 - Stonebridge ServicePlus Program - 1148,001000000000191AAA,005000000000012AAA,Expansion,Stonebridge ServicePlus Program,Aftermarket Program,ICE,Closed Won,Closed,1,236009.01,USD,2025-12-14,2026-06-02,,2026-06-02,0,true,true,,Existing Relationship,Quality Improvement,,2026-05-31
006000000001149AAA,Suncrest Mobility - Suncrest UrbanCargo Platform - 1149,001000000000075AAA,005000000000017AAA,Expansion,Suncrest UrbanCargo Platform,Fleet Van,ICE,Closed Lost,Closed,0,775730.58,USD,2023-01-24,2023-07-10,,2023-07-10,0,true,false,Competitor,Referral,Cost Reduction,,2023-06-20
006000000001150AAA,Crescent Fleet Solutions - Crescent UrbanGo Platform - 1150,001000000000123AAA,005000000000027AAA,Expansion,Crescent UrbanGo Platform,Urban Commuter,ICE,Closed Lost,Closed,0,888627.67,USD,2024-05-23,2024-08-13,,2024-08-13,0,true,false,No Decision,Existing Relationship,Platform Launch,,2024-07-21
006000000001151AAA,Crescent Automotive 17 - Crescent Summit Sedan - 1151,001000000000364AAA,005000000000022AAA,New Program,Crescent Summit Sedan,Mid-Size Sedan,ICE,Closed Lost,Closed,0,186873.63,USD,2024-11-14,2025-04-01,,2025-04-01,0,true,false,Price,Inbound,Cost Reduction,,2025-03-11
006000000001152AAA,Atlas Distribution 78 - Atlas MetroOne Program - 1152,001000000000355AAA,005000000000011AAA,Expansion,Atlas MetroOne Program,Urban Commuter,Hybrid,Closed Lost,Closed,0,389187.96,USD,2024-07-16,2024-10-06,,2024-10-06,0,true,false,Program Cancelled,Partner,Platform Launch,,2024-09-13
006000000001153AAA,Prairie Mobility 54 - Prairie FleetWay Program - 1153,001000000000299AAA,005000000000023AAA,Requote,Prairie FleetWay Program,Fleet Van,ICE,Closed Lost,Closed,0,374630.82,USD,2023-08-10,2023-12-31,,2023-12-31,0,true,false,Competitor,RFQ,Platform Launch,,2023-12-27
006000000001154AAA,Westgate Mobility - Westgate ServicePlus Program - 1154,001000000000181AAA,005000000000013AAA,Expansion,Westgate ServicePlus Program,Aftermarket Program,ICE,Closed Lost,Closed,0,407764.86,USD,2025-09-30,2026-02-07,,2026-02-07,0,true,false,Price,Partner,Platform Launch,,2026-02-01
006000000001155AAA,Blue Ridge Transport Group 28 - Blue Everyday Commuter - 1155,001000000000247AAA,005000000000014AAA,New Program,Blue Everyday Commuter,Urban Commuter,ICE,Closed Won,Closed,1,303447.87,USD,2023-05-13,2023-10-05,,2023-10-05,0,true,true,,Existing Relationship,Capacity Expansion,,2023-09-22
006000000001156AAA,Northfield Manufacturing - Northfield Summit Sedan - 1156,001000000000171AAA,005000000000025AAA,New Program,Northfield Summit Sedan,Mid-Size Sedan,ICE,Closed Won,Closed,1,319693.97,USD,2025-11-03,2026-03-04,2026-03-04,2026-05-10,1,true,true,,Trade Event,Cost Reduction,,2026-05-07
006000000001157AAA,Blue Ridge Mobility - Blue Horizon Crossover - 1157,001000000000412AAA,005000000000025AAA,Replacement,Blue Horizon Crossover,Compact Crossover,Hybrid,Closed Won,Closed,1,237738.95,USD,2025-01-18,2025-05-26,,2025-05-26,0,true,true,,Existing Relationship,Supplier Consolidation,,2025-05-16
006000000001158AAA,Keystone Automotive - Keystone UrbanCargo Platform - 1158,001000000000478AAA,005000000000024AAA,Expansion,Keystone UrbanCargo Platform,Fleet Van,ICE,Closed Won,Closed,1,213822.08,USD,2025-06-02,2025-09-21,,2025-09-21,0,true,true,,Referral,Hybrid Readiness,,2025-09-16
006000000001159AAA,Northstar Automotive Group - Northstar Avenue Platform - 1159,001000000000001AAA,005000000000012AAA,Requote,Northstar Avenue Platform,Mid-Size Sedan,Hybrid,Closed Lost,Closed,0,2359569.06,USD,2025-09-01,2026-01-15,,2026-01-15,0,true,false,Program Cancelled,Existing Relationship,Platform Launch,,2026-01-04
006000000001160AAA,Pinnacle Components - Pinnacle TransitWorks Van - 1160,001000000000243AAA,005000000000028AAA,New Program,Pinnacle TransitWorks Van,Fleet Van,Hybrid,Closed Lost,Closed,0,746185.78,USD,2025-01-20,2025-07-14,,2025-07-14,0,true,false,Program Cancelled,Existing Relationship,Cost Reduction,,2025-06-28
006000000001161AAA,Stonebridge Powertrain - Stonebridge UtilityPro Program - 1161,001000000000054AAA,005000000000023AAA,New Program,Stonebridge UtilityPro Program,Light Truck,ICE,Closed Lost,Closed,0,1225427.4,USD,2025-10-29,2026-03-21,2026-03-21,2026-04-19,1,true,false,Competitor,Existing Relationship,Hybrid Readiness,,2026-04-11
006000000001162AAA,Atlas Performance Parts 54 - Atlas Horizon Crossover - 1162,001000000000184AAA,005000000000023AAA,New Program,Atlas Horizon Crossover,Compact Crossover,ICE,Closed Won,Closed,1,294359.52,USD,2025-05-02,2025-08-26,,2025-08-26,0,true,true,,Inbound,Cost Reduction,,2025-08-12
006000000001163AAA,Rio Grande Mobility - Rio TrailForge Platform - 1163,001000000000006AAA,005000000000030AAA,New Program,Rio TrailForge Platform,Light Truck,Hybrid,Closed Lost,Closed,0,3020994.84,USD,2025-05-20,2026-01-10,,2026-01-10,0,true,false,Program Cancelled,Existing Relationship,Platform Launch,,2025-12-20
006000000001164AAA,Northfield Engineering - Northfield Meridian Sedan - 1164,001000000000395AAA,005000000000018AAA,Replacement,Northfield Meridian Sedan,Mid-Size Sedan,Hybrid,Proposal or Quote,Best Case,0.6,595031.41,USD,2026-04-18,2026-07-30,,2026-07-30,0,false,false,,Existing Relationship,Supplier Consolidation,Complete technical review,2026-06-06
006000000001165AAA,Atlas Performance Parts - Atlas RoadReady Replacement - 1165,001000000000024AAA,005000000000029AAA,Replacement,Atlas RoadReady Replacement,Aftermarket Program,ICE,Closed Won,Closed,1,3231438.52,USD,2023-10-21,2024-05-27,,2024-05-27,0,true,true,,RFQ,Supplier Consolidation,,2024-05-19
006000000001166AAA,Westgate Automotive - Westgate ServicePlus Program - 1166,001000000000060AAA,005000000000017AAA,Requote,Westgate ServicePlus Program,Aftermarket Program,ICE,Closed Won,Closed,1,1045976.66,USD,2024-01-10,2024-07-28,,2024-07-28,0,true,true,,Existing Relationship,Supplier Consolidation,,2024-07-11
006000000001167AAA,Atlas Performance Parts - Atlas UtilityPro Program - 1167,001000000000024AAA,005000000000030AAA,Expansion,Atlas UtilityPro Program,Light Truck,ICE,Closed Lost,Closed,0,1976109.61,USD,2023-11-27,2024-08-18,,2024-08-18,0,true,false,Price,Existing Relationship,Quality Improvement,,2024-08-17
006000000001168AAA,Westgate Fleet Solutions - Westgate UtilityPro Program - 1168,001000000000078AAA,005000000000013AAA,Replacement,Westgate UtilityPro Program,Light Truck,ICE,Proposal or Quote,Pipeline,0.6,815456,USD,2023-07-24,2023-12-18,,2026-12-20,0,false,false,,Referral,Quality Improvement,Submit revised quotation,2026-05-17
006000000001169AAA,Valley Distribution - Valley Horizon Crossover - 1169,001000000000192AAA,005000000000028AAA,Requote,Valley Horizon Crossover,Compact Crossover,Hybrid,Negotiation,Commit,0.8,589869.44,USD,2026-01-05,2026-07-28,,2026-07-28,0,false,false,,Existing Relationship,Cost Reduction,Validate product fit,2026-06-07
006000000001170AAA,Stonebridge Transport Group - Stonebridge UrbanGo Platform - 1170,001000000000259AAA,005000000000020AAA,Replacement,Stonebridge UrbanGo Platform,Urban Commuter,ICE,Closed Won,Closed,1,311207.87,USD,2025-08-22,2026-05-06,,2026-05-06,0,true,true,,Existing Relationship,Quality Improvement,,2026-05-03
006000000001171AAA,Crescent Mobility - Crescent Nova Compact Program - 1171,001000000000064AAA,005000000000021AAA,Requote,Crescent Nova Compact Program,Compact Crossover,ICE,Technical Review,Pipeline,0.4,994566.12,USD,2025-11-27,2026-05-20,,2026-10-12,0,false,false,,Existing Relationship,Capacity Expansion,Validate product fit,2026-06-22
006000000001172AAA,Crescent Distribution - Crescent Meridian Sedan - 1172,001000000000199AAA,005000000000028AAA,New Program,Crescent Meridian Sedan,Mid-Size Sedan,Hybrid,Technical Review,Pipeline,0.4,356139.03,USD,2026-05-11,2026-09-12,,2026-09-12,0,false,false,,Existing Relationship,Hybrid Readiness,Finalize commercial terms,2026-06-01
006000000001173AAA,Cobalt Fleet Solutions - Cobalt ServicePlus Program - 1173,001000000000322AAA,005000000000025AAA,Replacement,Cobalt ServicePlus Program,Aftermarket Program,ICE,Closed Won,Closed,1,388674.18,USD,2023-03-13,2023-08-13,,2023-08-13,0,true,true,,Trade Event,Cost Reduction,,2023-07-26
006000000001174AAA,Frontier Industrial Supply 30 - Frontier Summit Sedan - 1174,001000000000440AAA,005000000000023AAA,Expansion,Frontier Summit Sedan,Mid-Size Sedan,ICE,Closed Won,Closed,1,131662.18,USD,2025-01-08,2025-07-08,,2025-07-08,0,true,true,,Partner,Capacity Expansion,,2025-06-14
006000000001175AAA,Crown Manufacturing - Crown UtilityPro Program - 1175,001000000000292AAA,005000000000011AAA,New Program,Crown UtilityPro Program,Light Truck,Hybrid,Closed Won,Closed,1,455311.96,USD,2023-11-23,2024-04-14,,2024-04-14,0,true,true,,Existing Relationship,Capacity Expansion,,2024-03-24
006000000001176AAA,Ridgeway Fleet Solutions - Ridgeway RoadReady Replacement - 1176,001000000000134AAA,005000000000011AAA,Requote,Ridgeway RoadReady Replacement,Aftermarket Program,ICE,Closed Won,Closed,1,651606.96,USD,2025-11-24,2026-03-30,,2026-03-30,0,true,true,,RFQ,Quality Improvement,,2026-03-09
006000000001177AAA,Canyon Motor Systems - Canyon Meridian Sedan - 1177,001000000000065AAA,005000000000024AAA,Expansion,Canyon Meridian Sedan,Mid-Size Sedan,ICE,Closed Lost,Closed,0,1188988.06,USD,2024-05-28,2024-11-04,,2024-11-04,0,true,false,Program Cancelled,Inbound,Cost Reduction,,2024-10-16
006000000001178AAA,Blue Ridge Automotive - Blue FleetWay Program - 1178,001000000000012AAA,005000000000012AAA,Requote,Blue FleetWay Program,Fleet Van,ICE,Technical Review,Pipeline,0.4,653438.32,USD,2026-05-09,2026-10-17,,2026-10-17,0,false,false,,Existing Relationship,Cost Reduction,Finalize commercial terms,2026-06-28
006000000001179AAA,Westgate Distribution - Westgate UtilityPro Program - 1179,001000000000168AAA,005000000000012AAA,New Program,Westgate UtilityPro Program,Light Truck,Hybrid,Closed Lost,Closed,0,381170.87,USD,2024-06-30,2024-11-22,,2024-11-22,0,true,false,Program Cancelled,RFQ,Quality Improvement,,2024-11-03
006000000001180AAA,Beacon Vehicle Systems - Beacon TrailForge Platform - 1180,001000000000055AAA,005000000000014AAA,Requote,Beacon TrailForge Platform,Light Truck,Hybrid,Closed Won,Closed,1,765393,USD,2024-02-23,2024-05-24,,2024-05-24,0,true,true,,RFQ,Quality Improvement,,2024-05-05
006000000001181AAA,Crescent Engineering 66 - Crescent UrbanCargo Platform - 1181,001000000000130AAA,005000000000026AAA,Requote,Crescent UrbanCargo Platform,Fleet Van,ICE,Closed Won,Closed,1,1466109.62,USD,2024-05-14,2024-11-15,,2024-11-15,0,true,true,,Existing Relationship,Capacity Expansion,,2024-10-24
006000000001182AAA,Central Fleet Solutions 20 - Central UtilityPro Program - 1182,001000000000298AAA,005000000000027AAA,Expansion,Central UtilityPro Program,Light Truck,ICE,Qualification,Pipeline,0.2,350462.45,USD,2025-12-12,2026-06-04,,2027-01-22,0,false,false,,Existing Relationship,Hybrid Readiness,Validate product fit,2026-06-16
006000000001183AAA,Maple Motor Systems - Maple Horizon Crossover - 1183,001000000000103AAA,005000000000026AAA,Expansion,Maple Horizon Crossover,Compact Crossover,ICE,Closed Won,Closed,1,775105.31,USD,2023-01-28,2023-07-10,,2023-07-10,0,true,true,,Existing Relationship,Supplier Consolidation,,2023-07-07
006000000001184AAA,Ridgeway Powertrain - Ridgeway CityTrail Compact - 1184,001000000000291AAA,005000000000027AAA,Requote,Ridgeway CityTrail Compact,Compact Crossover,ICE,Negotiation,Commit,0.8,452873.53,USD,2026-02-28,2026-08-24,,2026-08-24,0,false,false,,RFQ,Quality Improvement,Confirm program timing,2026-05-23
006000000001185AAA,Alder Mobility - Alder WorkLine Truck - 1185,001000000000011AAA,005000000000024AAA,Requote,Alder WorkLine Truck,Light Truck,ICE,Closed Won,Closed,1,2233292.71,USD,2025-02-10,2025-08-24,,2025-08-24,0,true,true,,Existing Relationship,Hybrid Readiness,,2025-08-12
006000000001186AAA,Alder Powertrain - Alder Vista Crossover - 1186,001000000000288AAA,005000000000019AAA,Requote,Alder Vista Crossover,Compact Crossover,Hybrid,Closed Won,Closed,1,308876.13,USD,2025-07-06,2025-12-09,,2025-12-09,0,true,true,,RFQ,Supplier Consolidation,,2025-12-05
006000000001187AAA,Eastgate Vehicle Systems 63 - Eastgate TrailForge Platform - 1187,001000000000420AAA,005000000000024AAA,Expansion,Eastgate TrailForge Platform,Light Truck,ICE,Closed Won,Closed,1,175933.48,USD,2023-08-23,2023-10-24,,2023-10-24,0,true,true,,Existing Relationship,Supplier Consolidation,,2023-10-02
006000000001188AAA,Windward Mobility - Windward UtilityPro Program - 1188,001000000000221AAA,005000000000013AAA,New Program,Windward UtilityPro Program,Light Truck,ICE,Closed Lost,Closed,0,324656.18,USD,2025-04-14,2025-08-18,,2025-08-18,0,true,false,Program Cancelled,Existing Relationship,Supplier Consolidation,,2025-08-15
006000000001189AAA,Alder Components 47 - Alder Meridian Sedan - 1189,001000000000416AAA,005000000000019AAA,Expansion,Alder Meridian Sedan,Mid-Size Sedan,ICE,Technical Review,Pipeline,0.4,155719.72,USD,2025-11-21,2026-04-23,,2026-11-25,0,false,false,,Existing Relationship,Hybrid Readiness,Submit revised quotation,2026-06-05
006000000001190AAA,Westgate Distribution 51 - Westgate CityTrail Compact - 1190,001000000000270AAA,005000000000017AAA,Expansion,Westgate CityTrail Compact,Compact Crossover,ICE,Proposal or Quote,Pipeline,0.6,217562.97,USD,2024-03-20,2024-12-13,,2026-09-28,0,false,false,,Existing Relationship,Hybrid Readiness,Confirm program timing,2026-06-13
006000000001191AAA,Crown Manufacturing - Crown Avenue Platform - 1191,001000000000292AAA,005000000000013AAA,New Program,Crown Avenue Platform,Mid-Size Sedan,Hybrid,Proposal or Quote,Best Case,0.6,170983.52,USD,2025-12-14,2026-05-03,2026-05-03,2026-07-27,1,false,false,,Existing Relationship,Capacity Expansion,Submit revised quotation,2026-06-23
006000000001192AAA,Blue Ridge Automotive - Blue ServicePlus Program - 1192,001000000000012AAA,005000000000014AAA,Expansion,Blue ServicePlus Program,Aftermarket Program,Hybrid,Closed Won,Closed,1,1616585.96,USD,2024-05-23,2024-07-23,,2024-07-23,0,true,true,,Trade Event,Cost Reduction,,2024-07-10
006000000001193AAA,Alder Vehicle Systems - Alder TrailForge Platform - 1193,001000000000131AAA,005000000000022AAA,New Program,Alder TrailForge Platform,Light Truck,ICE,Technical Review,Pipeline,0.4,1184646.44,USD,2026-02-09,2026-06-11,,2026-10-27,0,false,false,,Inbound,Capacity Expansion,Validate product fit,2026-06-09
006000000001194AAA,Crescent Engineering 66 - Crescent Vista Crossover - 1194,001000000000130AAA,005000000000026AAA,Expansion,Crescent Vista Crossover,Compact Crossover,ICE,Proposal or Quote,Pipeline,0.6,650967.34,USD,2025-11-11,2026-02-27,2026-02-27,2026-10-25,2,false,false,,RFQ,Quality Improvement,Confirm program timing,2026-06-17
006000000001195AAA,Keystone Motor Systems 83 - Keystone CityMotion Vehicle - 1195,001000000000203AAA,005000000000011AAA,Replacement,Keystone CityMotion Vehicle,Urban Commuter,ICE,Closed Won,Closed,1,568185.23,USD,2025-12-07,2026-01-26,2026-01-26,2026-04-16,2,true,true,,Trade Event,Cost Reduction,,2026-04-15
006000000001196AAA,Westgate Fleet Solutions - Westgate UrbanGo Platform - 1196,001000000000078AAA,005000000000013AAA,New Program,Westgate UrbanGo Platform,Urban Commuter,Hybrid,Proposal or Quote,Best Case,0.6,955888.83,USD,2026-04-24,2026-08-12,,2026-08-12,0,false,false,,RFQ,Cost Reduction,Validate product fit,2026-05-17
006000000001197AAA,Eastgate Transport Group - Eastgate Vista Crossover - 1197,001000000000211AAA,005000000000028AAA,New Program,Eastgate Vista Crossover,Compact Crossover,ICE,Closed Won,Closed,1,262035.92,USD,2024-12-03,2025-05-04,,2025-05-04,0,true,true,,Existing Relationship,Quality Improvement,,2025-04-29
006000000001198AAA,Frontier Engineering 49 - Frontier Vista Crossover - 1198,001000000000401AAA,005000000000019AAA,New Program,Frontier Vista Crossover,Compact Crossover,ICE,Technical Review,Pipeline,0.4,605272.1,USD,2026-03-02,2026-09-24,,2026-09-24,0,false,false,,RFQ,Quality Improvement,Submit revised quotation,2026-06-27
006000000001199AAA,Valley Powertrain 29 - Valley TrailForge Platform - 1199,001000000000179AAA,005000000000027AAA,Requote,Valley TrailForge Platform,Light Truck,Hybrid,Closed Lost,Closed,0,741784.52,USD,2026-01-30,2026-04-13,,2026-04-13,0,true,false,Program Cancelled,Trade Event,Platform Launch,,2026-03-29
006000000001200AAA,Granite Assembly - Granite TrailForge Platform - 1200,001000000000104AAA,005000000000019AAA,New Program,Granite TrailForge Platform,Light Truck,ICE,Qualification,Pipeline,0.2,866555.03,USD,2026-06-14,2027-01-27,2027-01-27,2027-03-29,1,false,false,,Partner,Hybrid Readiness,Submit revised quotation,2026-05-31
006000000001201AAA,Granite Mobility - Granite Summit Sedan - 1201,001000000000241AAA,005000000000027AAA,Expansion,Granite Summit Sedan,Mid-Size Sedan,ICE,Closed Won,Closed,1,542130.16,USD,2023-11-20,2024-04-04,,2024-04-04,0,true,true,,Existing Relationship,Capacity Expansion,,2024-03-17
006000000001202AAA,Cedar Vehicle Systems - Cedar UrbanGo Platform - 1202,001000000000098AAA,005000000000025AAA,Replacement,Cedar UrbanGo Platform,Urban Commuter,Hybrid,Proposal or Quote,Pipeline,0.6,653127.02,USD,2025-10-21,2026-04-26,,2026-10-31,0,false,false,,Existing Relationship,Platform Launch,Complete technical review,2026-06-04
006000000001203AAA,BlueRiver Vehicle Systems - BlueRiver WorkLine Truck - 1203,001000000000008AAA,005000000000012AAA,Expansion,BlueRiver WorkLine Truck,Light Truck,ICE,Qualification,Pipeline,0.2,551392.96,USD,2025-12-04,2026-04-07,,2026-12-15,0,false,false,,Existing Relationship,Cost Reduction,Complete technical review,2026-05-31
006000000001204AAA,Westgate Industrial Supply - Westgate National Parts Program - 1204,001000000000022AAA,005000000000016AAA,Expansion,Westgate National Parts Program,Aftermarket Program,ICE,Closed Won,Closed,1,1609903.28,USD,2025-10-18,2026-03-07,,2026-03-07,0,true,true,,Trade Event,Cost Reduction,,2026-03-02
006000000001205AAA,Crescent Mobility - Crescent Vista Crossover - 1205,001000000000064AAA,005000000000023AAA,Requote,Crescent Vista Crossover,Compact Crossover,ICE,Closed Lost,Closed,0,889603.04,USD,2023-04-28,2023-10-13,,2023-10-13,0,true,false,Competitor,RFQ,Quality Improvement,,2023-10-08
006000000001206AAA,Suncrest Mobility 59 - Suncrest UtilityPro Program - 1206,001000000000498AAA,005000000000019AAA,Replacement,Suncrest UtilityPro Program,Light Truck,ICE,Proposal or Quote,Best Case,0.6,135609.45,USD,2026-04-07,2026-09-02,,2026-09-02,0,false,false,,Partner,Cost Reduction,Validate product fit,2026-06-11
006000000001207AAA,Pacific Automotive 66 - Pacific UtilityPro Program - 1207,001000000000471AAA,005000000000024AAA,Expansion,Pacific UtilityPro Program,Light Truck,Hybrid,Technical Review,Pipeline,0.4,207208.92,USD,2023-08-20,2024-01-23,,2026-10-26,0,false,false,,Partner,Cost Reduction,Validate product fit,2026-06-18
006000000001208AAA,Windward Vehicle Systems - Windward National Parts Program - 1208,001000000000063AAA,005000000000013AAA,Expansion,Windward National Parts Program,Aftermarket Program,ICE,Closed Won,Closed,1,469726.09,USD,2024-10-16,2025-03-21,,2025-03-21,0,true,true,,Partner,Capacity Expansion,,2025-03-11
006000000001209AAA,Oakline Distribution - Oakline Horizon Crossover - 1209,001000000000029AAA,005000000000012AAA,New Program,Oakline Horizon Crossover,Compact Crossover,Hybrid,Technical Review,Pipeline,0.4,1170242.64,USD,2024-04-28,2024-09-20,,2026-10-15,0,false,false,,Existing Relationship,Capacity Expansion,Validate product fit,2026-05-25
006000000001210AAA,Westgate Components - Westgate WorkLine Truck - 1210,001000000000356AAA,005000000000013AAA,Expansion,Westgate WorkLine Truck,Light Truck,Hybrid,Closed Won,Closed,1,828448.67,USD,2024-10-15,2025-03-05,,2025-03-05,0,true,true,,RFQ,Hybrid Readiness,,2025-02-27
006000000001211AAA,Blue Ridge Automotive 81 - Blue TrailForge Platform - 1211,001000000000195AAA,005000000000022AAA,New Program,Blue TrailForge Platform,Light Truck,ICE,Proposal or Quote,Best Case,0.6,851033.98,USD,2026-05-24,2026-09-18,,2026-09-18,0,false,false,,Referral,Hybrid Readiness,Confirm program timing,2026-05-31
006000000001212AAA,Continental Mobility Systems - Continental Vista Crossover - 1212,001000000000004AAA,005000000000016AAA,New Program,Continental Vista Crossover,Compact Crossover,Hybrid,Closed Won,Closed,1,1254543.94,USD,2024-03-03,2024-06-08,,2024-06-08,0,true,true,,Existing Relationship,Cost Reduction,,2024-05-30
006000000001213AAA,Pinnacle Components - Pinnacle Nova Compact Program - 1213,001000000000243AAA,005000000000027AAA,Replacement,Pinnacle Nova Compact Program,Compact Crossover,ICE,Closed Lost,Closed,0,570570.86,USD,2024-01-03,2024-05-10,,2024-05-10,0,true,false,No Decision,RFQ,Capacity Expansion,,2024-05-07
006000000001214AAA,Suncrest Components - Suncrest UtilityPro Program - 1214,001000000000183AAA,005000000000017AAA,New Program,Suncrest UtilityPro Program,Light Truck,Hybrid,Proposal or Quote,Best Case,0.6,545698.58,USD,2026-03-15,2026-09-06,,2026-09-06,0,false,false,,Existing Relationship,Supplier Consolidation,Finalize commercial terms,2026-05-20
006000000001215AAA,Eastgate Manufacturing - Eastgate ServicePlus Program - 1215,001000000000033AAA,005000000000022AAA,Expansion,Eastgate ServicePlus Program,Aftermarket Program,Hybrid,Proposal or Quote,Best Case,0.6,2058368.49,USD,2026-03-23,2026-08-30,,2026-08-30,0,false,false,,Inbound,Capacity Expansion,Complete technical review,2026-05-30
006000000001216AAA,Harbor Transport Group - Harbor Meridian Sedan - 1216,001000000000047AAA,005000000000019AAA,Expansion,Harbor Meridian Sedan,Mid-Size Sedan,Hybrid,Proposal or Quote,Best Case,0.6,1186634.34,USD,2026-01-21,2026-09-13,,2026-09-13,0,false,false,,Existing Relationship,Capacity Expansion,Validate product fit,2026-06-10
006000000001217AAA,Maple Motor Systems - Maple RoadReady Replacement - 1217,001000000000103AAA,005000000000025AAA,Replacement,Maple RoadReady Replacement,Aftermarket Program,ICE,Negotiation,Commit,0.8,1345046.17,USD,2026-03-17,2026-07-17,,2026-07-17,0,false,false,,Referral,Supplier Consolidation,Confirm program timing,2026-06-29
006000000001218AAA,Windward Distribution - Windward ServicePlus Program - 1218,001000000000126AAA,005000000000018AAA,Replacement,Windward ServicePlus Program,Aftermarket Program,Hybrid,Closed Lost,Closed,0,973294.7,USD,2024-12-11,2025-06-26,,2025-06-26,0,true,false,Technical Fit,RFQ,Cost Reduction,,2025-06-10
006000000001219AAA,Oakline Automotive 33 - Oakline Summit Sedan - 1219,001000000000466AAA,005000000000015AAA,Requote,Oakline Summit Sedan,Mid-Size Sedan,ICE,Closed Won,Closed,1,316001.7,USD,2024-05-06,2024-09-12,,2024-09-12,0,true,true,,Inbound,Cost Reduction,,2024-09-06
006000000001220AAA,Silverline Fleet Solutions - Silverline UrbanGo Platform - 1220,001000000000228AAA,005000000000023AAA,Requote,Silverline UrbanGo Platform,Urban Commuter,ICE,Closed Lost,Closed,0,266582.72,USD,2025-11-30,2026-02-27,,2026-02-27,0,true,false,Price,RFQ,Capacity Expansion,,2026-02-10
006000000001221AAA,Westgate Automotive - Westgate Horizon Crossover - 1221,001000000000060AAA,005000000000017AAA,New Program,Westgate Horizon Crossover,Compact Crossover,ICE,Closed Won,Closed,1,1069407.77,USD,2025-04-22,2025-10-14,,2025-10-14,0,true,true,,Existing Relationship,Supplier Consolidation,,2025-09-29
006000000001222AAA,Alder Mobility - Alder Vista Crossover - 1222,001000000000011AAA,005000000000024AAA,New Program,Alder Vista Crossover,Compact Crossover,ICE,Closed Lost,Closed,0,1446025.9,USD,2025-12-02,2026-03-04,,2026-03-04,0,true,false,Program Cancelled,Partner,Capacity Expansion,,2026-02-22
006000000001223AAA,Central Vehicle Systems 63 - Central Meridian Sedan - 1223,001000000000488AAA,005000000000027AAA,New Program,Central Meridian Sedan,Mid-Size Sedan,ICE,Closed Lost,Closed,0,176273.1,USD,2024-10-17,2025-04-14,,2025-04-14,0,true,false,Program Cancelled,RFQ,Cost Reduction,,2025-04-07
006000000001224AAA,Maple Performance Parts - Maple ServicePlus Program - 1224,001000000000084AAA,005000000000022AAA,New Program,Maple ServicePlus Program,Aftermarket Program,ICE,Closed Won,Closed,1,1133597.08,USD,2023-11-06,2024-04-12,2024-04-12,2024-05-21,1,true,true,,Referral,Supplier Consolidation,,2024-05-11
006000000001225AAA,Northfield Transport Group - Northfield ServicePlus Program - 1225,001000000000030AAA,005000000000017AAA,New Program,Northfield ServicePlus Program,Aftermarket Program,ICE,Closed Won,Closed,1,2367020.94,USD,2025-03-08,2025-09-19,,2025-09-19,0,true,true,,RFQ,Cost Reduction,,2025-08-29
006000000001226AAA,Alder Industrial Supply - Alder Avenue Platform - 1226,001000000000043AAA,005000000000018AAA,New Program,Alder Avenue Platform,Mid-Size Sedan,Hybrid,Closed Lost,Closed,0,733564.64,USD,2024-08-31,2024-11-11,2024-11-11,2025-01-15,1,true,false,Timing,RFQ,Hybrid Readiness,,2024-12-25
006000000001227AAA,Silverline Powertrain 19 - Silverline Vista Crossover - 1227,001000000000099AAA,005000000000019AAA,New Program,Silverline Vista Crossover,Compact Crossover,ICE,Qualification,Pipeline,0.2,1015476,USD,2026-03-27,2026-10-20,,2026-10-20,0,false,false,,RFQ,Cost Reduction,Finalize commercial terms,2026-05-26
006000000001228AAA,Meridian Transport Group - Meridian Avenue Platform - 1228,001000000000293AAA,005000000000028AAA,New Program,Meridian Avenue Platform,Mid-Size Sedan,Hybrid,Closed Lost,Closed,0,348407.56,USD,2025-02-04,2025-04-01,,2025-04-01,0,true,false,Competitor,RFQ,Hybrid Readiness,,2025-03-18
006000000001229AAA,Silverline Components - Silverline Vista Crossover - 1229,001000000000094AAA,005000000000028AAA,New Program,Silverline Vista Crossover,Compact Crossover,Hybrid,Closed Won,Closed,1,649269.33,USD,2025-06-27,2025-12-11,,2025-12-11,0,true,true,,Existing Relationship,Platform Launch,,2025-12-08
006000000001230AAA,MetroVale Motors - MetroVale MetroOne Program - 1230,001000000000002AAA,005000000000018AAA,New Program,MetroVale MetroOne Program,Urban Commuter,ICE,Negotiation,Commit,0.8,1893207.58,USD,2026-02-28,2026-07-14,,2026-07-14,0,false,false,,RFQ,Hybrid Readiness,Complete technical review,2026-05-24
006000000001231AAA,Atlas Powertrain 71 - Atlas ServicePlus Program - 1231,001000000000460AAA,005000000000019AAA,Replacement,Atlas ServicePlus Program,Aftermarket Program,Hybrid,Qualification,Pipeline,0.2,282645.86,USD,2026-02-20,2026-09-17,2026-09-17,2026-11-24,2,false,false,,Trade Event,Supplier Consolidation,Submit revised quotation,2026-06-13
006000000001232AAA,Pinnacle Fleet Solutions - Pinnacle CityTrail Compact - 1232,001000000000028AAA,005000000000015AAA,Replacement,Pinnacle CityTrail Compact,Compact Crossover,Hybrid,Closed Won,Closed,1,2493954.06,USD,2025-10-31,2026-03-22,,2026-03-22,0,true,true,,Existing Relationship,Supplier Consolidation,,2026-03-21
006000000001233AAA,Eastgate Vehicle Systems - Eastgate Meridian Sedan - 1233,001000000000014AAA,005000000000018AAA,New Program,Eastgate Meridian Sedan,Mid-Size Sedan,Hybrid,Closed Lost,Closed,0,1710128.49,USD,2025-10-27,2026-03-07,,2026-03-07,0,true,false,Program Cancelled,Referral,Platform Launch,,2026-03-03
006000000001234AAA,Cobalt Motor Systems - Cobalt Everyday Commuter - 1234,001000000000427AAA,005000000000026AAA,Requote,Cobalt Everyday Commuter,Urban Commuter,Hybrid,Negotiation,Commit,0.8,93111.08,USD,2026-04-30,2026-09-07,,2026-09-07,0,false,false,,Existing Relationship,Platform Launch,Validate product fit,2026-06-03
006000000001235AAA,Northstar Automotive Group - Northstar FleetWay Program - 1235,001000000000001AAA,005000000000013AAA,Expansion,Northstar FleetWay Program,Fleet Van,Hybrid,Closed Won,Closed,1,2475140.74,USD,2025-04-26,2025-08-29,,2025-08-29,0,true,true,,Inbound,Cost Reduction,,2025-08-18
006000000001236AAA,Redwood Industrial Supply - Redwood UtilityPro Program - 1236,001000000000136AAA,005000000000027AAA,New Program,Redwood UtilityPro Program,Light Truck,Hybrid,Closed Won,Closed,1,673645.78,USD,2025-11-14,2026-06-09,,2026-06-09,0,true,true,,RFQ,Capacity Expansion,,2026-05-27
006000000001237AAA,Meridian Vehicle Systems - Meridian TransitWorks Van - 1237,001000000000320AAA,005000000000023AAA,New Program,Meridian TransitWorks Van,Fleet Van,ICE,Closed Lost,Closed,0,228125.64,USD,2025-04-30,2025-10-03,,2025-10-03,0,true,false,Timing,Existing Relationship,Capacity Expansion,,2025-09-15
006000000001238AAA,Oakline Vehicle Systems - Oakline RoadReady Replacement - 1238,001000000000413AAA,005000000000012AAA,New Program,Oakline RoadReady Replacement,Aftermarket Program,ICE,Closed Lost,Closed,0,255410.12,USD,2024-01-15,2024-06-14,,2024-06-14,0,true,false,Technical Fit,RFQ,Hybrid Readiness,,2024-05-30
006000000001239AAA,Northfield Assembly - Northfield Meridian Sedan - 1239,001000000000035AAA,005000000000018AAA,Replacement,Northfield Meridian Sedan,Mid-Size Sedan,ICE,Closed Lost,Closed,0,784614.24,USD,2023-06-29,2023-11-13,,2023-11-13,0,true,false,Timing,Partner,Quality Improvement,,2023-10-19
006000000001240AAA,Oakline Distribution - Oakline Meridian Sedan - 1240,001000000000029AAA,005000000000013AAA,New Program,Oakline Meridian Sedan,Mid-Size Sedan,Hybrid,Negotiation,Commit,0.8,1323005,USD,2026-03-06,2026-07-08,,2026-07-08,0,false,false,,Trade Event,Quality Improvement,Finalize commercial terms,2026-06-28
006000000001241AAA,Beacon Components - Beacon Everyday Commuter - 1241,001000000000286AAA,005000000000016AAA,New Program,Beacon Everyday Commuter,Urban Commuter,ICE,Technical Review,Pipeline,0.4,252025.53,USD,2026-03-23,2026-08-31,,2026-08-31,0,false,false,,Existing Relationship,Platform Launch,Finalize commercial terms,2026-06-05
006000000001242AAA,Liberty Components - Liberty UrbanCargo Platform - 1242,001000000000077AAA,005000000000030AAA,New Program,Liberty UrbanCargo Platform,Fleet Van,ICE,Closed Won,Closed,1,1135410,USD,2023-03-23,2023-11-07,,2023-11-07,0,true,true,,Existing Relationship,Capacity Expansion,,2023-10-14
006000000001243AAA,Central Vehicle Systems 63 - Central Meridian Sedan - 1243,001000000000488AAA,005000000000028AAA,Requote,Central Meridian Sedan,Mid-Size Sedan,ICE,Closed Lost,Closed,0,209756.71,USD,2025-04-04,2025-09-06,2025-09-06,2025-10-27,2,true,false,No Decision,Referral,Hybrid Readiness,,2025-10-24
006000000001244AAA,Northstar Automotive Group - Northstar Horizon Crossover - 1244,001000000000001AAA,005000000000013AAA,Expansion,Northstar Horizon Crossover,Compact Crossover,ICE,Proposal or Quote,Best Case,0.6,1344878.71,USD,2026-03-05,2026-09-06,,2026-09-06,0,false,false,,Partner,Cost Reduction,Submit revised quotation,2026-05-23
006000000001245AAA,Keystone Motor Systems - Keystone Vista Crossover - 1245,001000000000177AAA,005000000000030AAA,New Program,Keystone Vista Crossover,Compact Crossover,Hybrid,Closed Won,Closed,1,529285.55,USD,2023-08-21,2024-04-30,,2024-04-30,0,true,true,,Referral,Platform Launch,,2024-04-29
006000000001246AAA,Oakline Distribution - Oakline UtilityPro Program - 1246,001000000000029AAA,005000000000014AAA,Expansion,Oakline UtilityPro Program,Light Truck,ICE,Closed Lost,Closed,0,2348527.79,USD,2025-02-13,2025-08-18,,2025-08-18,0,true,false,Program Cancelled,Existing Relationship,Capacity Expansion,,2025-08-04
006000000001247AAA,Blue Ridge Mobility - Blue CityTrail Compact - 1247,001000000000412AAA,005000000000025AAA,New Program,Blue CityTrail Compact,Compact Crossover,ICE,Closed Lost,Closed,0,342191.84,USD,2024-02-13,2024-07-11,,2024-07-11,0,true,false,Competitor,Existing Relationship,Hybrid Readiness,,2024-07-01
006000000001248AAA,Eastgate Vehicle Systems - Eastgate Everyday Commuter - 1248,001000000000014AAA,005000000000018AAA,New Program,Eastgate Everyday Commuter,Urban Commuter,Hybrid,Negotiation,Commit,0.8,1239133.84,USD,2026-01-18,2026-08-06,,2026-08-06,0,false,false,,Referral,Hybrid Readiness,Validate product fit,2026-06-04
006000000001249AAA,MetroVale Motors - MetroVale CityMotion Vehicle - 1249,001000000000002AAA,005000000000019AAA,Requote,MetroVale CityMotion Vehicle,Urban Commuter,ICE,Technical Review,Pipeline,0.4,1910136.69,USD,2025-01-07,2025-07-05,,2027-01-17,0,false,false,,RFQ,Capacity Expansion,Complete technical review,2026-06-05
006000000001250AAA,Alder Components 36 - Alder Horizon Crossover - 1250,001000000000224AAA,005000000000024AAA,Requote,Alder Horizon Crossover,Compact Crossover,ICE,Proposal or Quote,Pipeline,0.6,510702.69,USD,2024-01-14,2024-04-16,,2026-10-02,0,false,false,,Partner,Platform Launch,Complete technical review,2026-05-21
006000000001251AAA,Maple Performance Parts - Maple National Parts Program - 1251,001000000000084AAA,005000000000022AAA,Requote,Maple National Parts Program,Aftermarket Program,ICE,Negotiation,Commit,0.8,1245320.93,USD,2026-04-05,2026-06-21,2026-06-21,2026-07-29,1,false,false,,Partner,Capacity Expansion,Validate product fit,2026-06-23
006000000001252AAA,Blue Ridge Transport Group - Blue Vista Crossover - 1252,001000000000020AAA,005000000000023AAA,Replacement,Blue Vista Crossover,Compact Crossover,ICE,Closed Lost,Closed,0,1049069.71,USD,2025-06-06,2025-12-28,,2025-12-28,0,true,false,No Decision,RFQ,Hybrid Readiness,,2025-12-24
006000000001253AAA,Union Motor Systems 14 - Union CityTrail Compact - 1253,001000000000333AAA,005000000000029AAA,Replacement,Union CityTrail Compact,Compact Crossover,Hybrid,Qualification,Pipeline,0.2,365275.94,USD,2025-06-30,2026-01-07,,2026-11-08,0,false,false,,Trade Event,Platform Launch,Submit revised quotation,2026-06-07
006000000001254AAA,Harbor Transport Group - Harbor TrailForge Platform - 1254,001000000000047AAA,005000000000019AAA,Requote,Harbor TrailForge Platform,Light Truck,Hybrid,Technical Review,Pipeline,0.4,694490.93,USD,2026-05-24,2026-10-04,,2026-10-04,0,false,false,,Inbound,Hybrid Readiness,Finalize commercial terms,2026-05-25
006000000001255AAA,Cedar Motor Systems - Cedar Horizon Crossover - 1255,001000000000129AAA,005000000000018AAA,Expansion,Cedar Horizon Crossover,Compact Crossover,ICE,Closed Lost,Closed,0,939319.23,USD,2023-05-16,2023-10-19,,2023-10-19,0,true,false,Price,Existing Relationship,Supplier Consolidation,,2023-10-18
006000000001256AAA,Timberline Components 5 - Timberline TrailForge Platform - 1256,001000000000240AAA,005000000000023AAA,Replacement,Timberline TrailForge Platform,Light Truck,ICE,Closed Lost,Closed,0,676046.5,USD,2023-08-26,2023-12-27,,2023-12-27,0,true,false,Program Cancelled,Inbound,Quality Improvement,,2023-12-21
006000000001257AAA,Ridgeway Components - Ridgeway Vista Crossover - 1257,001000000000285AAA,005000000000011AAA,Expansion,Ridgeway Vista Crossover,Compact Crossover,ICE,Closed Won,Closed,1,187572.45,USD,2024-07-26,2024-12-26,2024-12-26,2025-02-02,1,true,true,,Referral,Platform Launch,,2025-01-14
006000000001258AAA,Delta Performance Parts - Delta Vista Crossover - 1258,001000000000326AAA,005000000000013AAA,New Program,Delta Vista Crossover,Compact Crossover,ICE,Closed Won,Closed,1,421324.74,USD,2025-01-16,2025-05-27,,2025-05-27,0,true,true,,RFQ,Cost Reduction,,2025-05-21
006000000001259AAA,Silverline Performance Parts 98 - Silverline ServicePlus Program - 1259,001000000000143AAA,005000000000012AAA,Requote,Silverline ServicePlus Program,Aftermarket Program,Hybrid,Closed Won,Closed,1,621703.62,USD,2025-07-16,2025-12-09,,2025-12-09,0,true,true,,Existing Relationship,Supplier Consolidation,,2025-11-16
006000000001260AAA,Union Transport Group - Union TrailForge Platform - 1260,001000000000433AAA,005000000000020AAA,New Program,Union TrailForge Platform,Light Truck,ICE,Proposal or Quote,Best Case,0.6,212315.94,USD,2026-05-18,2026-11-04,2026-11-04,2026-12-13,2,false,false,,Existing Relationship,Cost Reduction,Confirm program timing,2026-05-19
006000000001261AAA,Prairie Fleet Solutions 16 - Prairie Vista Crossover - 1261,001000000000334AAA,005000000000013AAA,Requote,Prairie Vista Crossover,Compact Crossover,ICE,Closed Won,Closed,1,270723.06,USD,2025-11-24,2026-03-28,,2026-03-28,0,true,true,,Existing Relationship,Supplier Consolidation,,2026-03-12
006000000001262AAA,Pacific Transport Group 88 - Pacific TrailForge Platform - 1262,001000000000086AAA,005000000000017AAA,Requote,Pacific TrailForge Platform,Light Truck,ICE,Technical Review,Pipeline,0.4,1569223.44,USD,2026-04-17,2026-09-01,,2026-09-01,0,false,false,,Referral,Cost Reduction,Validate product fit,2026-06-05
006000000001263AAA,Alder Automotive - Alder Horizon Crossover - 1263,001000000000282AAA,005000000000018AAA,New Program,Alder Horizon Crossover,Compact Crossover,ICE,Closed Won,Closed,1,361491.48,USD,2024-10-13,2025-01-23,,2025-01-23,0,true,true,,Existing Relationship,Cost Reduction,,2024-12-31
006000000001264AAA,Granite Fleet Solutions - Granite UrbanGo Platform - 1264,001000000000050AAA,005000000000022AAA,Requote,Granite UrbanGo Platform,Urban Commuter,ICE,Closed Won,Closed,1,716972.91,USD,2023-09-13,2023-12-27,,2023-12-27,0,true,true,,Existing Relationship,Platform Launch,,2023-12-03
006000000001265AAA,MetroVale Motors - MetroVale UrbanGo Platform - 1265,001000000000002AAA,005000000000018AAA,New Program,MetroVale UrbanGo Platform,Urban Commuter,ICE,Closed Lost,Closed,0,1195116.44,USD,2023-05-16,2023-11-23,,2023-11-23,0,true,false,Timing,Partner,Capacity Expansion,,2023-11-16
006000000001266AAA,Silverline Powertrain 19 - Silverline Vista Crossover - 1266,001000000000099AAA,005000000000018AAA,Replacement,Silverline Vista Crossover,Compact Crossover,ICE,Closed Lost,Closed,0,756583.06,USD,2023-02-23,2023-08-24,,2023-08-24,0,true,false,Timing,Existing Relationship,Platform Launch,,2023-08-04
006000000001267AAA,Westgate Transport Group - Westgate TrailForge Platform - 1267,001000000000085AAA,005000000000023AAA,Expansion,Westgate TrailForge Platform,Light Truck,ICE,Closed Won,Closed,1,773263.3,USD,2025-07-28,2026-01-03,2026-01-03,2026-02-22,1,true,true,,Inbound,Hybrid Readiness,,2026-02-21
006000000001268AAA,Cobalt Fleet Solutions 97 - Cobalt Summit Sedan - 1268,001000000000494AAA,005000000000018AAA,Replacement,Cobalt Summit Sedan,Mid-Size Sedan,ICE,Proposal or Quote,Best Case,0.6,75136.88,USD,2026-03-23,2026-09-16,2026-09-16,2026-11-12,2,false,false,,RFQ,Supplier Consolidation,Complete technical review,2026-06-07
006000000001269AAA,Beacon Vehicle Systems - Beacon Nova Compact Program - 1269,001000000000055AAA,005000000000011AAA,New Program,Beacon Nova Compact Program,Compact Crossover,ICE,Closed Won,Closed,1,1753060.38,USD,2025-12-10,2026-03-05,,2026-03-05,0,true,true,,Existing Relationship,Hybrid Readiness,,2026-02-11
006000000001270AAA,Crescent Automotive - Crescent TrailForge Platform - 1270,001000000000135AAA,005000000000020AAA,Replacement,Crescent TrailForge Platform,Light Truck,ICE,Closed Won,Closed,1,508793.84,USD,2023-11-09,2024-02-28,,2024-02-28,0,true,true,,RFQ,Hybrid Readiness,,2024-02-20
006000000001271AAA,Cobalt Engineering 79 - Cobalt Vista Crossover - 1271,001000000000212AAA,005000000000016AAA,Requote,Cobalt Vista Crossover,Compact Crossover,ICE,Closed Lost,Closed,0,409052.49,USD,2024-12-07,2025-03-29,,2025-03-29,0,true,false,Price,Trade Event,Cost Reduction,,2025-03-17
006000000001272AAA,Prairie Mobility - Prairie Horizon Crossover - 1272,001000000000139AAA,005000000000017AAA,Replacement,Prairie Horizon Crossover,Compact Crossover,Hybrid,Technical Review,Pipeline,0.4,539965.58,USD,2026-03-23,2026-08-15,,2026-08-15,0,false,false,,RFQ,Quality Improvement,Complete technical review,2026-05-22
006000000001273AAA,Atlas Mobility - Atlas Everyday Commuter - 1273,001000000000127AAA,005000000000020AAA,Expansion,Atlas Everyday Commuter,Urban Commuter,ICE,Closed Lost,Closed,0,661663.5,USD,2025-07-16,2025-12-25,,2025-12-25,0,true,false,Timing,RFQ,Capacity Expansion,,2025-12-10
006000000001274AAA,Oakline Distribution - Oakline ServicePlus Program - 1274,001000000000029AAA,005000000000013AAA,Expansion,Oakline ServicePlus Program,Aftermarket Program,ICE,Closed Won,Closed,1,1493564.94,USD,2023-03-27,2023-08-25,,2023-08-25,0,true,true,,Existing Relationship,Hybrid Readiness,,2023-08-19
006000000001275AAA,Pacific Manufacturing - Pacific Avenue Platform - 1275,001000000000180AAA,005000000000026AAA,Expansion,Pacific Avenue Platform,Mid-Size Sedan,Hybrid,Closed Won,Closed,1,492686.98,USD,2024-03-24,2024-08-08,,2024-08-08,0,true,true,,RFQ,Hybrid Readiness,,2024-08-04
006000000001276AAA,Union Fleet Solutions - Union ServicePlus Program - 1276,001000000000088AAA,005000000000011AAA,Requote,Union ServicePlus Program,Aftermarket Program,Hybrid,Proposal or Quote,Best Case,0.6,1309910.76,USD,2026-04-28,2026-07-09,2026-07-09,2026-10-15,1,false,false,,RFQ,Supplier Consolidation,Finalize commercial terms,2026-06-23
006000000001277AAA,Pacific Fleet Solutions - Pacific Vista Crossover - 1277,001000000000147AAA,005000000000014AAA,New Program,Pacific Vista Crossover,Compact Crossover,ICE,Technical Review,Pipeline,0.4,838963.43,USD,2025-09-16,2025-11-27,,2027-02-02,0,false,false,,RFQ,Supplier Consolidation,Complete technical review,2026-05-24
006000000001278AAA,Windward Automotive - Windward MetroOne Program - 1278,001000000000443AAA,005000000000011AAA,Requote,Windward MetroOne Program,Urban Commuter,ICE,Closed Lost,Closed,0,282161.82,USD,2024-06-18,2024-11-25,,2024-11-25,0,true,false,Timing,Referral,Hybrid Readiness,,2024-11-12
006000000001279AAA,Pacific Transport Group - Pacific UrbanCargo Platform - 1279,001000000000067AAA,005000000000023AAA,New Program,Pacific UrbanCargo Platform,Fleet Van,ICE,Closed Lost,Closed,0,285055.63,USD,2024-11-03,2025-05-07,,2025-05-07,0,true,false,No Decision,RFQ,Quality Improvement,,2025-04-18
006000000001280AAA,Silverline Fleet Solutions - Silverline MetroOne Program - 1280,001000000000228AAA,005000000000022AAA,New Program,Silverline MetroOne Program,Urban Commuter,ICE,Closed Won,Closed,1,523334.72,USD,2023-09-14,2024-01-26,,2024-01-26,0,true,true,,Trade Event,Quality Improvement,,2024-01-07
006000000001281AAA,Summit Motorworks - Summit WorkLine Truck - 1281,001000000000003AAA,005000000000012AAA,Replacement,Summit WorkLine Truck,Light Truck,Hybrid,Qualification,Pipeline,0.2,1911906.48,USD,2026-05-12,2026-10-10,,2026-10-10,0,false,false,,Existing Relationship,Platform Launch,Confirm program timing,2026-05-16
006000000001282AAA,Summit Motorworks - Summit Vista Crossover - 1282,001000000000003AAA,005000000000012AAA,Expansion,Summit Vista Crossover,Compact Crossover,ICE,Closed Won,Closed,1,980618.58,USD,2024-10-27,2025-02-07,,2025-02-07,0,true,true,,RFQ,Hybrid Readiness,,2025-02-05
006000000001283AAA,Maple Engineering - Maple Summit Sedan - 1283,001000000000073AAA,005000000000023AAA,Requote,Maple Summit Sedan,Mid-Size Sedan,ICE,Technical Review,Pipeline,0.4,857795.9,USD,2026-04-25,2026-10-08,,2026-10-08,0,false,false,,Trade Event,Hybrid Readiness,Submit revised quotation,2026-05-25
006000000001284AAA,Silverline Fleet Solutions - Silverline Nova Compact Program - 1284,001000000000228AAA,005000000000021AAA,Requote,Silverline Nova Compact Program,Compact Crossover,ICE,Closed Lost,Closed,0,570945.91,USD,2025-04-17,2025-09-18,,2025-09-18,0,true,false,Program Cancelled,RFQ,Quality Improvement,,2025-09-01
006000000001285AAA,Crescent Distribution - Crescent CityTrail Compact - 1285,001000000000199AAA,005000000000028AAA,New Program,Crescent CityTrail Compact,Compact Crossover,Hybrid,Technical Review,Pipeline,0.4,435627.74,USD,2026-02-26,2026-08-04,2026-08-04,2026-11-27,1,false,false,,Existing Relationship,Quality Improvement,Validate product fit,2026-06-13
006000000001286AAA,Oakline Distribution - Oakline Everyday Commuter - 1286,001000000000029AAA,005000000000012AAA,Replacement,Oakline Everyday Commuter,Urban Commuter,ICE,Closed Won,Closed,1,1873611.45,USD,2025-04-07,2025-08-21,,2025-08-21,0,true,true,,Existing Relationship,Platform Launch,,2025-07-31
006000000001287AAA,Timberline Vehicle Systems - Timberline Vista Crossover - 1287,001000000000096AAA,005000000000030AAA,Expansion,Timberline Vista Crossover,Compact Crossover,Hybrid,Closed Lost,Closed,0,1167890.62,USD,2024-02-16,2024-09-06,,2024-09-06,0,true,false,Price,Partner,Hybrid Readiness,,2024-08-15
006000000001288AAA,Pacific Fleet Solutions - Pacific TransitWorks Van - 1288,001000000000147AAA,005000000000013AAA,New Program,Pacific TransitWorks Van,Fleet Van,ICE,Closed Lost,Closed,0,185568.73,USD,2026-01-05,2026-04-12,,2026-04-12,0,true,false,Technical Fit,RFQ,Platform Launch,,2026-04-02
006000000001289AAA,Meridian Distribution - Meridian TrailForge Platform - 1289,001000000000034AAA,005000000000013AAA,Expansion,Meridian TrailForge Platform,Light Truck,ICE,Closed Won,Closed,1,785324.31,USD,2026-02-22,2026-06-13,,2026-06-13,0,true,true,,RFQ,Quality Improvement,,2026-05-19
006000000001290AAA,Silverline Assembly - Silverline MetroOne Program - 1290,001000000000057AAA,005000000000017AAA,Replacement,Silverline MetroOne Program,Urban Commuter,ICE,Closed Won,Closed,1,1023768.16,USD,2025-06-23,2025-12-28,,2025-12-28,0,true,true,,RFQ,Supplier Consolidation,,2025-12-17
006000000001291AAA,Windward Vehicle Systems 73 - Windward ServicePlus Program - 1291,001000000000182AAA,005000000000022AAA,Expansion,Windward ServicePlus Program,Aftermarket Program,ICE,Closed Won,Closed,1,431636.5,USD,2025-02-20,2025-09-05,,2025-09-05,0,true,true,,Trade Event,Capacity Expansion,,2025-08-27
006000000001292AAA,Blue Ridge Assembly - Blue Avenue Platform - 1292,001000000000025AAA,005000000000029AAA,Expansion,Blue Avenue Platform,Mid-Size Sedan,ICE,Proposal or Quote,Best Case,0.6,1578919.08,USD,2026-05-15,2026-12-02,,2026-12-02,0,false,false,,RFQ,Capacity Expansion,Confirm program timing,2026-05-26
006000000001293AAA,Suncrest Fleet Solutions - Suncrest ServicePlus Program - 1293,001000000000023AAA,005000000000028AAA,Replacement,Suncrest ServicePlus Program,Aftermarket Program,ICE,Proposal or Quote,Pipeline,0.6,2253927.89,USD,2023-02-08,2023-08-23,,2026-12-23,0,false,false,,Trade Event,Quality Improvement,Complete technical review,2026-06-08
006000000001294AAA,Pinnacle Components - Pinnacle Summit Sedan - 1294,001000000000243AAA,005000000000028AAA,Expansion,Pinnacle Summit Sedan,Mid-Size Sedan,Hybrid,Proposal or Quote,Best Case,0.6,589314.9,USD,2026-03-18,2026-06-29,,2026-12-19,0,false,false,,Existing Relationship,Platform Launch,Finalize commercial terms,2026-06-01
006000000001295AAA,Keystone Transport Group - Keystone RoadReady Replacement - 1295,001000000000095AAA,005000000000025AAA,New Program,Keystone RoadReady Replacement,Aftermarket Program,ICE,Proposal or Quote,Best Case,0.6,369332.89,USD,2026-02-06,2026-12-03,,2026-12-03,0,false,false,,Inbound,Supplier Consolidation,Confirm program timing,2026-05-17
006000000001296AAA,Frontier Distribution 85 - Frontier FleetWay Program - 1296,001000000000304AAA,005000000000029AAA,Expansion,Frontier FleetWay Program,Fleet Van,ICE,Closed Lost,Closed,0,397758.13,USD,2024-03-12,2024-09-09,,2024-09-09,0,true,false,Timing,RFQ,Capacity Expansion,,2024-09-02
006000000001297AAA,Pacific Fleet Solutions 20 - Pacific Summit Sedan - 1297,001000000000232AAA,005000000000014AAA,Requote,Pacific Summit Sedan,Mid-Size Sedan,ICE,Closed Won,Closed,1,329651.66,USD,2023-11-15,2024-03-24,2024-03-24,2024-05-08,1,true,true,,Partner,Supplier Consolidation,,2024-04-27
006000000001298AAA,Alder Mobility - Alder TrailForge Platform - 1298,001000000000011AAA,005000000000024AAA,New Program,Alder TrailForge Platform,Light Truck,ICE,Closed Won,Closed,1,1614366.42,USD,2024-11-07,2025-03-17,,2025-03-17,0,true,true,,Inbound,Capacity Expansion,,2025-03-08
006000000001299AAA,Liberty Mobility - Liberty TrailForge Platform - 1299,001000000000142AAA,005000000000018AAA,Expansion,Liberty TrailForge Platform,Light Truck,ICE,Proposal or Quote,Pipeline,0.6,392255.08,USD,2024-05-11,2024-08-20,,2026-08-12,0,false,false,,RFQ,Hybrid Readiness,Finalize commercial terms,2026-06-18
006000000001300AAA,Timberline Components 50 - Timberline Vista Crossover - 1300,001000000000214AAA,005000000000014AAA,New Program,Timberline Vista Crossover,Compact Crossover,ICE,Closed Lost,Closed,0,536685.16,USD,2023-03-19,2023-08-15,,2023-08-15,0,true,false,No Decision,Partner,Supplier Consolidation,,2023-08-08
006000000001301AAA,Eastgate Automotive 50 - Eastgate RoadReady Replacement - 1301,001000000000208AAA,005000000000028AAA,Expansion,Eastgate RoadReady Replacement,Aftermarket Program,Hybrid,Closed Lost,Closed,0,425790,USD,2026-01-09,2026-05-29,,2026-05-29,0,true,false,Competitor,RFQ,Hybrid Readiness,,2026-05-18
006000000001302AAA,Windward Components - Windward TrailForge Platform - 1302,001000000000337AAA,005000000000020AAA,Replacement,Windward TrailForge Platform,Light Truck,Hybrid,Qualification,Pipeline,0.2,438655.06,USD,2023-09-13,2024-02-15,,2027-01-10,0,false,false,,Partner,Supplier Consolidation,Validate product fit,2026-05-23
006000000001303AAA,Union Mobility - Union Meridian Sedan - 1303,001000000000216AAA,005000000000029AAA,Requote,Union Meridian Sedan,Mid-Size Sedan,ICE,Proposal or Quote,Best Case,0.6,597600.7,USD,2026-05-18,2026-12-05,,2026-12-05,0,false,false,,Existing Relationship,Quality Improvement,Confirm program timing,2026-06-23
006000000001304AAA,Blue Ridge Mobility - Blue RoadReady Replacement - 1304,001000000000412AAA,005000000000025AAA,New Program,Blue RoadReady Replacement,Aftermarket Program,ICE,Closed Won,Closed,1,257066.59,USD,2024-09-07,2024-12-25,,2024-12-25,0,true,true,,Existing Relationship,Supplier Consolidation,,2024-12-10
006000000001305AAA,Union Fleet Solutions - Union Avenue Platform - 1305,001000000000088AAA,005000000000014AAA,Expansion,Union Avenue Platform,Mid-Size Sedan,ICE,Closed Won,Closed,1,731009.01,USD,2024-04-30,2024-10-29,2024-10-29,2025-02-02,2,true,true,,Inbound,Capacity Expansion,,2025-01-11
006000000001306AAA,Granite Assembly 86 - Granite Vista Crossover - 1306,001000000000325AAA,005000000000016AAA,Expansion,Granite Vista Crossover,Compact Crossover,ICE,Closed Lost,Closed,0,192158.1,USD,2024-01-21,2024-08-26,,2024-08-26,0,true,false,No Decision,Existing Relationship,Quality Improvement,,2024-08-09
006000000001307AAA,Union Automotive - Union Nova Compact Program - 1307,001000000000048AAA,005000000000023AAA,New Program,Union Nova Compact Program,Compact Crossover,Hybrid,Proposal or Quote,Best Case,0.6,399854.26,USD,2026-04-14,2026-10-19,,2026-10-19,0,false,false,,Partner,Supplier Consolidation,Confirm program timing,2026-05-18
006000000001308AAA,Cedar Distribution 46 - Cedar National Parts Program - 1308,001000000000124AAA,005000000000025AAA,Expansion,Cedar National Parts Program,Aftermarket Program,Hybrid,Closed Lost,Closed,0,919024.95,USD,2025-08-30,2026-01-05,2026-01-05,2026-04-28,2,true,false,Price,Existing Relationship,Hybrid Readiness,,2026-04-17
006000000001309AAA,Harbor Fleet Solutions - Harbor WorkLine Truck - 1309,001000000000105AAA,005000000000012AAA,New Program,Harbor WorkLine Truck,Light Truck,Hybrid,Closed Lost,Closed,0,688154.51,USD,2023-06-25,2023-10-09,,2023-10-09,0,true,false,Competitor,Existing Relationship,Platform Launch,,2023-10-05
006000000001310AAA,Rio Grande Mobility - Rio Nova Compact Program - 1310,001000000000006AAA,005000000000030AAA,Expansion,Rio Nova Compact Program,Compact Crossover,ICE,Closed Lost,Closed,0,2528644.64,USD,2024-10-02,2025-04-26,,2025-04-26,0,true,false,No Decision,RFQ,Capacity Expansion,,2025-04-25
006000000001311AAA,Crown Fleet Solutions 29 - Crown Horizon Crossover - 1311,001000000000141AAA,005000000000027AAA,New Program,Crown Horizon Crossover,Compact Crossover,Hybrid,Closed Won,Closed,1,438757.28,USD,2025-06-10,2025-12-26,2025-12-26,2026-02-11,2,true,true,,Inbound,Hybrid Readiness,,2026-01-20
006000000001312AAA,Meridian Automotive 69 - Meridian TransitWorks Van - 1312,001000000000318AAA,005000000000019AAA,Replacement,Meridian TransitWorks Van,Fleet Van,Hybrid,Proposal or Quote,Best Case,0.6,336221.81,USD,2026-03-23,2026-09-20,,2026-09-20,0,false,false,,Referral,Quality Improvement,Validate product fit,2026-05-19
006000000001313AAA,Atlas Powertrain - Atlas Summit Sedan - 1313,001000000000066AAA,005000000000019AAA,Expansion,Atlas Summit Sedan,Mid-Size Sedan,Hybrid,Qualification,Pipeline,0.2,690202.32,USD,2026-04-28,2026-10-20,,2026-10-20,0,false,false,,Existing Relationship,Supplier Consolidation,Finalize commercial terms,2026-06-19
006000000001314AAA,Liberty Components - Liberty Vista Crossover - 1314,001000000000077AAA,005000000000030AAA,New Program,Liberty Vista Crossover,Compact Crossover,ICE,Qualification,Pipeline,0.2,743325.44,USD,2026-03-08,2026-10-25,,2026-10-25,0,false,false,,Referral,Platform Launch,Confirm program timing,2026-06-19
006000000001315AAA,Oakline Mobility - Oakline CityTrail Compact - 1315,001000000000133AAA,005000000000028AAA,Expansion,Oakline CityTrail Compact,Compact Crossover,Hybrid,Negotiation,Pipeline,0.8,524899.16,USD,2024-10-20,2025-03-05,2025-03-05,2026-07-25,2,false,false,,Existing Relationship,Hybrid Readiness,Complete technical review,2026-06-18
006000000001316AAA,Alder Fleet Solutions - Alder UrbanCargo Platform - 1316,001000000000271AAA,005000000000029AAA,New Program,Alder UrbanCargo Platform,Fleet Van,ICE,Closed Lost,Closed,0,471296.29,USD,2023-06-15,2024-02-15,2024-02-15,2024-04-29,1,true,false,No Decision,RFQ,Platform Launch,,2024-04-05
006000000001317AAA,Silverline Performance Parts 98 - Silverline MetroOne Program - 1317,001000000000143AAA,005000000000014AAA,New Program,Silverline MetroOne Program,Urban Commuter,Hybrid,Closed Won,Closed,1,323327.51,USD,2025-11-29,2026-02-20,,2026-02-20,0,true,true,,Existing Relationship,Hybrid Readiness,,2026-02-02
006000000001318AAA,Cedar Distribution - Cedar UrbanGo Platform - 1318,001000000000015AAA,005000000000019AAA,Replacement,Cedar UrbanGo Platform,Urban Commuter,ICE,Technical Review,Pipeline,0.4,2004384.22,USD,2026-03-10,2026-08-15,,2026-08-15,0,false,false,,Inbound,Supplier Consolidation,Submit revised quotation,2026-06-09
006000000001319AAA,Suncrest Fleet Solutions - Suncrest ServicePlus Program - 1319,001000000000023AAA,005000000000027AAA,Expansion,Suncrest ServicePlus Program,Aftermarket Program,Hybrid,Closed Won,Closed,1,2369550,USD,2025-11-25,2026-05-13,,2026-05-13,0,true,true,,Partner,Quality Improvement,,2026-04-21
006000000001320AAA,Cobalt Powertrain 60 - Cobalt Horizon Crossover - 1320,001000000000462AAA,005000000000023AAA,New Program,Cobalt Horizon Crossover,Compact Crossover,ICE,Closed Lost,Closed,0,237973.84,USD,2024-03-15,2024-08-04,2024-08-04,2024-09-08,1,true,false,Timing,Existing Relationship,Platform Launch,,2024-08-22
006000000001321AAA,Valley Fleet Solutions 86 - Valley UrbanCargo Platform - 1321,001000000000431AAA,005000000000029AAA,Expansion,Valley UrbanCargo Platform,Fleet Van,ICE,Closed Lost,Closed,0,216422.84,USD,2024-02-05,2024-09-06,2024-09-06,2024-10-20,1,true,false,Program Cancelled,Existing Relationship,Supplier Consolidation,,2024-10-16
006000000001322AAA,Beacon Fleet Solutions - Beacon UrbanGo Platform - 1322,001000000000419AAA,005000000000020AAA,Expansion,Beacon UrbanGo Platform,Urban Commuter,Hybrid,Closed Lost,Closed,0,91774,USD,2025-01-21,2025-07-03,2025-07-03,2025-10-01,2,true,false,Program Cancelled,Existing Relationship,Platform Launch,,2025-09-24
006000000001323AAA,Suncrest Transport Group 97 - Suncrest TransitWorks Van - 1323,001000000000456AAA,005000000000016AAA,Replacement,Suncrest TransitWorks Van,Fleet Van,Hybrid,Closed Won,Closed,1,330190.47,USD,2025-10-05,2026-01-28,,2026-01-28,0,true,true,,Existing Relationship,Cost Reduction,,2026-01-17
006000000001324AAA,Union Fleet Solutions - Union Meridian Sedan - 1324,001000000000088AAA,005000000000012AAA,Requote,Union Meridian Sedan,Mid-Size Sedan,ICE,Closed Won,Closed,1,1153761.51,USD,2023-05-25,2023-11-17,,2023-11-17,0,true,true,,RFQ,Platform Launch,,2023-11-13
006000000001325AAA,Keystone Transport Group - Keystone UtilityPro Program - 1325,001000000000095AAA,005000000000024AAA,New Program,Keystone UtilityPro Program,Light Truck,Hybrid,Proposal or Quote,Best Case,0.6,1106958,USD,2026-04-09,2026-10-24,,2026-10-24,0,false,false,,Inbound,Quality Improvement,Submit revised quotation,2026-06-09
006000000001326AAA,Oakline Engineering - Oakline National Parts Program - 1326,001000000000120AAA,005000000000014AAA,Expansion,Oakline National Parts Program,Aftermarket Program,Hybrid,Technical Review,Pipeline,0.4,1657595.41,USD,2026-05-11,2026-10-30,,2026-10-30,0,false,false,,Existing Relationship,Supplier Consolidation,Complete technical review,2026-06-29
006000000001327AAA,Lakeview Motor Systems - Lakeview RoadReady Replacement - 1327,001000000000487AAA,005000000000012AAA,New Program,Lakeview RoadReady Replacement,Aftermarket Program,ICE,Closed Won,Closed,1,154697.33,USD,2025-01-13,2025-07-06,2025-07-06,2025-10-08,2,true,true,,Referral,Capacity Expansion,,2025-09-17
006000000001328AAA,Windward Vehicle Systems 73 - Windward Summit Sedan - 1328,001000000000182AAA,005000000000021AAA,Expansion,Windward Summit Sedan,Mid-Size Sedan,ICE,Closed Won,Closed,1,645551.87,USD,2025-02-21,2025-07-09,,2025-07-09,0,true,true,,RFQ,Supplier Consolidation,,2025-06-21
006000000001329AAA,Oakline Engineering - Oakline MetroOne Program - 1329,001000000000120AAA,005000000000011AAA,Replacement,Oakline MetroOne Program,Urban Commuter,ICE,Closed Won,Closed,1,1397154.05,USD,2023-11-27,2024-03-16,,2024-03-16,0,true,true,,Existing Relationship,Cost Reduction,,2024-02-28
006000000001330AAA,Crescent Fleet Solutions - Crescent Meridian Sedan - 1330,001000000000123AAA,005000000000028AAA,Expansion,Crescent Meridian Sedan,Mid-Size Sedan,Hybrid,Proposal or Quote,Best Case,0.6,674915.29,USD,2026-04-29,2026-10-03,,2026-10-03,0,false,false,,Referral,Cost Reduction,Confirm program timing,2026-06-11
006000000001331AAA,Pinnacle Components - Pinnacle WorkLine Truck - 1331,001000000000243AAA,005000000000028AAA,Expansion,Pinnacle WorkLine Truck,Light Truck,ICE,Closed Won,Closed,1,512866.9,USD,2023-03-20,2023-08-29,,2023-08-29,0,true,true,,Referral,Cost Reduction,,2023-08-21
006000000001332AAA,Cobalt Fleet Solutions 97 - Cobalt Avenue Platform - 1332,001000000000494AAA,005000000000019AAA,New Program,Cobalt Avenue Platform,Mid-Size Sedan,ICE,Proposal or Quote,Pipeline,0.6,138964.28,USD,2023-08-21,2023-12-29,,2026-10-06,0,false,false,,RFQ,Cost Reduction,Complete technical review,2026-05-22
006000000001333AAA,Pacific Transport Group 88 - Pacific Meridian Sedan - 1333,001000000000086AAA,005000000000016AAA,Expansion,Pacific Meridian Sedan,Mid-Size Sedan,ICE,Closed Lost,Closed,0,957854.48,USD,2023-10-29,2024-03-31,,2024-03-31,0,true,false,Price,Trade Event,Cost Reduction,,2024-03-15
006000000001334AAA,Frontier Assembly - Frontier ServicePlus Program - 1334,001000000000040AAA,005000000000012AAA,Requote,Frontier ServicePlus Program,Aftermarket Program,ICE,Proposal or Quote,Pipeline,0.6,902840.44,USD,2025-05-27,2025-12-19,,2026-12-13,0,false,false,,RFQ,Platform Launch,Complete technical review,2026-05-30
006000000001335AAA,Eastgate Assembly - Eastgate Meridian Sedan - 1335,001000000000190AAA,005000000000012AAA,Expansion,Eastgate Meridian Sedan,Mid-Size Sedan,Hybrid,Closed Won,Closed,1,685562.4,USD,2025-07-04,2025-11-09,,2025-11-09,0,true,true,,Trade Event,Quality Improvement,,2025-10-27
006000000001336AAA,Central Fleet Solutions - Central Nova Compact Program - 1336,001000000000161AAA,005000000000029AAA,Expansion,Central Nova Compact Program,Compact Crossover,ICE,Proposal or Quote,Best Case,0.6,442849.97,USD,2026-02-27,2026-10-06,,2026-10-06,0,false,false,,Trade Event,Capacity Expansion,Confirm program timing,2026-05-31
006000000001337AAA,Maple Motor Systems 51 - Maple Meridian Sedan - 1337,001000000000165AAA,005000000000019AAA,Requote,Maple Meridian Sedan,Mid-Size Sedan,ICE,Closed Lost,Closed,0,324822.18,USD,2024-06-30,2025-02-12,2025-02-12,2025-06-12,2,true,false,Technical Fit,Existing Relationship,Hybrid Readiness,,2025-05-26
006000000001338AAA,Keystone Vehicle Systems - Keystone Summit Sedan - 1338,001000000000200AAA,005000000000018AAA,New Program,Keystone Summit Sedan,Mid-Size Sedan,ICE,Technical Review,Pipeline,0.4,317174.95,USD,2024-11-15,2025-04-01,,2026-11-23,0,false,false,,RFQ,Hybrid Readiness,Finalize commercial terms,2026-05-27
006000000001339AAA,Stonebridge Transport Group - Stonebridge ServicePlus Program - 1339,001000000000259AAA,005000000000019AAA,Expansion,Stonebridge ServicePlus Program,Aftermarket Program,ICE,Closed Lost,Closed,0,298297.3,USD,2024-01-04,2024-05-29,,2024-05-29,0,true,false,No Decision,Trade Event,Quality Improvement,,2024-05-26
006000000001340AAA,Beacon Components - Beacon Nova Compact Program - 1340,001000000000286AAA,005000000000017AAA,Expansion,Beacon Nova Compact Program,Compact Crossover,Hybrid,Negotiation,Commit,0.8,104020,USD,2026-02-09,2026-07-22,,2026-07-22,0,false,false,,Trade Event,Quality Improvement,Validate product fit,2026-05-31
006000000001341AAA,Rio Grande Mobility - Rio Avenue Platform - 1341,001000000000006AAA,005000000000029AAA,Expansion,Rio Avenue Platform,Mid-Size Sedan,ICE,Closed Won,Closed,1,2841847.93,USD,2025-03-31,2025-11-19,2025-11-19,2026-02-12,1,true,true,,Trade Event,Capacity Expansion,,2026-02-10
006000000001342AAA,Central Manufacturing - Central Avenue Platform - 1342,001000000000144AAA,005000000000024AAA,New Program,Central Avenue Platform,Mid-Size Sedan,ICE,Closed Lost,Closed,0,345498.16,USD,2025-04-28,2025-11-02,,2025-11-02,0,true,false,Price,RFQ,Hybrid Readiness,,2025-10-18
006000000001343AAA,Beacon Distribution 91 - Beacon Meridian Sedan - 1343,001000000000256AAA,005000000000012AAA,New Program,Beacon Meridian Sedan,Mid-Size Sedan,ICE,Closed Won,Closed,1,177624.27,USD,2023-03-26,2023-10-30,2023-10-30,2023-12-13,1,true,true,,Referral,Cost Reduction,,2023-11-30
006000000001344AAA,Delta Mobility - Delta CityTrail Compact - 1344,001000000000053AAA,005000000000026AAA,Expansion,Delta CityTrail Compact,Compact Crossover,ICE,Proposal or Quote,Best Case,0.6,888065.89,USD,2026-04-20,2026-07-29,,2026-07-29,0,false,false,,RFQ,Cost Reduction,Finalize commercial terms,2026-06-08
006000000001345AAA,Harbor Fleet Solutions 84 - Harbor WorkLine Truck - 1345,001000000000266AAA,005000000000024AAA,New Program,Harbor WorkLine Truck,Light Truck,ICE,Closed Won,Closed,1,290957.37,USD,2025-07-04,2026-01-08,,2026-01-08,0,true,true,,Existing Relationship,Capacity Expansion,,2025-12-14
006000000001346AAA,Windward Powertrain - Windward Nova Compact Program - 1346,001000000000377AAA,005000000000022AAA,Expansion,Windward Nova Compact Program,Compact Crossover,ICE,Closed Lost,Closed,0,276344.95,USD,2026-03-28,2026-06-17,,2026-06-17,0,true,false,Price,RFQ,Supplier Consolidation,,2026-06-04
006000000001347AAA,Alder Assembly - Alder UtilityPro Program - 1347,001000000000118AAA,005000000000016AAA,Replacement,Alder UtilityPro Program,Light Truck,ICE,Closed Lost,Closed,0,1006799.44,USD,2025-03-02,2025-05-18,,2025-05-18,0,true,false,Program Cancelled,Inbound,Hybrid Readiness,,2025-05-12
006000000001348AAA,BlueRiver Vehicle Systems - BlueRiver UtilityPro Program - 1348,001000000000008AAA,005000000000014AAA,Requote,BlueRiver UtilityPro Program,Light Truck,ICE,Qualification,Pipeline,0.2,705139.79,USD,2025-08-05,2025-10-28,,2027-01-08,0,false,false,,Referral,Supplier Consolidation,Validate product fit,2026-06-07
006000000001349AAA,Timberline Assembly 6 - Timberline CityMotion Vehicle - 1349,001000000000101AAA,005000000000012AAA,New Program,Timberline CityMotion Vehicle,Urban Commuter,Hybrid,Closed Lost,Closed,0,1003013.34,USD,2023-04-13,2023-09-03,,2023-09-03,0,true,false,Timing,RFQ,Capacity Expansion,,2023-08-28
006000000001350AAA,Timberline Motor Systems - Timberline WorkLine Truck - 1350,001000000000039AAA,005000000000014AAA,New Program,Timberline WorkLine Truck,Light Truck,ICE,Closed Lost,Closed,0,796380.23,USD,2025-04-10,2025-06-28,,2025-06-28,0,true,false,Technical Fit,Inbound,Capacity Expansion,,2025-06-03
006000000001351AAA,Timberline Motor Systems - Timberline National Parts Program - 1351,001000000000039AAA,005000000000012AAA,Expansion,Timberline National Parts Program,Aftermarket Program,ICE,Proposal or Quote,Best Case,0.6,983924.93,USD,2026-01-03,2026-05-20,,2026-07-29,0,false,false,,Existing Relationship,Quality Improvement,Validate product fit,2026-06-23
006000000001352AAA,Canyon Industrial Supply - Canyon CityMotion Vehicle - 1352,001000000000251AAA,005000000000026AAA,Replacement,Canyon CityMotion Vehicle,Urban Commuter,ICE,Closed Lost,Closed,0,552186.21,USD,2023-10-13,2024-05-02,,2024-05-02,0,true,false,Timing,Partner,Hybrid Readiness,,2024-04-09
006000000001353AAA,Alder Mobility 89 - Alder Horizon Crossover - 1353,001000000000314AAA,005000000000013AAA,Replacement,Alder Horizon Crossover,Compact Crossover,ICE,Closed Lost,Closed,0,383870.96,USD,2025-10-27,2026-03-10,,2026-03-10,0,true,false,Technical Fit,Existing Relationship,Quality Improvement,,2026-02-13
006000000001354AAA,Westgate Fleet Solutions - Westgate WorkLine Truck - 1354,001000000000078AAA,005000000000011AAA,New Program,Westgate WorkLine Truck,Light Truck,Hybrid,Closed Won,Closed,1,886475.03,USD,2025-10-10,2026-02-25,,2026-02-25,0,true,true,,Inbound,Quality Improvement,,2026-02-15
006000000001355AAA,Cedar Distribution - Cedar CityTrail Compact - 1355,001000000000015AAA,005000000000018AAA,Replacement,Cedar CityTrail Compact,Compact Crossover,Hybrid,Proposal or Quote,Pipeline,0.6,884584.57,USD,2024-11-29,2025-06-02,,2026-10-04,0,false,false,,RFQ,Hybrid Readiness,Confirm program timing,2026-06-02
006000000001356AAA,Central Vehicle Systems - Central Horizon Crossover - 1356,001000000000167AAA,005000000000011AAA,Requote,Central Horizon Crossover,Compact Crossover,ICE,Closed Lost,Closed,0,597568.55,USD,2025-02-23,2025-06-03,,2025-06-03,0,true,false,Timing,Trade Event,Supplier Consolidation,,2025-05-09
006000000001357AAA,Silverline Performance Parts 98 - Silverline CityMotion Vehicle - 1357,001000000000143AAA,005000000000011AAA,New Program,Silverline CityMotion Vehicle,Urban Commuter,Hybrid,Technical Review,Pipeline,0.4,524301.39,USD,2026-03-23,2026-08-03,2026-08-03,2026-11-20,2,false,false,,Referral,Supplier Consolidation,Complete technical review,2026-05-20
006000000001358AAA,Central Transport Group - Central FleetWay Program - 1358,001000000000249AAA,005000000000018AAA,Requote,Central FleetWay Program,Fleet Van,ICE,Closed Lost,Closed,0,422725.65,USD,2023-11-01,2024-04-20,2024-04-20,2024-06-27,1,true,false,No Decision,RFQ,Hybrid Readiness,,2024-06-04
006000000001359AAA,Valley Industrial Supply - Valley UrbanCargo Platform - 1359,001000000000173AAA,005000000000027AAA,New Program,Valley UrbanCargo Platform,Fleet Van,ICE,Closed Lost,Closed,0,374823.72,USD,2024-07-06,2025-01-03,,2025-01-03,0,true,false,Technical Fit,Referral,Cost Reduction,,2024-12-09
006000000001360AAA,Cobalt Components - Cobalt National Parts Program - 1360,001000000000018AAA,005000000000029AAA,New Program,Cobalt National Parts Program,Aftermarket Program,Hybrid,Proposal or Quote,Best Case,0.6,3898903.31,USD,2025-11-10,2026-06-07,,2026-11-03,0,false,false,,RFQ,Cost Reduction,Complete technical review,2026-06-04
006000000001361AAA,Valley Distribution - Valley Horizon Crossover - 1361,001000000000192AAA,005000000000028AAA,Replacement,Valley Horizon Crossover,Compact Crossover,ICE,Closed Lost,Closed,0,661158.82,USD,2024-01-26,2024-06-30,,2024-06-30,0,true,false,Timing,Existing Relationship,Capacity Expansion,,2024-06-21
006000000001362AAA,Oakline Automotive 33 - Oakline CityTrail Compact - 1362,001000000000466AAA,005000000000017AAA,Replacement,Oakline CityTrail Compact,Compact Crossover,ICE,Closed Won,Closed,1,201226.02,USD,2024-06-24,2024-12-15,,2024-12-15,0,true,true,,Existing Relationship,Capacity Expansion,,2024-12-04
006000000001363AAA,Prairie Transport Group - Prairie CityTrail Compact - 1363,001000000000097AAA,005000000000019AAA,Requote,Prairie CityTrail Compact,Compact Crossover,Hybrid,Proposal or Quote,Best Case,0.6,1000469.97,USD,2026-03-02,2026-07-07,2026-07-07,2026-10-13,1,false,false,,RFQ,Supplier Consolidation,Finalize commercial terms,2026-05-21
006000000001364AAA,Delta Distribution - Delta Everyday Commuter - 1364,001000000000394AAA,005000000000017AAA,Expansion,Delta Everyday Commuter,Urban Commuter,ICE,Closed Lost,Closed,0,449962.41,USD,2024-09-14,2025-02-13,,2025-02-13,0,true,false,Program Cancelled,Existing Relationship,Hybrid Readiness,,2025-01-30
006000000001365AAA,Liberty Engineering - Liberty FleetWay Program - 1365,001000000000197AAA,005000000000011AAA,Expansion,Liberty FleetWay Program,Fleet Van,Hybrid,Closed Won,Closed,1,830381.9,USD,2025-10-05,2025-12-26,,2025-12-26,0,true,true,,Trade Event,Hybrid Readiness,,2025-12-14
006000000001366AAA,Harbor Fleet Solutions 57 - Harbor Vista Crossover - 1366,001000000000430AAA,005000000000016AAA,Requote,Harbor Vista Crossover,Compact Crossover,ICE,Closed Won,Closed,1,238264.16,USD,2025-03-19,2025-07-03,,2025-07-03,0,true,true,,Existing Relationship,Cost Reduction,,2025-06-11
006000000001367AAA,Meridian Distribution 78 - Meridian UrbanGo Platform - 1367,001000000000045AAA,005000000000020AAA,New Program,Meridian UrbanGo Platform,Urban Commuter,ICE,Technical Review,Pipeline,0.4,864258.01,USD,2026-03-28,2026-07-25,2026-07-25,2026-10-08,2,false,false,,Referral,Capacity Expansion,Submit revised quotation,2026-05-17
006000000001368AAA,Suncrest Mobility - Suncrest UrbanGo Platform - 1368,001000000000075AAA,005000000000017AAA,New Program,Suncrest UrbanGo Platform,Urban Commuter,ICE,Closed Lost,Closed,0,703376.55,USD,2025-11-02,2026-04-30,,2026-04-30,0,true,false,No Decision,Existing Relationship,Quality Improvement,,2026-04-21
006000000001369AAA,Alder Motor Systems - Alder TrailForge Platform - 1369,001000000000013AAA,005000000000023AAA,New Program,Alder TrailForge Platform,Light Truck,ICE,Closed Won,Closed,1,1938112.5,USD,2023-05-10,2023-10-06,,2023-10-06,0,true,true,,Existing Relationship,Capacity Expansion,,2023-09-26
006000000001370AAA,Prairie Mobility - Prairie Nova Compact Program - 1370,001000000000139AAA,005000000000016AAA,Expansion,Prairie Nova Compact Program,Compact Crossover,Hybrid,Proposal or Quote,Best Case,0.6,767527.62,USD,2026-01-17,2026-07-24,,2026-07-24,0,false,false,,Existing Relationship,Supplier Consolidation,Complete technical review,2026-05-17
006000000001371AAA,Windward Industrial Supply 70 - Windward Everyday Commuter - 1371,001000000000301AAA,005000000000018AAA,Requote,Windward Everyday Commuter,Urban Commuter,Hybrid,Negotiation,Commit,0.8,303082.94,USD,2026-03-13,2026-08-27,,2026-08-27,0,false,false,,Existing Relationship,Hybrid Readiness,Confirm program timing,2026-05-29
006000000001372AAA,Union Mobility - Union Meridian Sedan - 1372,001000000000216AAA,005000000000029AAA,Expansion,Union Meridian Sedan,Mid-Size Sedan,ICE,Closed Lost,Closed,0,760642.71,USD,2023-09-12,2024-03-14,2024-03-14,2024-04-28,1,true,false,Timing,Trade Event,Supplier Consolidation,,2024-04-18
006000000001373AAA,Stonebridge Automotive - Stonebridge Nova Compact Program - 1373,001000000000226AAA,005000000000030AAA,New Program,Stonebridge Nova Compact Program,Compact Crossover,Hybrid,Proposal or Quote,Best Case,0.6,586468.4,USD,2026-01-13,2026-08-25,,2026-08-25,0,false,false,,Existing Relationship,Supplier Consolidation,Confirm program timing,2026-06-23
006000000001374AAA,BlueRiver Vehicle Systems - BlueRiver RoadReady Replacement - 1374,001000000000008AAA,005000000000014AAA,New Program,BlueRiver RoadReady Replacement,Aftermarket Program,ICE,Negotiation,Commit,0.8,1215973.1,USD,2026-02-15,2026-08-22,,2026-08-22,0,false,false,,Trade Event,Quality Improvement,Complete technical review,2026-06-05
006000000001375AAA,Crescent Fleet Solutions - Crescent ServicePlus Program - 1375,001000000000123AAA,005000000000028AAA,Expansion,Crescent ServicePlus Program,Aftermarket Program,ICE,Closed Won,Closed,1,747634.76,USD,2023-05-14,2023-12-29,2023-12-29,2024-01-31,1,true,true,,Partner,Cost Reduction,,2024-01-17
006000000001376AAA,Alder Fleet Solutions - Alder MetroOne Program - 1376,001000000000271AAA,005000000000029AAA,New Program,Alder MetroOne Program,Urban Commuter,ICE,Prospecting,Pipeline,0.1,551579.28,USD,2026-05-17,2027-01-27,,2027-01-27,0,false,false,,Trade Event,Cost Reduction,Confirm program timing,2026-06-22
006000000001377AAA,Northfield Assembly - Northfield UtilityPro Program - 1377,001000000000035AAA,005000000000019AAA,Requote,Northfield UtilityPro Program,Light Truck,ICE,Closed Won,Closed,1,719112.4,USD,2024-05-10,2024-10-24,,2024-10-24,0,true,true,,Partner,Cost Reduction,,2024-10-19
006000000001378AAA,Harbor Motor Systems - Harbor Horizon Crossover - 1378,001000000000345AAA,005000000000019AAA,Requote,Harbor Horizon Crossover,Compact Crossover,ICE,Closed Lost,Closed,0,528410.99,USD,2026-01-23,2026-06-15,,2026-06-15,0,true,false,Competitor,Inbound,Hybrid Readiness,,2026-06-08
006000000001379AAA,Cedar Powertrain - Cedar TrailForge Platform - 1379,001000000000445AAA,005000000000028AAA,Expansion,Cedar TrailForge Platform,Light Truck,ICE,Closed Lost,Closed,0,267109.29,USD,2023-06-01,2023-12-28,,2023-12-28,0,true,false,Price,Referral,Platform Launch,,2023-12-11
006000000001380AAA,Northfield Performance Parts - Northfield Avenue Platform - 1380,001000000000422AAA,005000000000022AAA,New Program,Northfield Avenue Platform,Mid-Size Sedan,ICE,Technical Review,Pipeline,0.4,95252.8,USD,2024-02-03,2024-07-04,,2026-09-20,0,false,false,,Inbound,Platform Launch,Submit revised quotation,2026-06-28
006000000001381AAA,Timberline Components 30 - Timberline Nova Compact Program - 1381,001000000000254AAA,005000000000018AAA,Replacement,Timberline Nova Compact Program,Compact Crossover,ICE,Closed Lost,Closed,0,556931.22,USD,2024-12-08,2025-06-22,,2025-06-22,0,true,false,Technical Fit,Trade Event,Capacity Expansion,,2025-06-06
006000000001382AAA,Blue Ridge Engineering - Blue CityTrail Compact - 1382,001000000000163AAA,005000000000021AAA,New Program,Blue CityTrail Compact,Compact Crossover,ICE,Closed Lost,Closed,0,744278.97,USD,2024-04-25,2024-09-02,,2024-09-02,0,true,false,Technical Fit,RFQ,Hybrid Readiness,,2024-08-23
006000000001383AAA,Crescent Automotive 28 - Crescent Horizon Crossover - 1383,001000000000269AAA,005000000000023AAA,New Program,Crescent Horizon Crossover,Compact Crossover,ICE,Proposal or Quote,Pipeline,0.6,296130.17,USD,2023-08-17,2024-01-16,,2026-07-27,0,false,false,,RFQ,Cost Reduction,Confirm program timing,2026-06-22
006000000001384AAA,Cedar Transport Group - Cedar CityTrail Compact - 1384,001000000000031AAA,005000000000011AAA,Replacement,Cedar CityTrail Compact,Compact Crossover,ICE,Technical Review,Pipeline,0.4,1288394.44,USD,2026-05-27,2026-08-18,,2026-08-18,0,false,false,,RFQ,Hybrid Readiness,Finalize commercial terms,2026-06-08
006000000001385AAA,Atlas Mobility - Atlas National Parts Program - 1385,001000000000127AAA,005000000000019AAA,Replacement,Atlas National Parts Program,Aftermarket Program,ICE,Closed Won,Closed,1,936006.94,USD,2023-06-28,2024-02-23,2024-02-23,2024-05-25,2,true,true,,Referral,Hybrid Readiness,,2024-05-16
006000000001386AAA,Valley Mobility 58 - Valley WorkLine Truck - 1386,001000000000246AAA,005000000000020AAA,New Program,Valley WorkLine Truck,Light Truck,ICE,Closed Lost,Closed,0,347329.72,USD,2023-04-13,2023-07-22,2023-07-22,2023-08-24,2,true,false,No Decision,RFQ,Hybrid Readiness,,2023-08-15
006000000001387AAA,Cedar Automotive - Cedar National Parts Program - 1387,001000000000230AAA,005000000000012AAA,Expansion,Cedar National Parts Program,Aftermarket Program,Hybrid,Closed Lost,Closed,0,401366.05,USD,2025-04-25,2025-08-08,,2025-08-08,0,true,false,Technical Fit,RFQ,Hybrid Readiness,,2025-08-04
006000000001388AAA,Blue Ridge Assembly - Blue WorkLine Truck - 1388,001000000000025AAA,005000000000030AAA,Replacement,Blue WorkLine Truck,Light Truck,Hybrid,Closed Lost,Closed,0,2611773.76,USD,2024-01-27,2024-08-16,,2024-08-16,0,true,false,No Decision,Existing Relationship,Capacity Expansion,,2024-08-05
006000000001389AAA,Meridian Distribution 78 - Meridian UtilityPro Program - 1389,001000000000045AAA,005000000000018AAA,Requote,Meridian UtilityPro Program,Light Truck,Hybrid,Closed Lost,Closed,0,678770.26,USD,2025-11-05,2026-03-28,,2026-03-28,0,true,false,Program Cancelled,Existing Relationship,Platform Launch,,2026-03-09
006000000001390AAA,Atlas Distribution 78 - Atlas RoadReady Replacement - 1390,001000000000355AAA,005000000000014AAA,Requote,Atlas RoadReady Replacement,Aftermarket Program,ICE,Closed Won,Closed,1,604639.16,USD,2026-02-14,2026-06-12,,2026-06-12,0,true,true,,RFQ,Hybrid Readiness,,2026-06-10
006000000001391AAA,Northfield Assembly - Northfield CityMotion Vehicle - 1391,001000000000035AAA,005000000000019AAA,Expansion,Northfield CityMotion Vehicle,Urban Commuter,Hybrid,Proposal or Quote,Best Case,0.6,971244.21,USD,2026-01-26,2026-06-22,2026-06-22,2026-07-22,2,false,false,,Existing Relationship,Quality Improvement,Validate product fit,2026-05-31
006000000001392AAA,Liberty Components - Liberty UrbanCargo Platform - 1392,001000000000077AAA,005000000000030AAA,New Program,Liberty UrbanCargo Platform,Fleet Van,Hybrid,Closed Lost,Closed,0,1605815.7,USD,2025-02-01,2025-07-21,,2025-07-21,0,true,false,Technical Fit,Existing Relationship,Capacity Expansion,,2025-07-07
006000000001393AAA,Union Motor Systems - Union Everyday Commuter - 1393,001000000000071AAA,005000000000024AAA,New Program,Union Everyday Commuter,Urban Commuter,ICE,Closed Lost,Closed,0,764099.29,USD,2025-12-11,2026-02-15,,2026-02-15,0,true,false,Program Cancelled,Referral,Hybrid Readiness,,2026-01-27
006000000001394AAA,Valley Mobility - Valley UtilityPro Program - 1394,001000000000089AAA,005000000000024AAA,Replacement,Valley UtilityPro Program,Light Truck,Hybrid,Closed Won,Closed,1,921138.96,USD,2024-04-04,2024-08-26,,2024-08-26,0,true,true,,RFQ,Supplier Consolidation,,2024-08-24
006000000001395AAA,Maple Engineering 73 - Maple Everyday Commuter - 1395,001000000000405AAA,005000000000013AAA,Replacement,Maple Everyday Commuter,Urban Commuter,Hybrid,Proposal or Quote,Best Case,0.6,553632.3,USD,2026-03-14,2026-07-12,2026-07-12,2026-09-10,1,false,false,,Partner,Quality Improvement,Complete technical review,2026-06-23
006000000001396AAA,Cobalt Engineering 79 - Cobalt UtilityPro Program - 1396,001000000000212AAA,005000000000017AAA,Expansion,Cobalt UtilityPro Program,Light Truck,Hybrid,Closed Won,Closed,1,272298.32,USD,2023-01-24,2023-06-28,2023-06-28,2023-09-15,2,true,true,,RFQ,Cost Reduction,,2023-08-30
006000000001397AAA,Redwood Engineering - Redwood National Parts Program - 1397,001000000000365AAA,005000000000018AAA,Replacement,Redwood National Parts Program,Aftermarket Program,ICE,Closed Won,Closed,1,593647.58,USD,2024-08-28,2025-01-21,,2025-01-21,0,true,true,,Trade Event,Cost Reduction,,2025-01-18
006000000001398AAA,Union Fleet Solutions - Union CityMotion Vehicle - 1398,001000000000088AAA,005000000000014AAA,New Program,Union CityMotion Vehicle,Urban Commuter,ICE,Qualification,Pipeline,0.2,908605.46,USD,2026-01-06,2026-06-20,,2026-11-23,0,false,false,,Trade Event,Capacity Expansion,Complete technical review,2026-05-27
006000000001399AAA,Redwood Engineering 57 - Redwood FleetWay Program - 1399,001000000000406AAA,005000000000022AAA,Replacement,Redwood FleetWay Program,Fleet Van,Hybrid,Negotiation,Commit,0.8,196011.45,USD,2026-04-26,2026-07-13,2026-07-13,2026-08-15,1,false,false,,Inbound,Cost Reduction,Finalize commercial terms,2026-06-23
006000000001400AAA,Pinnacle Transport Group 38 - Pinnacle FleetWay Program - 1400,001000000000459AAA,005000000000017AAA,New Program,Pinnacle FleetWay Program,Fleet Van,Hybrid,Closed Lost,Closed,0,274859.74,USD,2023-02-10,2023-08-22,,2023-08-22,0,true,false,No Decision,Existing Relationship,Hybrid Readiness,,2023-08-17
006000000001401AAA,Stonebridge Automotive - Stonebridge Avenue Platform - 1401,001000000000226AAA,005000000000029AAA,Requote,Stonebridge Avenue Platform,Mid-Size Sedan,Hybrid,Closed Won,Closed,1,1077970,USD,2024-01-12,2024-08-31,,2024-08-31,0,true,true,,RFQ,Capacity Expansion,,2024-08-28
006000000001402AAA,Rio Grande Mobility - Rio CityTrail Compact - 1402,001000000000006AAA,005000000000029AAA,Expansion,Rio CityTrail Compact,Compact Crossover,ICE,Technical Review,Pipeline,0.4,3340405.23,USD,2024-10-07,2025-04-19,,2026-11-28,0,false,false,,Existing Relationship,Supplier Consolidation,Validate product fit,2026-06-17
006000000001403AAA,Blue Ridge Transport Group - Blue TrailForge Platform - 1403,001000000000020AAA,005000000000022AAA,Expansion,Blue TrailForge Platform,Light Truck,Hybrid,Closed Lost,Closed,0,1444256.08,USD,2025-05-23,2025-08-08,,2025-08-08,0,true,false,Program Cancelled,Existing Relationship,Platform Launch,,2025-07-17
006000000001404AAA,Central Assembly - Central Nova Compact Program - 1404,001000000000324AAA,005000000000025AAA,New Program,Central Nova Compact Program,Compact Crossover,Hybrid,Proposal or Quote,Pipeline,0.6,287190.39,USD,2025-08-21,2025-10-14,,2026-09-13,0,false,false,,Existing Relationship,Capacity Expansion,Validate product fit,2026-06-14
006000000001405AAA,Suncrest Transport Group - Suncrest CityTrail Compact - 1405,001000000000116AAA,005000000000013AAA,Replacement,Suncrest CityTrail Compact,Compact Crossover,ICE,Closed Won,Closed,1,517559.72,USD,2025-05-12,2025-09-04,2025-09-04,2025-10-14,2,true,true,,RFQ,Quality Improvement,,2025-10-08
006000000001406AAA,Lakeview Fleet Solutions - Lakeview WorkLine Truck - 1406,001000000000049AAA,005000000000011AAA,Expansion,Lakeview WorkLine Truck,Light Truck,ICE,Closed Won,Closed,1,1464420.88,USD,2023-01-26,2023-06-15,2023-06-15,2023-07-26,2,true,true,,RFQ,Capacity Expansion,,2023-07-14
006000000001407AAA,Pinnacle Manufacturing - Pinnacle Nova Compact Program - 1407,001000000000209AAA,005000000000021AAA,New Program,Pinnacle Nova Compact Program,Compact Crossover,Hybrid,Closed Lost,Closed,0,481244.54,USD,2024-11-01,2025-04-26,,2025-04-26,0,true,false,Technical Fit,Existing Relationship,Supplier Consolidation,,2025-04-17
006000000001408AAA,Pinnacle Transport Group - Pinnacle WorkLine Truck - 1408,001000000000248AAA,005000000000026AAA,Expansion,Pinnacle WorkLine Truck,Light Truck,Hybrid,Closed Lost,Closed,0,257461.84,USD,2025-07-29,2025-12-19,,2025-12-19,0,true,false,Program Cancelled,Referral,Platform Launch,,2025-12-11
006000000001409AAA,Cobalt Performance Parts - Cobalt RoadReady Replacement - 1409,001000000000081AAA,005000000000029AAA,Replacement,Cobalt RoadReady Replacement,Aftermarket Program,ICE,Closed Lost,Closed,0,1241799.13,USD,2024-12-06,2025-06-22,,2025-06-22,0,true,false,Price,Existing Relationship,Cost Reduction,,2025-05-29
006000000001410AAA,Alder Mobility - Alder ServicePlus Program - 1410,001000000000011AAA,005000000000025AAA,Expansion,Alder ServicePlus Program,Aftermarket Program,Hybrid,Qualification,Pipeline,0.2,3026817.4,USD,2026-01-02,2026-05-15,,2027-02-04,0,false,false,,Partner,Hybrid Readiness,Validate product fit,2026-05-31
006000000001411AAA,Crescent Engineering - Crescent Everyday Commuter - 1411,001000000000069AAA,005000000000019AAA,Expansion,Crescent Everyday Commuter,Urban Commuter,ICE,Qualification,Pipeline,0.2,896949.54,USD,2023-12-02,2024-05-08,,2027-01-12,0,false,false,,Existing Relationship,Quality Improvement,Complete technical review,2026-05-26
006000000001412AAA,Stonebridge Powertrain 34 - Stonebridge Meridian Sedan - 1412,001000000000079AAA,005000000000014AAA,New Program,Stonebridge Meridian Sedan,Mid-Size Sedan,ICE,Closed Won,Closed,1,782911.62,USD,2025-01-09,2025-06-22,,2025-06-22,0,true,true,,RFQ,Capacity Expansion,,2025-06-09
006000000001413AAA,Redwood Transport Group - Redwood Vista Crossover - 1413,001000000000315AAA,005000000000027AAA,Expansion,Redwood Vista Crossover,Compact Crossover,ICE,Closed Won,Closed,1,196699.95,USD,2025-10-29,2026-02-27,,2026-02-27,0,true,true,,Existing Relationship,Hybrid Readiness,,2026-02-02
006000000001414AAA,Blue Ridge Performance Parts - Blue UrbanGo Platform - 1414,001000000000132AAA,005000000000023AAA,Requote,Blue UrbanGo Platform,Urban Commuter,ICE,Closed Won,Closed,1,435134.31,USD,2025-08-18,2025-12-31,,2025-12-31,0,true,true,,RFQ,Capacity Expansion,,2025-12-08
006000000001415AAA,Blue Ridge Performance Parts - Blue National Parts Program - 1415,001000000000132AAA,005000000000021AAA,New Program,Blue National Parts Program,Aftermarket Program,ICE,Closed Lost,Closed,0,166089.75,USD,2023-02-25,2023-09-03,,2023-09-03,0,true,false,Program Cancelled,Referral,Cost Reduction,,2023-08-17
006000000001416AAA,Frontier Industrial Supply - Frontier UrbanCargo Platform - 1416,001000000000152AAA,005000000000017AAA,Replacement,Frontier UrbanCargo Platform,Fleet Van,Hybrid,Closed Lost,Closed,0,509779.06,USD,2025-10-15,2026-04-12,,2026-04-12,0,true,false,Timing,Existing Relationship,Platform Launch,,2026-03-27
006000000001417AAA,Windward Industrial Supply 70 - Windward Everyday Commuter - 1417,001000000000301AAA,005000000000019AAA,New Program,Windward Everyday Commuter,Urban Commuter,Hybrid,Closed Lost,Closed,0,374893.46,USD,2025-08-09,2026-01-02,,2026-01-02,0,true,false,Technical Fit,Trade Event,Hybrid Readiness,,2025-12-27
006000000001418AAA,Northfield Assembly - Northfield ServicePlus Program - 1418,001000000000035AAA,005000000000018AAA,New Program,Northfield ServicePlus Program,Aftermarket Program,ICE,Closed Won,Closed,1,892378.67,USD,2023-03-20,2023-11-10,,2023-11-10,0,true,true,,RFQ,Hybrid Readiness,,2023-11-02
006000000001419AAA,Alder Components 36 - Alder CityMotion Vehicle - 1419,001000000000224AAA,005000000000026AAA,New Program,Alder CityMotion Vehicle,Urban Commuter,Hybrid,Closed Lost,Closed,0,589455.44,USD,2025-05-22,2025-10-08,,2025-10-08,0,true,false,No Decision,Existing Relationship,Quality Improvement,,2025-09-25
006000000001420AAA,Union Vehicle Systems - Union UrbanGo Platform - 1420,001000000000220AAA,005000000000028AAA,Expansion,Union UrbanGo Platform,Urban Commuter,Hybrid,Closed Lost,Closed,0,709983.47,USD,2026-01-12,2026-05-02,,2026-05-02,0,true,false,No Decision,Existing Relationship,Platform Launch,,2026-04-18
006000000001421AAA,Keystone Mobility - Keystone FleetWay Program - 1421,001000000000117AAA,005000000000024AAA,Expansion,Keystone FleetWay Program,Fleet Van,ICE,Closed Lost,Closed,0,890036.88,USD,2023-07-12,2023-12-28,,2023-12-28,0,true,false,Technical Fit,RFQ,Quality Improvement,,2023-12-16
006000000001422AAA,Timberline Components 30 - Timberline Horizon Crossover - 1422,001000000000254AAA,005000000000020AAA,Expansion,Timberline Horizon Crossover,Compact Crossover,ICE,Closed Lost,Closed,0,345809.09,USD,2023-09-16,2024-01-04,,2024-01-04,0,true,false,Timing,Partner,Supplier Consolidation,,2023-12-15
006000000001423AAA,Delta Mobility - Delta Everyday Commuter - 1423,001000000000053AAA,005000000000026AAA,Expansion,Delta Everyday Commuter,Urban Commuter,Hybrid,Closed Lost,Closed,0,1106242.8,USD,2024-09-20,2025-03-05,,2025-03-05,0,true,false,Price,Inbound,Supplier Consolidation,,2025-02-12
006000000001424AAA,Delta Performance Parts - Delta WorkLine Truck - 1424,001000000000326AAA,005000000000011AAA,Expansion,Delta WorkLine Truck,Light Truck,Hybrid,Negotiation,Commit,0.8,371479.82,USD,2026-05-14,2026-08-12,,2026-08-12,0,false,false,,Inbound,Cost Reduction,Complete technical review,2026-05-19
006000000001425AAA,Pinnacle Distribution - Pinnacle ServicePlus Program - 1425,001000000000122AAA,005000000000012AAA,Expansion,Pinnacle ServicePlus Program,Aftermarket Program,Hybrid,Closed Won,Closed,1,762809.04,USD,2024-08-20,2024-12-18,2024-12-18,2025-03-28,2,true,true,,Existing Relationship,Quality Improvement,,2025-03-05
006000000001426AAA,Atlas Motor Systems - Atlas ServicePlus Program - 1426,001000000000373AAA,005000000000011AAA,Expansion,Atlas ServicePlus Program,Aftermarket Program,ICE,Closed Won,Closed,1,664811.13,USD,2025-06-28,2025-08-18,,2025-08-18,0,true,true,,Existing Relationship,Capacity Expansion,,2025-08-05
006000000001427AAA,Liberty Distribution - Liberty Everyday Commuter - 1427,001000000000215AAA,005000000000020AAA,Replacement,Liberty Everyday Commuter,Urban Commuter,ICE,Qualification,Pipeline,0.2,345620.37,USD,2026-06-04,2026-11-15,,2026-11-15,0,false,false,,Referral,Platform Launch,Complete technical review,2026-06-04
006000000001428AAA,Central Powertrain - Central National Parts Program - 1428,001000000000257AAA,005000000000018AAA,Expansion,Central National Parts Program,Aftermarket Program,Hybrid,Closed Lost,Closed,0,165325.26,USD,2024-10-10,2025-06-17,,2025-06-17,0,true,false,Competitor,RFQ,Capacity Expansion,,2025-06-01
006000000001429AAA,Crescent Engineering 66 - Crescent ServicePlus Program - 1429,001000000000130AAA,005000000000025AAA,Expansion,Crescent ServicePlus Program,Aftermarket Program,Hybrid,Closed Lost,Closed,0,1578280.68,USD,2025-07-29,2026-01-10,,2026-01-10,0,true,false,Timing,Trade Event,Hybrid Readiness,,2026-01-08
006000000001430AAA,Alder Industrial Supply - Alder CityMotion Vehicle - 1430,001000000000043AAA,005000000000020AAA,Replacement,Alder CityMotion Vehicle,Urban Commuter,ICE,Closed Lost,Closed,0,649593,USD,2024-10-05,2025-04-24,,2025-04-24,0,true,false,Competitor,Inbound,Platform Launch,,2025-04-15
006000000001431AAA,Keystone Motor Systems - Keystone TransitWorks Van - 1431,001000000000177AAA,005000000000030AAA,New Program,Keystone TransitWorks Van,Fleet Van,ICE,Closed Won,Closed,1,398477.64,USD,2023-03-02,2023-10-03,,2023-10-03,0,true,true,,Referral,Quality Improvement,,2023-09-19
006000000001432AAA,Timberline Assembly 6 - Timberline CityMotion Vehicle - 1432,001000000000101AAA,005000000000013AAA,Expansion,Timberline CityMotion Vehicle,Urban Commuter,ICE,Closed Won,Closed,1,790994.6,USD,2025-07-11,2025-12-03,,2025-12-03,0,true,true,,RFQ,Capacity Expansion,,2025-11-28
006000000001433AAA,Eastgate Manufacturing - Eastgate Horizon Crossover - 1433,001000000000033AAA,005000000000023AAA,New Program,Eastgate Horizon Crossover,Compact Crossover,ICE,Technical Review,Pipeline,0.4,1576176.55,USD,2026-01-28,2026-05-13,,2026-08-27,0,false,false,,Partner,Platform Launch,Complete technical review,2026-05-23
006000000001434AAA,Crown Performance Parts - Crown Nova Compact Program - 1434,001000000000477AAA,005000000000018AAA,Requote,Crown Nova Compact Program,Compact Crossover,Hybrid,Proposal or Quote,Best Case,0.6,201115.94,USD,2026-02-25,2026-08-28,,2026-08-28,0,false,false,,Inbound,Cost Reduction,Finalize commercial terms,2026-06-02
006000000001435AAA,Silverline Performance Parts 18 - Silverline RoadReady Replacement - 1435,001000000000225AAA,005000000000021AAA,Expansion,Silverline RoadReady Replacement,Aftermarket Program,ICE,Closed Won,Closed,1,897101.1,USD,2025-03-26,2025-09-25,,2025-09-25,0,true,true,,Trade Event,Cost Reduction,,2025-09-21
006000000001436AAA,Northstar Automotive Group - Northstar RoadReady Replacement - 1436,001000000000001AAA,005000000000014AAA,New Program,Northstar RoadReady Replacement,Aftermarket Program,ICE,Proposal or Quote,Pipeline,0.6,1584141.28,USD,2023-10-01,2023-12-11,,2026-09-09,0,false,false,,RFQ,Hybrid Readiness,Confirm program timing,2026-06-02
006000000001437AAA,Union Fleet Solutions 69 - Union MetroOne Program - 1437,001000000000102AAA,005000000000012AAA,New Program,Union MetroOne Program,Urban Commuter,ICE,Closed Won,Closed,1,1130864.49,USD,2024-04-16,2024-07-02,,2024-07-02,0,true,true,,Trade Event,Capacity Expansion,,2024-06-18
006000000001438AAA,Union Motor Systems 59 - Union National Parts Program - 1438,001000000000387AAA,005000000000030AAA,Replacement,Union National Parts Program,Aftermarket Program,Hybrid,Qualification,Pipeline,0.2,1219317.57,USD,2026-05-05,2027-01-13,,2027-01-13,0,false,false,,Trade Event,Capacity Expansion,Submit revised quotation,2026-06-11
006000000001439AAA,Stonebridge Components - Stonebridge UrbanCargo Platform - 1439,001000000000274AAA,005000000000026AAA,New Program,Stonebridge UrbanCargo Platform,Fleet Van,Hybrid,Technical Review,Pipeline,0.4,107750.91,USD,2026-05-27,2026-09-28,,2026-09-28,0,false,false,,Inbound,Supplier Consolidation,Confirm program timing,2026-06-07
006000000001440AAA,Maple Powertrain 96 - Maple RoadReady Replacement - 1440,001000000000207AAA,005000000000013AAA,New Program,Maple RoadReady Replacement,Aftermarket Program,Hybrid,Closed Won,Closed,1,581964.58,USD,2025-08-26,2026-02-14,2026-02-14,2026-03-17,2,true,true,,RFQ,Hybrid Readiness,,2026-03-11
006000000001441AAA,Alder Automotive - Alder Meridian Sedan - 1441,001000000000282AAA,005000000000019AAA,New Program,Alder Meridian Sedan,Mid-Size Sedan,ICE,Technical Review,Pipeline,0.4,251493.22,USD,2023-06-17,2023-11-20,2023-11-20,2026-09-28,2,false,false,,RFQ,Supplier Consolidation,Finalize commercial terms,2026-05-24
006000000001442AAA,Granite Vehicle Systems 24 - Granite TrailForge Platform - 1442,001000000000449AAA,005000000000013AAA,Expansion,Granite TrailForge Platform,Light Truck,ICE,Closed Lost,Closed,0,267513.69,USD,2023-01-24,2023-05-03,2023-05-03,2023-07-06,2,true,false,Competitor,RFQ,Cost Reduction,,2023-06-18
006000000001443AAA,Cedar Distribution 87 - Cedar CityMotion Vehicle - 1443,001000000000357AAA,005000000000030AAA,Replacement,Cedar CityMotion Vehicle,Urban Commuter,ICE,Negotiation,Pipeline,0.8,356516.18,USD,2024-05-19,2024-12-31,,2026-08-27,0,false,false,,Existing Relationship,Supplier Consolidation,Submit revised quotation,2026-06-07
006000000001444AAA,Keystone Mobility 8 - Keystone Meridian Sedan - 1444,001000000000223AAA,005000000000017AAA,Replacement,Keystone Meridian Sedan,Mid-Size Sedan,Hybrid,Negotiation,Commit,0.8,165731.49,USD,2025-10-11,2026-03-13,2026-03-13,2026-07-10,2,false,false,,Existing Relationship,Quality Improvement,Finalize commercial terms,2026-05-31
006000000001445AAA,Aurora Vehicle Works - Aurora RoadReady Replacement - 1445,001000000000005AAA,005000000000028AAA,Expansion,Aurora RoadReady Replacement,Aftermarket Program,Hybrid,Closed Won,Closed,1,1374760.45,USD,2023-08-09,2024-02-13,,2024-02-13,0,true,true,,Existing Relationship,Hybrid Readiness,,2024-02-06
006000000001446AAA,Heritage Manufacturing - Heritage Vista Crossover - 1446,001000000000138AAA,005000000000020AAA,Expansion,Heritage Vista Crossover,Compact Crossover,ICE,Closed Won,Closed,1,424891.92,USD,2025-03-23,2025-08-29,,2025-08-29,0,true,true,,Referral,Supplier Consolidation,,2025-08-19
006000000001447AAA,Northstar Automotive Group - Northstar Meridian Sedan - 1447,001000000000001AAA,005000000000012AAA,Replacement,Northstar Meridian Sedan,Mid-Size Sedan,ICE,Proposal or Quote,Pipeline,0.6,1744094.22,USD,2026-04-16,2026-06-26,,2026-12-28,0,false,false,,Inbound,Platform Launch,Complete technical review,2026-06-21
006000000001448AAA,Silverline Powertrain - Silverline Everyday Commuter - 1448,001000000000036AAA,005000000000030AAA,Replacement,Silverline Everyday Commuter,Urban Commuter,ICE,Technical Review,Pipeline,0.4,1335042.02,USD,2024-08-14,2025-02-27,,2026-12-23,0,false,false,,Inbound,Capacity Expansion,Finalize commercial terms,2026-06-02
006000000001449AAA,Valley Assembly - Valley MetroOne Program - 1449,001000000000056AAA,005000000000023AAA,Expansion,Valley MetroOne Program,Urban Commuter,Hybrid,Closed Won,Closed,1,1329161.36,USD,2025-05-05,2025-10-08,,2025-10-08,0,true,true,,RFQ,Hybrid Readiness,,2025-10-04
006000000001450AAA,Ridgeway Components - Ridgeway Horizon Crossover - 1450,001000000000285AAA,005000000000011AAA,New Program,Ridgeway Horizon Crossover,Compact Crossover,Hybrid,Closed Won,Closed,1,261557.53,USD,2025-07-06,2025-10-12,2025-10-12,2026-01-27,2,true,true,,RFQ,Capacity Expansion,,2026-01-12
006000000001451AAA,Prairie Motor Systems - Prairie RoadReady Replacement - 1451,001000000000051AAA,005000000000020AAA,Expansion,Prairie RoadReady Replacement,Aftermarket Program,ICE,Qualification,Pipeline,0.2,793408.7,USD,2025-01-09,2025-05-19,,2026-11-11,0,false,false,,Existing Relationship,Capacity Expansion,Validate product fit,2026-06-05
006000000001452AAA,Crescent Engineering - Crescent Nova Compact Program - 1452,001000000000069AAA,005000000000019AAA,New Program,Crescent Nova Compact Program,Compact Crossover,ICE,Closed Lost,Closed,0,282411.05,USD,2024-01-31,2024-05-25,,2024-05-25,0,true,false,Competitor,Referral,Platform Launch,,2024-05-19
006000000001453AAA,Prairie Mobility 54 - Prairie CityMotion Vehicle - 1453,001000000000299AAA,005000000000022AAA,Requote,Prairie CityMotion Vehicle,Urban Commuter,Hybrid,Closed Lost,Closed,0,246094.06,USD,2023-03-22,2023-08-15,,2023-08-15,0,true,false,Competitor,RFQ,Cost Reduction,,2023-07-22
006000000001454AAA,Suncrest Manufacturing - Suncrest ServicePlus Program - 1454,001000000000041AAA,005000000000029AAA,Requote,Suncrest ServicePlus Program,Aftermarket Program,Hybrid,Closed Won,Closed,1,742576.65,USD,2024-10-20,2025-05-16,,2025-05-16,0,true,true,,Referral,Quality Improvement,,2025-05-04
006000000001455AAA,Redwood Engineering - Redwood National Parts Program - 1455,001000000000365AAA,005000000000018AAA,Replacement,Redwood National Parts Program,Aftermarket Program,ICE,Closed Won,Closed,1,519623.19,USD,2023-01-04,2023-07-26,2023-07-26,2023-09-05,1,true,true,,RFQ,Supplier Consolidation,,2023-08-11
006000000001456AAA,Cedar Distribution 85 - Cedar TrailForge Platform - 1456,001000000000404AAA,005000000000028AAA,Expansion,Cedar TrailForge Platform,Light Truck,ICE,Closed Lost,Closed,0,574001.14,USD,2025-09-07,2026-04-21,,2026-04-21,0,true,false,Program Cancelled,Existing Relationship,Supplier Consolidation,,2026-04-06
006000000001457AAA,Blue Ridge Automotive - Blue CityMotion Vehicle - 1457,001000000000012AAA,005000000000014AAA,New Program,Blue CityMotion Vehicle,Urban Commuter,ICE,Technical Review,Pipeline,0.4,1798702.83,USD,2024-08-19,2025-02-07,,2026-10-19,0,false,false,,Existing Relationship,Hybrid Readiness,Submit revised quotation,2026-05-16
006000000001458AAA,BlueRiver Vehicle Systems - BlueRiver TrailForge Platform - 1458,001000000000008AAA,005000000000011AAA,Requote,BlueRiver TrailForge Platform,Light Truck,ICE,Qualification,Pipeline,0.2,1055842.57,USD,2025-05-21,2025-08-05,2025-08-05,2026-10-29,2,false,false,,Referral,Hybrid Readiness,Complete technical review,2026-06-10
006000000001459AAA,Central Mobility - Central UrbanGo Platform - 1459,001000000000062AAA,005000000000016AAA,Requote,Central UrbanGo Platform,Urban Commuter,Hybrid,Technical Review,Pipeline,0.4,1051096.65,USD,2026-03-17,2026-08-22,,2026-08-22,0,false,false,,Referral,Hybrid Readiness,Submit revised quotation,2026-05-27
006000000001460AAA,Cedar Transport Group - Cedar TrailForge Platform - 1460,001000000000031AAA,005000000000013AAA,New Program,Cedar TrailForge Platform,Light Truck,ICE,Closed Won,Closed,1,895503.56,USD,2025-12-06,2026-04-27,,2026-04-27,0,true,true,,Referral,Cost Reduction,,2026-04-04
006000000001461AAA,Sierra Roadcraft - Sierra Horizon Crossover - 1461,001000000000007AAA,005000000000026AAA,Expansion,Sierra Horizon Crossover,Compact Crossover,ICE,Closed Lost,Closed,0,1776797.1,USD,2024-11-07,2025-04-15,,2025-04-15,0,true,false,Technical Fit,Inbound,Capacity Expansion,,2025-04-06
006000000001462AAA,Windward Performance Parts 66 - Windward Vista Crossover - 1462,001000000000470AAA,005000000000018AAA,New Program,Windward Vista Crossover,Compact Crossover,Hybrid,Closed Lost,Closed,0,256892.54,USD,2025-12-06,2026-05-30,,2026-05-30,0,true,false,Program Cancelled,RFQ,Supplier Consolidation,,2026-05-10
006000000001463AAA,Liberty Distribution - Liberty Summit Sedan - 1463,001000000000215AAA,005000000000019AAA,New Program,Liberty Summit Sedan,Mid-Size Sedan,ICE,Closed Won,Closed,1,568469.41,USD,2025-08-09,2026-01-11,,2026-01-11,0,true,true,,Partner,Hybrid Readiness,,2025-12-23
006000000001464AAA,Atlas Vehicle Systems - Atlas CityTrail Compact - 1464,001000000000172AAA,005000000000018AAA,New Program,Atlas CityTrail Compact,Compact Crossover,ICE,Closed Lost,Closed,0,240492.1,USD,2023-05-09,2023-09-03,,2023-09-03,0,true,false,Timing,Existing Relationship,Supplier Consolidation,,2023-08-22
006000000001465AAA,Atlas Powertrain 94 - Atlas WorkLine Truck - 1465,001000000000485AAA,005000000000029AAA,Expansion,Atlas WorkLine Truck,Light Truck,ICE,Closed Won,Closed,1,481905.98,USD,2024-10-05,2025-07-17,,2025-07-17,0,true,true,,RFQ,Capacity Expansion,,2025-07-08
006000000001466AAA,Northfield Manufacturing 89 - Northfield Meridian Sedan - 1466,001000000000473AAA,005000000000023AAA,Replacement,Northfield Meridian Sedan,Mid-Size Sedan,ICE,Qualification,Pipeline,0.2,149802.69,USD,2025-09-06,2026-01-19,2026-01-19,2026-11-17,2,false,false,,RFQ,Platform Launch,Confirm program timing,2026-05-24
006000000001467AAA,Lakeview Fleet Solutions 69 - Lakeview TransitWorks Van - 1467,001000000000398AAA,005000000000028AAA,Requote,Lakeview TransitWorks Van,Fleet Van,ICE,Closed Lost,Closed,0,521244.17,USD,2023-05-02,2023-08-22,,2023-08-22,0,true,false,Price,Inbound,Hybrid Readiness,,2023-08-05
006000000001468AAA,Harbor Transport Group - Harbor ServicePlus Program - 1468,001000000000047AAA,005000000000020AAA,Replacement,Harbor ServicePlus Program,Aftermarket Program,ICE,Closed Lost,Closed,0,835516.86,USD,2024-04-06,2024-08-31,,2024-08-31,0,true,false,Program Cancelled,Inbound,Quality Improvement,,2024-08-22
006000000001469AAA,Cobalt Industrial Supply - Cobalt UrbanGo Platform - 1469,001000000000151AAA,005000000000025AAA,Expansion,Cobalt UrbanGo Platform,Urban Commuter,Hybrid,Closed Lost,Closed,0,537407.57,USD,2026-01-23,2026-06-10,,2026-06-10,0,true,false,Competitor,RFQ,Hybrid Readiness,,2026-05-29
006000000001470AAA,Liberty Components - Liberty ServicePlus Program - 1470,001000000000077AAA,005000000000030AAA,Replacement,Liberty ServicePlus Program,Aftermarket Program,Hybrid,Technical Review,Pipeline,0.4,1238524.71,USD,2025-11-12,2026-06-26,2026-06-26,2026-08-23,2,false,false,,Existing Relationship,Platform Launch,Confirm program timing,2026-05-24
006000000001471AAA,Meridian Manufacturing - Meridian RoadReady Replacement - 1471,001000000000016AAA,005000000000027AAA,New Program,Meridian RoadReady Replacement,Aftermarket Program,ICE,Technical Review,Pipeline,0.4,1825746.53,USD,2024-05-16,2024-10-13,,2026-12-28,0,false,false,,Existing Relationship,Quality Improvement,Validate product fit,2026-06-10
006000000001472AAA,Meridian Manufacturing - Meridian UtilityPro Program - 1472,001000000000016AAA,005000000000028AAA,New Program,Meridian UtilityPro Program,Light Truck,Hybrid,Closed Lost,Closed,0,1593746.02,USD,2025-10-17,2026-03-03,,2026-03-03,0,true,false,No Decision,Referral,Supplier Consolidation,,2026-02-22
006000000001473AAA,Silverline Powertrain - Silverline Horizon Crossover - 1473,001000000000036AAA,005000000000029AAA,Expansion,Silverline Horizon Crossover,Compact Crossover,ICE,Closed Lost,Closed,0,778659.71,USD,2025-09-07,2026-04-24,,2026-04-24,0,true,false,Price,Existing Relationship,Platform Launch,,2026-04-15
006000000001474AAA,Eastgate Automotive - Eastgate UtilityPro Program - 1474,001000000000114AAA,005000000000021AAA,New Program,Eastgate UtilityPro Program,Light Truck,ICE,Closed Won,Closed,1,1097361.96,USD,2023-09-28,2024-03-06,,2024-03-06,0,true,true,,Inbound,Hybrid Readiness,,2024-02-27
006000000001475AAA,Alder Distribution - Alder Vista Crossover - 1475,001000000000196AAA,005000000000027AAA,Expansion,Alder Vista Crossover,Compact Crossover,ICE,Closed Lost,Closed,0,419879.65,USD,2024-07-11,2024-12-11,,2024-12-11,0,true,false,Price,RFQ,Hybrid Readiness,,2024-12-09
006000000001476AAA,Blue Ridge Powertrain - Blue FleetWay Program - 1476,001000000000019AAA,005000000000014AAA,Expansion,Blue FleetWay Program,Fleet Van,ICE,Negotiation,Pipeline,0.8,2299010.6,USD,2024-10-31,2025-03-25,2025-03-25,2026-08-23,2,false,false,,Referral,Platform Launch,Complete technical review,2026-06-18
006000000001477AAA,Meridian Distribution 78 - Meridian WorkLine Truck - 1477,001000000000045AAA,005000000000020AAA,Expansion,Meridian WorkLine Truck,Light Truck,Hybrid,Closed Lost,Closed,0,540663.9,USD,2023-09-21,2024-02-01,2024-02-01,2024-05-04,2,true,false,No Decision,Existing Relationship,Capacity Expansion,,2024-04-13
006000000001478AAA,Keystone Mobility - Keystone CityTrail Compact - 1478,001000000000117AAA,005000000000024AAA,Requote,Keystone CityTrail Compact,Compact Crossover,ICE,Negotiation,Commit,0.8,1786784.03,USD,2026-05-01,2026-08-09,,2026-08-09,0,false,false,,Existing Relationship,Hybrid Readiness,Validate product fit,2026-06-14
006000000001479AAA,Atlas Powertrain - Atlas RoadReady Replacement - 1479,001000000000066AAA,005000000000020AAA,Replacement,Atlas RoadReady Replacement,Aftermarket Program,Hybrid,Closed Won,Closed,1,748947.12,USD,2023-03-01,2023-08-22,,2023-08-22,0,true,true,,Existing Relationship,Capacity Expansion,,2023-07-30
006000000001480AAA,Valley Mobility - Valley ServicePlus Program - 1480,001000000000089AAA,005000000000024AAA,Replacement,Valley ServicePlus Program,Aftermarket Program,Hybrid,Closed Lost,Closed,0,895453.8,USD,2025-01-11,2025-04-27,2025-04-27,2025-05-28,2,true,false,Price,Existing Relationship,Supplier Consolidation,,2025-05-25
006000000001481AAA,Beacon Components 46 - Beacon Horizon Crossover - 1481,001000000000303AAA,005000000000017AAA,Expansion,Beacon Horizon Crossover,Compact Crossover,Hybrid,Qualification,Pipeline,0.2,160880.73,USD,2026-05-12,2026-11-12,,2026-11-12,0,false,false,,Existing Relationship,Cost Reduction,Confirm program timing,2026-06-16
006000000001482AAA,Oakline Distribution - Oakline Meridian Sedan - 1482,001000000000029AAA,005000000000011AAA,Replacement,Oakline Meridian Sedan,Mid-Size Sedan,ICE,Closed Won,Closed,1,2107611.63,USD,2024-01-29,2024-06-28,,2024-06-28,0,true,true,,RFQ,Cost Reduction,,2024-06-21
006000000001483AAA,Silverline Fleet Solutions - Silverline TransitWorks Van - 1483,001000000000228AAA,005000000000023AAA,Expansion,Silverline TransitWorks Van,Fleet Van,ICE,Closed Lost,Closed,0,318281.36,USD,2023-03-30,2023-08-13,,2023-08-13,0,true,false,Competitor,Trade Event,Quality Improvement,,2023-08-11
006000000001484AAA,Timberline Assembly - Timberline WorkLine Truck - 1484,001000000000083AAA,005000000000015AAA,Expansion,Timberline WorkLine Truck,Light Truck,Hybrid,Closed Won,Closed,1,809503.63,USD,2025-02-14,2025-05-17,,2025-05-17,0,true,true,,Trade Event,Hybrid Readiness,,2025-05-09
006000000001485AAA,Pinnacle Assembly 50 - Pinnacle Avenue Platform - 1485,001000000000353AAA,005000000000025AAA,Expansion,Pinnacle Avenue Platform,Mid-Size Sedan,ICE,Closed Won,Closed,1,497144.85,USD,2023-04-06,2023-07-12,,2023-07-12,0,true,true,,RFQ,Hybrid Readiness,,2023-06-23
006000000001486AAA,Meridian Fleet Solutions 80 - Meridian Summit Sedan - 1486,001000000000371AAA,005000000000023AAA,New Program,Meridian Summit Sedan,Mid-Size Sedan,ICE,Proposal or Quote,Pipeline,0.6,478393.6,USD,2023-04-28,2023-09-17,,2026-07-30,0,false,false,,Trade Event,Supplier Consolidation,Submit revised quotation,2026-06-06
006000000001487AAA,Atlas Engineering - Atlas Nova Compact Program - 1487,001000000000194AAA,005000000000024AAA,Requote,Atlas Nova Compact Program,Compact Crossover,ICE,Closed Lost,Closed,0,607746.84,USD,2024-07-29,2024-11-25,,2024-11-25,0,true,false,Competitor,Inbound,Platform Launch,,2024-11-16
006000000001488AAA,Suncrest Fleet Solutions 13 - Suncrest Horizon Crossover - 1488,001000000000330AAA,005000000000021AAA,New Program,Suncrest Horizon Crossover,Compact Crossover,ICE,Qualification,Pipeline,0.2,493075.48,USD,2025-01-26,2025-05-25,,2026-11-01,0,false,false,,Existing Relationship,Capacity Expansion,Validate product fit,2026-06-22
006000000001489AAA,Keystone Motor Systems - Keystone UrbanCargo Platform - 1489,001000000000177AAA,005000000000030AAA,Expansion,Keystone UrbanCargo Platform,Fleet Van,ICE,Technical Review,Pipeline,0.4,1249274.23,USD,2026-01-06,2026-09-08,2026-09-08,2026-11-08,2,false,false,,Existing Relationship,Capacity Expansion,Validate product fit,2026-05-25
006000000001490AAA,Meridian Automotive 69 - Meridian CityTrail Compact - 1490,001000000000318AAA,005000000000018AAA,Expansion,Meridian CityTrail Compact,Compact Crossover,Hybrid,Closed Won,Closed,1,366050.73,USD,2024-01-03,2024-08-14,,2024-08-14,0,true,true,,Trade Event,Quality Improvement,,2024-08-12
006000000001491AAA,Crown Fleet Solutions 29 - Crown Everyday Commuter - 1491,001000000000141AAA,005000000000027AAA,New Program,Crown Everyday Commuter,Urban Commuter,Hybrid,Closed Won,Closed,1,722672.1,USD,2025-12-13,2026-05-24,,2026-05-24,0,true,true,,Existing Relationship,Platform Launch,,2026-05-15
006000000001492AAA,Prairie Mobility 99 - Prairie UtilityPro Program - 1492,001000000000277AAA,005000000000024AAA,New Program,Prairie UtilityPro Program,Light Truck,Hybrid,Closed Won,Closed,1,391554.92,USD,2025-03-10,2025-08-23,,2025-08-23,0,true,true,,Inbound,Capacity Expansion,,2025-08-17
006000000001493AAA,Keystone Distribution - Keystone UtilityPro Program - 1493,001000000000111AAA,005000000000016AAA,Requote,Keystone UtilityPro Program,Light Truck,ICE,Closed Lost,Closed,0,778686.65,USD,2024-08-23,2025-03-05,,2025-03-05,0,true,false,Program Cancelled,Existing Relationship,Cost Reduction,,2025-02-28
006000000001494AAA,Pacific Powertrain - Pacific Summit Sedan - 1494,001000000000087AAA,005000000000026AAA,New Program,Pacific Summit Sedan,Mid-Size Sedan,Hybrid,Proposal or Quote,Best Case,0.6,1044901.3,USD,2026-06-02,2026-12-03,,2026-12-03,0,false,false,,RFQ,Platform Launch,Validate product fit,2026-05-23
006000000001495AAA,Union Performance Parts - Union Horizon Crossover - 1495,001000000000239AAA,005000000000023AAA,New Program,Union Horizon Crossover,Compact Crossover,Hybrid,Negotiation,Commit,0.8,454874.22,USD,2026-03-24,2026-08-07,,2026-08-07,0,false,false,,Inbound,Hybrid Readiness,Validate product fit,2026-06-06
006000000001496AAA,Crown Fleet Solutions - Crown UrbanGo Platform - 1496,001000000000046AAA,005000000000016AAA,Replacement,Crown UrbanGo Platform,Urban Commuter,Hybrid,Closed Lost,Closed,0,869724.14,USD,2025-10-29,2026-03-19,,2026-03-19,0,true,false,Competitor,Trade Event,Quality Improvement,,2026-02-24
006000000001497AAA,Cedar Distribution 46 - Cedar Summit Sedan - 1497,001000000000124AAA,005000000000026AAA,New Program,Cedar Summit Sedan,Mid-Size Sedan,Hybrid,Closed Won,Closed,1,926505.66,USD,2024-07-24,2024-12-06,,2024-12-06,0,true,true,,Existing Relationship,Capacity Expansion,,2024-11-17
006000000001498AAA,Valley Distribution - Valley Vista Crossover - 1498,001000000000192AAA,005000000000027AAA,Expansion,Valley Vista Crossover,Compact Crossover,Hybrid,Closed Won,Closed,1,296444.62,USD,2025-10-08,2026-04-04,,2026-04-04,0,true,true,,RFQ,Hybrid Readiness,,2026-03-15
006000000001499AAA,Northstar Automotive Group - Northstar RoadReady Replacement - 1499,001000000000001AAA,005000000000014AAA,Expansion,Northstar RoadReady Replacement,Aftermarket Program,ICE,Closed Won,Closed,1,1861046.53,USD,2024-02-09,2024-05-31,,2024-05-31,0,true,true,,Referral,Quality Improvement,,2024-05-15
006000000001500AAA,Keystone Motor Systems 39 - Keystone UtilityPro Program - 1500,001000000000447AAA,005000000000020AAA,Expansion,Keystone UtilityPro Program,Light Truck,ICE,Closed Lost,Closed,0,63816.09,USD,2025-06-03,2025-11-18,2025-11-18,2025-12-23,1,true,false,Timing,RFQ,Cost Reduction,,2025-12-17
